"PlayerName","playerid","Date","Opp","teamid","season","Team","HomeAway","Age","W","L","ERA","G","GS","QS","CG","ShO","SV","HLD","BS","IP","TBF","H","R","ER","HR","BB","IBB","HBP","WP","BK","SO","K/9","BB/9","H/9","K/BB","IFH%","BUH%","GB","FB","LD","IFFB","IFH","BU","BUH","K%","BB%","K-BB%","SIERA","HR/9","AVG","WHIP","BABIP","LOB%","FIP","E-F","xFIP","ERA-","FIP-","xFIP-","GB/FB","LD%","GB%","FB%","IFFB%","HR/FB","RS","RS/9","Balls","Strikes","Pitches","WPA","-WPA","+WPA","RE24","REW","pLI","inLI","gmLI","exLI","Pulls","Games","WPA/LI","Clutch","SD","MD","FB%1","FBv","CT%","CTv","CB%","CBv","CH%","CHv","XX%","wFB","wCT","wCB","wCH","wFB/C","wCT/C","wCB/C","wCH/C","O-Swing%","Z-Swing%","Swing%","O-Contact%","Z-Contact%","Contact%","Zone%","F-Strike%","SwStr%","Pull","Cent","Oppo","Soft","Med","Hard","bipCount","Pull%","Cent%","Oppo%","Soft%","Med%","Hard%","tERA","GSv2","pb_o_CH","pb_s_CH","pb_c_CH","pb_o_FF","pb_s_FF","pb_c_FF","pb_o_SI","pb_s_SI","pb_c_SI","pb_o_KC","pb_s_KC","pb_c_KC","pb_o_FC","pb_s_FC","pb_c_FC","pb_overall","pb_stuff","pb_command","pb_xRV100","pb_ERA","sp_s_CH","sp_l_CH","sp_p_CH","sp_s_FF","sp_l_FF","sp_p_FF","sp_s_SI","sp_l_SI","sp_p_SI","sp_s_KC","sp_l_KC","sp_p_KC","sp_s_FC","sp_l_FC","sp_p_FC","sp_stuff","sp_location","sp_pitching","pfxFA%","pfxFC%","pfxSI%","pfxKC%","pfxCH%","pfxvFA","pfxvFC","pfxvSI","pfxvKC","pfxvCH","pfxFA-X","pfxFC-X","pfxSI-X","pfxKC-X","pfxCH-X","pfxFA-Z","pfxFC-Z","pfxSI-Z","pfxKC-Z","pfxCH-Z","pfxwFA","pfxwFC","pfxwSI","pfxwKC","pfxwCH","pfxwFA/C","pfxwFC/C","pfxwSI/C","pfxwKC/C","pfxwCH/C","pfxO-Swing%","pfxZ-Swing%","pfxSwing%","pfxO-Contact%","pfxZ-Contact%","pfxContact%","pfxZone%","pfxPace","piCH%","piCU%","piFA%","piFC%","piSI%","pivCH","pivCU","pivFA","pivFC","pivSI","piCH-X","piCU-X","piFA-X","piFC-X","piSI-X","piCH-Z","piCU-Z","piFA-Z","piFC-Z","piSI-Z","piwCH","piwCU","piwFA","piwFC","piwSI","piwCH/C","piwCU/C","piwFA/C","piwFC/C","piwSI/C","piO-Swing%","piZ-Swing%","piSwing%","piO-Contact%","piZ-Contact%","piContact%","piZone%","Events","EV","LA","Barrels","Barrel%","maxEV","HardHit","HardHit%","gamedate","dh"
"Aaron Nola",16149,"2024-09-29","@WSN",26,2024,"PHI","A",31,1,0,5.4,1,1,0,0,0,0,0,0,5,23,9,3,3,1,0,0,0,0,0,7,12.6,0,16.2,7,0.111111111,1,9,3,3,0,1,1,1,0.30434783,0,0.30434783,2.00101452971418,1.8,0.391304347826087,1.8,0.533333333333333,0.78947368,2.96647977828979,2.43352022171021,1.27368482202292,130.528665334771,71.8246968732776,32.5689986479353,3,0.2,0.6,0.2,0,0.333333333,6,10.8,33,63,96,-0.0250519774854183,-0.498608022928238,0.473556041717529,-1.46399998664856,-0.152024939656258,1.05623996257782,0.955400049686432,0.910000026226044,1.5952000617981,1,1,-0.100490540266037,0.0767724663690057,0,0,0.44791667,92.11627907,0.07291667,87.14285714,0.40625,79.15384615,0.07291667,87.14285714,NA,-0.510771453380585,-0.697413444519043,-1.31265449523926,0.185684084892273,-1.18784058925717,-9.9630492074149,-3.36578075702374,2.65262978417533,0.37931034,0.76315789,0.53125,0.45454545,0.86206897,0.68627451,0.39583333,0.69565217,0.16666667,10,5,1,1,11,4,16,0.625,0.3125,0.0625,0.0625,0.6875,0.25,3.47566613873506,44,27.55545,42.35417,49.83927,64.22183,53.84957,66.55237,27.08016,45.38177,26.59622,55.27168,64.03215,49.10005,80,41.01839,80,53.00769,55.45397,55.65175,-0.06145,3.98492,82.2,84.1,53.8,100.24,101.48,109.3,112.92,75.4,78.14,134.88,82.2,116.12,98.96,152.3,145.64,114.16875,92.9164583333334,106.525,0.32291667,0.07291667,0.11458333,0.40625,0.08333333,92.3451597152218,87.2285679408482,91.5818204012784,79.0743564703526,87.3499984741211,-7.99737351940524,-1.79236670902797,-10.8085979114879,7.59922438401442,-9.81614685058594,8.41528910975302,5.82111740112305,4.59889810735529,-6.38688190166767,4.79850769042969,0.68425589799881,-0.6983338072896,-1.35192237049341,-1.32744558528066,0.328664693981409,2.20727709031874,-9.97619724699429,-12.2902033681219,-3.40370662892476,4.10830867476761,0.33333333,0.72916667,0.53125,0.3125,0.85714286,0.68627451,0.5,19.86111111,0.08333333,0.40625,0.32291667,0.07291667,0.11458333,87.738883972168,79.4695387620192,92.7404548891129,87.6195591517857,91.9849909002131,-9.42385292053223,8.19473970853365,-7.62311627787928,-1.17197499956403,-10.4676818847656,3.39293503761292,-7.77985166892027,7.57524010442918,4.85669871738979,3.59225637262518,0.328664693981409,-1.32744558528066,0.68425589799881,-0.6983338072896,-1.35192237049341,4.10830867476761,-3.40370662892476,2.20727709031874,-9.97619724699429,-12.2902033681219,0.32653061,0.74468085,0.53125,0.3125,0.85714286,0.68627451,0.48958333,16,89.0612467447917,4.13106842041016,1,0.0625,106.271,6,0.375,"2024-09-29",0
"Aaron Nola",16149,"2024-09-23","CHC",26,2024,"PHI","H",31,1,0,3,1,1,1,0,0,0,0,0,6,26,7,2,2,0,2,0,0,0,0,7,10.5,3,10.5,3.5,0,1,8,4,4,0,0,1,1,0.26923077,0.07692308,0.19230769,3.41527049700736,0,0.291666666666667,1.5,0.411764705882353,0.77777778,1.83314644495646,1.16685355504354,2.84115204910437,72.5159251859841,45.0526155702621,70.4479784029554,2,0.25,0.5,0.25,0,0,6,9,34,68,102,0.124544061720371,-0.234688013792038,0.359232068061829,0.16710002720356,0.0171121507883072,0.713111102581024,0.673399984836578,0.870000004768372,2.02999997138977,1,1,0.0239373166114092,0.150711572277851,0,0,0.49019608,91.94,0.08823529,86.88888889,0.31372549,78.21875,0.10784314,86.18181818,NA,-0.835858225822449,0.189048141241074,1.0750824213028,-0.785906136035919,-1.6717164516449,2.1005349026786,3.35963256657124,-7.14460123669017,0.328125,0.52631579,0.40196078,0.76190476,0.7,0.73170732,0.37254902,0.69230769,0.10784314,13,3,1,2,9,6,17,0.76470588,0.17647059,0.05882353,0.11764706,0.52941176,0.35294118,2.75169431372795,59,61.50132,37.7211,69.54954,30.30012,40.80761,26.25345,80,38.08871,80,57.05117,54.13611,57.83535,45.27579,43.62986,57.72574,53.90895,41.45952,59.93213,-0.11744,3.90093,72.56,121.28,99.04,99.74,92.32,87.9,99.9,145.32,141.48,140.66,63.78,98.96,108.62,111.12,103.38,110.462941176471,99.06,104.968235294118,0.2745098,0.08823529,0.21568627,0.31372549,0.10784314,92.1000017438616,86.9444444444444,91.5090886896307,78.1656265258789,86.2454556551847,-7.06538282121931,-1.11066521538628,-10.0524215698242,8.65415477752686,-8.47476057572798,8.29676818847656,5.10364151000977,4.85739274458452,-6.41210985183716,2.60125784440474,-1.32436326518655,0.190749272704124,0.475928738713264,1.06984104216099,-0.754460357129574,-4.72986880423767,2.11943636337916,2.16331244869666,3.34325325675309,-6.85873051935976,0.28301887,0.53061224,0.40196078,0.73333333,0.73076923,0.73170732,0.48039216,19.70666667,0.10784314,0.31372549,0.28431373,0.08823529,0.20588235,86.2101606889205,78.1145553588867,92.0819386449353,86.9024319118924,91.4361572265625,-8.38092110373757,9.02911376953125,-6.84353848161369,-0.49843242433336,-9.88483465285528,1.34086608886719,-7.88807249069214,7.51670416470232,4.03772566053602,3.81787944975353,-0.754460357129574,1.06984104216099,-1.26639332249761,0.190749272704124,0.417958796024323,-6.85873051935976,3.34325325675309,-4.36687352585381,2.11943636337916,1.9902799810682,0.2962963,0.52083333,0.40196078,0.625,0.8,0.73170732,0.47058824,17,89.0937423706055,3.26517796516418,1,0.05882353,105.97,7,0.41176471,"2024-09-23",0
"Aaron Nola",16149,"2024-09-18","@MIL",26,2024,"PHI","A",31,0,0,1.28571428571429,1,1,1,0,0,0,0,0,7,25,3,1,1,1,1,0,0,0,0,9,11.5714285714286,1.28571428571429,3.85714285714286,9,0,0,7,6,1,0,0,1,0,0.36,0.04,0.32,2.31052108401489,1.28571428571429,0.125,0.571428571428571,0.142857142857143,1,2.88076549257551,-1.59505120686122,2.31962984076568,31.078253651136,69.7999176150663,57.8450168672064,1.166666666,0.071428571,0.5,0.428571428,0,0.166666666,1,1.28571428571429,36,61,97,0.301526039838791,-0.278449922800064,0.579975962638855,2.49300003051758,0.25608628988266,1.09829235076904,1.18860006332397,0.870000004768372,1.80939996242523,1,1,0.263907253742218,0.0106335273418506,0,0,0.62886598,92.60655738,0.10309278,88.3,0.20618557,79.7,0.06185567,86.83333333,NA,1.94236755371094,-0.153515666723251,0.201375812292099,0.26455146074295,3.18420910444416,-1.53515666723251,1.00687906146049,4.40919101238251,0.29310345,0.71794872,0.46391753,0.47058824,0.85714286,0.71111111,0.40206186,0.6,0.13402062,5,1,9,1,6,8,15,0.33333333,0.06666667,0.6,0.06666667,0.4,0.53333333,2.17064564141077,74,45.31486,45.02305,49.73928,57.17164,53.6697,62.63305,55.03131,48.65104,51.56967,58.68744,67.22843,47.15996,20,45.051,32.71381,50.80909,52.29451,53.29732,0.07515,4.18982,79.22,91.38,80.88,113.46,96.84,110.42,106.56,92.76,106.46,132.94,92.28,128.96,98.08,40.04,46.92,112.136907216495,88.7389690721649,104.930103092784,0.39175258,0.10309278,0.2371134,0.20618557,0.06185567,93.0605276007401,88.1600036621094,91.6434803838315,79.65,86.75,-8.14881575734992,-2.87117042541504,-10.5635137143342,7.44512405395508,-8.91152000427246,7.87163824784128,5.96005096435547,4.58752176036005,-5.97294616699219,2.60534238815308,0.698220163583755,-0.157785851508379,1.24932430684566,0.209214594215155,0.266762539744377,1.83742148311515,-1.57785851508379,5.43184481237246,1.04607297107577,4.44604232907295,0.32692308,0.62222222,0.46391753,0.41176471,0.89285714,0.71111111,0.46391753,20.58333333,0.06185567,0.20618557,0.39175258,0.10309278,0.2371134,86.4718526204427,79.3891235351562,92.81103515625,87.8865600585937,91.3859969429348,-8.49779510498047,8.38728408813477,-7.56816342002467,-1.97119178771973,-10.1667135487432,1.24919454256694,-7.60947952270508,6.94183510228207,4.83515701293945,3.54380997367527,0.266762539744377,0.209214594215155,0.698220163583755,-0.157785851508379,1.24932430684566,4.44604232907295,1.04607297107577,1.83742148311515,-1.57785851508379,5.43184481237246,0.3,0.63829787,0.46391753,0.4,0.86666667,0.71111111,0.48453608,15,88.5739135742188,10.8910162789481,2,0.13333333,109.274,5,0.33333333,"2024-09-18",0
"Aaron Nola",16149,"2024-09-13","NYM",26,2024,"PHI","H",31,0,1,12.4615393757115,1,1,0,0,0,0,0,0,4.1,21,6,6,6,2,2,0,0,0,0,7,14.5384626049968,4.15384645857051,12.4615393757115,3.5,0,0,5,3,4,0,0,0,0,0.33333333,0.0952381,0.23809524,3.11140255377747,4.15384645857051,0.315789473684211,1.8461539815869,0.4,0.38461538,7.32032623686031,5.14121313885123,2.36710092395516,301.220019023764,174.673106905362,58.9921899423534,1.666666666,0.333333333,0.416666666,0.25,0,0.666666666,0,0,32,58,90,-0.247250020503998,-0.504670023918152,0.257419973611832,-3.75889992713928,-0.384935975074768,0.895790457725525,1.01200008392334,0.870000004768372,0.0904000028967857,1,1,-0.0606287010014057,-0.215384532195767,0,0,0.46666667,92.45238095,0.07777778,88.42857143,0.37777778,79.38235294,0.07777778,85.57142857,NA,-0.457132488489151,-0.0599946416914463,-1.67159283161163,0.0624660365283489,-1.08841068687893,-0.857066309877804,-4.9164495047401,0.892371950404985,0.34545455,0.57142857,0.43333333,0.73684211,0.8,0.76923077,0.38888889,0.76190476,0.1,7,1,4,0,8,4,12,0.58333333,0.08333333,0.33333333,0,0.66666667,0.33333333,8.63852954814659,27,73.32651,48.33205,80,68.2789,54.23323,80,46.78459,42.06913,47.61998,70.0059,67.24682,59.24153,20,40.46745,27.65952,61.44535,55.20837,62.59158,-0.58565,3.19862,69.68,118.46,104.34,110.64,124.74,131.48,116.34,87.9,96.68,128.2,103.34,139.24,101.42,92.74,79.84,114.890888888889,103.854222222222,119.004222222222,0.18888889,0.07777778,0.27777778,0.37777778,0.07777778,92.7999985638787,88.2714320591518,92.08,79.25,85.7571411132812,-7.52872108010685,-2.84746987479074,-10.2923291015625,7.10681960161994,-9.15078517368862,8.20861098345588,5.50871985299247,4.90750915527344,-6.07112345975988,1.05567462103707,0.363669563084841,-0.0617949701845646,-0.793210737407207,-1.66311194747686,0.0594478137791157,2.13923272402848,-0.882785288350923,-3.17284294962883,-4.89150572787313,0.849254482558795,0.32653061,0.56097561,0.43333333,0.75,0.7826087,0.76923077,0.45555556,21.33333333,0.07777778,0.37777778,0.2,0.06666667,0.27777778,85.3620169503348,78.841796875,92.2453748914931,87.580067952474,91.680625,-8.8431897844587,8.05041593663833,-6.91045718722873,-1.62078746159871,-9.88802001953125,-0.268194556236267,-7.69353529986213,7.49186537000868,3.93831984202067,3.83084320068359,0.0594478137791157,-1.66311194747686,0.325591240078211,-0.0237166471779346,-0.793210737407207,0.849254482558795,-4.89150572787313,1.80884022265673,-0.395277452965577,-3.17284294962883,0.3,0.6,0.43333333,0.73333333,0.79166667,0.76923077,0.44444444,12,93.1814168294271,10.6721572875977,0,0,103.73,7,0.58333333,"2024-09-13",0
"Aaron Nola",16149,"2024-09-07","@MIA",26,2024,"PHI","A",31,0,1,7.71428676527388,1,1,0,0,0,0,0,0,4.2,25,9,5,4,2,2,0,0,0,0,5,9.64285845659235,3.85714338263694,17.3571452218662,2.5,0.125,0,8,7,3,2,1,0,0,0.2,0.08,0.12,4.40896908401489,3.85714338263694,0.391304347826087,2.35714317827813,0.4375,0.73170732,7.88076613484605,-0.166479369572175,4.57734972269551,186.469547311276,187.91205618271,112.404451490513,1.142857142,0.166666666,0.444444444,0.388888888,0.285714285,0.285714285,3,5.78571507395541,37,64,101,-0.325039982795715,-0.7046999335289,0.379659950733185,-2.62800002098083,-0.261492520570755,1.05638468265533,0.875599980354309,0.920000016689301,0.565999984741211,1,1,-0.261179327964783,-0.0465115995283091,0,0,0.5049505,92.52941176,0.0990099,88.5,0.35643564,78.94444444,0.03960396,85.75,NA,-2.90047907829285,0.259821712970734,-1.00222730636597,0.0914867520332336,-5.68721387900558,2.59821712970734,-2.78396473990546,2.28716880083084,0.33802817,0.66666667,0.43564356,0.58333333,0.8,0.68181818,0.2970297,0.68,0.13861386,7,7,4,6,8,4,18,0.38888889,0.38888889,0.22222222,0.33333333,0.44444444,0.22222222,6.45987431815401,24,20,42.90814,20,45.84968,56.28643,51.3903,33.6804,41.21018,24.28816,74.67607,60.01016,65.25197,31.94993,46.62161,46.44214,50.66997,52.88643,49.69825,0.08379,4.20278,84.1,88.3,59.76,127.9,80.14,102.84,110.28,61.06,69.68,132.22,110.22,141.88,98.72,79.98,79.8,122.373663366337,88.5241584158416,108.171485148515,0.36633663,0.0990099,0.13861386,0.35643564,0.03960396,92.6486486486486,88.35,91.8071463448661,78.9694417317708,85.9000015258789,-8.13063667915963,-2.31723155975342,-10.8960985456194,7.87141418457031,-9.19981384277344,8.82703296558277,5.9429988861084,5.33565521240234,-6.14117940266927,2.09053516387939,-1.62021561339498,0.261086888611317,-1.30865560099483,-1.02279726415873,0.0921708196401596,-4.37896111728372,2.61086888611317,-9.34754000710589,-2.84110351155202,2.30427049100399,0.375,0.54054054,0.43564356,0.58333333,0.8,0.68181818,0.36633663,21.78666667,0.03960396,0.35643564,0.36633663,0.0990099,0.13861386,86.1651306152344,79.242913140191,92.9406540329392,88.6288818359375,92.1061662946429,-8.93358516693115,8.65968153211806,-7.3711308659734,-1.40706043243408,-10.2592293875558,0.632357716560364,-7.91583421495226,7.64060355521537,4.58911399841309,3.79610007149833,0.0921708196401596,-1.02279726415873,-1.62021561339498,0.261086888611317,-1.30865560099483,2.30427049100399,-2.84110351155202,-4.37896111728372,2.61086888611317,-9.34754000710589,0.35483871,0.56410256,0.43564356,0.59090909,0.72727273,0.65909091,0.38613861,18,87.3063218858507,15.0019293891059,2,0.11111111,107.501,7,0.38888889,"2024-09-07",0
"Aaron Nola",16149,"2024-09-01","ATL",26,2024,"PHI","H",31,0,0,3,1,1,1,0,0,0,0,0,6,23,4,2,2,1,1,0,0,0,0,9,13.5,1.5,6,9,0.4,0,5,6,2,0,2,0,0,0.39130435,0.04347826,0.34782609,2.09792000919721,1.5,0.181818181818182,0.833333333333333,0.25,0.83333333,2.83314644495646,0.166853555043538,2.17848818451166,72.5159251859841,68.6750402493934,54.4342266143279,0.833333333,0.153846153,0.384615384,0.461538461,0,0.166666666,2,3,37,63,100,0.0413780063390732,-0.256631940603256,0.298009961843491,1.0061000585556,0.103031240403652,0.736417412757874,0.840366661548615,0.870000004768372,1.54019999504089,1,1,0.0198585651814938,0.0363296856966503,0,0,0.57,92.94736842,0.06,88.16666667,0.34,79.29411765,0.03,86.66666667,NA,1.90095961093903,-0.0752999857068062,0.132309079170227,-0.406658798456192,3.33501686129654,-1.2549997617801,0.389144350500668,-13.5552932818731,0.37878788,0.73529412,0.5,0.36,0.84,0.6,0.34,0.82608696,0.2,3,7,3,4,4,5,13,0.23076923,0.53846154,0.23076923,0.30769231,0.30769231,0.38461538,2.61528851680742,63,58.39394,40.44063,63.72302,41.4507,44.33556,48.75449,80,42.86807,80,80,61.21274,69.66269,37.66884,43.81897,47.95396,69.15349,47.09009,69.27508,-1.06452,2.48031,79.5,128.3,115.34,120.44,92.78,100.72,123.88,148.5,163.22,138.36,124.2,156.08,102.9,107.54,93.48,124.837,114.8864,130.1716,0.39,0.06,0.18,0.34,0.03,93.1948742988782,88.2833353678385,92.2166680230035,79.2235322840073,86.5,-7.63681108523638,-2.33890771865845,-10.4475589328342,8.19415013930377,-9.05978075663249,8.46344150641026,4.72582944234212,4.70637469821506,-6.0476998721852,2.2563951810201,1.57155985757709,-0.0774040333926678,0.343471981585026,0.138379991054535,-0.413239922374487,4.02964066045407,-1.29006722321113,1.90817767547237,0.406999973689809,-13.7746640791496,0.38181818,0.64444444,0.5,0.33333333,0.79310345,0.6,0.45,21.25974026,0.03,0.34,0.39,0.06,0.18,86.3771667480469,79.1018210018382,93.0904447115385,88.1539713541667,92.1126641167535,-8.86260350545247,9.02578107048483,-7.18595847105369,-1.49987045923869,-10.1421975029839,1.02685538927714,-7.59694447236903,7.83216271033654,3.73477999369303,3.84484397040473,-0.413239922374487,0.138379991054535,1.57155985757709,-0.0774040333926678,0.343471981585026,-13.7746640791496,0.406999973689809,4.02964066045407,-1.29006722321113,1.90817767547237,0.40983607,0.64102564,0.5,0.4,0.8,0.6,0.39,13,90.2004676231971,16.7099092923678,1,0.07692308,102.714,6,0.46153846,"2024-09-01",0
"Aaron Nola",16149,"2024-08-27","HOU",26,2024,"PHI","H",31,1,0,0,1,1,1,0,0,0,0,0,7,26,4,0,0,0,1,0,0,0,0,6,7.71428571428571,1.28571428571429,5.14285714285714,6,0,0,6,9,4,1,0,0,0,0.23076923,0.03846154,0.19230769,3.81511370365389,0,0.16,0.714285714285714,0.210526315789474,1,1.88076549257551,-1.88076549257551,3.82477630057505,0,46.177492935935,94.2179701860553,0.666666666,0.210526315,0.315789473,0.47368421,0.111111111,0,5,6.42857142857143,34,68,102,0.283082038164139,-0.149217963218689,0.432300001382828,3.50710010528564,0.359150022268295,0.791474044322968,0.764857172966003,0.870000004768372,0.270800024271011,1,1,0.334529876708984,0.0231344588363324,0,0,0.45098039,92.36956522,0.08823529,87.33333333,0.42156863,79.1627907,0.03921569,86.75,NA,1.49411273002625,0.123619042336941,1.39934587478638,0.171794340014458,3.24807115223097,1.3735449148549,3.25429273206134,4.29485850036144,0.40322581,0.8,0.55882353,0.68,0.84375,0.77192982,0.39215686,0.57692308,0.12745098,3,10,6,5,7,7,19,0.15789474,0.52631579,0.31578947,0.26315789,0.36842105,0.36842105,2.05428678122499,78,64.91152,46.66738,71.29605,53.35256,43.37213,60.00563,80,45.03117,71.46698,59.02012,58.00652,52.80316,33.34139,47.0874,44.97275,58.98241,48.35989,58.70475,-0.43263,3.42815,77.92,106.92,85.16,114.54,87.3,98.56,113.54,117.46,127.42,134.32,92.72,128.12,93.58,98.16,94.88,119.446078431373,95.7478431372549,114.415490196078,0.30392157,0.08823529,0.14705882,0.42156863,0.03921569,92.7129063760081,87.2888861762153,91.5600016276042,79.1279069767442,86.75,-7.24119075652092,-1.49868901570638,-10.5290395100911,8.23352121752362,-9.62909030914307,8.54866175497732,5.14230770534939,4.92704874674479,-6.20242238599201,1.85927891731262,0.583284117281437,0.124238129705191,0.944134064018726,1.41478188335896,0.172616317868233,1.8815616686498,1.38042366339101,6.29422709345818,3.29019042641618,4.31540794670582,0.42592593,0.70833333,0.55882353,0.69565217,0.82352941,0.77192982,0.47058824,21.55263158,0.03921569,0.42156863,0.30392157,0.08823529,0.14705882,86.7588729858398,79.1399436773256,92.7332645539314,87.3082546657986,91.5681233723958,-9.4142951965332,8.89481655386991,-6.78128790086316,-0.736211352878147,-10.3192291259766,0.766267478466034,-7.74148417628089,7.75553057270665,4.13111538357205,4.00522867838542,0.172616317868233,1.41478188335896,0.583284117281437,0.124238129705191,0.944134064018726,4.31540794670582,3.29019042641618,1.8815616686498,1.38042366339101,6.29422709345818,0.40350877,0.75555556,0.55882353,0.69565217,0.82352941,0.77192982,0.44117647,19,85.0066174958882,17.5192710474918,0,0,99.857,7,0.36842105,"2024-08-27",0
"Aaron Nola",16149,"2024-08-21","@ATL",26,2024,"PHI","A",31,0,0,3.37500020116569,1,1,0,0,0,0,0,0,5.1,26,8,2,2,1,2,0,0,0,0,5,8.43750050291422,3.37500020116569,13.5000008046628,2.5,0,0,11,3,5,0,0,0,0,0.19230769,0.07692308,0.11538462,3.75055452171395,1.68750010058284,0.333333333333333,1.87500011175872,0.388888888888889,0.93023256,4.85397987887264,-1.47897967770695,3.26698451278014,81.5804206968041,116.412025831149,80.738528018234,3.666666666,0.263157894,0.578947368,0.157894736,0,0.333333333,2,3.37500020116569,40,60,100,-0.0577120296657085,-0.473580062389374,0.415868043899536,0.124000020325184,0.0126016214489937,1.0889230966568,0.957466721534729,0.870000004768372,2.77040004730225,1,1,-0.0121527500450611,-0.0408464285405483,0,0,0.46,92,0.07,87.42857143,0.39,78.94871795,0.08,87.25,NA,-1.21969521045685,-0.801801204681396,1.30247712135315,-0.616544008255005,-2.6515113270801,-11.45430292402,3.33968492654654,-7.70680010318756,0.27941176,0.625,0.39,0.63157895,0.9,0.76923077,0.32,0.57692308,0.09,10,4,5,3,10,6,19,0.52631579,0.21052632,0.26315789,0.15789474,0.52631579,0.31578947,5.9006696548485,45,20,39.44528,20,59.87467,49.10398,64.6378,48.22002,42.58767,45.4816,73.00539,56.78405,71.45588,20,37.50863,20,50.33344,47.29164,52.69976,0.1047,4.23414,80.68,60.02,50.06,108.14,110.26,115.32,107.18,101.44,109.5,122.2,104.04,131.36,98.86,31.44,28.98,110.537,96.0926,108.856,0.21,0.07,0.25,0.39,0.08,92.5380975632441,87.3999982561384,91.38,78.9051294571314,87.0124969482422,-7.28901236397879,-1.78006989615304,-10.1803967285156,7.38933543669872,-8.7110652923584,8.31887381417411,5.65910066877093,4.72147979736328,-5.27592546511919,2.28470516204834,0.392333660274744,-0.815434031188488,-1.617491196841,1.31138528138399,-0.627075903117657,1.86825552511783,-11.649057588407,-6.46996478736401,3.36252636252305,-7.83844878897071,0.21153846,0.58333333,0.39,0.54545455,0.85714286,0.76923077,0.48,20.77027027,0.08,0.39,0.21,0.07,0.25,87.0195388793945,78.907958984375,92.5518043154762,87.3838239397321,91.378896484375,-8.57576465606689,8.05252857697316,-6.91831970214844,-0.9122177532741,-9.81101745605469,1.1609513759613,-6.56596335386619,7.73981366838728,4.71467862810407,3.84255523681641,-0.627075903117657,1.31138528138399,0.392333660274744,-0.815434031188488,-1.617491196841,-7.83844878897071,3.36252636252305,1.86825552511783,-11.649057588407,-6.46996478736401,0.21153846,0.58333333,0.39,0.54545455,0.85714286,0.76923077,0.48,19,83.4508377878289,0.751714204487048,0,0,107.147,8,0.42105263,"2024-08-21",0
"Aaron Nola",16149,"2024-08-16","WSN",26,2024,"PHI","H",31,0,0,0,1,1,1,0,0,0,0,0,6.2,27,7,0,0,0,2,0,1,0,0,4,5.40000051498418,2.70000025749209,9.45000090122232,2,0.142857142,0,7,11,2,1,1,0,0,0.14814815,0.07407407,0.07407407,5.32386900254816,0,0.291666666666667,1.35000012874605,0.35,1,3.31647979259491,-3.31647979259491,5.811293900785,0,80.092545848895,142.223605430787,0.636363636,0.1,0.35,0.55,0.09090909,0,2,2.70000025749209,37,75,112,0.313429951667786,-0.407269954681396,0.720699906349182,2.90509986877441,0.297501295804977,1.19093787670135,1.07594287395477,0.870000004768372,3.10920000076294,1,1,0.109282240271568,0.153896853952826,0,0,0.47747748,91.66037736,0.02702703,86.66666667,0.3963964,78.70454545,0.0990991,84.63636364,0.00892857,0.593954086303711,-0.526674032211304,0.680373787879944,-0.293564289808273,1.12066808736549,-17.5558010737101,1.54630406336351,-2.6687662709843,0.38571429,0.63414634,0.47747748,0.81481481,0.92307692,0.86792453,0.36936937,0.74074074,0.0625,7,6,7,3,10,7,20,0.35,0.3,0.35,0.15,0.5,0.35,2.36880315402972,66,34.49777,47.24272,32.86586,54.79186,45.67852,59.35346,66.34389,44.6735,61.37564,70.86832,60.02232,71.13848,58.28643,43.30075,64.44404,61.75764,49.94159,65.4393,-0.60505,3.16952,81.8,83.76,59.64,108.46,113.04,120.96,110.52,92.9,94.34,132.14,99.56,133.94,107.16,85.02,70.38,115.749444444444,100.317407407407,114.136296296296,0.28828829,0.02702703,0.18918919,0.3963964,0.0990991,92.1531219482422,86.6666666666667,91.0476190476191,78.5818204012784,84.5272716175426,-7.73626184463501,-0.935160001118978,-10.2786458333333,7.65054460005327,-8.78515070134943,8.27885246276855,4.8577086130778,4.91680363246373,-5.80547714233398,1.45616375316273,-0.73545316234231,-0.534817181527615,1.37578085809946,0.721902374178171,-0.300351291894913,-2.29829113231972,-17.8272393842538,6.55133741952124,1.6406872140413,-2.73046628995375,0.39622642,0.55172414,0.47747748,0.80952381,0.90625,0.86792453,0.52252252,21.3253012,0.0990991,0.3963964,0.28828829,0.02702703,0.18918919,84.4446633078835,78.4924038973722,92.0727005004883,86.5730692545573,90.9563627697173,-8.61437433416193,8.54171267422763,-7.15325546264648,0.194760004679362,-9.79087466285342,0.328618548133156,-7.27119931307706,7.43031454086304,3.63760662078857,3.91288866315569,-0.300351291894913,0.706492781639099,-0.73545316234231,-0.534817181527615,1.37578085809946,-2.73046628995375,1.60566541281613,-2.29829113231972,-17.8272393842538,6.55133741952124,0.38181818,0.57142857,0.47747748,0.76190476,0.9375,0.86792453,0.5045045,20,88.7174560546875,18.9353927612305,0,0,106.968,6,0.3,"2024-08-16",0
"Aaron Nola",16149,"2024-08-10","@ARI",26,2024,"PHI","A",31,0,1,5.4,1,1,0,0,0,0,0,0,5,25,9,4,3,2,3,0,0,1,0,4,7.2,5.4,16.2,1.33333333,0,0,7,6,5,0,0,0,0,0.16,0.12,0.04,5.43219308401489,3.6,0.409090909090909,2.4,0.4375,0.86956522,8.5664797782898,-3.1664797782898,5.18088986575603,130.528665334771,204.110275076413,126.989435766643,1.166666666,0.277777777,0.388888888,0.333333333,0,0.333333333,1,1.8,32,56,88,-0.196759939193726,-0.499699950218201,0.302940011024475,-1.44500005245209,-0.145959600806236,0.801923096179962,0.742399990558624,0.870000004768372,0.30799999833107,1,1,-0.2659732401371,0.0206131300080735,0,0,0.54545455,92.91666667,0.07954545,88.42857143,0.22727273,79.5,0.14772727,86.15384615,NA,-1.43505835533142,-1.27061939239502,-1.44219827651978,0.49711337685585,-2.98970490694046,-18.1517056056431,-7.21099138259888,3.82394905273731,0.3559322,0.68965517,0.46590909,0.85714286,0.95,0.90243902,0.32954545,0.64,0.04545455,10,3,5,3,8,7,18,0.55555556,0.16666667,0.27777778,0.16666667,0.44444444,0.38888889,9.87877940456484,26,35.8731,39.67527,42.55695,44.59001,52.15994,49.54177,50.4082,38.61101,58.26456,73.94078,57.11366,66.92568,20,50.42084,20.8366,45.89464,46.78165,51.40169,0.38046,4.64778,80.5,88.88,70.78,105.5,82.42,91.02,107.1,79.32,80.76,121.5,119,142.98,100.22,100.64,95.76,105.314090909091,92.5736363636364,98.3506818181818,0.375,0.07954545,0.17045455,0.22727273,0.14772727,93.2121212121212,88.4428536551339,92.2266682942708,79.3700012207031,86.0769230769231,-7.38681215228456,-0.882268360682896,-9.83069051106771,8.09690475463867,-8.54622943584735,8.49370783025568,4.7637699672154,4.96592508951823,-5.30294227600098,2.36964064378005,-0.336074519902468,-1.27058597281575,-1.20061247050762,-1.44819696620107,0.504485037177801,-1.01840763606808,-18.1512281830822,-8.00408313671748,-7.24098483100533,3.88065413213693,0.36956522,0.57142857,0.46590909,0.76470588,1,0.90243902,0.47727273,21.57142857,0.14772727,0.22727273,0.36363636,0.07954545,0.18181818,86.066415640024,79.3540893554687,93.1947174072266,88.4289899553571,92.3478927612305,-8.68470177283654,8.51239013671875,-7.17520046234131,-0.2992981501988,-9.56762790679932,1.07652150667631,-6.96909255981445,7.59739875793457,3.65898132324219,4.14221858978271,0.504485037177801,-1.44819696620107,-0.246278587728739,-1.27058597281575,-1.29040840268135,3.88065413213693,-7.24098483100533,-0.769620586652309,-18.1512281830822,-8.06505251675844,0.33333333,0.625,0.46590909,0.8125,0.96,0.90243902,0.45454545,18,88.7646755642361,13.5319552951389,3,0.16666667,111.058,7,0.38888889,"2024-08-10",0
"Aaron Nola",16149,"2024-08-05","@LAD",26,2024,"PHI","A",31,0,1,6,1,1,0,0,0,0,0,0,6,24,8,4,4,1,0,0,0,0,0,4,6,0,12,4,0,0,8,4,8,2,0,0,0,0.16666667,0,0.16666667,3.69297909380756,1.5,0.333333333333333,1.33333333333333,0.368421052631579,0.60606061,3.99981311162313,2.00018688837687,2.84115204910437,145.031850371968,96.2345357083799,70.4479784029554,2,0.4,0.4,0.2,0.5,0.25,3,4.5,33,63,96,-0.217019975185394,-0.567519962787628,0.350499987602234,-1.13200008869171,-0.119788356125355,0.882160007953644,0.803666710853577,0.870000004768372,0.726000010967255,1,1,-0.115837961435318,-0.130171802358915,0,0,0.57291667,92.07272727,0.0625,86.83333333,0.3125,78.6,0.05208333,87,NA,-0.073139414191246,1.16583549976349,-0.732345700263977,-1.38342273235321,-0.132980753074993,19.4305916627248,-2.44115233421326,-27.6684546470642,0.2962963,0.78571429,0.51041667,0.5,0.87878788,0.75510204,0.4375,0.75,0.125,11,7,2,3,8,9,20,0.55,0.35,0.1,0.15,0.4,0.45,6.87437835168958,46,43.20287,36.53616,53.40696,45.19593,46.19257,48.56101,43.54294,40.94655,53.54265,60.00899,59.5293,56.38348,75.29736,56.865,75.9532,49.59565,46.48344,56.11147,0.15053,4.30289,76.14,91.22,67.46,113.9,105,114.34,102.36,91.46,91.04,125.82,96.74,122.74,95.4,130.88,128.98,111.8575,100.215625,110.09875,0.34375,0.0625,0.22916667,0.3125,0.05208333,92.4424272017045,87.0666707356771,91.6363636363636,78.5466634114583,86.9400024414062,-7.25458179820668,-0.313805758953094,-9.87264529141513,7.55729675292969,-8.90963897705078,7.84705144708807,4.07244300842285,4.59536049582742,-5.85448303222656,2.10265598297119,0.511921972036362,1.22693763673306,-0.592427551746368,-0.7237976975739,-1.40130336582661,1.55127870314049,20.4489606122176,-2.69285250793804,-2.412658991913,-28.0260673165321,0.30612245,0.72340426,0.51041667,0.53333333,0.85294118,0.75510204,0.48958333,21.71830986,0.05208333,0.3125,0.34375,0.0625,0.22916667,87.0762573242187,78.6567301432292,92.5771854285038,87.1721394856771,91.7684659090909,-8.55798797607422,8.18107554117839,-6.78559921727036,0.287792166074117,-9.51092321222479,1.21847457885742,-6.90546162923177,7.382236365116,3.32383823394775,3.94179534912109,-1.40130336582661,-0.7237976975739,0.511921972036362,1.22693763673306,-0.592427551746368,-28.0260673165321,-2.412658991913,1.55127870314049,20.4489606122176,-2.69285250793804,0.3125,0.70833333,0.51041667,0.53333333,0.85294118,0.75510204,0.5,20,97.2202941894531,18.3823165893555,4,0.2,117.128,11,0.55,"2024-08-05",0
"Aaron Nola",16149,"2024-07-30","NYY",26,2024,"PHI","H",31,0,0,3.17647094462574,1,1,0,0,0,0,0,0,5.2,27,7,2,2,1,3,0,0,0,0,4,6.35294188925147,4.7647064169386,11.1176483061901,1.33333333,0,0,7,8,5,0,0,0,0,0.14814815,0.11111111,0.03703704,5.55482099117728,1.58823547231287,0.291666666666667,1.76470608034763,0.315789473684211,0.93023256,5.63706829077648,-2.46059734615074,5.47755072872173,76.781576458644,134.910472858447,134.158460182743,0.875,0.25,0.35,0.4,0,0.125,4,6.35294188925147,39,56,95,0.0490859895944595,-0.393024086952209,0.44211009144783,0.507099986076355,0.0519303642213345,1.0766214132309,0.890433311462402,0.870000004768372,2.38960003852844,1,1,-0.0492331311106682,0.094825749826243,0,0,0.47368421,93.15555556,0.07368421,88.57142857,0.26315789,79.8,0.18947368,86.55555556,NA,-1.18003976345062,-0.925356507301331,-0.188004225492477,0.894916176795959,-2.62231058544583,-13.2193786757333,-0.75201690196991,4.97175653775533,0.19642857,0.61538462,0.36842105,0.54545455,0.95833333,0.82857143,0.41052632,0.62962963,0.06315789,9,7,4,2,12,6,20,0.45,0.35,0.2,0.1,0.6,0.3,6.47821867890128,46,53.58049,46.92885,57.08436,31.76526,50.29457,32.61808,55.37654,43.49951,58.37327,73.71561,56.67047,67.74441,66.32478,55.44373,72.45701,53.07333,49.01559,57.35056,-0.06552,3.97881,77.32,116.36,99.3,96.26,80.82,81.26,106.96,101.82,106.8,114.94,113.74,134.78,88.26,93.12,85.08,99.2534042553191,101.410638297872,104.354680851064,0.26315789,0.07368421,0.21052632,0.26315789,0.18947368,93.49599609375,88.4857177734375,92.6099975585937,79.8360009765625,86.3833346896701,-7.94068054199219,-1.23787157876151,-10.3824058532715,8.06467346191406,-9.40895080566406,8.33862854003906,4.76141902378627,5.17049217224121,-5.36480529785156,2.38934177822537,0.766933210194111,-0.939051948487759,-1.92211225256324,-0.171078313142061,0.904401425272226,3.06773284077644,-13.4150278355394,-9.61056126281619,-0.684313252568245,5.02445236262348,0.2,0.49090909,0.36842105,0.5,0.92592593,0.82857143,0.57894737,22.10447761,0.18947368,0.26315789,0.27368421,0.07368421,0.2,86.3721449110243,79.8311669921875,93.422842172476,88.4718715122768,92.680419921875,-9.10494825575087,8.84994812011719,-7.40038710374099,-0.403838872909546,-9.93307334498355,1.2674806382921,-6.85299072265625,7.36845867450421,3.73576709202358,4.10511418392784,0.904401425272226,-0.171078313142061,0.728854887187481,-0.939051948487759,-1.88403392955661,5.02445236262348,-0.684313252568245,2.80328802764416,-13.4150278355394,-9.91596805029794,0.25,0.45454545,0.36842105,0.5,0.96,0.82857143,0.57894737,20,90.8025451660156,13.5835052490234,2,0.1,105.872,11,0.55,"2024-07-30",0
"Aaron Nola",16149,"2024-07-24","@MIN",26,2024,"PHI","A",31,0,0,1.5,1,1,1,0,0,0,0,0,6,26,6,1,1,1,3,0,0,0,0,6,9,4.5,9,2,0,0,7,8,2,0,0,0,0,0.23076923,0.11538462,0.11538462,4.56429121780507,1.5,0.260869565217391,1.5,0.3125,1,4.83314644495646,-3.33314644495646,4.68249098658562,36.2579625929921,115.919889607656,114.945266212187,0.875,0.117647058,0.411764705,0.470588235,0,0.125,4,6,34,64,98,0.208483994007111,-0.443199992179871,0.651683986186981,1.90399992465973,0.199580699205399,1.21255385875702,0.990800023078918,0.870000004768372,1.04480004310608,1,1,-0.0544745363295078,0.226412460984522,0,0,0.43877551,92.48837209,0.1122449,87.45454545,0.33673469,78.81818182,0.1122449,86.09090909,NA,-0.354672163724899,0.0889457315206528,-1.10799717903137,0.34889617562294,-0.824818985406743,0.808597559278662,-3.35756720918598,3.171783414754,0.38461538,0.66666667,0.47959184,0.64,1,0.80851064,0.33673469,0.53846154,0.09183673,10,5,2,2,11,4,17,0.58823529,0.29411765,0.11764706,0.11764706,0.64705882,0.23529412,4.17430026273586,55,49.80387,57.19014,59.08003,45.94361,59.26292,47.3341,58.48329,36.97718,60.59345,73.66625,64.18567,60.58468,57.6989,59.85586,58.10873,59.28651,57.6856,58.61619,-0.45153,3.3998,90.12,97,83.44,109.08,53.96,68.9,114.54,94.72,108.28,129.86,117.62,144.18,92.74,119.54,117.66,112.950816326531,93.8273469387755,107.382040816327,0.26530612,0.1122449,0.17346939,0.33673469,0.1122449,92.8076923076923,87.4181795987216,91.9235265395221,78.7393909801136,86.0636374733665,-8.21334486741286,-1.15401814200661,-10.7895130830653,7.57878945090554,-9.82631613991477,8.54339599609375,4.2106090892445,5.3445089003619,-5.58336385091146,0.768379644914107,-1.424579937011,0.0957300588488579,1.06827384233475,-1.12607916817069,0.35148648172617,-5.47915360388848,0.870273262262344,6.28396377843969,-3.41236111566876,3.19533165205609,0.37735849,0.6,0.47959184,0.6,0.96296296,0.80851064,0.45918367,21.77777778,0.1122449,0.33673469,0.28571429,0.1122449,0.15306122,86.0459539240057,78.7167450875947,92.7529035295759,87.4052013050426,91.8938232421875,-9.27481564608487,8.77693130030777,-7.49369158063616,-0.0242336392402649,-10.306504313151,-0.28297571702437,-6.97481097597064,7.7450316292899,3.38007354736328,4.49601389567057,0.35148648172617,-1.12607916817069,-1.26350045204163,0.0957300588488579,0.90719435736537,3.19533165205609,-3.41236111566876,-4.51250161443438,0.870273262262344,6.0479623824358,0.37037037,0.61363636,0.47959184,0.6,0.96296296,0.80851064,0.44897959,17,85.245942957261,17.308983297909,2,0.11764706,112.95,4,0.23529412,"2024-07-24",0
"Aaron Nola",16149,"2024-07-19","@PIT",26,2024,"PHI","A",31,0,0,7.2,1,1,0,0,0,0,0,0,5,22,6,4,4,0,1,0,1,0,0,4,7.2,1.8,10.8,4,0,0,9,2,5,0,0,0,0,0.18181818,0.04545455,0.13636364,3.42926214612961,0,0.3,1.4,0.375,0.5,2.7664797782898,4.43352022171021,3.37128314077854,174.038220446362,67.1002119374513,83.2589798338574,4.5,0.3125,0.5625,0.125,0,0,7,12.6,35,45,80,-0.123717986047268,-0.434126049280167,0.310408055782318,-1.39499998092651,-0.139013439416885,1.09664344787598,1.00056004524231,0.837599992752075,1.07279992103577,1,1,-0.0971850454807281,-0.0156300962929175,0,0,0.4,92.34375,0.1,87.375,0.475,78.92105263,0.025,86,NA,-1.08237719535828,-0.702946424484253,1.48105311393738,-0.760244190692902,-3.38242873549461,-8.78683030605316,3.89750819457205,-38.0122095346451,0.27777778,0.84615385,0.4625,0.66666667,0.86363636,0.78378378,0.325,0.72727273,0.1,7,7,2,1,7,8,16,0.4375,0.4375,0.125,0.0625,0.4375,0.5,4.5958872087375,48,20,40.20642,20,36.32355,55.82233,42.63055,43.33401,49.06994,36.37866,56.71242,67.02184,47.48441,42.7936,55.70074,43.91334,44.50794,60.7269,36.75387,0.46661,4.77701,80.4,91.74,89.46,97.84,48,61.92,105.48,98.78,110.1,126.08,96.4,131.84,98.3,99.32,98.44,112.6785,89.27575,110.91525,0.1625,0.1,0.2375,0.475,0.025,92.9153864933894,87.5250015258789,91.8105276007401,78.8789447985197,86.1500015258789,-7.59096409724309,-0.516698241233826,-9.91211660284745,7.22584614000822,-8.05391502380371,7.8358641404372,3.93633580207825,4.14356552927118,-5.55176584344161,0.877389967441559,-0.486698158085346,-0.710396852344275,-0.614720709621906,1.460882242769,-0.767381351441145,-3.74383198527189,-8.87996065430343,-3.23537215590477,3.84442695465527,-38.3690675720572,0.26,0.8,0.4625,0.61538462,0.875,0.78378378,0.375,21.82758621,0.025,0.475,0.1625,0.1,0.2375,86.0760955810547,78.8001130756579,92.8504638671875,87.4300765991211,91.7464471114309,-8.19320487976074,7.77341421026933,-7.27227783203125,0.129051700234413,-9.86866439016242,0.0332989990711212,-6.8304049843236,7.24659905066857,3.28525018692017,3.36720677425987,-0.767381351441145,1.460882242769,-0.486698158085346,-0.710396852344275,-0.614720709621906,-38.3690675720572,3.84442695465527,-3.74383198527189,-8.87996065430343,-3.23537215590477,0.25490196,0.79310345,0.45,0.69230769,0.86956522,0.80555556,0.3625,16,92.8794937133789,4.34842538833618,3,0.1875,120.517,7,0.4375,"2024-07-19",0
"Aaron Nola",16149,"2024-07-11","LAD",26,2024,"PHI","H",31,1,0,1.5,1,1,1,0,0,0,0,0,6,24,4,1,1,1,2,0,0,0,0,9,13.5,3,6,4.5,0.2,0,5,6,2,1,1,0,0,0.375,0.08333333,0.29166667,2.64663706614295,1.5,0.181818181818182,1,0.25,1,3.33314644495646,-1.83314644495646,2.67848818451166,36.2579625929921,80.486252588959,66.5170884121943,0.833333333,0.153846153,0.384615384,0.461538461,0.166666666,0.166666666,4,6,36,65,101,0.244004115462303,-0.300572007894516,0.544576108455658,2.00609993934631,0.205437794327736,1.14502501487732,1.07169997692108,0.870000004768372,0.921200037002563,1,1,0.19621916115284,0.0168802142249518,0,0,0.55445545,93.21428571,0.08910891,88.44444444,0.28712871,79.82758621,0.06930693,86,NA,0.389484286308289,0.164750307798386,0.158929690718651,0.218731313943863,0.695507654121944,1.83055897553762,0.54803341627121,3.1247330563409,0.30882353,0.72727273,0.44554455,0.52380952,0.79166667,0.66666667,0.32673267,0.58333333,0.14851485,9,2,2,3,7,3,13,0.69230769,0.15384615,0.15384615,0.23076923,0.53846154,0.23076923,2.92605339594769,64,63.50827,50.47983,71.42593,37.77415,41.92573,47.78645,80,46.16072,73.33969,71.17447,56.81654,64.34784,30.1755,47.95853,39.72859,55.82342,44.94075,61.19811,-0.23638,3.72252,81.94,128.76,122.2,112.9,81.56,86.76,107.02,148.06,153.48,119.72,124.82,146.4,94.36,89.92,79.24,109.9742,109.0342,116.6056,0.38613861,0.08910891,0.16831683,0.28712871,0.06930693,93.5641025641026,88.3555569118924,92.1764705882353,79.8137964709052,86.1000017438616,-7.90312859950921,-1.59356551700168,-10.1597299014821,7.65478410391972,-9.21631622314453,7.97559532752404,4.8036986456977,4.6005033605239,-5.28424861513335,1.3621187210083,0.337773580104113,0.208120997995138,0.0618893541395664,0.137877438217402,0.220286101102829,0.866086102831058,2.31245553327931,0.364055024350391,0.475439442128971,3.14694430146899,0.29824561,0.63636364,0.44554455,0.47058824,0.78571429,0.66666667,0.43564356,19.51315789,0.06930693,0.28712871,0.38613861,0.08910891,0.16831683,85.70068359375,79.4346460802802,93.1929524739583,87.9534640842014,91.8025548598346,-9.28258732386998,8.25193576155038,-7.60012034880809,-1.01959504021539,-10.1753001493566,0.391439471926008,-6.75359528640221,7.40132336738782,3.81955337524414,3.75486530977137,0.220286101102829,0.137877438217402,0.337773580104113,0.208120997995138,0.0618893541395664,3.14694430146899,0.475439442128971,0.866086102831058,2.31245553327931,0.364055024350391,0.29310345,0.65116279,0.44554455,0.47058824,0.78571429,0.66666667,0.42574257,13,85.4239314152644,21.9761376014123,0,0,103.016,2,0.15384615,"2024-07-11",0
"Aaron Nola",16149,"2024-07-05","@ATL",26,2024,"PHI","A",31,1,0,4.5,1,1,1,0,0,0,0,0,6,23,5,3,3,2,0,0,0,0,0,8,12,0,7.5,8,0,0,7,6,2,0,0,0,0,0.34782609,0,0.34782609,2.07941907446553,3,0.217391304347826,0.833333333333333,0.230769230769231,0.90909091,4.83314644495646,-0.333146444956462,2.011821517845,108.773887778976,115.919889607656,50.4066060150391,1.166666666,0.133333333,0.466666666,0.4,0,0.333333333,8,12,30,73,103,0.0594640448689461,-0.347639977931976,0.407104015350342,0.0419999659061432,0.00426830071955919,0.851773917675018,1.02806663513184,0.870000004768372,0.41839998960495,1,1,0.0711247101426125,-0.00131270529600044,0,0,0.58252427,93.11666667,0.01941748,88,0.27184466,80.14285714,0.12621359,86.69230769,NA,-0.924113392829895,0.0778313875198364,0.80268120765686,-0.0345154702663422,-1.54018898804983,3.89156937599182,2.8667185987745,-0.265503617433401,0.5,0.75757576,0.58252427,0.54285714,0.8,0.65,0.32038835,0.7826087,0.2038835,6,4,5,2,6,7,15,0.4,0.26666667,0.33333333,0.13333333,0.4,0.46666667,4.37237266173788,53,57.013,40.06185,66.63132,44.67567,40.19432,52.44133,64.50639,37.38117,67.34586,72.87366,62.38016,66.8628,58.56829,48.62032,56.46056,60.41203,43.02691,67.77774,-0.52145,3.29492,74.6,129.08,107.46,120.36,91.74,89.98,102.2,121.98,120.28,127.54,133.26,151.8,91.48,103.76,104.68,111.39145631068,115.606601941748,116.925631067961,0.31067961,0.01941748,0.27184466,0.27184466,0.12621359,93.7874984741211,87.8999938964844,92.2464250837054,80.0428553989955,86.6384652944712,-7.70209741592407,-1.27680897712708,-9.97473471505301,6.63568224225725,-8.6024404672476,8.00659370422363,6.23532056808472,5.19286673409598,-5.05299595424107,2.35720399709848,1.28674653917551,0.0787287354469299,-2.19410083815455,0.844676095992327,-0.0365647375583649,4.02108293492347,3.9364367723465,-7.83607442198055,3.01670034282974,-0.281267211987422,0.484375,0.74358974,0.58252427,0.48387097,0.82758621,0.65,0.37864078,21.62025316,0.12621359,0.27184466,0.31067961,0.01941748,0.27184466,87.0609694260817,80.46240234375,94.2146987915039,88.2994995117188,92.6644635881696,-8.36506476769081,7.40447398594448,-7.08801889419556,-0.457438498735428,-9.46473257882255,1.53397369384766,-6.09276417323521,7.55987787246704,5.58168983459473,4.48854037693569,-0.0365647375583649,0.844676095992327,1.28674653917551,0.0787287354469299,-2.19410083815455,-0.281267211987422,3.01670034282974,4.02108293492347,3.9364367723465,-7.83607442198055,0.49206349,0.725,0.58252427,0.4516129,0.86206897,0.65,0.38834951,15,89.1139078776042,18.3440511067708,2,0.13333333,107.843,7,0.46666667,"2024-07-05",0
"Aaron Nola",16149,"2024-06-29","MIA",26,2024,"PHI","H",31,0,1,4.05000038623813,1,1,1,0,0,0,0,0,6.2,27,6,3,3,1,0,0,0,0,0,9,12.1500011587144,0,8.10000077247627,9,0.111111111,0,9,4,5,0,1,0,0,0.33333333,0,0.33333333,1.96921468398952,1.35000012874605,0.222222222222222,0.900000085830697,0.294117647058824,0.65217391,2.41647970676421,1.63352067947392,1.37368465104865,97.8965083372171,58.8323616101477,34.9855668757917,2.25,0.277777777,0.5,0.222222222,0,0.25,2,2.70000025749209,29,71,100,0.0733139589428902,-0.442870080471039,0.516184031963348,1.18509995937347,0.121362008154392,1.0188444852829,1.1599714756012,0.870000004768372,2.18900012969971,1,1,-0.0295540634542704,0.101512011896749,0,0,0.54,92.05555556,0.1,87.5,0.3,78.83333333,0.06,85.66666667,NA,1.46442365646362,-1.8730536699295,0.255086541175842,0.233797639608383,2.71189566011782,-18.730536699295,0.850288470586141,3.89662732680639,0.32,0.72,0.52,0.5,0.88888889,0.76923077,0.5,0.66666667,0.12,8,6,4,3,11,4,18,0.44444444,0.33333333,0.22222222,0.16666667,0.61111111,0.22222222,3.46903389851691,62,38.44507,46.95188,41.08981,46.75704,40.4772,51.81654,59.66791,45.39245,62.28357,72.24206,55.33941,66.09547,70.93123,48.10493,78.4582,60.0157,44.16856,65.63209,-0.49683,3.33185,86.8,88.64,79.7,114.96,99.74,103.5,103.98,99.42,106.56,134.84,116.78,142.68,92.9,110.14,96.14,114.3932,105.1492,113.8244,0.3,0.1,0.24,0.3,0.06,92.836669921875,87.4900024414062,91.1333312988281,78.8333333333333,85.7666625976562,-6.90907541910807,-0.950568389892578,-10.0941212972005,8.07410685221354,-8.61799621582031,8.29668579101562,4.13495292663574,5.04518795013428,-5.89368743896484,1.93581660588582,1.31134053692222,-1.87856647744775,0.16805649548769,0.296074852347374,0.236089799553156,4.37113512307405,-18.7856647744775,0.700235397865375,0.986916174491246,3.9348299925526,0.28888889,0.70909091,0.52,0.46153846,0.87179487,0.76923077,0.55,20.63013699,0.06,0.3,0.3,0.1,0.24,85.5997314453125,78.6702392578125,92.6794352213542,87.32568359375,90.9794921875,-8.59246190388997,8.83309936523438,-6.44591674804687,-0.361903238296509,-9.7942943572998,0.738095362981161,-7.53145497639974,7.58496653238932,3.09925193786621,3.92912991841634,0.236089799553156,0.296074852347374,1.31134053692222,-1.87856647744775,0.16805649548769,3.9348299925526,0.986916174491246,4.37113512307405,-18.7856647744775,0.700235397865375,0.31111111,0.69090909,0.52,0.5,0.86842105,0.76923077,0.55,18,90.2673814561632,4.77570470174154,0,0,109.154,7,0.38888889,"2024-06-29",0
"Aaron Nola",16149,"2024-06-24","@DET",26,2024,"PHI","A",31,1,0,1.28571428571429,1,1,1,0,0,0,0,0,7,26,6,1,1,0,0,0,1,0,0,6,7.71428571428571,0,7.71428571428571,6,0.083333333,0,12,3,4,1,1,0,0,0.23076923,0,0.23076923,2.33451903285503,0,0.24,0.857142857142857,0.315789473684211,0.85714286,1.88076549257551,-0.595051206861223,2.52876909524202,31.078253651136,46.177492935935,62.8990182838994,4,0.210526315,0.631578947,0.157894736,0.333333333,0,8,10.2857142857143,25,65,90,0.155700027942657,-0.231564000248909,0.387264013290405,2.35999989509583,0.248945146799088,0.602030754089355,0.590571403503418,0.699199974536896,0.0727999955415726,1,1,0.174636706709862,0.0839880012224973,0,0,0.47777778,92.62790698,0.08888889,87.625,0.34444444,79.25806452,0.08888889,85.75,NA,0.29106941819191,0.5745689868927,0.878495693206787,-0.573976039886475,0.676905623702116,7.18211233615875,2.8338570748606,-7.17470049858093,0.40740741,0.63888889,0.5,0.45454545,0.95652174,0.71111111,0.4,0.80769231,0.14444444,11,5,3,5,13,1,19,0.57894737,0.26315789,0.15789474,0.26315789,0.68421053,0.05263158,2.22035663984405,73,20,41.80467,20,59.35932,53.53254,64.79713,50.54413,54.74698,50.92963,80,54.14225,80,31.06708,45.45587,40.14975,57.48716,50.30574,63.69479,-0.33974,3.56748,78.52,58.1,40,114.26,109.4,122.96,107.68,95.78,102.52,119.38,140.72,155.38,95.02,93.48,94.24,109.528,110.883555555556,119.203333333333,0.23333333,0.08888889,0.24444444,0.34444444,0.08888889,93.4142833891369,87.6875,91.8727306019176,79.1032242313508,85.7874984741211,-6.70354861304873,-1.23632109165192,-10.2363003817472,6.8777834984564,-8.43631744384766,8.03637041364397,4.91444301605225,4.53103186867454,-5.84488407258065,1.31548047065735,0.641106408089399,0.58158765360713,0.801880955696106,0.877911515533924,-0.587037019431591,3.05288765756857,7.26984567008913,3.6449134349823,2.83197263075459,-7.33796274289489,0.36734694,0.65853659,0.5,0.44444444,0.92592593,0.73333333,0.45555556,20.703125,0.08888889,0.34444444,0.23333333,0.08888889,0.24444444,85.8956146240234,79.2257907006048,93.5426839192708,87.7971878051758,92.0144653320312,-8.5023307800293,7.47552982453377,-6.29730369931176,-0.541913151741028,-9.90499114990234,0.593113422393799,-7.0371339859501,7.48711504255022,4.12075757980347,3.81608546863903,-0.587037019431591,0.877911515533924,0.641106408089399,0.58158765360713,0.801880955696106,-7.33796274289489,2.83197263075459,3.05288765756857,7.26984567008913,3.6449134349823,0.3877551,0.63414634,0.5,0.47368421,0.92307692,0.73333333,0.45555556,19,80.4314864309211,4.97528437564248,0,0,107.044,3,0.15789474,"2024-06-24",0
"Aaron Nola",16149,"2024-06-18","SDP",26,2024,"PHI","H",31,0,0,4.5,1,1,1,0,0,0,0,0,6,22,4,3,3,1,1,0,0,0,0,6,9,1.5,6,6,0,0,6,7,2,0,0,0,0,0.27272727,0.04545455,0.22727273,3.28642330195659,1.5,0.19047619047619,0.833333333333333,0.214285714285714,0.55555556,3.83314644495646,0.666853555043538,3.43048958554864,108.773887778976,92.2974649285247,84.6897464132576,0.857142857,0.133333333,0.4,0.466666666,0,0.142857142,1,1.5,32,63,95,-0.123937964439392,-0.515393912792206,0.391455948352814,0.00610005855560303,0.000624684616923332,1.00787830352783,1.09826672077179,0.870000004768372,0.601200044155121,1,1,0.13287840783596,-0.255847583782677,0,0,0.43157895,92.09756098,0.10526316,86.8,0.34736842,79.39393939,0.11578947,85.27272727,NA,0.117211014032364,0.329802423715591,1.34619903564453,-0.745952725410461,0.285880522030156,3.29802423715591,4.07939101710464,-6.78138841282238,0.32,0.77777778,0.53684211,0.75,0.82857143,0.80392157,0.47368421,0.63636364,0.10526316,6,5,4,2,10,3,15,0.4,0.33333333,0.26666667,0.13333333,0.66666667,0.2,3.43636829898647,57,38.00935,48.7367,41.61687,36.02423,43.45446,31.9213,73.4897,44.82892,72.55043,64.41656,56.53807,64.26375,64.04051,49.41923,73.30833,54.00179,48.02703,58.31952,-0.12321,3.89228,87.24,67.54,52.64,104.64,79.1,73.88,100.78,121.1,126.46,135.12,107.92,137.6,93.34,119.98,112.14,111.332842105263,99.5915789473684,106.991368421053,0.25263158,0.10526316,0.17894737,0.34736842,0.11578947,92.4541625976562,86.85,91.5588235294118,79.3121226917614,85.2545443448153,-7.70385805765788,-1.09215650558472,-10.4747592701631,7.34908502752131,-9.53536848588423,8.30103302001953,4.41686515808105,5.098315968233,-5.7404863762133,1.71647314591841,0.625905148684978,0.333532396703959,-0.468459609895945,1.02202327549458,-0.759195897728205,2.60793811952074,3.33532396703959,-2.75564476409379,3.09704022877144,-6.90178088843822,0.30434783,0.75510204,0.53684211,0.78571429,0.81081081,0.80392157,0.51578947,20.28767123,0.11578947,0.34736842,0.25263158,0.10526316,0.17894737,84.9913662997159,79.0546948982008,92.2065124511719,86.5804504394531,91.3042853860294,-9.47569344260476,7.90136071407434,-7.48097101847331,-0.548744297027588,-10.27294921875,0.322894985025579,-7.47590174819484,7.37680816650391,3.25223388671875,3.92960626938764,-0.759195897728205,1.02202327549458,0.625905148684978,0.333532396703959,-0.468459609895945,-6.90178088843822,3.09704022877144,2.60793811952074,3.33532396703959,-2.75564476409379,0.34090909,0.70588235,0.53684211,0.73333333,0.83333333,0.80392157,0.53684211,15,91.8705159505208,18.0105590820312,1,0.06666667,103.832,6,0.4,"2024-06-18",0
"Aaron Nola",16149,"2024-06-13","@BOS",26,2024,"PHI","A",31,0,1,19.636367041218,1,1,0,0,0,0,0,0,3.2,23,11,8,8,1,2,0,0,0,0,2,4.9090917603045,4.9090917603045,27.0000046816747,1,0,0,6,5,8,0,0,0,0,0.08695652,0.08695652,0,5.96153248915878,2.45454588015225,0.523809523809524,3.54545516021991,0.555555555555556,0.43103448,7.25738957854354,12.3789774626744,5.77376442068332,474.649774428496,173.186390434718,141.316678387959,1.2,0.421052631,0.315789473,0.263157894,0,0.2,3,7.36363764045674,37,53,90,-0.488075971603394,-0.735919892787933,0.247843950986862,-6.34000015258789,-0.610790014266968,0.852833330631256,0.740500032901764,0.870000004768372,0.381999999284744,1,1,-0.436176955699921,-0.136122406992818,0,0,0.51111111,92.58695652,0.12222222,89.27272727,0.22222222,80.6,0.14444444,86.69230769,NA,-0.244274526834488,-2.37034034729004,-1.98120868206024,-0.63761967420578,-0.531031580074974,-21.5485486117276,-9.90604341030121,-4.90476672465985,0.26530612,0.65853659,0.44444444,0.76923077,0.96296296,0.9,0.45555556,0.52173913,0.04444444,9,6,4,3,7,9,19,0.47368421,0.31578947,0.21052632,0.15789474,0.36842105,0.47368421,10.6512813351501,8,40.93746,41.8192,47.88642,48.86667,61.40778,48.17144,52.09285,48.81069,51.08982,80,78.84053,80,32.99502,52.24769,41.33901,58.75807,58.80933,60.87171,-0.4187,3.44904,67.6,87.04,67.86,112.44,98.54,107.64,98.18,98.2,106.32,131.9,147.86,181.34,107.86,89.24,88.56,105.132888888889,106.592666666667,115.514444444444,0.18888889,0.12222222,0.32222222,0.22222222,0.14444444,93.0529426125919,89.2272727272727,92.2862085802802,80.4650024414063,86.6384652944712,-7.54411315917969,-1.42084529183128,-10.1235730401401,6.96207809448242,-9.20851604755108,7.97932344324449,5.79808113791726,4.56671826592807,-5.43064727783203,1.85225442739633,-0.516935210675001,-2.38274733349681,0.302582494914532,-1.99320045113564,-0.652460373938084,-3.04079535691177,-21.6613393954255,1.04338791349839,-9.96600225567818,-5.01892595336987,0.26666667,0.62222222,0.44444444,0.75,0.96428571,0.9,0.5,21.04477612,0.14444444,0.22222222,0.18888889,0.12222222,0.32222222,86.6017503004808,80.4115112304687,93.029541015625,89.1950628107244,92.2728481950431,-8.91524388239934,7.67716369628906,-7.15202107149012,-0.558995983817361,-9.78434069403287,0.773564338684082,-6.76678314208984,7.44046873204848,4.88475556807084,3.74867853625067,-0.652460373938084,-1.99320045113564,-0.516935210675001,-2.38274733349681,0.302582494914532,-5.01892595336987,-9.96600225567818,-3.04079535691177,-21.6613393954255,1.04338791349839,0.26086957,0.63636364,0.44444444,0.75,0.96428571,0.9,0.48888889,19,91.8851703844572,7.73977902061061,3,0.15789474,109.279,9,0.47368421,"2024-06-13",0
"Aaron Nola",16149,"2024-06-05","MIL",26,2024,"PHI","H",31,1,0,0,1,1,1,0,0,0,0,0,7,23,2,0,0,0,0,0,0,0,0,5,6.42857142857143,0,2.57142857142857,5,0,0,10,6,2,0,0,0,0,0.2173913,0,0.2173913,3.10691623465667,0,0.0869565217391304,0.285714285714286,0.111111111111111,1,1.73790834971837,-1.73790834971837,3.03391555505139,0,42.8028608389163,75.1062480070155,1.666666666,0.111111111,0.555555555,0.333333333,0,0,2,2.57142857142857,25,69,94,0.415951997041702,-0.144639983773232,0.560591995716095,3.50709986686707,0.359150022268295,1.02999997138977,1.09017145633698,0.870000004768372,1.45120000839233,1,1,0.431271553039551,-0.0274346514904549,0,0,0.37634409,92.54285714,0.13978495,87.92307692,0.41935484,80.48717949,0.06451613,86,0.0106383,1.70412492752075,1.29973256587982,0.828694760799408,-0.10131599009037,4.86892836434501,9.99794281446017,2.12485836102412,-1.6885998348395,0.48,0.60465116,0.53763441,0.75,0.84615385,0.8,0.46236559,0.69565217,0.10638298,8,8,2,3,9,6,18,0.44444444,0.44444444,0.11111111,0.16666667,0.5,0.33333333,1.09847919909078,83,68.29105,45.47244,69.52509,62.28637,48.12113,65.32729,80,43.47921,75.32557,73.05441,53.85356,72.38849,74.55925,52.21136,80,75.29758,48.53756,80,-1.44623,1.90775,85.48,115.12,107,107.62,110.4,117.96,107.1,122.84,128.92,124.82,119.58,139.34,94.26,128.44,127.4,111.44752688172,119.216129032258,129.423870967742,0.21505376,0.13978495,0.16129032,0.41935484,0.06451613,93.0099975585938,87.9384577824519,91.8066650390625,80.4051294571314,85.9833374023438,-7.2136848449707,-0.429732579451341,-10.1441080729167,6.94197043394431,-8.59027671813965,8.27733154296875,4.69081761286809,4.93050842285156,-5.78136737530048,1.43023252487183,0.586339376866817,1.35848893597722,1.17953465878963,0.881317485123873,-0.103461842983961,2.93169688433409,10.4499148921325,7.8635643919309,2.25978842339455,-1.72436404973269,0.43902439,0.61538462,0.53763441,0.72222222,0.84375,0.8,0.55913978,20.77464789,0.06451613,0.41935484,0.19354839,0.13978495,0.1827957,85.84423828125,80.2656437800481,92.9320746527778,87.7975510817308,91.7736241957721,-8.39292144775391,7.60080347305689,-6.58004506429036,0.233632436165443,-9.59359202665441,0.30543331305186,-7.15455197065304,7.64457702636719,3.74294926570012,4.16048655790441,-0.103461842983961,0.881317485123873,0.528369434177876,1.35848893597722,1.23750460147858,-1.72436404973269,2.25978842339455,2.93538574543264,10.4499148921325,7.27943883222692,0.46666667,0.60416667,0.53763441,0.76190476,0.82758621,0.8,0.51612903,18,84.5240207248264,3.31915707058377,1,0.05555556,103.637,3,0.16666667,"2024-06-05",0
"Aaron Nola",16149,"2024-05-31","STL",26,2024,"PHI","H",31,1,0,2.84210540581279,1,1,1,0,0,0,0,0,6.1,24,3,2,2,2,2,0,0,0,0,6,8.52631621743836,2.84210540581279,4.26315810871918,3,0,0,7,7,2,0,0,0,0,0.25,0.08333333,0.16666667,3.90593741339789,2.84210540581279,0.136363636363636,0.789473723836885,0.0714285714285714,1,6.32437467363733,-3.48226926782455,3.89027857939124,68.699300992867,151.146316119064,95.800880150818,1,0.125,0.4375,0.4375,0,0.285714285,3,4.26315810871918,31,65,96,0.1701600253582,-0.265740066766739,0.435900092124939,1.24309992790222,0.127301603555679,0.881916642189026,1.05457139015198,0.870000004768372,1.25039994716644,1,1,0.198369801044464,-0.00542636714367967,0,0,0.39583333,92.73684211,0.08333333,87.5,0.40625,79.46153846,0.11458333,85.45454545,NA,0.226294875144958,-0.474071651697159,0.796978712081909,0.13857227563858,0.595512829328838,-5.92589564621449,2.04353515918438,1.25974796035073,0.36538462,0.61363636,0.47916667,0.57894737,0.92592593,0.7826087,0.45833333,0.58333333,0.10416667,9,4,3,4,7,5,16,0.5625,0.25,0.1875,0.25,0.4375,0.3125,6.09992657518074,56,60.15699,59.89604,63.66265,62.55227,46.73069,73.58309,80,50.0518,80,72.737,56.2646,74.25932,34.1624,50.3392,47.86628,75.40236,51.94215,80,-1.45274,1.89798,88.86,108.74,96.24,118.76,105.58,115.44,144.76,180.4,210.5,122.4,113.94,136.04,88.78,72.08,61.44,117.293541666667,115.119791666667,128.001041666667,0.27083333,0.08333333,0.125,0.40625,0.11458333,92.7923114483173,87.6374969482422,92.4000040690104,79.3769218249199,85.3545476740057,-7.89822857196514,-1.81319117546082,-11.4767430623372,6.56631156725761,-9.90891959450462,8.34313201904297,4.22369956970215,4.97125434875488,-5.78748106345152,0.666986248709939,-0.221291501075029,-0.482217639684677,0.503377936780453,0.8199876062572,0.138398431241512,-0.851121157980882,-6.02772049605846,4.19481613983711,2.10253232373641,1.25816755674102,0.31111111,0.62745098,0.47916667,0.42857143,0.9375,0.7826087,0.53125,20.20833333,0.11458333,0.40625,0.27083333,0.08333333,0.125,85.3139925870028,79.3447766426282,92.7639817457933,87.5947265625,92.3504435221354,-9.414606961337,7.51574081029647,-7.23563502385066,-0.889085352420807,-10.8906796773275,-0.515758341008967,-7.29025190304487,7.61433880145733,3.20204377174377,4.06169096628825,0.138398431241512,0.8199876062572,-0.221291501075029,-0.482217639684677,0.503377936780453,1.25816755674102,2.10253232373641,-0.851121157980882,-6.02772049605846,4.19481613983711,0.31818182,0.61538462,0.47916667,0.42857143,0.9375,0.7826087,0.54166667,16,85.2541427612305,13.8150568008423,1,0.0625,103.25,5,0.3125,"2024-05-31",0
"Aaron Nola",16149,"2024-05-25","@COL",26,2024,"PHI","A",31,0,0,3,1,1,1,0,0,0,0,0,6,24,5,3,2,0,2,0,0,0,0,5,7.5,3,7.5,2.5,0.166666666,0,6,6,5,0,1,0,0,0.20833333,0.08333333,0.125,4.39187144513411,0,0.227272727272727,1.16666666666667,0.294117647058824,0.57142857,2.49981311162313,0.500186888376871,4.011821517845,72.5159251859841,60.800898689683,98.7380532065045,1,0.294117647,0.352941176,0.352941176,0,0,2,3,35,68,103,0.0345000326633453,-0.320972084999084,0.35547211766243,0.774000108242035,0.0673629194498062,0.866892278194427,0.860333323478699,0.916800022125244,0.862800002098083,1,1,0.124748595058918,-0.0849512251536255,0,0,0.4368932,92.17777778,0.19417476,87.25,0.30097087,79.09677419,0.06796117,84.57142857,NA,0.749017059803009,-0.471617966890335,0.841806769371033,0.225454717874527,1.6644823551178,-2.35808983445168,2.71550570764849,3.22078168392181,0.41538462,0.68421053,0.51456311,0.59259259,0.92307692,0.75471698,0.36893204,0.70833333,0.12621359,7,7,3,4,9,4,17,0.41176471,0.41176471,0.17647059,0.23529412,0.52941176,0.23529412,3.82168988239134,58,59.80363,42.81219,56.25182,60.90945,40.45394,70.12588,57.7334,37.93725,57.89712,65.14891,63.6278,61.06855,35.29863,52.75661,45.55,57.72937,48.82091,62.13306,-0.35479,3.54491,91.66,102.58,98.66,109.6,109.96,106.42,102.66,118.2,116.74,121.72,113.46,127.62,93.54,80.1,70,107.629902912621,106.233786407767,107.105048543689,0.2815534,0.19417476,0.15533981,0.30097087,0.06796117,92.2413793103448,87.25,92.0250015258789,79.0741951234879,84.3428606305804,-6.07039510792699,-0.742422294616699,-8.11953639984131,5.49034561649446,-6.78752844674247,6.63716178104795,3.71805648803711,4.27236986160278,-4.84027050387475,0.65155131476266,1.16572301089764,-0.483377333730459,-0.374819301068783,0.849463772028685,0.227479591965675,4.01973452033668,-2.4168866686523,-2.34262063167989,2.74020571622156,3.24970845665251,0.38596491,0.67391304,0.51456311,0.5,0.93548387,0.75471698,0.44660194,21.1038961,0.06796117,0.30097087,0.24271845,0.19417476,0.19417476,84.6936558314732,79.4150075604839,92.6453515625,87.5977661132813,92.3639831542969,-6.57955551147461,6.14762976861769,-5.6162109375,-0.0460135728120804,-7.35176315307617,0.291298593793597,-5.3327159266318,7.04076782226563,3.327587890625,3.97359733581543,0.227479591965675,0.849463772028685,1.2161545753479,-0.483377333730459,-0.425250865519047,3.24970845665251,2.74020571622156,4.8646183013916,-2.4168866686523,-2.12625432759523,0.36363636,0.6875,0.51456311,0.45,0.93939394,0.75471698,0.46601942,17,83.2637508616728,13.6346803552964,0,0,103.215,4,0.23529412,"2024-05-25",0
"Aaron Nola",16149,"2024-05-19","WSN",26,2024,"PHI","H",31,1,0,2.57142857142857,1,1,1,0,0,0,0,0,7,26,2,3,2,2,3,0,0,1,0,5,6.42857142857143,3.85714285714286,2.57142857142857,1.66666667,0.111111111,0,9,8,1,2,1,0,0,0.19230769,0.11538462,0.07692308,4.96312997056124,2.57142857142857,0.0869565217391304,0.714285714285714,0,0.90909091,6.73790834971837,-4.1664797782898,4.75163224254336,62.1565073022721,160.914984234573,116.616114692724,1.125,0.055555555,0.5,0.444444444,0.25,0.25,8,10.2857142857143,38,64,102,-0.0405039973556995,-0.437667965888977,0.397163957357407,0.507099986076355,0.0519303716719151,0.723578572273254,0.904600024223328,0.870000004768372,0.270800024271011,1,1,0.057277224957943,-0.113254556111419,0,0,0.44554455,91.97777778,0.03960396,86.5,0.41584158,78.30952381,0.0990099,85.2,0.00980392,-1.03453695774078,-0.0759996026754379,1.51637303829193,0.311305433511734,-2.29897101720174,-1.89999006688595,3.61041199593317,3.11305433511734,0.33870968,0.74358974,0.4950495,0.52380952,0.86206897,0.72,0.38613861,0.65384615,0.1372549,13,2,3,4,9,5,18,0.72222222,0.11111111,0.16666667,0.22222222,0.5,0.27777778,5.56441153935305,56,50.48569,49.36028,40.45599,36.01796,44.3647,37.90337,41.28829,36.60114,48.16622,64.46928,49.71307,63.67636,38.0735,52.36785,51.78972,46.8434,42.80764,49.6719,0.32152,4.55937,82.56,84.56,75.96,106.6,49.84,55.46,102.82,73.42,73.92,120.64,99.32,121.06,89.84,90.62,85.02,108.9688,78.5544,88.4596,0.31683168,0.03960396,0.12871287,0.41584158,0.0990099,92.28125,86.4749984741211,91.1538461538462,78.3523821149554,84.9,-6.7514762878418,-0.786220848560333,-9.90760685847356,8.07433064778646,-8.98972930908203,8.43005275726318,3.71947908401489,5.52683551494892,-5.86157807849702,0.932887649536133,0.961553167551756,-0.0779688246548176,-2.02224607393146,1.53046921268106,0.31341864913702,3.00485364859924,-1.94922061637044,-15.555739030242,3.64397431590727,3.1341864913702,0.32142857,0.71111111,0.4950495,0.5,0.84375,0.72,0.44554455,20.42666667,0.0990099,0.41584158,0.31683168,0.03960396,0.12871287,84.9867004394531,78.4397147042411,92.3802337646484,86.5534210205078,91.2597186748798,-8.95514297485352,8.46762811569941,-6.40934801101685,-0.21834608912468,-9.52721639779898,-0.400011825561523,-7.48041861397879,7.43346309661865,2.58450746536255,4.38520930363582,0.31341864913702,1.53046921268106,0.961553167551756,-0.0538896024227142,-2.02224607393146,3.1341864913702,3.64397431590727,3.00485364859924,-1.34724006056786,-15.555739030242,0.2962963,0.72340426,0.4950495,0.4375,0.82352941,0.7,0.46534653,18,89.2149454752604,17.6896141899957,1,0.05555556,107.068,7,0.38888889,"2024-05-19",0
"Aaron Nola",16149,"2024-05-14","@NYM",26,2024,"PHI","A",31,1,0,0,1,1,1,1,1,0,0,0,9,30,4,0,0,0,0,0,0,0,0,8,8,0,4,8,0,0,9,6,7,1,0,0,0,0.26666667,0,0.26666667,2.7724446463202,0,0.133333333333333,0.444444444444444,0.181818181818182,1,1.38870200051202,-1.38870200051202,2.39670760465993,0,34.5537601573149,59.707656804852,1.5,0.318181818,0.409090909,0.272727272,0.166666666,0,4,4,36,73,109,0.513523995876312,-0.146580010652542,0.660104036331177,4.13100004196167,0.449265897274017,0.965813338756561,1.11537778377533,0.870000004768372,NA,0,1,0.454631358385086,0.0770697222165238,0,0,0.41284404,92.6,0.1559633,87.41176471,0.34862385,79.86842105,0.08256881,85.77777778,NA,1.85401725769043,0.137601777911186,2.54329657554626,0.236050486564636,4.12003835042318,0.809422223006978,6.69288572512175,2.62278318405151,0.3442623,0.77083333,0.53211009,0.47619048,0.94594595,0.77586207,0.44036697,0.76666667,0.11926606,12,4,6,6,11,5,22,0.54545455,0.18181818,0.27272727,0.27272727,0.5,0.22727273,2.52221690371149,94,69.57848,46.59366,80,47.30383,49.43075,44.16607,64.31287,45.08836,66.32738,75.36378,69.18844,64.99576,52.22545,51.6094,58.92452,65.01885,56.96924,65.98705,-0.80765,2.86562,87.82,134.48,119.56,115.62,93.06,98.34,109.04,104.38,111.06,142.42,118.1,156.58,93,102.84,95.32,117.872110091743,108.915779816514,122.375596330275,0.22018349,0.1559633,0.19266055,0.34862385,0.08256881,92.9249979654948,87.3058794806985,92.1666666666667,79.7973697060033,85.6666666666667,-7.29399172465007,-1.91328183342429,-10.2594052269345,6.96826573422081,-9.35574171278212,8.15774472554525,4.30528349034926,4.73388962518601,-5.62762290553043,2.9245842827691,1.04846091195941,0.136084660887718,0.830036167055368,2.60571396350861,0.280583199113607,4.36858713316421,0.800498005221872,3.95255317645414,6.85714200923317,3.1175911012623,0.31578947,0.76923077,0.53211009,0.38888889,0.95,0.77586207,0.47706422,22.03846154,0.08256881,0.34862385,0.22018349,0.1559633,0.19266055,85.7773844401042,79.9293020148026,93.080332438151,87.4514950022978,92.3117559523809,-9.07891337076823,7.43487789756373,-6.98532549540202,-1.37158977284151,-9.83143397739955,1.67471747928196,-7.09113914088199,7.21879132588704,3.22677208395565,3.72425297328404,0.280583199113607,2.60571396350861,1.04846091195941,0.136084660887718,0.830036167055368,3.1175911012623,6.85714200923317,4.36858713316421,0.800498005221872,3.95255317645414,0.30188679,0.75,0.53211009,0.375,0.92857143,0.77586207,0.51376147,22,86.7533458362926,11.8928167169744,0,0,108.865,10,0.45454545,"2024-05-14",0
"Aaron Nola",16149,"2024-05-08","TOR",26,2024,"PHI","H",31,0,1,6.35294188925147,1,1,0,0,0,0,0,0,5.2,26,9,4,4,0,0,0,0,0,0,7,11.1176483061901,0,14.2941192508158,7,0.111111111,0,9,3,7,1,1,0,0,0.26923077,0,0.26923077,2.41471725431227,0,0.346153846153846,1.58823547231287,0.473684210526316,0.55555556,0.695891265803112,5.65705062344836,1.49636639420205,153.563152917288,18.1878907597602,37.9502599710795,3,0.368421052,0.47368421,0.157894736,0.333333333,0,1,1.58823547231287,28,68,96,-0.118052050471306,-0.579144060611725,0.461091995239258,-0.430900007486343,-0.044126994907856,1.12943708896637,1.06666672229767,0.870000004768372,1.25160002708435,1,1,-0.0115435402840376,-0.0929793690701646,0,0,0.46875,91.51111111,0.17708333,86.88235294,0.1875,78.66666667,0.16666667,84.8125,NA,0.452775865793228,0.529889106750488,-1.31497693061829,-0.123834833502769,1.00616859065162,3.11699474559111,-7.30542739232381,-0.773967709392309,0.3,0.7173913,0.5,0.73333333,0.87878788,0.83333333,0.47916667,0.73076923,0.08333333,11,6,2,3,9,7,19,0.57894737,0.31578947,0.10526316,0.15789474,0.47368421,0.36842105,3.04063728727511,51,43.99919,48.28757,52.12729,41.60443,40.98647,45.00091,65.77577,44.74596,71.27819,53.7176,49.82681,54.53028,72.93133,38.22787,80,54.90813,42.68598,66.44172,-0.17951,3.80783,81.68,84.34,71.66,114.56,87.68,88.02,110.14,110.58,117.18,119.46,75.92,91.14,93.12,121.2,110.4,105.051041666667,96.8177083333333,97.4352083333333,0.21875,0.17708333,0.25,0.1875,0.16666667,91.5619012741816,86.711763269761,91.2458292643229,78.5888875325521,84.8125,-7.59041559128534,-2.04250739602482,-10.0478731791178,6.31812328762478,-9.27981948852539,7.90102422805059,4.66407551484949,5.29103151957194,-5.59801525539822,1.29255652427673,0.50015127286315,0.576640695333481,-0.0195346400141716,-1.33389497175813,-0.0860683247447014,2.38167272791976,3.39200409019695,-0.0813943333923817,-7.41052762087848,-0.537927029654384,0.31707317,0.63636364,0.5,0.69230769,0.88571429,0.83333333,0.57291667,21.05797101,0.16666667,0.1875,0.22916667,0.17708333,0.23958333,85.4429550170898,79.2322184244792,92.2311789772727,87.3578383501838,91.8491847826087,-8.90711975097656,6.7489145067003,-7.06934079256925,-1.40854689654182,-9.53378295898438,0.105321638286114,-6.84755664401584,6.94578552246094,3.5645123650046,4.1511346568232,-0.0860683247447014,-1.33389497175813,0.479104321449995,0.576640695333481,0.001512311398983,-0.537927029654384,-7.41052762087848,2.1777469156818,3.39200409019695,0.00657526695210001,0.3,0.64285714,0.5,0.66666667,0.88888889,0.83333333,0.58333333,19,86.9791131270559,5.10997812371505,1,0.05263158,115.316,7,0.36842105,"2024-05-08",0
"Aaron Nola",16149,"2024-05-03","SFG",26,2024,"PHI","H",31,0,0,4.5,1,1,0,0,0,0,0,0,4,19,4,2,2,0,4,0,0,0,0,4,9,9,9,1,0,0,3,6,2,1,0,0,0,0.21052632,0.21052632,0,6.46501439758444,0,0.266666666666667,2,0.363636363636364,0.75,4.1664797782898,0.333520221710205,6.4344923876226,108.773887778976,100.171606488235,157.283647808983,0.5,0.181818181,0.272727272,0.545454545,0.166666666,0,4,9,32,57,89,-0.0137320095673203,-0.399065971374512,0.385333955287933,0.00409993529319763,0.000419874675571918,1.17723155021667,0.907599985599518,0.870000004768372,1.13020002841949,1,1,0.00572108430787921,-0.0173857475296497,0,0,0.40449438,91.05555556,0.1011236,87,0.39325843,79.34285714,0.1011236,85.66666667,NA,-1.0411468744278,-0.831783652305603,2.17466068267822,-0.378676891326904,-2.89207465118832,-9.24204058117337,6.21331623622349,-4.20752101474338,0.26415094,0.69444444,0.43820225,0.78571429,0.92,0.87179487,0.40449438,0.63157895,0.05617978,5,2,4,2,7,2,11,0.45454545,0.18181818,0.36363636,0.18181818,0.63636364,0.18181818,3.88995099701589,46,40.71523,41.092,54.58099,71.2936,39.05185,80,40.38392,45.70124,39.37798,53.82861,57.46681,52.93697,28.98164,48.71314,51.36352,50.40256,46.97245,58.08977,0.1004,4.22769,84.66,91.34,67.36,119.5,115.6,121.72,110.54,63.86,70.36,124.6,102.94,129,89.46,93.38,83.32,113.434606741573,97.2008988764045,106.546516853933,0.24719101,0.1011236,0.15730337,0.39325843,0.1011236,91.4272738370028,87.0444471571181,90.3142874581473,79.2314313616071,85.6444430881076,-7.12195032293146,-1.35017077128092,-10.0444085257394,7.72262398856027,-8.35530598958333,8.2581787109375,4.27135891384549,4.52694593157087,-6.06535164969308,1.68596108754476,-0.401286114007235,-0.842064786702394,-0.689013246446848,2.20480270311236,-0.385430984199047,-1.82402779094198,-9.35627540780438,-4.92152318890606,6.29943629460675,-4.28256649110052,0.27272727,0.6,0.43820225,0.75,0.92592593,0.87179487,0.50561798,22.24285714,0.1011236,0.39325843,0.24719101,0.1011236,0.15730337,86.0969645182292,79.7024623325893,91.9100674715909,87.5256618923611,90.7973894391741,-7.63349321153429,8.41408517020089,-6.34873476895419,-0.430171675152249,-9.34656415666853,0.387874841690063,-7.46041521344866,7.29303394664418,3.03729671902127,3.23573221479143,-0.385430984199047,2.20480270311236,-0.401286114007235,-0.842064786702394,-0.689013246446848,-4.28256649110052,6.29943629460675,-1.82402779094198,-9.35627540780438,-4.92152318890606,0.27272727,0.6,0.43820225,0.75,0.92592593,0.87179487,0.50561798,11,89.9252430308949,29.3294844193892,1,0.09090909,107.454,4,0.36363636,"2024-05-03",0
"Aaron Nola",16149,"2024-04-26","@SDP",26,2024,"PHI","A",31,1,0,3.375,1,1,1,0,0,0,0,0,8,32,7,3,3,1,1,0,0,0,0,10,11.25,1.125,7.875,10,0,0,7,8,6,0,0,0,0,0.3125,0.03125,0.28125,2.72286970901489,1.125,0.225806451612903,1,0.3,0.75757576,2.6664797782898,0.708520221710205,2.55348818451166,81.5804158342321,64.7379694695382,63.4963729627277,0.875,0.285714285,0.333333333,0.38095238,0,0.125,9,10.125,32,74,106,0.135304003953934,-0.104245990514755,0.239549979567528,0.655999958515167,0.0715766474604607,0.386143743991852,0.419225007295609,0.910000026226044,0.066600002348423,1,1,0.221577554941177,0.128820466674288,0,0,0.49056604,91.36538462,0.09433962,87.3,0.28301887,79.26666667,0.13207547,85.85714286,NA,2.75073266029358,-0.34864416718483,-1.47625124454498,0.187408104538918,5.28987050056458,-3.4864416718483,-4.92083748181661,1.33862931813513,0.34,0.625,0.49056604,0.64705882,0.88571429,0.80769231,0.52830189,0.59375,0.09433962,7,9,5,1,14,6,21,0.33333333,0.42857143,0.23809524,0.04761905,0.66666667,0.28571429,3.69727933649641,67,57.78206,54.02491,66.81381,43.39302,46.19464,51.42492,66.47139,64.60499,55.17654,70.07459,66.29562,68.71788,36.43661,39.05599,50.49474,61.02229,58.39181,63.65912,-0.55936,3.23805,85.18,99.46,86.54,120.84,72.18,84.56,128.12,106.66,134.76,129.42,104.78,135.18,95.34,83.02,74.24,118.419245283019,96.7664150943396,113.802641509434,0.17924528,0.09433962,0.31132075,0.28301887,0.13207547,91.8315750925164,87.2799987792969,91.0242439038826,79.1833333333333,85.8571428571429,-8.23941120348479,-1.74431381225586,-11.1759403113163,6.95026346842448,-10.5590449741908,8.01786242033306,5.00990295410156,4.54918601296165,-6.73517659505208,2.07767963409424,1.4122018776834,-0.355719070881605,1.40697309374809,-1.47953436523676,0.187266789376736,7.43264146149158,-3.55719070881605,4.26355482953967,-4.93178121745586,1.33761992411954,0.31707317,0.6,0.49056604,0.61538462,0.87179487,0.80769231,0.61320755,20.72972973,0.13207547,0.28301887,0.17924528,0.09433962,0.31132075,85.7645002092634,79.1100016276042,91.7617123252467,87.197509765625,90.9483457623106,-9.38088771275112,8.42724609375,-7.0972755833676,-0.274881267547607,-10.1260191021544,0.684322493416922,-8.34049275716146,7.06793052271793,3.74739379882813,3.38497809207801,0.187266789376736,-1.47953436523676,1.4122018776834,-0.355719070881605,1.40697309374809,1.33761992411954,-4.93178121745586,7.43264146149158,-3.55719070881605,4.26355482953967,0.30232558,0.61904762,0.49056604,0.61538462,0.87179487,0.80769231,0.59433962,21,91.6728748139881,8.70640854608445,3,0.14285714,106.173,10,0.47619048,"2024-04-26",0
"Aaron Nola",16149,"2024-04-21","CHW",26,2024,"PHI","H",31,1,0,2.25,1,1,1,0,0,0,0,0,8,29,4,2,2,1,1,0,0,0,0,7,7.875,1.125,4.5,7,0,0,11,7,2,2,0,1,0,0.24137931,0.03448276,0.20689655,3.26623324421265,1.125,0.142857142857143,0.625,0.15,0.83333333,3.4164797782898,-1.1664797782898,3.11448713373393,54.3869438894881,82.4547879788866,77.0533185071295,1.571428571,0.1,0.55,0.35,0.285714285,0.142857142,8,9,26,66,92,0.108286052942276,-0.363319963216782,0.471606016159058,2.0081000328064,0.205642610788345,0.735386669635773,0.72537499666214,0.870000004768372,0.070200003683567,1,1,0.294894605875015,-0.147644108397398,0,0,0.37362637,91.14705882,0.15384615,86.78571429,0.30769231,78.39285714,0.16483516,85.06666667,0.01086957,-0.993921995162964,1.02281522750854,1.90897440910339,0.387808084487915,-2.92329998577342,7.30582305363246,6.81776574679783,2.58538722991943,0.34146341,0.62,0.49450549,0.5,0.87096774,0.75555556,0.54945055,0.72413793,0.11956522,9,7,5,3,14,4,21,0.42857143,0.33333333,0.23809524,0.14285714,0.66666667,0.19047619,2.53821400964654,73,51.32176,49.14886,62.24112,47.30754,46.68304,49.25612,74.58537,46.75532,77.65348,76.12154,47.81039,79.24821,57.41796,42.32333,66.37917,63.86873,45.15433,75.74494,-0.7362,2.97279,79.78,81.82,66.22,113.36,81.32,88.52,108.42,120.94,131.96,114.98,138.66,148.66,87.4,111.08,102.2,103.405777777778,110.475111111111,112.881555555556,0.1978022,0.15384615,0.17582418,0.30769231,0.16483516,91.3611111111111,86.6785714285714,90.8249969482422,78.2964303152902,85.0666666666667,-8.89626227484809,-3.06249509538923,-11.2788047790527,7.16886738368443,-10.4054046630859,8.86959838867188,6.20222418648856,5.98586463928223,-5.55326407296317,2.60030059814453,-1.47979474440217,1.03377879783511,0.450680784881115,1.97057100385427,0.390777196735144,-8.22108191334539,7.3841342702508,2.81675490550697,7.03775358519384,2.60518131156762,0.33333333,0.61538462,0.49450549,0.46153846,0.875,0.75555556,0.57142857,20.57142857,0.16483516,0.30769231,0.1978022,0.15384615,0.17582418,85.311865234375,78.5516357421875,91.6133355034722,86.9052908761161,91.0767517089844,-9.51791687011719,8.20017569405692,-8.02174207899306,-2.04875101361956,-10.4147396087646,1.14410807291667,-7.11971991402762,7.81765323215061,4.97057233537946,4.8175482749939,0.390777196735144,1.97057100385427,-1.47979474440217,1.03377879783511,0.450680784881115,2.60518131156762,7.03775358519384,-8.22108191334539,7.3841342702508,2.81675490550697,0.33333333,0.61538462,0.49450549,0.46153846,0.875,0.75555556,0.57142857,21,85.2971618652344,7.59598617553711,1,0.04761905,111.285,4,0.19047619,"2024-04-21",0
"Aaron Nola",16149,"2024-04-15","COL",26,2024,"PHI","H",31,0,0,1.22727278047357,1,1,1,0,0,0,0,0,7.1,27,4,1,1,1,1,0,0,0,0,9,11.0454550242621,1.22727278047357,4.90909112189428,9,0,0,8,8,1,1,0,0,0,0.33333333,0.03703704,0.2962963,2.55042044488983,1.22727278047357,0.153846153846154,0.681818211374205,0.1875,1,2.89375249374011,-1.66647971326654,2.77048893154791,29.665607043872,70.106702071885,68.7403530356731,1,0.058823529,0.470588235,0.470588235,0.125,0.125,1,1.22727278047357,30,69,99,0.302629977464676,-0.271392017602921,0.574021995067596,2.4841001033783,0.254388123750687,1.02152585983276,1.24127495288849,0.870000004768372,2.44020009040833,1,1,0.261461406946182,0.034791472559208,0,0,0.42424242,91.76190476,0.13131313,88.30769231,0.34343434,79.35294118,0.1010101,86.3,NA,0.540245652198792,-0.644038140773773,2.04405617713928,0.360755234956741,1.28629917190188,-4.95413954441364,6.01192993276259,3.60755234956741,0.453125,0.57142857,0.49494949,0.62068966,0.95,0.75510204,0.35353535,0.74074074,0.12121212,3,10,4,3,9,5,17,0.17647059,0.58823529,0.23529412,0.17647059,0.52941176,0.29411765,1.78265587824054,74,47.92962,44.40457,53.09085,61.6402,55.7989,70.57467,80,51.88649,80,67.58343,62.92885,56.51195,20,37.00743,29.05915,67.21025,54.35368,71.50591,-0.9438,2.66139,82.48,107.18,91.14,107.02,120.12,127.36,117.66,128.66,145.5,131.76,115.58,140.5,93.86,67.3,56.34,113.665979381443,112.187422680412,122.879381443299,0.18181818,0.13131313,0.24242424,0.34343434,0.1010101,92.1333346896701,88.1846172626202,91.5541687011719,79.2999985638787,86.1900024414062,-7.17157745361328,-2.36192468496469,-10.7793846130371,7.08479892506319,-9.32217636108398,9.06502872043186,5.82234778771034,5.48658243815104,-6.28035646326402,2.23911323547363,0.215304806828499,-0.655506454408169,0.366484835743904,2.07766845077276,0.406542010605335,1.19613781571388,-5.0423573416013,1.52702014893293,6.11078956109636,4.06542010605335,0.38,0.6122449,0.49494949,0.52631579,0.9,0.75510204,0.49494949,20.98611111,0.1010101,0.34343434,0.18181818,0.13131313,0.24242424,86.4582580566406,79.5640797334559,92.4070163302951,88.4383920522837,91.8346761067708,-8.63533172607422,8.15213461483226,-6.37448543972439,-1.28662124046913,-10.0159606933594,0.894685840606689,-7.79813699161305,8.28142378065321,4.67772762592022,4.46330388387044,0.406542010605335,2.07766845077276,0.215304806828499,-0.655506454408169,0.366484835743904,4.06542010605335,6.11078956109636,1.19613781571388,-5.0423573416013,1.52702014893293,0.37254902,0.625,0.49494949,0.52631579,0.9,0.75510204,0.48484848,17,89.5271498736213,18.3147044462316,2,0.11764706,108.243,6,0.35294118,"2024-04-15",0
"Aaron Nola",16149,"2024-04-10","@STL",26,2024,"PHI","A",31,1,0,3,1,1,1,0,0,0,0,0,6,23,3,2,2,2,3,0,0,0,0,3,4.5,4.5,4.5,1,0,0,6,9,2,0,0,0,0,0.13043478,0.13043478,0,6.24093702224117,3,0.15,1,0.0666666666666667,1,7.99981311162313,-4.99981311162313,5.9344923876226,72.5159251859841,190.724234424905,145.200786011117,0.666666666,0.117647058,0.352941176,0.529411764,0,0.222222222,4,6,38,55,93,0.121355958282948,-0.353111952543259,0.474467903375626,0.879999995231628,0.0928270071744919,1.00935649871826,1.09426665306091,0.910000026226044,1.51479995250702,1,1,0.0131946625187993,0.107036354408374,0,0,0.61290323,89.35087719,0.04301075,84.5,0.23655914,77.63636364,0.10752688,83.8,NA,1.11340284347534,0.447339862585068,0.441224157810211,-1.55550241470337,1.95333832188656,11.1834965646267,2.00556435368278,-15.5550241470337,0.21818182,0.71052632,0.41935484,0.75,0.96296296,0.8974359,0.40860215,0.56521739,0.04301075,8,8,1,2,9,6,17,0.47058824,0.47058824,0.05882353,0.11764706,0.52941176,0.35294118,8.16098438747723,49,39.51878,56.5376,41.55504,58.80381,34.84444,68.48767,33.0296,54.0733,28.57661,40.44919,53.89457,40.83632,41.46619,44.39177,52.41482,42.57931,42.49385,46.23185,0.58643,4.95674,72.9,99.38,78.6,106.62,117.86,118.04,100.36,66.1,76.8,104,77.56,80.92,109.6,74,50.44,100.860434782609,91.8441304347826,92.3621739130435,0.37634409,0.04301075,0.23655914,0.23655914,0.10752688,89.5199986049107,84.3249969482422,88.8090875799006,77.5409102006392,83.7599975585938,-7.15576041085379,-0.969263732433319,-11.0228077281605,6.23040979558771,-9.86566619873047,8.16630161830357,3.68725633621216,4.68884381380948,-5.00694899125533,0.84551477432251,1.37537854909897,0.452999152243137,-0.260643474757671,0.46439902856946,-1.55962632969022,3.92965299742562,11.3249788060784,-1.18474306708032,2.11090467531573,-15.5962632969022,0.24444444,0.60416667,0.43010753,0.72727273,0.93103448,0.875,0.51612903,21.81428571,0.10752688,0.23655914,0.3655914,0.04301075,0.24731183,84.4950378417969,78.2813332297585,90.2311293658088,85.0625,89.6354555876359,-9.54282073974609,6.68383997136896,-6.57152512494256,-0.38961198925972,-10.4127369756284,-0.259571480751038,-6.13514085249467,7.40362907858456,2.79077243804932,3.79409093442171,-1.55962632969022,0.46439902856946,1.4134568721056,0.452999152243137,-0.298721797764301,-15.5962632969022,2.11090467531573,4.15722609442823,11.3249788060784,-1.29879042506218,0.24444444,0.58333333,0.41935484,0.72727273,0.96428571,0.8974359,0.51612903,17,92.6031494140625,22.779395608341,2,0.11764706,112.377,8,0.47058824,"2024-04-10",0
"Aaron Nola",16149,"2024-04-05","@WSN",26,2024,"PHI","A",31,1,0,0,1,1,0,0,0,0,0,0,5.2,22,2,0,0,0,4,0,0,0,0,4,6.35294188925147,6.35294188925147,3.17647094462574,1,0,0,7,4,3,0,0,0,0,0.18181818,0.18181818,0,5.9926712289567,0,0.111111111111111,1.05882364820858,0.142857142857143,1,3.87236221042885,-3.87236221042885,4.93966238162743,0,93.2238363946306,121.159999061497,1.75,0.214285714,0.5,0.285714285,0,0,3,4.7647064169386,39,56,95,0.273408025503159,-0.186071991920471,0.45948001742363,2.72099995613098,0.282554507255554,1.00905454158783,0.942733347415924,0.870000004768372,0.850400030612946,1,1,0.206913679838181,0.0640409754700734,0,0,0.57894737,90.87272727,0.03157895,86.33333333,0.25263158,77.875,0.13684211,84.15384615,NA,0.716194868087769,-0.00390239432454109,0.813278555870056,-0.227023869752884,1.30217248743231,-0.130079810818036,3.38866064945857,-1.74633745963757,0.3220339,0.75,0.48421053,0.73684211,0.88888889,0.82608696,0.37894737,0.59090909,0.08421053,9,4,1,1,9,4,14,0.64285714,0.28571429,0.07142857,0.07142857,0.64285714,0.28571429,4.54048135012942,66,51.91367,58.72015,61.53502,40.78458,38.98881,41.56845,51.19426,42.45949,49.77738,67.31502,52.66952,67.33429,20,29.09419,20,47.96277,42.28107,52.05173,0.25198,4.45506,73.12,105.94,92.84,97.24,100.52,96.94,99.22,103.8,106.24,120.76,124.62,134.96,101.02,12.62,-17.08,100.48,105.368421052632,104.634947368421,0.34736842,0.03157895,0.23157895,0.25263158,0.13684211,91.072724313447,86.3666687011719,90.3318204012784,77.8999989827474,84.0692326472356,-7.19111587062027,-1.6194486618042,-10.8565299294212,5.86889902750651,-10.728759765625,8.19951837713068,5.00693448384603,5.01482842185281,-5.39297612508138,1.78899295513447,-0.424439318478107,-0.00435131415724754,1.1769752651453,0.850625872612,-0.229303278028965,-1.28617975296396,-0.145043805241585,5.34988756884228,3.54427446921666,-1.76387136945358,0.28571429,0.69565217,0.48421053,0.78571429,0.84375,0.82608696,0.48421053,22.21917808,0.13684211,0.25263158,0.31578947,0.03157895,0.26315789,84.5843505859375,78.4054311116536,91.6040852864583,86.8916015625,90.9033203125,-10.1180549034706,6.55354499816895,-6.23034006754557,-0.432233293851217,-10.1761822509766,0.455444922814002,-6.81745529174805,7.46424204508464,3.64053662618001,4.32880523681641,-0.229303278028965,0.850625872612,-0.215196840465069,-0.00435131415724754,0.967732787132263,-1.76387136945358,3.54427446921666,-0.717322801550229,-0.145043805241585,3.87093114852905,0.28571429,0.69565217,0.48421053,0.78571429,0.8125,0.80434783,0.48421053,14,88.9418334960938,10.6974269321987,1,0.07142857,102.001,7,0.5,"2024-04-05",0
"Aaron Nola",16149,"2024-03-30","ATL",26,2024,"PHI","H",31,0,1,12.4615393757115,1,1,0,0,0,0,0,0,4.1,24,11,7,6,2,1,0,0,0,0,3,6.23076968785577,2.07692322928526,22.8461555221378,3,0.09090909,0,11,3,6,0,1,0,0,0.125,0.04166667,0.08333333,3.95333671664196,4.15384645857051,0.478260869565217,2.76923097238034,0.5,0.54347826,8.47417247535212,3.98736690035942,3.52094716244697,301.220019023764,201.929752765434,86.8757192137223,3.666666666,0.3,0.55,0.15,0,0.666666666,4,8.30769291714103,29,54,83,-0.517181992530823,-0.746729969978333,0.229548007249832,-5.01889991760254,-0.513968229293823,0.852758347988129,0.700479984283447,0.870000004768372,0.631200015544891,1,1,-0.418314278125763,-0.188167023113897,0,0,0.46987952,91.61538462,0.06024096,86.6,0.37349398,79.58064516,0.09638554,85.75,NA,-0.389119863510132,-1.77335226535797,-1.59841680526733,-1.55218148231506,-0.997743239769569,-35.4670453071594,-5.15618324279785,-19.4022685289383,0.42307692,0.64516129,0.5060241,0.86363636,0.8,0.83333333,0.37349398,0.5,0.08433735,10,7,3,1,16,3,20,0.5,0.35,0.15,0.05,0.8,0.15,9.77163140369461,12,53.87672,39.97132,60.33589,47.17859,50.09213,43.76735,68.90265,32.53188,75.52581,58.3442,65.49963,48.63942,20,60.40394,20,53.15427,52.01152,50.64426,-0.07055,3.97127,84.96,92,84.8,123.56,84.94,99.9,97.92,123.64,125.28,119.28,86.38,114.32,96.36,92.24,91.82,110.733012048193,95.4571084337349,109.153493975904,0.27710843,0.06024096,0.19277108,0.37349398,0.09638554,92.0347847316576,86.7200012207031,91.0250015258789,79.5387081023186,85.5625,-5.36223967179008,0.970219421386719,-8.06363868713379,9.44403666834677,-7.37011766433716,8.63159909455672,4.71446800231934,5.82377481460571,-5.60256219679309,2.52285814285278,-0.883538659662008,-1.78014011308551,0.485636841505766,-1.61808682233095,-1.55656488239765,-3.84147243331308,-35.6028022617102,3.03523025941104,-5.219634910745,-19.4570610299706,0.38636364,0.64102564,0.5060241,0.88235294,0.8,0.83333333,0.46987952,20.62068966,0.09638554,0.37349398,0.24096386,0.06024096,0.22891566,86.0981979370117,80.0742423765121,92.6699768066406,87.2398376464844,91.6630795127467,-6.35922002792358,10.4435542937248,-4.10829467773438,1.93769340515137,-7.17190551757812,0.951138377189636,-7.40365206810736,7.80458221435547,3.40575790405273,4.58516693115234,-1.55656488239765,-1.61808682233095,-1.12712775915861,-1.78014011308551,0.729225941002369,-19.4570610299706,-5.219634910745,-5.63563879579306,-35.6028022617102,3.83803126843352,0.4,0.63157895,0.5060241,0.83333333,0.83333333,0.83333333,0.45783133,20,89.9498034025493,4.64755650570518,0,0,107.995,7,0.35,"2024-03-30",0
