"PlayerName","playerid","Date","Opp","teamid","season","Team","HomeAway","Age","W","L","ERA","G","GS","QS","CG","ShO","SV","HLD","BS","IP","TBF","H","R","ER","HR","BB","IBB","HBP","WP","BK","SO","K/9","BB/9","H/9","K/BB","IFH%","BUH%","GB","FB","LD","IFFB","IFH","BU","BUH","K%","BB%","K-BB%","SIERA","HR/9","AVG","WHIP","BABIP","LOB%","FIP","E-F","xFIP","ERA-","FIP-","xFIP-","GB/FB","LD%","GB%","FB%","IFFB%","HR/FB","RS","RS/9","Balls","Strikes","Pitches","WPA","-WPA","+WPA","RE24","REW","pLI","inLI","gmLI","exLI","Pulls","Games","WPA/LI","Clutch","SD","MD","FB%1","FBv","SL%","SLv","CT%","CTv","CB%","CBv","CH%","CHv","XX%","wFB","wSL","wCT","wCB","wCH","wFB/C","wSL/C","wCT/C","wCB/C","wCH/C","O-Swing%","Z-Swing%","Swing%","O-Contact%","Z-Contact%","Contact%","Zone%","F-Strike%","SwStr%","Pull","Cent","Oppo","Soft","Med","Hard","bipCount","Pull%","Cent%","Oppo%","Soft%","Med%","Hard%","tERA","GSv2","pb_o_CH","pb_s_CH","pb_c_CH","pb_o_CU","pb_s_CU","pb_c_CU","pb_o_FF","pb_s_FF","pb_c_FF","pb_o_SI","pb_s_SI","pb_c_SI","pb_o_SL","pb_s_SL","pb_c_SL","pb_o_FC","pb_s_FC","pb_c_FC","pb_overall","pb_stuff","pb_command","pb_xRV100","pb_ERA","sp_s_CH","sp_l_CH","sp_p_CH","sp_s_CU","sp_l_CU","sp_p_CU","sp_s_FF","sp_l_FF","sp_p_FF","sp_s_SI","sp_l_SI","sp_p_SI","sp_s_SL","sp_l_SL","sp_p_SL","sp_s_FC","sp_l_FC","sp_p_FC","sp_stuff","sp_location","sp_pitching","pfxFA%","pfxFC%","pfxSI%","pfxSL%","pfxCU%","pfxCH%","pfxvFA","pfxvFC","pfxvSI","pfxvSL","pfxvCU","pfxvCH","pfxFA-X","pfxFC-X","pfxSI-X","pfxSL-X","pfxCU-X","pfxCH-X","pfxFA-Z","pfxFC-Z","pfxSI-Z","pfxSL-Z","pfxCU-Z","pfxCH-Z","pfxwFA","pfxwFC","pfxwSI","pfxwSL","pfxwCU","pfxwCH","pfxwFA/C","pfxwFC/C","pfxwSI/C","pfxwSL/C","pfxwCU/C","pfxwCH/C","pfxO-Swing%","pfxZ-Swing%","pfxSwing%","pfxO-Contact%","pfxZ-Contact%","pfxContact%","pfxZone%","pfxPace","piCH%","piCU%","piFA%","piSI%","piSL%","pivCH","pivCU","pivFA","pivSI","pivSL","piCH-X","piCU-X","piFA-X","piSI-X","piSL-X","piCH-Z","piCU-Z","piFA-Z","piSI-Z","piSL-Z","piwCH","piwCU","piwFA","piwSI","piwSL","piwCH/C","piwCU/C","piwFA/C","piwSI/C","piwSL/C","piO-Swing%","piZ-Swing%","piSwing%","piO-Contact%","piZ-Contact%","piContact%","piZone%","Events","EV","LA","Barrels","Barrel%","maxEV","HardHit","HardHit%","gamedate","dh"
"Andrew Heaney",15423,"2024-09-28","@LAA",13,2024,"TEX","A",33,0,0,15.75,1,1,0,0,0,0,0,0,4,22,10,7,7,2,0,0,0,0,0,3,6.75,0,22.5,3,0.25,0,8,7,4,1,2,0,0,0.13636364,0,0.13636364,4.37304107306495,4.5,0.454545454545455,2.5,0.470588235294118,0.41666667,8.16647977828979,7.58352022171021,4.31249448917806,390.902272599776,198.211842494762,105.43891276849,1.142857142,0.210526315,0.421052631,0.368421052,0.142857142,0.285714285,2,4.5,26,62,88,-0.399601995944977,-0.590840041637421,0.191238030791283,-4.96799993515015,-0.504109561443329,0.889109075069427,0.659600019454956,0.870000004768372,0.132799997925758,1,1,-0.363319516181946,-0.0861213984929756,0,0,0.51136364,92.26666667,0.21590909,83.42105263,NA,NA,0.04545455,76.5,0.22727273,84.25,NA,-0.92039155960083,-3.11324429512024,NA,0.0823393613100052,0.089414581656456,-2.04531457689073,-16.3854962901065,NA,2.05848403275013,0.44707290828228,0.31707317,0.72340426,0.53409091,0.69230769,0.85294118,0.80851064,0.53409091,0.81818182,0.10227273,7,6,6,6,7,6,19,0.36842105,0.31578947,0.31578947,0.31578947,0.36842105,0.31578947,7.31341895358639,13,52.9576,42.11343,59.35665,53.88287,42.67473,51.52438,70.89204,59.5821,73.81033,NA,NA,NA,63.66024,60.05188,60.33807,NA,NA,NA,66.67457,55.07601,70.7797,-0.91052,2.71131,100.28,112.34,109.8,76.22,122.08,116.6,115.46,102,106.32,NA,NA,NA,98.16,109.36,106.72,NA,NA,NA,106.491136363636,106.851818181818,107.664545454545,0.51136364,NA,NA,0.21590909,0.04545455,0.22727273,92.2266710069444,NA,NA,83.3421052631579,76.3249969482422,84.125,10.3035373263889,NA,NA,-0.337567630567049,-3.18392705917358,11.3974143981934,7.83555636935764,NA,NA,1.80990520276521,-3.47649741172791,3.46076774597168,-0.921059813350439,NA,NA,-3.17582236975431,0.0830443985760212,0.087793406099081,-2.0467995852232,NA,NA,-16.7148545776543,2.07610996440053,0.438967030495405,0.27777778,0.71153846,0.53409091,0.6,0.86486486,0.80851064,0.59090909,16.03076923,0.22727273,0.04545455,0.51136364,NA,0.21590909,84.3791076660156,76.5936737060547,92.4984375,NA,83.579056589227,10.6460205078125,-3.99578499794006,9.32119411892361,NA,-1.34317448264674,2.25570964813232,-4.64077234268188,7.02120700412326,NA,0.682320695174368,0.087793406099081,0.0830443985760212,-0.921059813350439,NA,-3.17582236975431,0.438967030495405,2.07610996440053,-2.0467995852232,NA,-16.7148545776543,0.29411765,0.68518519,0.53409091,0.6,0.86486486,0.80851064,0.61363636,19,84.9724635074013,6.9049610338713,3,0.15789474,108.605,7,0.36842105,"2024-09-28",0
"Andrew Heaney",15423,"2024-09-22","SEA",13,2024,"TEX","H",33,0,0,6.35294188925147,1,1,0,0,0,0,0,0,5.2,27,7,4,4,1,1,0,2,0,0,4,6.35294188925147,1.58823547231287,11.1176483061901,4,0,0,6,9,5,1,0,0,0,0.14814815,0.03703704,0.11111111,4.84882922257157,1.58823547231287,0.291666666666667,1.4117648642781,0.315789473684211,0.69767442,5.63706829077648,0.715873598474993,5.74437577152137,157.674883949379,136.256718261821,141.060639016538,0.666666666,0.25,0.3,0.45,0.111111111,0.111111111,0,0,30,64,94,-0.00766399037092924,-0.382872015237808,0.375208020210266,0.352099984884262,0.0365628302097321,0.86349630355835,0.780200004577637,0.870000004768372,1.46399998664856,1,1,-0.0800816491246223,0.0712061156228031,0,0,0.39361702,91.91891892,0.34042553,83.53125,NA,NA,0.08510638,76.125,0.18085106,84.05882353,NA,-0.670682847499847,1.86606657505035,NA,-0.587173223495483,-1.80873715877533,-1.81265634459418,5.83145804703236,NA,-7.33966529369354,-10.6396303457372,0.35849057,0.65853659,0.4893617,0.73684211,1,0.89130435,0.43617021,0.62962963,0.05319149,10,8,2,3,7,10,20,0.5,0.4,0.1,0.15,0.35,0.5,6.24443974075641,43,57.02621,37.42759,64.05934,48.49394,44.15742,50.10448,50.15458,55.57198,52.3869,NA,NA,NA,71.42589,54.36545,68.89654,NA,NA,NA,58.92901,51.55977,62.49393,-0.42932,3.43311,95.82,109.46,109.6,92.22,135.9,117.74,108.86,83.12,83.38,NA,NA,NA,97.84,123.14,116.16,NA,NA,NA,101.197234042553,104.967872340426,101.274042553191,0.39361702,NA,NA,0.34042553,0.08510638,0.18085106,91.8405431798986,NA,NA,83.53125,75.9000015258789,83.9294146369485,9.92732197529561,NA,NA,-0.289549261331558,-4.71605491638184,10.5275600657744,7.73370526288007,NA,NA,1.7790412902832,-3.19838619232178,3.10981660730699,-0.707583460956812,NA,NA,1.88366343080997,-0.597176745533943,-1.81486334651709,-1.91238773231571,NA,NA,5.88644822128117,-7.46470931917429,-10.6756667442182,0.31111111,0.65306122,0.4893617,0.71428571,0.96875,0.89130435,0.5212766,17.6969697,0.18085106,0.08510638,0.39361702,NA,0.34042553,84.4216093175552,76.3984375,92.3564057221284,NA,84.024772644043,9.81847875258502,-5.38820743560791,8.98727416992188,NA,-1.22156667709351,1.96238439223346,-4.60554027557373,6.75866163099134,NA,0.567315280437469,-1.81486334651709,-0.597176745533943,-0.707583460956812,NA,1.88366343080997,-10.6756667442182,-7.46470931917429,-1.91238773231571,NA,5.88644822128117,0.26190476,0.67307692,0.4893617,0.63636364,0.97142857,0.89130435,0.55319149,20,94.711572265625,17.7565368652344,2,0.1,107.638,11,0.55,"2024-09-22",0
"Andrew Heaney",15423,"2024-09-15","@SEA",13,2024,"TEX","A",33,0,1,5.4,1,1,0,0,0,0,0,0,5,23,7,3,3,1,1,0,1,0,0,3,5.4,1.8,12.6,3,0,0,3,7,8,1,0,0,0,0.13043478,0.04347826,0.08695652,5.33127917739176,1.8,0.333333333333333,1.6,0.352941176470588,0.78947368,5.7664797782898,-0.366479778289795,5.28329154700041,134.023636319923,139.426508873447,129.589984133543,0.428571428,0.444444444,0.166666666,0.388888888,0.142857142,0.142857142,0,0,29,60,89,-0.181099995970726,-0.372178047895432,0.191078051924706,-0.850000023841858,-0.0965360626578331,0.494504362344742,0.464639991521835,0.870000004768372,0.249599993228912,1,1,-0.0526496432721615,-0.313575631489869,0,0,0.38202247,91.41176471,0.3258427,83,NA,NA,0.06741573,76.5,0.2247191,83.6,NA,-2.27736806869507,0.743216991424561,NA,0.183451488614082,0.253096461296082,-6.69814137851491,2.56281721180883,NA,3.05752481023471,1.26548230648041,0.29411765,0.65789474,0.4494382,0.86666667,0.76,0.8,0.42696629,0.65217391,0.08988764,9,7,2,2,10,6,18,0.5,0.38888889,0.11111111,0.11111111,0.55555556,0.33333333,9.7548702439605,41,40.64732,35.40042,40.89672,50.00725,40.50482,51.66931,67.85607,49.02883,72.04198,NA,NA,NA,69.91824,46.04435,77.75696,NA,NA,NA,61.60082,44.13179,67.67996,-0.59531,3.18413,91.48,87.46,81.34,96.3,101.06,77.58,106.06,123.5,118.46,NA,NA,NA,94.74,136.48,131.2,NA,NA,NA,98.4790909090909,117.909090909091,111.29,0.38202247,NA,NA,0.3258427,0.06741573,0.2247191,91.3823529411765,NA,NA,82.9551707300647,76.7000020345052,83.5700012207031,9.13242115693934,NA,NA,0.116194067330196,-4.56928539276123,9.80354690551758,7.5294386919807,NA,NA,2.21115612161571,-3.89633909861247,3.39961967468262,-2.29221938923001,NA,NA,0.747886601835489,0.185274813324213,0.295000668615103,-6.74182173302945,NA,NA,2.5789193166741,3.08791355540355,1.47500334307551,0.25581395,0.63043478,0.4494382,0.81818182,0.79310345,0.8,0.51685393,16.45454545,0.2247191,0.06741573,0.38202247,NA,0.3258427,83.7546752929688,76.8554840087891,91.5844367532169,NA,83.1229963631466,9.38783874511719,-5.39790852864583,8.41284897748162,NA,-0.66985899826576,2.03062553405762,-5.6460501352946,6.63557658475988,NA,0.815984397098936,0.295000668615103,0.185274813324213,-2.29221938923001,NA,0.747886601835489,1.47500334307551,3.08791355540355,-6.74182173302945,NA,2.5789193166741,0.25,0.6122449,0.4494382,0.8,0.8,0.8,0.5505618,18,92.0773111979167,22.2922092013889,1,0.05555556,105.832,7,0.38888889,"2024-09-15",0
"Andrew Heaney",15423,"2024-09-08","LAA",13,2024,"TEX","H",33,1,0,4.5,1,1,1,0,0,0,0,0,6,23,3,4,3,1,1,0,0,0,0,8,12,1.5,4.5,8,0.25,0,4,6,4,0,1,0,0,0.34782609,0.04347826,0.30434783,2.53733588993597,1.5,0.136363636363636,0.666666666666667,0.153846153846154,0,3.1664797782898,1.3335202217102,2.511821517845,111.686363599936,75.742397450355,60.6425456128871,0.666666666,0.285714285,0.285714285,0.428571428,0,0.166666666,5,7.5,33,64,97,0.0178320296108723,-0.292296051979065,0.310128062963486,-0.671900033950806,-0.0697715431451797,0.720399975776672,0.904514253139496,0.870000004768372,2.07159996032715,1,1,0.15366430580616,-0.128911348823274,0,0,0.53125,91.50980392,0.23958333,82.82608696,NA,NA,0.04166667,77,0.1875,84,0.01030928,1.14845442771912,-1.12233746051788,NA,0.0778313875198364,1.05996370315552,2.25187142690023,-4.87972808920819,NA,1.94578468799591,5.88868723975288,0.35294118,0.6,0.46875,0.72222222,0.81481481,0.77777778,0.46875,0.65217391,0.10309278,7,4,3,2,8,4,14,0.5,0.28571429,0.21428571,0.14285714,0.57142857,0.28571429,4.08497170862033,57,61.62807,50.15725,58.87134,80,44.98697,80,74.36285,71.32502,73.88207,80,80,80,66.09263,58.4535,65.31653,NA,NA,NA,76.41523,65.12636,77.29625,-1.51567,1.80359,99.26,112.4,107.82,98.44,161.76,145.3,135.28,84.88,119.28,128.82,98.58,101.12,100.26,123.76,113.8,NA,NA,NA,119.776666666667,102.085,116.616875,0.52083333,NA,0.01041667,0.23958333,0.04166667,0.1875,91.42599609375,NA,92.5999984741211,82.795654296875,76.8000030517578,83.8000013563368,12.1459985351563,NA,15.5834503173828,1.30799260346786,-1.62467741966248,13.0025761922201,8.40609069824219,NA,2.69976615905762,2.44384085613748,-3.31343936920166,3.48008304172092,0.901982761919498,NA,0.255611628293991,-1.12340936809778,0.0787287354469299,1.19838841632009,1.803965523839,NA,25.5611628293991,-4.88438855694688,1.96821838617325,6.65771342400047,0.24324324,0.61016949,0.46875,0.55555556,0.83333333,0.77777778,0.61458333,15.39189189,0.17708333,0.04166667,0.52083333,0.02083333,0.23958333,83.8173899931066,77.2231979370117,91.866328125,92.1046981811523,83.2170304008152,11.7362886316636,-3.15904974937439,10.6544396972656,12.7165498733521,-0.257549576137377,2.42819931927849,-4.60586500167847,7.35373413085938,0.804903984069824,1.1581043575121,1.23646673932672,0.0787287354469299,0.898786779493093,0.217533305287361,-1.12340936809778,7.27333376074538,1.96821838617325,1.79757355898619,10.8766652643681,-4.88438855694688,0.24324324,0.61016949,0.46875,0.55555556,0.83333333,0.77777778,0.61458333,14,87.9781232561384,16.8893410818917,1,0.07142857,107.54,5,0.35714286,"2024-09-08",0
"Andrew Heaney",15423,"2024-09-03","NYY",13,2024,"TEX","H",33,0,0,0,1,1,0,0,0,0,0,0,5,20,3,0,0,0,1,0,1,0,0,8,14.4,1.8,5.4,8,0,0,3,2,5,0,0,0,0,0.4,0.05,0.35,2.06001408401489,0,0.166666666666667,0.8,0.3,1,1.1664797782898,-1.1664797782898,1.77128314077854,0,26.7546194325921,42.2197506023506,1.5,0.5,0.3,0.2,0,0,1,1.8,33,54,87,0.221396043896675,-0.187103912234306,0.408499956130981,2.07710003852844,0.215690553188324,1.05736005306244,1.0988667011261,0.870000004768372,2.41760015487671,1,1,0.178206846117973,0.0311788245960321,0,0,0.45348837,91.64102564,0.25581395,83.09090909,NA,NA,0.08139535,76.85714286,0.20930233,83.72222222,0.01149425,-0.0675044804811478,0.544555187225342,NA,0.511452972888947,0.620403170585632,-0.173088411490122,2.47525085102428,NA,7.30647104127067,3.44668428103129,0.25581395,0.55813953,0.40697674,0.36363636,0.79166667,0.65714286,0.5,0.45,0.13793103,5,1,4,1,7,2,10,0.5,0.1,0.4,0.1,0.7,0.2,3.57829989745284,69,40.93901,40.36523,47.79948,53.85323,44.22465,52.5068,66.1338,56.61721,77.99956,20,62.52298,20,76.70177,53.1028,80,NA,NA,NA,58.84769,51.28034,69.54683,-0.42426,3.4407,95.08,86.94,90.58,88.18,121.94,114.78,105.22,96.58,109.4,89.54,-66.18,-57.02,99.12,127.68,123.34,NA,NA,NA,99.9090909090909,100.701363636364,105.681136363636,0.43023256,NA,0.02325581,0.25581395,0.08139535,0.20930233,91.6135121938345,NA,91.0500030517578,83.0045443448153,76.528573172433,83.6499972873264,10.4316859889675,NA,11.6394443511963,-0.162579373879866,-3.76537677219936,10.5834664238824,7.38512853673986,NA,4.9719181060791,1.78482073003596,-4.28733961922782,2.92298168606228,0.119198106229305,NA,-0.147431693971157,0.547471903264523,0.517412479966879,0.623099241405725,0.322157043862987,NA,-7.37158469855785,2.48850865120238,7.3916068566697,3.46166245225403,0.24324324,0.53061224,0.40697674,0.33333333,0.76923077,0.65714286,0.56976744,16.05970149,0.20930233,0.08139535,0.45348837,NA,0.25581395,84.1330091688368,77.011474609375,92.0791579026442,NA,83.4725730202415,9.93338860405816,-4.5132999420166,9.55753189478165,NA,-0.957674720070579,1.76926920149061,-5.46944699968611,6.34669377253606,NA,0.713499762795188,0.55972558632493,0.517412479966879,-0.0282335877418518,NA,0.547471903264523,3.10958659069406,7.3916068566697,-0.0723938147226969,NA,2.48850865120238,0.20512821,0.57446809,0.40697674,0.375,0.74074074,0.65714286,0.54651163,10,89.3773498535156,3.7246509552002,1,0.1,105.093,4,0.4,"2024-09-03",0
"Andrew Heaney",15423,"2024-08-27","@CHW",13,2024,"TEX","A",33,0,0,1.8,1,1,0,0,0,0,0,0,5,21,5,1,1,0,1,0,0,0,0,2,3.6,1.8,9,2,0.111111111,0,9,7,1,0,1,1,0,0.0952381,0.04761905,0.04761905,5.26148418299284,0,0.25,1.2,0.277777777777778,0.83333333,2.96647977828979,-1.16647977828979,5.08329154700041,44.6745454399744,70.8436196485787,124.614470215273,1.285714285,0.058823529,0.529411764,0.411764705,0,0,1,1.8,27,44,71,0.163637965917587,-0.251729965209961,0.415367931127548,1.48500001430511,0.153013914823532,1.15588176250458,1.04636001586914,0.92059999704361,1.31940007209778,1,1,0.112711206078529,0.0288586077430978,0,0,0.43661972,91.35483871,0.30985915,83.04545455,NA,NA,0.01408451,76,0.23943662,84,NA,-0.651498854160309,0.566974461078644,NA,-0.0344077162444592,0.796950697898865,-2.10160920696874,2.57715664126656,NA,-3.44077162444592,4.68794528175803,0.4047619,0.75862069,0.54929577,0.70588235,0.95454545,0.84615385,0.4084507,0.57142857,0.08450704,10,4,4,3,10,5,18,0.55555556,0.22222222,0.22222222,0.16666667,0.55555556,0.27777778,1.78192682265313,56,NA,NA,NA,NA,NA,NA,NA,NA,NA,NA,NA,NA,NA,NA,NA,NA,NA,NA,NA,NA,NA,NA,NA,87.92,112.92,110.62,78.4,113.56,111.32,88.7,93.32,86.5,139.16,106.8,96.22,95.48,101.8,102.88,NA,NA,NA,91.936,101.419428571429,98.138,0.38028169,NA,0.05633803,0.30985915,0.01408451,0.23943662,91.1296296296296,NA,92.3000030517578,82.9227294921875,76.0999984741211,83.9352955537684,9.14058713559751,NA,10.2252340316772,-0.127202955159274,-2.41377210617065,9.50068036247702,8.02326513219763,NA,3.82541179656982,1.65332568775524,-2.64905548095703,3.1878875283634,-0.366131693124771,NA,-0.25575066357851,0.613424614071846,-0.0350487045943737,0.806359175592661,-1.35604330786952,NA,-6.39376658946276,2.78829370032657,-3.50487045943737,4.74328926819212,0.32352941,0.75675676,0.54929577,0.72727273,0.89285714,0.84615385,0.52112676,17.2,0.23943662,0.01408451,0.38028169,0.05633803,0.30985915,84.0641084558823,76.2289962768555,91.2972186053241,92.3044967651367,83.0354669744318,8.44823680204504,-3.85455989837646,7.79129706488715,9.01493453979492,-1.54775307395241,2.23150028901942,-3.77140998840332,7.21918063693576,3.50678491592407,0.777847463434393,0.806359175592661,-0.0350487045943737,-0.747509974986315,0.125627618283033,0.613424614071846,4.74328926819212,-3.50487045943737,-2.76855546291228,3.14069045707583,2.78829370032657,0.33333333,0.73684211,0.54929577,0.72727273,0.89285714,0.84615385,0.53521127,18,81.7787439682904,8.40876051958869,1,0.05555556,108.514,6,0.33333333,"2024-08-27",0
"Andrew Heaney",15423,"2024-08-21","PIT",13,2024,"TEX","H",33,0,0,0,1,1,0,0,0,0,0,0,5,22,5,0,0,0,1,0,1,0,0,8,14.4,1.8,9,8,0.5,0,2,5,5,0,1,0,0,0.36363636,0.04545455,0.31818182,2.46785718480166,0,0.25,1.2,0.416666666666667,1,1.1664797782898,-1.1664797782898,2.67848818451166,0,26.7546194325921,64.7888072114456,0.4,0.416666666,0.166666666,0.416666666,0,0,0,0,32,58,90,0.277851969003677,-0.294439971446991,0.572291910648346,2.45510005950928,0.254942893981934,1.32447278499603,1.01200008392334,0.870000004768372,1.3400000333786,1,1,0.109009817242622,0.100773254294412,0,0,0.5,91.15555556,0.3,83.2962963,NA,NA,0.04444444,75,0.15555556,83.07692308,NA,1.7222672700882,-1.12606251239777,NA,-0.0445022098720074,0.0146394148468971,3.82726060019599,-4.1706018977695,NA,-1.11255524680018,0.104567248906408,0.33333333,0.76923077,0.52222222,0.29411765,0.73333333,0.57446809,0.43333333,0.68181818,0.22222222,5,5,2,0,10,2,12,0.41666667,0.41666667,0.16666667,0,0.83333333,0.16666667,3.22347684122278,65,43.86357,37.2544,44.54566,62.47771,39.94931,72.37162,45.89189,54.25492,40.02915,NA,NA,NA,63.89186,49.64442,65.81628,NA,NA,NA,50.34678,49.05356,49.77424,0.10387,4.2329,91.8,105.82,98.5,81.06,112.7,97.68,95.44,91.32,86.04,94.12,56.66,29.18,91.52,125.3,111.4,NA,NA,NA,93.0929032258065,103.169462365591,93.9447311827957,0.46666667,NA,0.03333333,0.3,0.04444444,0.15555556,91.1476178850446,NA,91.1666666666667,83.2666648582176,74.8249969482422,82.9214303152902,10.211175101144,NA,10.1821225484212,0.0806461528495506,-3.50399255752563,10.3064422607422,7.87519691103981,NA,5.40122095743815,1.87923078183775,-3.59923410415649,2.8827999659947,1.83293319493532,NA,-0.0941739790141582,-1.18368690833449,-0.0461159013211727,0.0121958069503307,4.36412665460791,NA,-3.13913263380527,-4.38402558642405,-1.15289753302932,0.0871129067880767,0.3125,0.76190476,0.52222222,0.2,0.75,0.57446809,0.46666667,17.33823529,0.14606742,0.04494382,0.50561798,NA,0.30337079,83.4729285606971,75.2813262939453,91.6236870659722,NA,83.7211100260417,9.74447455772987,-4.20095491409302,9.2435797797309,NA,-0.842549783212167,1.33968866788424,-5.05980014801025,6.68396945529514,NA,0.561104809796369,0.0605179630219936,-0.0461159013211727,1.72851538285613,NA,-1.18368690833449,0.465522792476874,-1.15289753302932,3.84114529523585,NA,-4.38402558642405,0.31914894,0.76190476,0.52808989,0.2,0.75,0.57446809,0.47191011,12,91.6969299316406,20.2486712137858,1,0.08333333,106.336,2,0.16666667,"2024-08-21",0
"Andrew Heaney",15423,"2024-08-16","MIN",13,2024,"TEX","H",33,0,1,8.30769291714103,1,1,0,0,0,0,0,0,4.1,20,5,4,4,2,1,0,1,0,0,8,16.6153858342821,2.07692322928526,10.3846161464263,8,0,0,4,4,2,0,0,0,0,0.4,0.05,0.35,2.07274908401489,4.15384645857051,0.277777777777778,1.38461548619017,0.375,0.71428571,6.85878774146359,1.44890517567744,2.25448747097585,206.190224848983,166.181378886943,54.2406999536762,1,0.2,0.4,0.4,0,0.5,1,2.07692322928526,35,62,97,-0.234604045748711,-0.568028032779694,0.333424001932144,-1.80290007591248,-0.187217026948929,1.11717998981476,1.02032005786896,0.870000004768372,0.342000007629395,1,1,-0.0596285499632359,-0.150368091480021,0,0,0.60824742,91.57627119,0.16494845,83.8125,NA,NA,0.04123711,74.75,0.18556701,83.94444444,NA,0.974696218967438,-0.205480635166168,NA,-0.00397343561053276,-2.30473160743713,1.65202748977532,-1.28425396978855,NA,-0.099335890263319,-12.8040644857619,0.33928571,0.80487805,0.53608247,0.52631579,0.81818182,0.71153846,0.42268041,0.55,0.15463918,7,2,1,0,5,5,10,0.7,0.2,0.1,0,0.5,0.5,6.66858579040922,37,47.45828,38.06669,56.18238,60.38088,42.03517,71.69108,54.93846,57.99254,50.9818,NA,NA,NA,50.54656,60.28187,48.48907,NA,NA,NA,51.89562,52.49428,53.28881,0.00764,4.08855,92.88,99.58,102.3,80.22,103.74,96.28,93.42,113.32,113.64,146.48,34.18,14.44,97.78,113.48,113.3,NA,NA,NA,94.0416494845361,109.585773195876,109.741030927835,0.58762887,NA,0.02061856,0.16494845,0.04123711,0.18556701,91.4877158717105,NA,92,83.7562484741211,74.75,83.7444458007812,9.69097472073739,NA,11.9285192489624,0.356719076633453,-3.35279965400696,10.574963039822,7.9133375736705,NA,3.28944063186646,2.75266122817993,-3.13523864746094,2.92441134982639,1.06020098552108,NA,-0.0380783230066299,-0.215331833809614,-0.00464212521910667,-2.30190068855882,1.86000172898435,NA,-1.9039161503315,-1.34582396131009,-0.116053130477667,-12.7883371586601,0.32075472,0.79545455,0.53608247,0.47058824,0.82857143,0.71153846,0.45360825,17.14285714,0.18556701,0.04123711,0.58762887,0.02061856,0.16494845,83.9846598307292,74.9941253662109,91.7412366365132,92.2444000244141,83.9783401489258,10.0170237223307,-4.08538722991943,8.84006540398849,10.9643497467041,-0.508437037467957,1.64317756228977,-4.58954763412476,6.95901971114309,2.52661991119385,1.41875827312469,-2.30190068855882,-0.00464212521910667,1.06020098552108,-0.0380783230066299,-0.215331833809614,-12.7883371586601,-0.116053130477667,1.86000172898435,-1.9039161503315,-1.34582396131009,0.30769231,0.8,0.53608247,0.5,0.80555556,0.71153846,0.46391753,10,99.5604064941406,15.4972229003906,2,0.2,108.239,6,0.6,"2024-08-16",0
"Andrew Heaney",15423,"2024-08-11","@NYY",13,2024,"TEX","A",33,0,1,5.78571507395541,1,1,0,0,0,0,0,0,4.2,21,5,4,3,1,2,1,0,0,0,4,7.71428676527388,3.85714338263694,9.64285845659235,2,0.2,0,5,6,4,1,1,0,0,0.19047619,0.0952381,0.0952381,4.81058622909499,1.92857169131847,0.263157894736842,1.50000020435881,0.285714285714286,0.53571429,5.52362295656792,0.262092117387485,4.68191936418017,143.596772763425,133.478000837142,114.62930580513,0.833333333,0.266666666,0.333333333,0.4,0.166666666,0.166666666,0,0,34,49,83,-0.0469679497182369,-0.323599964380264,0.276632010936737,-0.0370000526309013,-0.00384216941893101,0.760971426963806,0.717519998550415,0.870000004768372,1.15719997882843,1,1,-0.150988727807999,0.0892676853956259,0,0,0.57831325,91.89583333,0.19277108,83.6875,NA,NA,0.03614458,75.33333333,0.19277108,84.3125,0.04819277,-1.56425642967224,-0.140288710594177,NA,0.227195501327515,0.495726585388184,-3.25886756181717,-0.876804441213608,NA,7.57318337758382,3.09829115867615,0.22727273,0.64102564,0.42168675,0.7,0.76,0.74285714,0.46987952,0.52380952,0.10843373,4,9,2,3,6,6,15,0.26666667,0.6,0.13333333,0.2,0.4,0.4,6.34566664981664,39,35.85743,43.18173,39.62109,56.95693,43.63028,59.46776,66.79281,53.71181,71.69674,NA,NA,NA,43.29403,46.56013,39.22687,NA,NA,NA,55.49962,48.27786,59.92911,-0.21626,3.7527,104.16,73.94,84.12,81.02,114.04,109.64,92.06,116.84,112.7,105.2,148.36,148.12,101.02,76.16,74.82,NA,NA,NA,96.4063414634146,101.966829268293,101.348048780488,0.5060241,NA,0.07228916,0.19277108,0.03614458,0.19277108,91.6785714285714,NA,92.5333353678385,83.75,75.1000010172526,84.2624969482422,9.69223894391741,NA,11.2630526224772,0.415943890810013,-3.4574925104777,10.6459970474243,7.39549618675595,NA,3.34774748484294,2.12862348556519,-2.61079470316569,2.89160180091858,-0.905711408704519,NA,-0.70552384108305,-0.145207602530718,0.229861129075289,0.498331718146801,-2.15645573501076,NA,-11.7587306847175,-0.907547515816987,7.66203763584296,3.11457323841751,0.15,0.6744186,0.42168675,0.5,0.79310345,0.74285714,0.51807229,16.30645161,0.20481928,0.03614458,0.51807229,0.04819277,0.19277108,84.4027602251838,75.0408325195312,91.8322697129361,92.3501281738281,83.7204132080078,10.1390461641199,-3.96533648173014,9.08286232172057,11.2462749481201,-0.491583079099655,1.86921568477855,-4.2963498433431,6.35508550599564,1.56787645816803,0.815995335578918,0.575859099626541,0.229861129075289,-1.34489181637764,-0.343870814889669,-0.145207602530718,3.38740646839142,7.66203763584296,-3.12765538692474,-8.59677037224174,-0.907547515816987,0.14634146,0.69047619,0.42168675,0.5,0.79310345,0.74285714,0.5060241,15,86.619970703125,19.2526611328125,2,0.13333333,110.08,4,0.26666667,"2024-08-11",0
"Andrew Heaney",15423,"2024-08-05","HOU",13,2024,"TEX","H",33,0,0,1.5,1,1,1,0,0,0,0,0,6,21,1,1,1,1,1,0,1,0,0,4,6,1.5,1.5,4,0,0,5,8,2,0,0,0,0,0.19047619,0.04761905,0.14285714,4.46775175781145,1.5,0.0526315789473684,0.333333333333333,0,1,4.99981311162313,-3.49981311162313,4.84915765325228,37.2287878666453,120.647860633304,118.78978797986,0.625,0.133333333,0.333333333,0.533333333,0,0.125,1,1.5,31,49,80,0.206444039940834,-0.182843953371048,0.389287978410721,1.94609999656677,0.202087223529816,0.834742844104767,0.993133306503296,0.870000004768372,1.53839993476868,1,1,0.107931181788445,0.139383355136084,0,0,0.475,91.39473684,0.2625,83.95238095,NA,NA,0.0375,75.33333333,0.225,83.38888889,NA,2.88221192359924,0.413523495197296,NA,0.0434236712753773,-0.93898218870163,7.58476821999801,1.96915950093951,NA,1.44745570917924,-5.21656771500905,0.34693878,0.61290323,0.45,0.64705882,0.84210526,0.75,0.3875,0.61904762,0.1125,2,8,5,2,7,6,15,0.13333333,0.53333333,0.33333333,0.13333333,0.46666667,0.4,4.84832180827445,66,28.33886,39.02038,25.23722,55.08542,42.68257,62.61643,57.0002,58.99404,58.34324,NA,NA,NA,26.79284,50.73083,21.32615,NA,NA,NA,38.02783,51.93977,36.06725,0.8692,5.38089,96.84,67.62,69.14,75.22,94.5,87.82,97.4,104.52,105.5,83.78,112.8,106.3,90.48,67.42,62.8,NA,NA,NA,94.233734939759,87.0679518072289,86.2009638554217,0.4375,NA,0.0375,0.2625,0.0375,0.225,91.2371442522321,NA,91.8333333333333,83.8047630673363,75.5,83.3000013563368,10.8369105747768,NA,11.7270075480143,0.724904014950707,-2.38456169764201,11.0823923746745,7.97340000697545,NA,4.64287344614665,3.02454521542504,-1.66456699371338,2.66416803995768,2.91789446026087,NA,0.0833352096378803,0.413139313459396,0.0436800308525562,-0.937607631087303,8.33684131503105,NA,2.77784032126268,1.96733006409236,1.45600102841854,-5.20893128381835,0.33333333,0.6,0.45,0.66666667,0.80952381,0.75,0.4375,15.50847458,0.225,0.0375,0.475,NA,0.2625,83.4901665581597,75.696767171224,91.4819657175164,NA,83.9957275390625,10.5407740275065,-3.21584669748942,9.97890994423314,NA,-0.424865086873372,1.43133926391602,-3.20080661773682,6.70668591951069,NA,1.86024602254232,-0.937607631087303,0.0436800308525562,3.00122966989875,NA,0.413139313459396,-5.20893128381835,1.45600102841854,7.89797281552302,NA,1.96733006409236,0.33333333,0.57894737,0.45,0.64285714,0.81818182,0.75,0.475,15,89.5544677734375,17.1174173990885,2,0.13333333,106.579,7,0.46666667,"2024-08-05",0
"Andrew Heaney",15423,"2024-07-31","@STL",13,2024,"TEX","A",33,0,1,12.4615393757115,1,1,0,0,0,0,0,0,4.1,21,6,6,6,0,1,0,0,0,0,2,4.15384645857051,2.07692322928526,12.4615393757115,2,0.2,0,5,7,5,1,1,1,0,0.0952381,0.04761905,0.04761905,5.65370186963382,0,0.3,1.61538473388853,0.333333333333333,0.14285714,2.93571053059143,9.52582884512011,5.37818582751337,309.285337273475,70.0899611105683,131.950723200826,0.714285714,0.294117647,0.294117647,0.411764705,0.142857142,0,0,0,28,58,86,-0.235052019357681,-0.38508403301239,0.150031998753548,-3.10199999809265,-0.327215194702148,0.697028577327728,0.591920018196106,0.870000004768372,0.159199997782707,1,1,-0.0890564322471619,-0.248163628742052,0,0,0.53488372,91.97826087,0.29069767,83.84,NA,NA,0.02325581,74.5,0.15116279,83.53846154,NA,-0.281216204166412,0.416065245866776,NA,0.00450797751545906,-0.110956266522408,-0.611339574274809,1.6642609834671,NA,0.225398875772953,-0.853509742480058,0.3877551,0.72972973,0.53488372,0.78947368,0.88888889,0.84782609,0.43023256,0.66666667,0.08139535,5,9,4,2,11,5,18,0.27777778,0.5,0.22222222,0.11111111,0.61111111,0.27777778,4.38493291401198,35,57.00311,41.30822,63.76018,47.36695,46.76172,62.27992,61.74039,55.08296,69.71358,NA,NA,NA,50.43272,55.3518,49.61828,NA,NA,NA,58.77913,52.74609,66.79913,-0.42,3.44709,105.56,94.38,98.86,78.16,94.72,90.34,104.96,96.04,97.16,142.46,79.84,69.9,100.92,94.52,89.38,NA,NA,NA,103.736046511628,95.1458139534884,94.7702325581395,0.52325581,NA,0.01162791,0.29069767,0.02325581,0.15116279,91.9066623263889,NA,93.1999969482422,83.807998046875,74.4000015258789,83.5538423978365,10.1488464355469,NA,11.2014636993408,0.437974014282227,-2.5603928565979,10.9962111253005,7.56807996961806,NA,5.25909280776978,2.40045700073242,-2.58016037940979,3.12295855008639,-0.291025750339031,NA,0,0.501011028885841,0.00431566312909126,-0.0685180798172951,-0.646723889642292,NA,0,2.00404411554337,0.215783156454563,-0.527062152440731,0.28571429,0.70588235,0.53488372,0.7,0.88888889,0.84782609,0.59302326,17.07692308,0.15116279,0.02325581,0.53488372,NA,0.29069767,83.7685077373798,74.6318969726562,92.1788489300272,NA,84.01357421875,9.64422548734225,-4.57297992706299,8.62354709791101,NA,-1.36683517456055,2.31002543522761,-3.51364517211914,6.8758836829144,NA,1.62117538452148,-0.0685180798172951,0.00431566312909126,-0.291025750339031,NA,0.501011028885841,-0.527062152440731,0.215783156454563,-0.632664674650068,NA,2.00404411554337,0.29411765,0.69230769,0.53488372,0.7,0.88888889,0.84782609,0.60465116,18,86.9625818589154,19.0431787827436,0,0,106.566,7,0.38888889,"2024-07-31",0
"Andrew Heaney",15423,"2024-07-26","@TOR",13,2024,"TEX","A",33,0,0,7.2,1,1,0,0,0,0,0,0,5,23,7,4,4,0,1,0,0,0,0,4,7.2,1.8,12.6,4,0,0,6,7,5,0,0,0,0,0.17391304,0.04347826,0.13043478,4.43447010083264,0,0.318181818181818,1.6,0.388888888888889,0.5,2.1664797782898,5.03352022171021,4.28329154700041,178.698181759897,51.2485084414735,104.712414542193,0.857142857,0.277777777,0.333333333,0.388888888,0,0,5,9,27,56,83,-0.190553963184357,-0.565972030162811,0.375418066978455,-1.60500001907349,-0.169572114944458,1.07966089248657,0.989719986915588,0.923799991607666,1.5738000869751,1,1,-0.0900649428367615,-0.0864293291244012,0,0,0.60240964,91.8,0.26506024,83.54545455,NA,NA,0.02409639,74,0.10843373,83.33333333,NA,-0.130578324198723,-0.907462060451508,NA,0.0778313875198364,0.287527561187744,-0.261156648397446,-4.12482754750685,NA,3.89156937599182,3.19475067986382,0.29545455,0.71794872,0.4939759,0.61538462,0.89285714,0.80487805,0.46987952,0.73913043,0.09638554,7,4,7,2,12,4,18,0.38888889,0.22222222,0.38888889,0.11111111,0.66666667,0.22222222,3.54011666375073,45,66.29876,39.19259,71.28373,80,43.91309,80,49.43049,60.36131,54.32401,NA,NA,NA,67.09793,54.92047,69.64798,NA,NA,NA,58.08366,55.73401,65.8123,-0.3768,3.51189,97.7,117.44,114.24,76.66,149.96,142,104.52,76.58,83.76,134.12,-75.96,-82.84,91.2,117.28,108.34,NA,NA,NA,99.9897619047619,91.5485714285714,92.8666666666667,0.59036145,NA,0.01204819,0.26506024,0.02409639,0.10843373,91.6959203603316,NA,92.6999969482422,83.5045443448153,73.8499984741211,83.3555569118924,10.2778258031728,NA,11.3608331680298,0.424928231672807,-2.5354962348938,10.6240980360243,7.79600867446588,NA,4.93503618240356,2.15415659817782,-4.75313854217529,3.0264949798584,-0.0489836744964123,NA,-0.0897959321737289,-0.916741538792849,0.0787287354469299,0.289513509720564,-0.0999666826457393,NA,-8.97959321737289,-4.16700699451295,3.9364367723465,3.21681677467293,0.24242424,0.66,0.4939759,0.5,0.87878788,0.80487805,0.60240964,17.95,0.10843373,0.02409639,0.60240964,NA,0.26506024,83.245368109809,73.7459487915039,91.6357421875,NA,83.3898259943182,10.2347869873047,-3.03934001922607,9.60295837402344,NA,-0.367438099601052,1.68509207831489,-6.16894006729126,6.81769836425781,NA,0.909259536049583,0.289513509720564,0.0787287354469299,-0.138779606670141,NA,-0.916741538792849,3.21681677467293,3.9364367723465,-0.277559213340282,NA,-4.16700699451295,0.26470588,0.65306122,0.4939759,0.55555556,0.84375,0.7804878,0.59036145,18,85.9471774631076,18.5264638264974,2,0.11111111,105.734,6,0.33333333,"2024-07-26",0
"Andrew Heaney",15423,"2024-07-21","BAL",13,2024,"TEX","H",33,1,0,0,1,1,0,0,0,0,0,0,5,20,2,0,0,0,3,0,0,0,0,4,7.2,5.4,3.6,1.33333333,0,0,2,9,1,2,0,1,0,0.2,0.15,0.05,6.21619408401489,0,0.117647058823529,1,0.153846153846154,1,3.3664797782898,-3.3664797782898,6.08809490948915,0,80.6411752521313,149.61153579121,0.222222222,0.083333333,0.166666666,0.75,0.222222222,0,3,5.4,39,61,100,0.258211940526962,-0.158692017197609,0.416903972625732,2.45510005950928,0.254942893981934,1.08615243434906,0.952719986438751,0.870000004768372,0.910400032997131,1,1,0.158495098352432,0.0792357508001646,0,0,0.54,91.83333333,0.24,82.875,NA,NA,0.01,72,0.21,82.66666667,NA,0.353023827075958,0.154967427253723,NA,0.0389156937599182,0.96516215801239,0.653747827918441,0.64569761355718,NA,3.89156937599182,4.59601027624948,0.33333333,0.75,0.5,0.6,0.96666667,0.82,0.4,0.65,0.09,3,6,4,3,3,7,13,0.23076923,0.46153846,0.30769231,0.23076923,0.23076923,0.53846154,1.94437390050176,63,50.48043,44.30579,57.93923,80,53.52731,80,68.92151,62.19461,60.438,NA,NA,NA,33.68656,59.23035,28.62069,NA,NA,NA,57.83683,58.53377,53.43611,-0.36146,3.5349,97.88,110.82,112.22,79.62,121.48,119.54,119.8,107.28,122.74,99.74,-18.8,-4.48,99.12,82.6,73.28,NA,NA,NA,109.557821782178,101.167722772277,107.619801980198,0.53,NA,0.01,0.24,0.01,0.21,91.8018867924528,NA,92.0999984741211,82.7666676839193,72.1999969482422,82.6523786272321,10.3243373654923,NA,13.5571556091309,0.474472006162008,-4.97816371917725,10.9329012916202,8.0707345638635,NA,4.39915037155151,1.23926758766174,-5.38090801239014,3.18301573253813,0.343037217855453,NA,-0.0483221560716629,0.15198827907443,0.039364367723465,0.975304540246725,0.647240033689535,NA,-4.83221560716629,0.63328449614346,3.9364367723465,4.64430733450821,0.30769231,0.70833333,0.5,0.5625,0.94117647,0.82,0.48,18.6125,0.21,0.01,0.54,NA,0.24,82.7940499441964,72.3523025512695,91.9706669560185,NA,82.9111480712891,10.3499414353144,-5.61353015899658,9.65329431604456,NA,-0.55868399143219,1.83625012352353,-6.91279983520508,7.03448429814091,NA,-0.11182642976443,0.975304540246725,0.039364367723465,0.294715061783791,NA,0.15198827907443,4.64430733450821,3.9364367723465,0.545768632932946,NA,0.63328449614346,0.31372549,0.69387755,0.5,0.5625,0.94117647,0.82,0.49,13,90.8665937943892,35.607216574929,2,0.15384615,104.374,6,0.46153846,"2024-07-21",0
"Andrew Heaney",15423,"2024-07-12","@HOU",13,2024,"TEX","A",33,0,1,3.6,1,1,0,0,0,0,0,0,5,23,5,3,2,2,2,0,0,0,0,5,9,3.6,9,2.5,0,0,5,10,1,2,0,0,0,0.2173913,0.08695652,0.13043478,4.72980280327107,3.6,0.238095238095238,1.4,0.214285714285714,0.95238095,7.5664797782898,-3.9664797782898,5.39049659073353,89.3490908799487,183.515509089434,132.256985069558,0.5,0.0625,0.3125,0.625,0.2,0.2,2,3.6,32,52,84,-0.10224399715662,-0.456569999456406,0.354326009750366,-0.615000009536743,-0.0651828199625015,0.888747811317444,0.829280018806458,0.870000004768372,0.808999955654144,1,1,-0.26321867108345,0.148175915585625,0,0,0.44047619,92.18918919,0.36904762,83.22580645,NA,NA,0.01190476,73,0.17857143,83.6,NA,-1.92254817485809,-0.217575371265411,NA,-0.436666369438171,0.734430491924286,-5.19607614826512,-0.701856036340037,NA,-43.6666369438171,4.89620327949524,0.32727273,0.79310345,0.48809524,0.61111111,0.86956522,0.75609756,0.3452381,0.47826087,0.11904762,6,4,6,5,7,4,16,0.375,0.25,0.375,0.3125,0.4375,0.25,5.37142413996543,39,41.73448,42.65326,37.09563,80,48.92078,80,58.34252,72.05296,48.93193,NA,NA,NA,47.18609,61.54033,40.07135,NA,NA,NA,51.22054,66.11471,41.77571,0.04958,4.15146,100.06,92.38,94.02,76.46,150.6,142.32,118.5,82.7,101.72,148.54,21.8,34.32,95.24,96.4,93.92,NA,NA,NA,106.757142857143,89.4047619047619,97.2402380952381,0.42857143,NA,0.01190476,0.36904762,0.01190476,0.17857143,92.125,NA,93.6999969482422,83.1774193548387,72.5,83.6666666666667,10.9468621148003,NA,14.3083963394165,-0.0378621047542941,-3.89990639686584,11.2887145996094,8.52287801106771,NA,5.44967842102051,1.33141819123299,-2.4274754524231,3.58558959960938,-2.13810805976391,NA,0.184771567583084,-0.23844151943922,-0.444636970758438,0.742096062749624,-5.93918905489975,NA,18.4771567583084,-0.769166191739421,-44.4636970758438,4.9473070849975,0.31111111,0.69230769,0.48809524,0.5,0.85185185,0.73170732,0.46428571,17.28333333,0.17857143,0.01190476,0.44047619,NA,0.36904762,83.5927327473958,72.4545974731445,92.0941591005068,NA,83.0929939516129,10.6532104492188,-4.86874008178711,10.1335985338366,NA,-1.12673064201109,1.76689656575521,-4.62987995147705,7.12752223659206,NA,-0.365131316646453,0.742096062749624,-0.444636970758438,-1.95333649218082,NA,-0.23844151943922,4.9473070849975,-44.4636970758438,-5.27928781670493,NA,-0.769166191739421,0.30232558,0.68292683,0.48809524,0.53846154,0.82142857,0.73170732,0.48809524,16,87.8621292114258,28.4585247039795,0,0,109.191,6,0.375,"2024-07-12",0
"Andrew Heaney",15423,"2024-07-06","TBR",13,2024,"TEX","H",33,0,0,0,1,1,0,0,0,0,0,0,5.1,21,3,0,0,0,2,0,1,0,0,7,11.8125007040799,3.37500020116569,5.06250030174853,3.5,0,0,6,5,0,0,0,0,0,0.33333333,0.0952381,0.23809524,3.15185833634659,0,0.166666666666667,0.937500055879358,0.272727272727273,1,2.22897972241044,-2.22897972241044,3.6464876877335,0,52.7793751358258,88.8702822172395,1.2,0,0.545454545,0.454545454,0,0,2,3.37500020116569,30,62,92,0.300423979759216,-0.208052009344101,0.50847601890564,2.6881000995636,0.279138118028641,1.07112383842468,1.03673326969147,0.870000004768372,0.843600034713745,1,1,0.168446689844131,0.112028796726174,0,0,0.4673913,91.97674419,0.30434783,83.64285714,NA,NA,0.02173913,75.5,0.20652174,83.89473684,NA,1.06122481822968,1.20798468589783,NA,0.0151102766394615,-1.01170086860657,2.46796469355738,4.31423102106367,NA,0.755513831973076,-5.32474141371878,0.43636364,0.67567568,0.5326087,0.54166667,0.84,0.69387755,0.40217391,0.66666667,0.16304348,3,5,3,2,7,2,11,0.27272727,0.45454545,0.27272727,0.18181818,0.63636364,0.18181818,1.0473830420939,68,49.31434,40.91841,54.32669,60.04118,41.55994,69.04216,62.90741,57.9996,55.52933,NA,NA,NA,57.89333,62.47854,56.05273,NA,NA,NA,59.29246,56.78655,57.02571,-0.4519,3.39924,97.78,97.1,97.16,80.26,127.14,112.76,103.34,116,117.78,NA,NA,NA,89.7,89.34,81.52,NA,NA,NA,97.5386956521739,104.225,102.376739130435,0.4673913,NA,NA,0.30434783,0.02173913,0.20652174,91.9069767441861,NA,NA,83.6464320591518,75.6500015258789,83.7210500616776,10.0973028138626,NA,NA,0.41353052003043,-4.21971321105957,10.752760234632,7.97307568927144,NA,NA,1.75719819750105,-4.31200265884399,2.80136429636102,1.10827178135514,NA,NA,1.22088717669249,0.0151214338839054,-1.02174821868539,2.57737623570963,NA,NA,4.36031134533031,0.756071694195271,-5.37762220360731,0.39130435,0.67391304,0.5326087,0.38888889,0.87096774,0.69387755,0.5,16.84285714,0.20652174,0.02173913,0.4673913,NA,0.30434783,83.7350367495888,75.626350402832,91.9331849563954,NA,83.6558401925223,10.3427654065584,-4.77594995498657,9.52227925145349,NA,-0.50620310647147,1.51866210134406,-5.49678993225098,7.00864357172057,NA,0.365289551871164,-1.02174821868539,0.0151214338839054,1.10827178135514,NA,1.22088717669249,-5.37762220360731,0.756071694195271,2.57737623570963,NA,4.36031134533031,0.39130435,0.67391304,0.5326087,0.33333333,0.90322581,0.69387755,0.5,11,83.0670110529119,13.6484125310724,0,0,110.4,2,0.18181818,"2024-07-06",0
"Andrew Heaney",15423,"2024-06-30","@BAL",13,2024,"TEX","A",33,1,0,2.57142857142857,1,1,1,0,0,0,0,0,7,28,5,2,2,0,0,0,1,1,0,10,12.8571428571429,0,6.42857142857143,10,0,0,5,7,5,0,0,0,0,0.35714286,0,0.35714286,2.08390765628261,0,0.185185185185185,0.714285714285714,0.294117647058824,0.66666667,0.737908349718367,1.8335202217102,2.24991675594023,63.8207791999634,16.2572384287857,54.1269916722953,0.714285714,0.294117647,0.294117647,0.411764705,0,0,11,14.1428571428571,25,68,93,0.0662800297141075,-0.317359983921051,0.383640021085739,1.26899993419647,0.136451631784439,0.757571458816528,0.636285722255707,0.870000004768372,0.00999999977648258,1,1,0.180177807807922,-0.0926876721345832,0,0,0.53763441,92.38,0.31182796,84.06896552,NA,NA,0.01075269,74,0.13978495,83.61538462,NA,1.21976268291473,-0.601690411567688,NA,0.054188709706068,1.02137577533722,2.43952536582947,-2.0747945226472,NA,5.4188709706068,7.85673673336322,0.42222222,0.6875,0.55913978,0.47368421,0.81818182,0.69230769,0.51612903,0.85714286,0.17204301,8,5,4,3,12,2,17,0.47058824,0.29411765,0.23529412,0.17647059,0.70588235,0.11764706,1.8511251581766,75,29.17582,44.43886,30.07261,80,40.10412,80,73.11241,59.06407,75.78389,NA,NA,NA,55.97446,56.44144,52.32787,NA,NA,NA,64.07891,56.67006,65.25366,-0.74926,2.9532,95.94,54.8,57.76,86.6,173,162.62,105.48,125.06,123.12,139.52,108.46,105.96,90.06,97.58,93.34,NA,NA,NA,99.9852631578947,107.212,105.139789473684,0.51612903,NA,0.02150538,0.31182796,0.01075269,0.13978495,92.3062540690104,NA,93.3499984741211,84.0310311153017,74,83.6999981219952,10.0388895670573,NA,10.842866897583,-0.0344179149331718,-5.33660936355591,10.7473719670222,7.56229909261068,NA,4.54073524475098,1.4811959102236,-5.69400835037231,3.00818575345553,1.11757506430149,NA,0.158049866557121,-0.0930566862225533,0.054773960262537,1.07507380098104,2.32828138396144,NA,7.90249332785606,-0.320885124905356,5.4773960262537,8.26979846908496,0.43589744,0.64814815,0.55913978,0.41176471,0.82857143,0.69230769,0.58064516,16.625,0.13978495,0.01075269,0.53763441,NA,0.31182796,83.4363450270433,73.7581024169922,92.0889453125,NA,83.7402933054957,9.96603276179387,-6.58614015579224,9.13635070800781,NA,-1.44211196899414,1.91546748234675,-7.04659986495972,6.68538513183594,NA,0.279787030713312,1.07507380098104,0.054773960262537,1.27562493085861,NA,-0.0930566862225533,8.26979846908496,5.4773960262537,2.55124986171722,NA,-0.320885124905356,0.41463415,0.67307692,0.55913978,0.41176471,0.82857143,0.69230769,0.55913978,17,87.4434886259191,17.7602754480699,1,0.05882353,106.153,6,0.35294118,"2024-06-30",0
"Andrew Heaney",15423,"2024-06-25","@MIL",13,2024,"TEX","A",33,0,1,3.6,1,1,0,0,0,0,0,0,5,23,6,2,2,1,2,0,0,0,0,4,7.2,3.6,10.8,2,0,0,6,8,3,1,0,0,0,0.17391304,0.08695652,0.08695652,4.98632643358877,1.8,0.285714285714286,1.6,0.3125,0.90909091,5.3664797782898,-1.7664797782898,5.18569322824478,89.3490908799487,129.628953269894,127.161975166701,0.75,0.176470588,0.352941176,0.470588235,0.125,0.125,1,1.8,33,57,90,0.00167998392134905,-0.495256066322327,0.496936053037643,0.494999945163727,0.050847452133894,1.20412504673004,1.04612004756927,0.920199990272522,0.828999996185303,1,1,-0.0668558478355408,0.068251038414718,0,0,0.43333333,91.87179487,0.46666667,81.61904762,0.01111111,87,0.02222222,74,0.06666667,83.66666667,NA,-1.45463752746582,0.107033669948578,-0.0620911717414856,-0.0688154324889183,0.518969058990479,-3.72983981401492,0.254842071306138,-6.20911717414856,-3.44077162444592,8.64948431650798,0.29411765,0.66666667,0.45555556,0.6,0.92307692,0.80487805,0.43333333,0.60869565,0.08888889,6,6,5,1,10,6,17,0.35294118,0.35294118,0.29411765,0.05882353,0.58823529,0.35294118,4.98656584375004,45,41.96918,38.06005,52.55378,58.78275,44.03038,58.42288,67.44593,47.44769,72.36111,NA,NA,NA,49.31324,50.39144,46.6244,20,45.87189,20,57.69778,48.79956,59.44423,-0.35282,3.54786,103,100.18,93.86,100.206666666667,96.3,94.0933333333333,110.72,111.96,108.54,114.62,118.98,109.34,98.82,96.88,93.44,85.38,-22.72,-24.6,105.199,103.9558,99.7834,0.32222222,0.01111111,0.11111111,0.46666667,0.02222222,0.06666667,91.7931034482759,86.8000030517578,92.1200012207031,81.5023832775298,74.25,83.8833312988281,9.9698170629041,4.99771308898926,10.6758636474609,-0.691026551382882,-2.53710508346558,10.1257127126058,7.07955564301589,4.0099835395813,5.10421524047852,-0.410061654590425,-6.11639976501465,2.94586245218913,-0.191181559115648,-0.0633736774325371,-1.20453108847141,0.108033422380686,-0.0700974091887474,0.566439732909203,-0.659246755571201,-6.33736774325371,-12.0453108847141,0.257222434239728,-3.50487045943737,9.44066221515338,0.26666667,0.64444444,0.45555556,0.5,0.93103448,0.80487805,0.5,19.1641791,0.07777778,0.02222222,0.43333333,NA,0.46666667,84.2480991908482,74.176399230957,91.8219526241987,NA,81.4302513485863,8.5592155456543,-3.87583494186401,9.15727820763221,NA,-2.02538263230097,2.11554799761091,-7.63605499267578,5.96511958195613,NA,-1.57426307314918,0.503066055476665,-0.0700974091887474,-1.39571264758706,NA,0.108033422380686,7.18665793538094,-3.50487045943737,-3.57875037842836,NA,0.257222434239728,0.2826087,0.63636364,0.45555556,0.53846154,0.92857143,0.80487805,0.48888889,17,88.9358987247243,18.4445908490349,2,0.11764706,107.8,8,0.47058824,"2024-06-25",0
"Andrew Heaney",15423,"2024-06-19","NYM",13,2024,"TEX","H",33,0,0,4.5,1,1,1,0,0,0,0,0,6,24,4,3,3,1,2,0,0,0,0,9,13.5,3,6,4.5,0,0,4,6,3,0,0,0,0,0.375,0.08333333,0.29166667,2.67168046897921,1.5,0.181818181818182,1,0.25,0.65217391,3.33314644495646,1.16685355504354,2.67848818451166,111.686363599936,79.8247122851686,64.7888072114456,0.666666666,0.23076923,0.307692307,0.461538461,0,0.166666666,3,4.5,32,57,89,-0.0950360372662544,-0.650868058204651,0.555832028388977,-0.0539000034332275,-0.00559709127992392,1.17345607280731,1.09053337574005,0.870000004768372,1.53839993476868,1,1,0.0794863477349281,-0.160474498436552,0,0,0.49438202,92.30232558,0.42696629,82.42105263,NA,NA,0.03370787,73,0.04494382,84.5,NA,-0.446850270032883,1.84729707241058,NA,0.0434236712753773,-0.952955484390259,-1.01556879552928,4.86130808529101,NA,1.44745570917924,-23.8238871097565,0.33333333,0.625,0.43820225,0.47368421,0.8,0.64102564,0.35955056,0.58333333,0.15730337,6,4,3,3,8,2,13,0.46153846,0.30769231,0.23076923,0.23076923,0.61538462,0.15384615,3.69942569941421,57,59.70868,38.71714,63.48293,68.39208,47.18311,77.78494,60.66938,61.67444,57.10378,NA,NA,NA,58.89738,57.0681,56.15499,NA,NA,NA,62.884,59.82954,60.69015,-0.67502,3.06456,98.18,112.36,116.56,95.57,137.56,133.38,104.34,105.14,112.96,NA,NA,NA,94.56,111.14,111.14,89.48,101.92,90.66,99.3076404494382,109.592359550562,113.090786516854,0.49438202,0.02247191,NA,0.41573034,0.03370787,0.03370787,92.234092018821,86.5500030517578,NA,82.2864891258446,73.0333353678385,83.3999989827474,10.3535461425781,3.67990016937256,NA,-0.680966609233134,-4.7515983581543,10.9953333536784,7.97197792746804,2.36056423187256,NA,-0.790930928410711,-3.04589970906576,3.44020589192708,-0.440723694860935,-0.510574247688055,NA,1.88847126439214,0.0436800308525562,-0.43550868332386,-1.00164476104758,-25.5287123844028,NA,5.10397639024902,1.45600102841854,-14.5169561107953,0.34782609,0.53488372,0.43820225,0.4375,0.7826087,0.64102564,0.48314607,16.609375,0.04545455,0.03409091,0.48863636,NA,0.43181818,84.4703521728516,73.2797342936198,92.5195766715116,NA,82.6447368421053,8.73181247711182,-5.60718981424967,9.61621803461119,NA,-1.53783778140419,1.97579157352448,-4.27405007680257,7.17796857966933,NA,-1.72114623220343,-0.921839997172356,0.0436800308525562,-0.495497655123472,NA,1.86422833055258,-23.0459999293089,1.45600102841854,-1.15232012819412,NA,4.90586402776994,0.34042553,0.56097561,0.44318182,0.4375,0.7826087,0.64102564,0.46590909,13,87.9609171549479,23.8184305826823,1,0.07692308,108.467,4,0.30769231,"2024-06-19",0
"Andrew Heaney",15423,"2024-06-14","@SEA",13,2024,"TEX","A",33,0,1,5.78571507395541,1,1,0,0,0,0,0,0,4.2,23,6,3,3,1,3,0,0,0,0,4,7.71428676527388,5.78571507395541,11.5714301479108,1.33333333,0,1,7,5,3,0,0,1,1,0.17391304,0.13043478,0.04347826,5.33847010288616,1.92857169131847,0.3,1.92857169131847,0.333333333333333,0.78947368,6.16648018700741,-0.380765113052005,5.00077474914465,143.596772763425,149.224074488083,122.561652834161,1.4,0.2,0.466666666,0.333333333,0,0.2,2,3.85714338263694,29,52,81,-0.149422004818916,-0.482097983360291,0.332675993442535,-1.05099999904633,-0.119363993406296,0.999895632266998,0.879320025444031,0.907400012016296,0.746999979019165,1,1,-0.224967941641808,0.0755303403592202,0,0,0.45679012,90.89189189,0.25925926,81.95238095,NA,NA,NA,NA,0.28395062,83.56521739,NA,-0.933856427669525,-0.815132737159729,NA,NA,0.691066861152649,-2.52393629099872,-3.88158446266538,NA,NA,3.00463852675065,0.31914894,0.76470588,0.50617284,0.66666667,0.96153846,0.85365854,0.41975309,0.60869565,0.07407407,6,6,4,2,10,4,16,0.375,0.375,0.25,0.125,0.625,0.25,6.46939927772189,38,59.0845,37.46625,69.01914,NA,NA,NA,41.2454,58.55357,34.51491,NA,NA,NA,45.33183,47.47471,45.19068,NA,NA,NA,45.07297,50.2889,47.25397,0.43151,4.72436,87.76,134.36,125.28,NA,NA,NA,100.2,71.7,76,NA,NA,NA,92.48,90.22,82.76,NA,NA,NA,94.7525,93.793,91.3265,0.45679012,NA,NA,0.25925926,NA,0.28395062,90.8594607791385,NA,NA,81.8857131231399,NA,83.5130456012228,9.98921244853252,NA,NA,-0.809514091128395,NA,10.6609921662704,8.08382023991765,NA,NA,-0.527225448971703,NA,3.18324711011804,-0.959219764918089,NA,NA,-0.772316284477711,NA,0.679361466318369,-2.59248585112997,NA,NA,-3.677696592751,NA,2.95374550573204,0.275,0.73170732,0.50617284,0.63636364,0.93333333,0.85365854,0.50617284,16.68965517,0.28395062,NA,0.45679012,NA,0.25925926,83.7850501019022,NA,91.1429806271115,NA,82.1344924200149,10.2135640019956,NA,9.19494298986486,NA,-1.69652284894671,2.00027979975161,NA,7.14669222445101,NA,-1.81817081996373,0.679361466318369,NA,-0.959219764918089,NA,-0.772316284477711,2.95374550573204,NA,-2.59248585112997,NA,-3.677696592751,0.31707317,0.7,0.50617284,0.61538462,0.96428571,0.85365854,0.49382716,16,91.6891043526786,13.3010177612305,2,0.125,110.008,5,0.3125,"2024-06-14",0
"Andrew Heaney",15423,"2024-06-08","SFG",13,2024,"TEX","H",33,0,1,4.7647064169386,1,1,0,0,0,0,0,0,5.2,23,5,3,3,1,1,0,0,0,0,5,7.94117736156434,1.58823547231287,7.94117736156434,5,0,0,3,9,5,0,0,0,0,0.2173913,0.04347826,0.17391304,4.43650034669099,1.58823547231287,0.227272727272727,1.05882364820858,0.25,0.65217391,4.22530342649837,0.53940299044023,4.33261090724327,118.256162962034,101.677106369555,105.939360358835,0.333333333,0.294117647,0.176470588,0.529411764,0,0.111111111,1,1.58823547231287,22,61,83,-0.103799991309643,-0.42167204618454,0.317872047424316,-0.484900057315826,-0.0503530688583851,0.781808733940125,0.800733327865601,0.870000004768372,1.23559999465942,1,1,0.0616432875394821,-0.194412322731141,0,0,0.40963855,91.82352941,0.31325301,81.5,NA,NA,0.02409639,76,0.25301205,83.71428571,NA,0.552753806114197,0.997865080833435,NA,-1.37149047851562,0.140149772167206,1.62574648857117,3.83794261859014,NA,-68.5745239257812,0.667379867462885,0.46938776,0.67647059,0.55421687,0.52173913,0.91304348,0.7173913,0.40963855,0.86956522,0.15662651,9,4,4,1,13,3,17,0.52941176,0.23529412,0.23529412,0.05882353,0.76470588,0.17647059,5.53696956119792,51,46.68926,38.59386,52.60033,80,45.97265,80,53.35587,55.50319,48.51823,NA,NA,NA,57.44447,53.58443,59.52247,NA,NA,NA,53.52546,51.54217,55.66796,-0.09361,3.93668,96.94,100.4,97.66,80.64,155.44,151.88,103.7,98.98,93.78,149.76,240.94,241.74,94.42,120.52,115.58,NA,NA,NA,99.1369047619048,109.036428571429,104.642380952381,0.39759036,NA,0.01204819,0.31325301,0.02409639,0.25301205,91.8484848484848,NA,92.4000015258789,81.4346172626202,76.0500030517578,83.7857142857143,10.0282306093158,NA,12.4669027328491,-0.466012514554537,-5.55391883850098,10.641116914295,7.92718875769413,NA,4.94228935241699,-1.41789993873009,-3.51005625724792,2.74529030209496,0.413971666246653,NA,0.184771567583084,1.09120650589466,-1.3723039329052,0.180857565253973,1.25445959468683,NA,18.4771567583084,4.19694809959485,-68.6151966452599,0.861226501209395,0.48888889,0.63157895,0.55421687,0.54545455,0.875,0.7173913,0.45783133,15.76666667,0.25301205,0.02409639,0.40963855,NA,0.31325301,83.8529750279018,76.059700012207,91.9497213924632,NA,81.4775202824519,10.0912308465867,-6.22583484649658,9.36541209501379,NA,-1.32920910761907,1.52515175229027,-4.71615028381348,6.90115805233226,NA,-2.66194974459135,0.180857565253973,-1.3723039329052,0.598743233829737,NA,1.09120650589466,0.861226501209395,-68.6151966452599,1.76100951126393,NA,4.19694809959485,0.47826087,0.64864865,0.55421687,0.54545455,0.875,0.7173913,0.44578313,17,91.1092744715073,24.0948953067555,1,0.05882353,109.173,5,0.29411765,"2024-06-08",0
"Andrew Heaney",15423,"2024-06-02","@MIA",13,2024,"TEX","A",33,1,0,0,1,1,1,0,0,0,0,0,6,21,4,0,0,0,0,0,0,0,0,7,10.5,0,6,7,0,0,6,2,6,0,0,0,0,0.33333333,0,0.33333333,1.95636854377868,0,0.19047619047619,0.666666666666667,0.285714285714286,1,0.833146444956462,-0.833146444956462,1.33714924703042,0,18.5899897629649,31.4195544486677,3,0.428571428,0.428571428,0.142857142,0,0,4,6,31,63,94,0.290919989347458,-0.143840000033379,0.434760004281998,3.13199996948242,0.311641782522202,0.9610475897789,0.903999984264374,0.837999999523163,0.722000002861023,1,1,0.288386344909668,0.0143249801500903,0,0,0.4787234,91.66666667,0.26595745,82.2,NA,NA,0.0106383,78,0.24468085,84.13043478,NA,0.929257035255432,0.926970362663269,NA,0.0389156937599182,1.08101451396942,2.06501563390096,3.70788145065308,NA,3.89156937599182,4.70006310421488,0.44262295,0.75757576,0.55319149,0.62962963,0.8,0.71153846,0.35106383,0.66666667,0.15957447,5,4,5,2,6,6,14,0.35714286,0.28571429,0.35714286,0.14285714,0.42857143,0.42857143,3.06919749948581,74,50.05757,38.6329,51.18345,80,41.10992,80,68.63425,58.44259,63.77124,NA,NA,NA,51.2753,56.26312,45.17705,NA,NA,NA,60.91936,53.56078,57.15168,-0.55297,3.24764,92.48,103.06,97.12,89.32,125.826666666667,109.066666666667,108.22,115.7,117.18,NA,NA,NA,93.16,108.96,100.68,NA,NA,NA,100.007789473684,111.256842105263,107.898736842105,0.4787234,NA,NA,0.26595745,0.0106383,0.24468085,91.6311089409722,NA,NA,82.092001953125,78.3000030517578,84.0826097571332,9.74909939236111,NA,NA,-0.948190536499023,-3.29033470153809,11.0838284699813,8.45826958550347,NA,NA,0.0125301933288574,-2.64558076858521,4.44396707286005,1.00476732850075,NA,NA,0.935619853436947,0.039364367723465,1.13695269450545,2.23281628555722,NA,NA,3.74247941374779,3.9364367723465,4.94327258480632,0.35416667,0.76086957,0.55319149,0.52941176,0.8,0.71153846,0.4893617,17.80821918,0.24468085,0.0106383,0.4787234,NA,0.26595745,84.5275188943614,78.7570037841797,92.0898111979167,NA,82.51568359375,10.2172294284986,-4.25029993057251,8.69544949001736,NA,-2.07464385986328,2.95332568624745,-4.26591014862061,7.29373440212674,NA,-1.51632415771484,1.13695269450545,0.039364367723465,1.00476732850075,NA,0.935619853436947,4.94327258480632,3.9364367723465,2.23281628555722,NA,3.74247941374779,0.36170213,0.74468085,0.55319149,0.52941176,0.8,0.71153846,0.5,14,91.3165631975446,13.7503084455218,0,0,106.173,7,0.5,"2024-06-02",0
"Andrew Heaney",15423,"2024-05-28","ARI",13,2024,"TEX","H",33,1,0,0,1,0,0,0,0,0,0,0,2.1,10,2,0,0,0,1,0,0,0,0,1,3.85714338263694,3.85714338263694,7.71428676527388,1,0.25,0,4,3,1,0,1,0,0,0.1,0.1,0,5.46955908401489,0,0.222222222222222,1.28571446087898,0.25,1,3.59505126524946,-3.59505126524946,5.53906233809949,0,86.2397798843162,135.952939788546,1.333333333,0.125,0.5,0.375,0,0,3,11.5714301479108,17,24,41,-0.0468439683318138,-0.197272017598152,0.150428041815758,-0.0869999676942825,-0.00903426297008991,1.19412004947662,1.01746666431427,0.895199954509735,4.1003999710083,1,1,0.065370686352253,-0.104599546425698,0,0,0.68292683,91.64285714,0.2195122,80.66666667,NA,NA,0.04878049,79.5,0.04878049,83.5,NA,0.0712562873959541,-0.426487058401108,NA,0.196974962949753,0.568461894989014,0.254486740699836,-4.73874509334564,NA,9.84874814748764,28.4230947494507,0.24,0.6875,0.41463415,0.83333333,0.81818182,0.82352941,0.3902439,0.5,0.07317073,5,2,1,1,6,1,8,0.625,0.25,0.125,0.125,0.75,0.125,3.12648579245484,NA,79.67325,40.63219,75.64775,NA,NA,NA,49.922,58.20345,49.92997,NA,NA,NA,34.24229,41.51922,34.10058,NA,NA,NA,48.8203,51.0124,50.41352,0.1987,4.37514,100.78,149.12,158,NA,NA,NA,108.5,80.16,89.64,NA,NA,NA,87.1,89.48,81.1,NA,NA,NA,104.003902439024,89.5975609756098,94.9151219512195,0.68292683,NA,NA,0.26829268,NA,0.04878049,91.6964285714286,NA,NA,80.4545454545455,NA,83.75,9.89290836879185,NA,NA,-2.69587880914862,NA,10.6025419235229,8.15698351178851,NA,NA,-2.02345587990501,NA,3.53560566902161,0.0667817890644073,NA,NA,-0.235091123729944,NA,0.617837905883789,0.238506389515741,NA,NA,-2.13719203390858,NA,30.8918952941895,0.31818182,0.52631579,0.41463415,0.85714286,0.8,0.82352941,0.46341463,16.74193548,0.04878049,NA,0.68292683,NA,0.26829268,83.7439498901367,NA,91.7040841238839,NA,80.4410566850142,9.91232490539551,NA,9.01945604596819,NA,-3.72964581576261,2.20507192611694,NA,7.34651838030134,NA,-3.27538264881481,0.617837905883789,NA,0.0667817890644073,NA,-0.235091123729944,30.8918952941895,NA,0.238506389515741,NA,-2.13719203390858,0.28571429,0.55,0.41463415,0.83333333,0.81818182,0.82352941,0.48780488,8,84.4498825073242,14.8291816711426,0,0,107.868,2,0.25,"2024-05-28",0
"Andrew Heaney",15423,"2024-05-23","@PHI",13,2024,"TEX","A",33,0,1,8.10000077247627,1,1,0,0,0,0,0,0,3.1,21,9,4,3,1,2,0,0,0,0,1,2.70000025749209,5.40000051498418,24.3000023174288,0.5,0,0,5,7,6,0,0,0,0,0.04761905,0.0952381,-0.04761905,6.91692636887042,2.70000025749209,0.473684210526316,3.30000031471255,0.470588235294118,0.72916667,8.26648026466374,-0.166479492187474,7.54169784860903,201.035473652121,200.66124330884,185.773644067356,0.714285714,0.333333333,0.277777777,0.388888888,0,0.142857142,1,2.70000025749209,30,52,82,-0.308764040470123,-0.683798015117645,0.375033974647522,-3.57000017166138,-0.365591406822205,1.37504756450653,1.00244998931885,0.870000004768372,1.09060001373291,1,1,-0.334318041801453,0.109770143648613,0,0,0.57317073,92.0212766,0.23170732,82.36842105,NA,NA,0.03658537,78,0.15853659,84.30769231,NA,-3.61502695083618,-0.0616684034466743,NA,-0.463952898979187,-0.776716768741608,-7.69154670390677,-0.324570544456181,NA,-15.4650966326396,-5.97474437493544,0.41818182,0.77777778,0.53658537,0.69565217,0.9047619,0.79545455,0.32926829,0.52380952,0.1097561,9,6,3,1,10,7,18,0.5,0.33333333,0.16666667,0.05555556,0.55555556,0.38888889,9.86763264138978,20,56.10797,39.37233,62.43572,38.58684,49.43086,41.72275,49.51341,52.77954,49.56621,NA,NA,NA,50.16047,51.53857,42.32202,NA,NA,NA,49.13881,48.75621,50.15939,0.17891,4.34546,93.3,109.08,100.92,78.8066666666667,120.193333333333,112.3,102.84,98.22,99.2,NA,NA,NA,92.98,106.78,99.12,NA,NA,NA,98.1636585365854,102.729024390244,99.9334146341463,0.57317073,NA,NA,0.24390244,0.02439024,0.15853659,91.997870262633,NA,NA,82.1950012207031,77,84.3230731670673,9.44342235808677,NA,NA,-0.89672966003418,-7.18345642089844,10.5108184814453,8.04445307305519,NA,NA,-0.486043453216553,-4.31161975860596,3.45610046386719,-3.64495239779353,NA,NA,-0.10151182487607,-0.436161175370216,-0.790872149169445,-7.75521786764581,NA,NA,-0.50755912438035,-21.8080587685108,-6.08363191668804,0.42857143,0.6969697,0.53658537,0.71428571,0.86956522,0.79545455,0.40243902,19.36065574,0.15853659,0.02439024,0.57317073,NA,0.24390244,84.315908578726,77.0009460449219,91.9990961602394,NA,82.1646850585937,9.95062255859375,-7.74290466308594,8.70295682866523,NA,-1.70540351867676,2.02846747178298,-5.69619464874268,7.12525193234707,NA,-1.93624401092529,-0.790872149169445,-0.436161175370216,-3.64495239779353,NA,-0.10151182487607,-6.08363191668804,-21.8080587685108,-7.75521786764581,NA,-0.50755912438035,0.4375,0.67647059,0.53658537,0.71428571,0.86956522,0.79545455,0.41463415,18,92.2152303059896,16.679450141059,1,0.05555556,105.729,9,0.5,"2024-05-23",0
"Andrew Heaney",15423,"2024-05-17","LAA",13,2024,"TEX","H",33,0,1,4.9090917603045,1,1,0,0,0,0,0,0,3.2,19,5,3,2,1,2,0,0,0,0,5,12.2727294007612,4.9090917603045,12.2727294007612,2.5,0.25,0,4,4,4,0,1,0,0,0.26315789,0.10526316,0.15789474,4.02996176764818,2.45454588015225,0.294117647058824,1.90909124011842,0.363636363636364,0.71428571,5.62102565844204,-0.711933898137548,3.72503450010988,121.839690508182,135.863771806011,90.8243360083119,1,0.333333333,0.333333333,0.333333333,0,0.25,1,2.45454588015225,34,50,84,-0.186820015311241,-0.552239954471588,0.365419954061508,-1.35389995574951,-0.140591904520988,1.20937144756317,0.97790002822876,0.870000004768372,0.945199966430664,1,1,-0.252042829990387,0.097565877778827,0,0,0.54216867,91.02222222,0.36144578,81.26666667,NA,NA,0.04819277,75,0.04819277,83.25,0.01190476,-0.313020408153534,-0.992079854011536,NA,-0.0537051558494568,-0.394108235836029,-0.695600907007853,-3.30693284670512,NA,-1.34262889623642,-9.85270589590073,0.22222222,0.71052632,0.44578313,0.5,0.77777778,0.7027027,0.45783133,0.42105263,0.13095238,3,8,1,3,4,5,12,0.25,0.66666667,0.08333333,0.25,0.33333333,0.41666667,7.01558363528388,37,48.66037,37.42465,57.16254,40.41336,43.78966,36.46978,50.90878,51.12733,45.01605,NA,NA,NA,50.5159,50.04328,45.85266,NA,NA,NA,49.90653,48.63459,45.07557,0.13122,4.27392,91.44,101.96,91.38,81.028,121.236,108.968,101.62,94.38,91.52,NA,NA,NA,92.3,114.32,106.56,NA,NA,NA,96.6325301204819,103.330120481928,97.8192771084337,0.54216867,NA,NA,0.36144578,0.04819277,0.04819277,91.0666666666667,NA,NA,81.2600016276042,74.9499969482422,83.0500030517578,9.88089803059896,NA,NA,-0.556958707173665,-4.9448070526123,10.2579870223999,7.57840915256076,NA,NA,-0.516867033640544,-4.39130163192749,2.56169533729553,-0.241217352449894,NA,NA,-1.00283208861947,-0.054975975304842,-0.401615522801876,-0.536038560999764,NA,NA,-3.34277362873157,-1.37439938262105,-10.0403880700469,0.18918919,0.65217391,0.44578313,0.28571429,0.8,0.7027027,0.55421687,19.72307692,0.04819277,0.04819277,0.54216867,NA,0.36144578,83.3268737792969,75.2093048095703,91.3544921875,NA,81.5260579427083,9.8032398223877,-5.67292022705078,9.01428426106771,NA,-1.43702481587728,1.51495003700256,-5.46100759506226,6.81233045789931,NA,-1.62739384969076,-0.401615522801876,-0.054975975304842,-0.252023123204708,NA,-1.00283208861947,-10.0403880700469,-1.37439938262105,-0.560051384899351,NA,-3.34277362873157,0.20512821,0.65909091,0.44578313,0.375,0.79310345,0.7027027,0.53012048,12,89.8357645670573,8.32955233256022,2,0.16666667,108.23,6,0.5,"2024-05-17",0
"Andrew Heaney",15423,"2024-05-11","@COL",13,2024,"TEX","A",33,0,0,3.6,1,1,0,0,0,0,0,0,5,22,8,2,2,1,0,0,0,0,0,8,14.4,0,14.4,8,0.333333333,0,3,6,5,1,1,0,0,0.36363636,0,0.36363636,2.11743983326419,1.8,0.363636363636364,1.6,0.538461538461538,0.90909091,2.5664797782898,1.03352022171021,1.78088986575604,89.3490908799487,61.0460640450261,42.4587425715232,0.5,0.357142857,0.214285714,0.428571428,0.166666666,0.166666666,2,3.6,28,57,85,-0.0185200031846762,-0.451527982950211,0.433007955551147,0.64900004863739,0.0564838983118534,1.03563475608826,1.08833336830139,0.870000004768372,2.00519990921021,1,1,0.0235087387263775,-0.0413914942787586,0,0,0.67058824,91.12280702,0.21176471,82.72222222,NA,NA,0.01176471,75,0.10588235,84.11111111,NA,2.29994416236877,-2.4749116897583,NA,0.0389156937599182,-1.57358539104462,4.03498975854171,-13.7495093875461,NA,3.89156937599182,-17.484282122718,0.34,0.74285714,0.50588235,0.47058824,0.69230769,0.60465116,0.41176471,0.63636364,0.2,8,2,4,2,8,4,14,0.57142857,0.14285714,0.28571429,0.14285714,0.57142857,0.28571429,4.00643222440957,49,43.34437,26.10662,45.63219,80,39.19237,80,53.0164,44.92171,55.52196,NA,NA,NA,31.15904,48.67027,25.97825,NA,NA,NA,46.91935,39.62219,49.6377,0.3168,4.55229,74.64,100.9,87.24,69.08,177,163.6,79.18,100.06,81.66,NA,NA,NA,86.34,82.36,69.06,NA,NA,NA,80.0967058823529,97.3058823529412,80.5465882352941,0.67058824,NA,NA,0.21176471,0.01176471,0.10588235,91.0614035087719,NA,NA,82.6833360460069,75,83.9888916015625,7.78571680972451,NA,NA,-0.662469916873508,-4.06147956848145,7.72793155246311,6.52564493815104,NA,NA,-0.0219122668107351,-3.12580108642578,2.64031325446235,2.40703007206321,NA,NA,-2.50218978151679,0.039364367723465,-1.59351808577776,4.22285977554949,NA,NA,-13.9010543417599,3.9364367723465,-17.7057565086418,0.3255814,0.69047619,0.50588235,0.42857143,0.68965517,0.60465116,0.49411765,17.70491803,0.10588235,0.01176471,0.67058824,NA,0.21176471,84.791754828559,75.7906036376953,91.8721902412281,NA,83.4776340060764,6.7922609117296,-5.15628004074097,6.73644751833196,NA,-2.00404251946343,2.63582441541884,-2.95900011062622,6.7415841085869,NA,-0.0813224713007609,-1.59351808577776,0.039364367723465,2.40703007206321,NA,-2.50218978151679,-17.7057565086418,3.9364367723465,4.22285977554949,NA,-13.9010543417599,0.34146341,0.65909091,0.50588235,0.42857143,0.68965517,0.60465116,0.51764706,14,92.143790108817,18.5838426862444,1,0.07142857,107.482,6,0.42857143,"2024-05-11",0
"Andrew Heaney",15423,"2024-05-06","@OAK",13,2024,"TEX","A",33,0,0,1.5,1,1,1,0,0,0,0,0,6,26,7,2,1,0,0,0,0,0,0,5,7.5,0,10.5,5,0.25,0,8,12,1,1,2,0,0,0.19230769,0,0.19230769,4.07321133408545,0,0.269230769230769,1.16666666666667,0.333333333333333,0.71428571,1.49981311162313,0.000186888376871197,4.52382992406686,37.2287878666453,34.9192491022192,110.696424757054,0.666666666,0.047619047,0.38095238,0.571428571,0.083333333,0,0,0,26,71,97,-0.0214200057089329,-0.323648005723953,0.302228003740311,0.10899992287159,0.011951744556427,0.88043075799942,0.714342832565308,0.870000004768372,0.474799990653992,1,1,-0.0169342830777168,-0.0073947235072019,0,0,0.46391753,92.04444444,0.24742268,82.125,NA,NA,0.04123711,76.5,0.24742268,84.70833333,NA,0.0957472920417786,-0.336463898420334,NA,0.115990772843361,-0.149366363883018,0.212771760092841,-1.40193291008472,NA,2.89976932108402,-0.622359849512577,0.47457627,0.73684211,0.57731959,0.67857143,0.89285714,0.78571429,0.39175258,0.76923077,0.12371134,7,8,6,2,14,5,21,0.33333333,0.38095238,0.28571429,0.0952381,0.66666667,0.23809524,0.45338444371205,60,60.86563,39.59221,69.7547,80,42.92446,80,52.37929,54.715,54.94142,NA,NA,NA,55.28881,46.4934,53.16162,NA,NA,NA,56.9733,48.11692,63.5082,-0.30781,3.61538,92.54,115.26,105.08,82.56,131.86,121.94,106.06,85.2,84.58,NA,NA,NA,92.72,117.76,108.3,NA,NA,NA,98.5047916666666,102.46,96.9445833333333,0.46391753,NA,NA,0.24742268,0.04123711,0.24742268,92.0066623263889,NA,NA,82.1499989827474,76.4749984741211,84.5625,9.80488959418403,NA,NA,-0.740686496098836,-5.56873178482056,10.888053894043,7.84967719184028,NA,NA,-0.10185964902242,-5.35657405853271,3.41653219858805,0.0863929986953735,NA,NA,-0.32232653722167,0.11705956608057,-0.149887192994356,0.191984441545275,NA,NA,-1.34302723842363,2.92648915201426,-0.624529970809817,0.44897959,0.70833333,0.57731959,0.59090909,0.91176471,0.78571429,0.49484536,15.28169014,0.24742268,0.04123711,0.46391753,NA,0.24742268,85.0124053955078,76.8879013061523,92.4789713541667,NA,82.5774536132812,10.7226371765137,-5.76819229125977,9.37580905490451,NA,-1.07345620791117,1.93123404184977,-6.69036769866943,6.897265625,NA,-1.44707504908244,-0.149887192994356,0.11705956608057,0.0863929986953735,NA,-0.32232653722167,-0.624529970809817,2.92648915201426,0.191984441545275,NA,-1.34302723842363,0.45833333,0.69387755,0.57731959,0.63636364,0.88235294,0.78571429,0.50515464,21,89.9516252790179,22.1979486374628,1,0.04761905,104.332,7,0.33333333,"2024-05-06",0
"Andrew Heaney",15423,"2024-05-01","WSN",13,2024,"TEX","H",33,0,1,1.28571428571429,1,1,1,0,0,0,0,0,7,23,4,1,1,0,0,0,0,0,0,4,5.14285714285714,0,5.14285714285714,4,0,0,9,8,2,0,0,0,0,0.17391304,0,0.17391304,3.90933967740994,0,0.173913043478261,0.571428571428571,0.210526315789474,0.75,2.02362263543265,-0.737908349718366,3.75163224254336,31.9103895999817,47.7493814402048,91.4860231966734,1.125,0.105263157,0.47368421,0.421052631,0,0,0,0,24,51,75,0.243812039494514,-0.204539999365807,0.448352038860321,2.43709993362427,0.2530737221241,0.898069560527802,0.918057143688202,0.870000004768372,0.887199997901917,1,1,0.288544595241547,-0.0170600129657322,0,0,0.56756757,91.76190476,0.25675676,81.68421053,NA,NA,0.02702703,77,0.14864865,83.45454545,0.01333333,2.21540093421936,0.106411695480347,NA,0.288738936185837,0.811325430870056,5.27476412909372,0.560061555159719,NA,14.4369468092918,7.37568573518233,0.28205128,0.62857143,0.44594595,0.63636364,0.95454545,0.84848485,0.47297297,0.60869565,0.06666667,9,4,6,2,9,8,19,0.47368421,0.21052632,0.31578947,0.10526316,0.47368421,0.42105263,1.26979932884938,74,54.36833,40.36118,55.75439,80,52.9227,80,66.31439,56.05822,67.61947,NA,NA,NA,48.76816,55.61014,47.05202,NA,NA,NA,63.09322,52.96023,64.69949,-0.68802,3.04506,100.4,110.76,114.92,81.17,131.88,129.15,109.26,108.1,109.38,NA,NA,NA,96.14,103.28,97.24,NA,NA,NA,103.815135135135,107.900540540541,107.620810810811,0.56756757,NA,NA,0.27027027,0.01351351,0.14864865,91.7190464564732,NA,NA,81.5200012207031,74.8000030517578,83.4272738370028,9.87935674758184,NA,NA,-0.942647743225098,-5.58199596405029,10.9911596124822,7.95462835402716,NA,NA,-0.30599889755249,-6.24571943283081,3.33304283835671,2.247707426548,NA,NA,0.357429593801498,0.039364367723465,0.823635257780552,5.35168434892382,NA,NA,1.78714796900749,3.9364367723465,7.48759325255047,0.33333333,0.53658537,0.44594595,0.63636364,0.95454545,0.84848485,0.55405405,16.25,0.14864865,0.01351351,0.56756757,NA,0.27027027,83.5273992365057,74.9520034790039,91.8311883835566,NA,81.6068969726562,10.2526501742276,-6.6098198890686,8.96265811011905,NA,-1.85813369750977,2.00487223538485,-7.58227014541626,6.98877679734003,NA,-1.59906330108643,0.823635257780552,0.039364367723465,2.247707426548,NA,0.342020001262426,7.48759325255047,3.9364367723465,5.35168434892382,NA,1.71010000631213,0.27272727,0.58536585,0.44594595,0.55555556,0.95833333,0.84848485,0.55405405,19,89.6501721833882,14.8447040758635,0,0,103.441,9,0.47368421,"2024-05-01",0
"Andrew Heaney",15423,"2024-04-25","SEA",13,2024,"TEX","H",33,0,1,6,1,1,0,0,0,0,0,0,6,23,5,4,4,2,0,0,0,0,0,7,10.5,0,7.5,7,0,0,4,7,5,0,0,0,0,0.30434783,0,0.30434783,2.70483494382704,3,0.217391304347826,0.833333333333333,0.214285714285714,0.45454545,5.1664797782898,0.833520221710204,2.59715625221531,148.915151466581,124.730175468118,62.765466405744,0.571428571,0.3125,0.25,0.4375,0,0.285714285,2,3,20,59,79,-0.194896012544632,-0.53875994682312,0.343863964080811,-1.05390000343323,-0.109439253807068,0.775583326816559,0.8817999958992,0.870000004768372,0.588800013065338,1,1,-0.0544173717498779,-0.196872213528596,0,0,0.46835443,91.16216216,0.34177215,81.44444444,NA,NA,NA,NA,0.18987342,83.86666667,NA,-1.29557693004608,1.14467108249664,NA,NA,0.135653957724571,-3.50155927039481,4.23952252776534,NA,NA,0.904359718163808,0.44736842,0.65853659,0.55696203,0.64705882,0.85185185,0.77272727,0.51898734,0.65217391,0.12658228,6,6,4,1,8,7,16,0.375,0.375,0.25,0.0625,0.5,0.4375,6.69422638909758,48,68.86674,36.08415,80,NA,NA,NA,60.67643,49.21528,58.88721,NA,NA,NA,65.81376,51.21046,69.65591,NA,NA,NA,67.28746,47.48569,73.54628,-0.94859,2.65421,94.86,123.68,108.64,NA,NA,NA,96.6,110.48,100.88,NA,NA,NA,91.7,123.56,109.6,NA,NA,NA,94.6701298701299,117.298181818182,105.222857142857,0.46835443,NA,NA,0.34177215,NA,0.18987342,91.1081081081081,NA,NA,81.462962962963,NA,83.8533365885417,9.49671482395481,NA,NA,-0.667634893346716,NA,10.5806142171224,7.54730554529139,NA,NA,-0.420954810248481,NA,2.94131495157878,-1.24084788188338,NA,NA,1.15641765668988,NA,0.181265559047461,-3.35364292400914,NA,NA,4.28302835811068,NA,1.2084370603164,0.375,0.68085106,0.55696203,0.66666667,0.8125,0.77272727,0.59493671,15.92857143,0.18987342,NA,0.46835443,NA,0.34177215,84.0876139322917,NA,91.3620737436655,NA,81.6996799045139,9.9693369547526,NA,8.73772945919552,NA,-1.52692144888419,1.95181516011556,NA,6.90455627441406,NA,-1.45855543348524,0.181265559047461,NA,-1.24084788188338,NA,1.15641765668988,1.2084370603164,NA,-3.35364292400914,NA,4.28302835811068,0.42857143,0.65909091,0.55696203,0.6,0.86206897,0.77272727,0.55696203,16,96.1322250366211,18.2911720275879,3,0.1875,108.642,10,0.625,"2024-04-25",0
"Andrew Heaney",15423,"2024-04-19","@ATL",13,2024,"TEX","A",33,0,0,5.4,1,1,0,0,0,0,0,0,5,20,3,3,3,2,2,0,0,0,0,5,9,3.6,5.4,2.5,0,0,2,10,1,3,0,0,0,0.25,0.1,0.15,5.11953408401489,3.6,0.166666666666667,1,0.0909090909090909,0.90909091,7.5664797782898,-2.1664797782898,5.39049659073353,134.023636319923,183.515509089434,132.256985069558,0.2,0.076923076,0.153846153,0.769230769,0.3,0.2,3,5.4,30,60,90,-0.0944159775972366,-0.391300022602081,0.296884030103683,-0.464999943971634,-0.0472560971975327,0.868860006332397,0.863680005073547,0.920000016689301,1.32000005245209,1,1,-0.0404237248003483,-0.0682427771782411,0,0,0.56666667,91.52941176,0.26666667,81.54166667,NA,NA,0.05555556,75.8,0.11111111,83.7,NA,0.755094945430756,0.813986778259277,NA,-1.79864859580994,0.0486331693828106,1.48057832437403,3.39161157608032,NA,-35.9729719161987,0.486331693828106,0.26086957,0.75,0.5,0.66666667,0.84848485,0.8,0.48888889,0.7,0.1,6,3,4,4,4,5,13,0.46153846,0.23076923,0.30769231,0.30769231,0.30769231,0.38461538,5.81233689919919,43,47.37726,38.23463,50.16934,80,41.80109,80,57.01438,43.873,64.61296,NA,NA,NA,61.29373,61.72068,60.54804,NA,NA,NA,59.6789,45.64752,67.46639,-0.4759,3.36324,98.12,102.98,91.76,69.78,138.6,127.28,93.12,99,85.08,NA,NA,NA,101.58,127.86,118.94,NA,NA,NA,94.6348888888889,109.338222222222,97.196,0.56666667,NA,NA,0.26666667,0.05555556,0.11111111,91.4411764705882,NA,NA,81.5499979654948,75.8800048828125,83.7099975585938,9.05444994159773,NA,NA,-0.215359409650167,-4.02573432922363,10.1857109069824,7.62087474149816,NA,NA,0.0570561687151591,-3.9093620300293,3.6085506439209,0.773611433804035,NA,NA,0.820778600871563,-1.80599741265178,0.0480499863624573,1.51688516432164,NA,NA,3.41991083696485,-36.1199482530355,0.480499863624573,0.24324324,0.67924528,0.5,0.55555556,0.86111111,0.8,0.58888889,18.54285714,0.11111111,0.05555556,0.56666667,NA,0.26666667,84.0291076660156,76.2020385742187,91.7936868106618,NA,81.8961130777995,9.53183288574219,-4.99556999206543,8.10494037702972,NA,-1.20705517133077,2.46167411804199,-5.31050415039063,6.82544902726716,NA,-1.22942956288656,0.0480499863624573,-1.80599741265178,0.773611433804035,NA,0.820778600871563,0.480499863624573,-36.1199482530355,1.51688516432164,NA,3.41991083696485,0.23684211,0.69230769,0.5,0.55555556,0.86111111,0.8,0.57777778,13,93.2999361478365,40.8885075495793,4,0.30769231,112.28,7,0.53846154,"2024-04-19",0
"Andrew Heaney",15423,"2024-04-13","@HOU",13,2024,"TEX","A",33,0,0,4.9090917603045,1,1,0,0,0,0,0,0,3.2,20,4,2,2,0,4,0,1,1,0,1,2.45454588015225,9.81818352060899,9.81818352060899,0.25,0,0,7,6,1,0,0,0,0,0.05,0.2,-0.15,8.27996158401489,0,0.266666666666667,2.18181856013533,0.285714285714286,0.77777778,6.71193493850971,-1.80284317820521,9.18613094134134,121.839690508182,162.584382630748,226.683142770125,1.166666666,0.071428571,0.5,0.428571428,0,0,2,4.9090917603045,37,42,79,0.0402020066976547,-0.394073963165283,0.434275954961777,0.487999975681305,0.0517223030328751,1.5932285785675,1.0118499994278,0.910000026226044,2.27939987182617,1,1,-0.098270945250988,0.123503989171027,0,0,0.62025316,90.7755102,0.21518987,80.88235294,NA,NA,0.02531646,77,0.13924051,83.90909091,NA,1.20317661762238,-2.049396276474,NA,0.00450797751545906,-0.226378530263901,2.45546248494362,-12.0552722145529,NA,0.225398875772953,-2.05798663876273,0.23529412,0.64285714,0.37974684,0.75,0.94444444,0.86666667,0.35443038,0.55,0.05063291,6,6,2,0,10,4,14,0.42857143,0.42857143,0.14285714,0,0.71428571,0.28571429,5.15530391816061,40,39.2164,35.60976,37.70045,80,48.05907,80,46.43533,56.37293,47.16265,NA,NA,NA,52.183,49.00585,52.86403,NA,NA,NA,45.9254,49.92481,48.44568,0.37855,4.64492,92.06,91.42,76.66,86.55,100.06,85.34,98.92,83.18,82.34,NA,NA,NA,86.98,120.92,109.78,NA,NA,NA,95.0713924050633,92.3478481012658,86.9111392405063,0.62025316,NA,NA,0.21518987,0.02531646,0.13924051,90.734693877551,NA,NA,80.8941147748162,76.6999969482422,83.9363625266335,10.2918526785714,NA,NA,-1.93822008020738,-6.61844444274902,11.088154185902,7.94683713329082,NA,NA,-0.751629212323357,-3.29974746704102,3.3292929909446,1.20784179866314,NA,NA,-2.088622469455,0.00431566312909126,-0.228357218205929,2.46498326257784,NA,NA,-12.2860145262059,0.215783156454563,-2.07597471096299,0.22916667,0.61290323,0.37974684,0.63636364,0.94736842,0.83333333,0.39240506,19.62711864,0.13924051,0.01265823,0.62025316,NA,0.2278481,84.3778076171875,75.2744979858398,91.189791932398,NA,81.1839124891493,10.7009270407937,-7.37210988998413,9.47903068698182,NA,-3.03043301900228,2.04782035134055,-6.40076017379761,7.01075838050064,NA,-2.34064483642578,-0.228357218205929,0.039364367723465,1.20784179866314,NA,-2.12367117404938,-2.07597471096299,3.9364367723465,2.46498326257784,NA,-11.7981731891632,0.23404255,0.59375,0.37974684,0.63636364,0.94736842,0.83333333,0.40506329,14,92.6220354352679,11.571900503976,0,0,110.379,6,0.42857143,"2024-04-13",0
"Andrew Heaney",15423,"2024-04-08","HOU",13,2024,"TEX","H",33,0,1,14.7272752809135,1,1,0,0,0,0,0,0,3.2,19,4,6,6,1,3,0,1,0,0,2,4.9090917603045,7.36363764045674,9.81818352060899,0.66666667,0,0,6,6,1,0,0,0,0,0.10526316,0.15789474,-0.05263158,6.79803933240899,2.45454588015225,0.266666666666667,1.90909124011842,0.25,0.3030303,8.89375349864504,5.83352178226845,7.82249434125676,365.519071524545,216.02560428022,192.759178354208,1,0.076923076,0.461538461,0.461538461,0,0.166666666,5,12.2727294007612,30,52,82,-0.217288017272949,-0.468960016965866,0.251671999692917,-2.46690011024475,-0.256168216466904,1.11667370796204,0.962100028991699,0.870000004768372,2.13279986381531,1,1,-0.245613604784012,0.051028547641844,0,0,0.51219512,91.0952381,0.09756098,80.75,NA,NA,0.14634146,75.66666667,0.24390244,83,NA,-2.30858898162842,-0.543626606464386,NA,-0.0710937678813934,1.54466938972473,-5.49664043244861,-6.79533258080482,NA,-0.592448065678279,7.72334694862366,0.41666667,0.79411765,0.57317073,0.65,0.92592593,0.80851064,0.41463415,0.57894737,0.1097561,5,7,1,2,10,1,13,0.38461538,0.53846154,0.07692308,0.15384615,0.76923077,0.07692308,7.32670794794507,25,42.16016,39.87847,48.45227,39.8637,47.94591,51.92933,58.40635,51.15093,64.45281,NA,NA,NA,31.41717,48.21628,24.78901,NA,NA,NA,45.59179,44.76845,54.06581,0.39928,4.67601,98.1,94.32,89.48,93.52,83.46,74.3,111.14,92.06,90.42,NA,NA,NA,104.36,80.66,70.06,NA,NA,NA,104.719512195122,90.2404878048781,85.8453658536585,0.51219512,NA,NA,0.09756098,0.14634146,0.24390244,90.9690464564732,NA,NA,80.6624984741211,75.5750020345052,82.925,10.3017825172061,NA,NA,-0.376044929027557,-5.58128039042155,11.0512084960938,7.49673316592262,NA,NA,-2.37466621398926,-5.02624193827311,2.72796535491943,-2.3331738114357,NA,NA,-0.554695036262274,-0.075775433331728,1.6047056466341,-5.55517574151357,NA,NA,-6.93368795327842,-0.631461944431067,8.02352823317051,0.36363636,0.81578947,0.57317073,0.5625,0.93548387,0.80851064,0.46341463,18.17460317,0.24390244,0.14634146,0.51219512,NA,0.09756098,83.1777648925781,75.8000895182292,91.2351888020833,NA,80.8943328857422,10.8801651000977,-5.82358169555664,9.72061011904762,NA,-0.913337767124176,1.49736270904541,-6.56383768717448,6.62697347005208,NA,-3.80852866172791,1.6047056466341,-0.075775433331728,-2.3331738114357,NA,-0.554695036262274,8.02352823317051,-0.631461944431067,-5.55517574151357,NA,-6.93368795327842,0.35555556,0.83783784,0.57317073,0.5625,0.93548387,0.80851064,0.45121951,13,90.4070669320913,13.7110008826623,1,0.07692308,112.885,5,0.38461538,"2024-04-08",0
"Andrew Heaney",15423,"2024-04-02","@TBR",13,2024,"TEX","A",33,0,1,1.92857169131847,1,1,0,0,0,0,0,0,4.2,20,4,3,1,0,0,0,1,0,0,7,13.5000018392293,0,7.71428676527388,7,0.25,0,4,7,1,2,1,0,0,0.35,0,0.35,2.27557658401489,0,0.210526315789474,0.85714297391932,0.333333333333333,0.4,0.809336600011665,1.1192350913068,3.0773495183367,47.8655909211418,18.0067940635684,74.711507800977,0.571428571,0.083333333,0.333333333,0.583333333,0.285714285,0,0,0,30,60,90,0.0552640147507191,-0.272899925708771,0.328163951635361,0.795000016689301,0.0873146504163742,0.901419043540955,0.877960026264191,0.870000004768372,1.6956000328064,1,1,0.0795389711856842,-0.0182311752757698,0,0,0.63333333,90.66666667,0.27777778,80.64,NA,NA,0.06666667,75.16666667,0.02222222,83,NA,1.19346392154694,0.174874395132065,NA,0.0868473425507545,-0.564959764480591,2.09379635359112,0.699497580528259,NA,1.44745570917924,-28.2479882240295,0.39622642,0.81081081,0.56666667,0.47619048,0.86666667,0.70588235,0.41111111,0.7,0.16666667,2,3,7,5,4,3,12,0.16666667,0.25,0.58333333,0.41666667,0.33333333,0.25,0.146508060643697,57,29.80321,43.61922,24.57725,76.01143,43.818,79.76492,53.88428,57.8373,46.86425,NA,NA,NA,59.6386,55.69696,65.79755,NA,NA,NA,57.46262,54.09427,56.02019,-0.33821,3.56978,97.6,65.7,72.76,83.86,126.1,116.9,97.62,98.46,96.54,NA,NA,NA,91.18,125.5,114.48,NA,NA,NA,94.832,107.092444444444,102.379111111111,0.63333333,NA,NA,0.26666667,0.07777778,0.02222222,90.6350911458333,NA,NA,80.7791646321615,75.3999982561384,83,10.0952887284128,NA,NA,-0.994458119074504,-5.89673832484654,11.6405458450317,8.48254126833196,NA,NA,-0.968953212102254,-5.16965048653739,3.67623257637024,1.19905751571059,NA,NA,0.253626510500908,0.0492817386984825,-0.57394789904356,2.10360967668525,NA,NA,1.05677712708712,0.70402483854975,-28.697394952178,0.33333333,0.8,0.56666667,0.4,0.83333333,0.70588235,0.5,17.43478261,0.02222222,0.07777778,0.63333333,NA,0.26666667,83.5675506591797,75.9245954241071,91.2095840186404,NA,81.3369649251302,11.0186004638672,-6.49411882672991,9.02517860814145,NA,-1.92990859349569,2.34910488128662,-6.40982164655413,7.41493733723958,NA,-2.48958126703898,-0.57394789904356,0.0492817386984825,1.19905751571059,NA,0.253626510500908,-28.697394952178,0.70402483854975,2.10360967668525,NA,1.05677712708712,0.3255814,0.78723404,0.56666667,0.42857143,0.81081081,0.70588235,0.52222222,12,86.3001607259115,28.9884541829427,0,0,103.87,3,0.25,"2024-04-02",0
