"PlayerName","playerid","Date","Opp","teamid","season","Team","HomeAway","Age","W","L","ERA","G","GS","QS","CG","ShO","SV","HLD","BS","IP","TBF","H","R","ER","HR","BB","IBB","HBP","WP","BK","SO","K/9","BB/9","H/9","K/BB","IFH%","BUH%","GB","FB","LD","IFFB","IFH","BU","BUH","K%","BB%","K-BB%","SIERA","HR/9","AVG","WHIP","BABIP","LOB%","FIP","E-F","xFIP","ERA-","FIP-","xFIP-","GB/FB","LD%","GB%","FB%","IFFB%","HR/FB","RS","RS/9","Balls","Strikes","Pitches","WPA","-WPA","+WPA","RE24","REW","pLI","inLI","gmLI","exLI","Pulls","Games","WPA/LI","Clutch","SD","MD","FB%1","FBv","CT%","CTv","CB%","CBv","CH%","CHv","wFB","wCT","wCB","wCH","wFB/C","wCT/C","wCB/C","wCH/C","O-Swing%","Z-Swing%","Swing%","O-Contact%","Z-Contact%","Contact%","Zone%","F-Strike%","SwStr%","Pull","Cent","Oppo","Soft","Med","Hard","bipCount","Pull%","Cent%","Oppo%","Soft%","Med%","Hard%","tERA","GSv2","pb_o_CH","pb_s_CH","pb_c_CH","pb_o_CU","pb_s_CU","pb_c_CU","pb_o_FF","pb_s_FF","pb_c_FF","pb_o_SI","pb_s_SI","pb_c_SI","pb_o_FC","pb_s_FC","pb_c_FC","pb_overall","pb_stuff","pb_command","pb_xRV100","pb_ERA","sp_s_CH","sp_l_CH","sp_p_CH","sp_s_CU","sp_l_CU","sp_p_CU","sp_s_FF","sp_l_FF","sp_p_FF","sp_s_SI","sp_l_SI","sp_p_SI","sp_s_FC","sp_l_FC","sp_p_FC","sp_stuff","sp_location","sp_pitching","pfxFA%","pfxFC%","pfxSI%","pfxCU%","pfxCH%","pfxvFA","pfxvFC","pfxvSI","pfxvCU","pfxvCH","pfxFA-X","pfxFC-X","pfxSI-X","pfxCU-X","pfxCH-X","pfxFA-Z","pfxFC-Z","pfxSI-Z","pfxCU-Z","pfxCH-Z","pfxwFA","pfxwFC","pfxwSI","pfxwCU","pfxwCH","pfxwFA/C","pfxwFC/C","pfxwSI/C","pfxwCU/C","pfxwCH/C","pfxO-Swing%","pfxZ-Swing%","pfxSwing%","pfxO-Contact%","pfxZ-Contact%","pfxContact%","pfxZone%","pfxPace","piCH%","piCU%","piFA%","piFC%","piSI%","pivCH","pivCU","pivFA","pivFC","pivSI","piCH-X","piCU-X","piFA-X","piFC-X","piSI-X","piCH-Z","piCU-Z","piFA-Z","piFC-Z","piSI-Z","piwCH","piwCU","piwFA","piwFC","piwSI","piwCH/C","piwCU/C","piwFA/C","piwFC/C","piwSI/C","piO-Swing%","piZ-Swing%","piSwing%","piO-Contact%","piZ-Contact%","piContact%","piZone%","Events","EV","LA","Barrels","Barrel%","maxEV","HardHit","HardHit%","gamedate","dh"
"Bryse Wilson",19990,"2024-09-01","@CIN",23,2024,"MIL","A",26,0,1,0,1,0,0,0,0,0,0,0,3.2,13,2,1,0,0,0,0,0,0,0,2,4.9090917603045,0,4.9090917603045,2,0.166666666,0,6,4,1,0,1,0,0,0.15384615,0,0.15384615,3.51584152268308,0,0.153846153846154,0.545454640033833,0.181818181818182,0.5,2.07557049822213,-2.07557049822213,3.72503450010988,0,51.5412849814433,91.8076374050734,1.5,0.09090909,0.545454545,0.363636363,0,0,0,0,16,27,43,0.445969969034195,-0.212830021977425,0.658800005912781,2.19400000572205,0.207470461726189,2.38138461112976,2.14870834350586,1.49100005626678,NA,0,1,0.223729103803635,-0.0364557137977167,1,0,0.46511628,94.75,0.48837209,90.28571429,NA,NA,0.04651163,89,0.972400486469269,0.780202567577362,NA,-0.0994822382926941,4.86200243234634,3.71525032179696,NA,-4.9741119146347,0.2173913,0.8,0.48837209,0.6,0.9375,0.85714286,0.46511628,0.61538462,0.06976744,4,5,2,1,5,5,11,0.36363636,0.45454545,0.18181818,0.09090909,0.45454545,0.45454545,1.27640295504021,NA,30.71066,46.8483,64.05199,NA,NA,NA,29.94589,28.78639,27.46378,64.37572,41.44125,60.85757,46.36664,42.11064,47.83262,51.40602,39.02739,52.47795,0.03806,4.13418,78.72,73.74,67.88,NA,NA,NA,123.7,88.12,75.24,104.86,145.14,148.64,103.94,109.02,116.02,106.86976744186,116.557209302326,118.882325581395,0.1627907,0.48837209,0.3255814,NA,0.02325581,95.0428553989955,90.1190476190476,94.0928606305804,NA,88.3000030517578,-4.0383780343192,1.00681041535877,-8.96084540230887,NA,-10.2076253890991,8.93722915649414,4.64434996105376,4.90221568516323,NA,5.73447895050049,0.126999635249376,0.829715356230736,0.860500868409872,NA,-0.0633736774325371,1.81428050356252,3.95102550586065,6.14643477435623,NA,-6.33736774325371,0.10526316,0.79166667,0.48837209,0.5,0.89473684,0.85714286,0.55813953,19.46666667,0.04651163,NA,0.1627907,0.48837209,0.30232558,89.2814025878906,NA,95.041983468192,90.1063174293155,94.3899958683894,-8.22194004058838,NA,-3.51618412562779,1.83824012393043,-8.41699453500601,4.25572490692139,NA,8.1761725289481,3.65739004952567,3.7003901554988,-0.101452000439167,NA,0.126999635249376,0.829715356230736,0.898579191416502,-5.07260002195835,NA,1.81428050356252,3.95102550586065,6.91214762628078,0.19047619,0.77272727,0.48837209,0.5,0.94117647,0.85714286,0.51162791,11,95.1957896839489,8.19553722034801,1,0.09090909,109.091,6,0.54545455,"2024-09-01",0
"Bryse Wilson",19990,"2024-08-24","@OAK",23,2024,"MIL","A",26,0,0,9,1,0,0,0,0,0,0,0,1,6,3,1,1,0,0,0,0,0,0,1,9,0,27,1,0,0,2,1,2,0,0,0,0,0.16666667,0,0.16666667,3.32597909380756,0,0.5,3,0.6,0.66666667,1.1664797782898,7.8335202217102,2.67848818451166,218.032512457265,29.7440916753395,66.5170884121943,2,0.4,0.4,0.2,0,0,0,0,8,19,27,0.00625600013881922,-0.0149999996647239,0.0212559998035431,-0.546999931335449,-0.059978075325489,0.179800003767014,0.166400000452995,0.166400000452995,NA,0,1,-0.101856619119644,0.13665083495807,0,0,0.51851852,93.14285714,0.48148148,89.15384615,NA,NA,NA,NA,-1.09015452861786,0.415199220180511,NA,NA,-7.78681806155613,3.1938401552347,NA,NA,0.2,0.52941176,0.40740741,1,0.88888889,0.90909091,0.62962963,0.5,0.03703704,1,3,1,0,2,3,5,0.2,0.6,0.2,0,0.4,0.6,4.82350289327844,NA,NA,NA,NA,NA,NA,NA,47.26287,20,73.31407,71.5244,55.29684,75.62244,64.25628,22.58482,64.24433,68.31658,31.662,80,-1.01253,2.5583,NA,NA,NA,NA,NA,NA,121.32,125.3,105.04,106.16,122.74,140.14,97.26,126.94,127.52,104.682222222222,125.236296296296,127.563703703704,0.18518519,0.48148148,0.33333333,NA,NA,93.1599975585937,89.1153846153846,92.9111124674479,NA,NA,-5.09478416442871,-0.119790058869582,-9.89427354600694,NA,NA,9.39203186035156,5.94670750544621,5.91251500447591,NA,NA,-0.856128916144371,0.418920170515776,-0.251053784042597,NA,NA,-17.1225783228874,3.22246285012135,-2.78948648936219,NA,NA,0,0.52380952,0.40740741,NA,0.90909091,0.90909091,0.77777778,17.33333333,NA,NA,0.18518519,0.48148148,0.33333333,NA,NA,93.2179565429688,89.1879037710337,92.9906344943576,NA,NA,-3.83871002197266,1.34221927936261,-8.65145534939236,NA,NA,8.07698211669922,4.47592368492713,4.42416212293837,NA,NA,-0.856128916144371,0.418920170515776,-0.251053784042597,NA,NA,-17.1225783228874,3.22246285012135,-2.78948648936219,0.16666667,0.47619048,0.40740741,1,0.9,0.90909091,0.77777778,5,97.1763854980469,8.47113494873047,0,0,106.314,4,0.8,"2024-08-24",0
"Bryse Wilson",19990,"2024-08-22","@STL",23,2024,"MIL","A",26,0,0,0,1,0,0,0,0,0,0,0,1.1,8,3,0,0,0,1,0,0,0,0,0,0,6.75000160932579,20.2500048279774,0,0,0,0,5,2,2,0,0,0,0,0.125,-0.125,10.5135728340149,0,0.428571428571429,3.00000071525591,0.428571428571429,1,5.41648031473173,-5.41648031473173,11.0865131899049,0,131.646004446779,269.703096678536,0,0.285714285,0,0.714285714,0.4,0,0,0,8,18,26,-0.0350440107285976,-0.0609440207481384,0.0259000081568956,-0.0400000140070915,-0.00421941094100475,0.298900008201599,0.34226667881012,0.821200013160706,NA,0,1,-0.0302084889262915,-0.0870347689091567,0,0,0.5,93.07692308,0.42307692,88.18181818,0.07692308,81.5,NA,NA,-0.361228495836258,0.15760526061058,-0.502868592739105,NA,-2.77868073720198,1.43277509645982,-25.1434296369553,NA,0.30769231,0.84615385,0.57692308,0.25,0.90909091,0.73333333,0.5,0.75,0.15384615,1,4,2,2,5,0,7,0.14285714,0.57142857,0.28571429,0.28571429,0.71428571,0,5.0594137158846,NA,NA,NA,NA,68.86888,55.75534,66.09836,20,34.6313,20,43.05059,52.47269,42.10645,52.57281,45.18512,54.52309,41.13871,43.48734,42.90369,0.67593,5.09099,NA,NA,NA,137.26,109.94,127.6,112.78,33.4,28.58,102.58,77.5,84.78,95.64,85.76,86.48,104.665384615385,73.3130769230769,75.8238461538462,0.23076923,0.42307692,0.26923077,0.07692308,NA,93.2333374023438,88.2727272727273,92.7571411132812,81.25,NA,-3.40997250874837,1.60049091685902,-8.75386919294085,8.39065456390381,NA,9.66304715474447,4.33798183094371,5.57160513741629,2.45864105224609,NA,-0.676643345504999,0.198769800364971,0.306092295795679,-0.510574247688055,NA,-11.27738909175,1.8069981851361,4.37274708279542,-25.5287123844028,NA,0.38461538,0.76923077,0.57692308,0.4,0.9,0.73333333,0.5,18.70588235,NA,0.07692308,0.23076923,0.42307692,0.26923077,NA,81.4953994750977,93.4808654785156,88.5050437233665,93.0193394252232,NA,9.3117847442627,-2.8440367380778,2.29622095281428,-8.22218431745257,NA,1.31025695800781,8.49516677856445,3.08797558871183,4.23156438555036,NA,-0.510574247688055,-0.676643345504999,0.198769800364971,0.306092295795679,NA,-25.5287123844028,-11.27738909175,1.8069981851361,4.37274708279542,0.33333333,0.78571429,0.57692308,0.25,0.90909091,0.73333333,0.53846154,7,86.6106916155134,39.8661760602679,0,0,97.4307,1,0.14285714,"2024-08-22",0
"Bryse Wilson",19990,"2024-08-16","CLE",23,2024,"MIL","H",26,0,0,81.0000844896721,1,0,0,0,0,0,0,0,0.1,4,3,3,3,2,0,0,0,0,0,0,0,0,81.0000844896721,0,0,0,1,2,1,0,0,0,0,0,0,0,6.91672908401489,54.0000563264481,0.75,9.00000938774135,0.5,0,81.1665611387148,-0.166476649042679,12.2385396785169,1962.29465894822,1947.89945250337,297.542650377296,0.5,0.25,0.25,0.5,0,1,0,0,7,14,21,-0.0802579894661903,-0.102600008249283,0.0223420206457376,-2.7649998664856,-0.284026712179184,0.55365002155304,0.269000023603439,0.269000023603439,0.968400001525879,1,1,-0.189623445272446,0.0446618515908284,0,1,0.66666667,93.21428571,0.19047619,89,0.0952381,83,0.04761905,89,-1.7507483959198,-1.34171295166016,-0.0344077162444592,0.054188709706068,-12.5053456851414,-33.5428237915039,-1.72038581222296,5.4188709706068,0.41666667,0.77777778,0.57142857,0.8,0.71428571,0.75,0.42857143,0.5,0.14285714,1,2,1,2,0,2,4,0.25,0.5,0.25,0.5,0,0.5,72.0641227258514,NA,69.11402,40.24352,80,20,62.19393,20,33.29211,37.61518,51.16638,52.62915,39.66138,26.30176,20,44.58055,30.64184,35.93122,37.71923,33.75233,0.99945,5.57627,87.48,116.84,103.52,127.26,57.08,81.4,91.2,146.3,96.62,107.74,115.42,114.56,95.84,65.34,68.72,101.641904761905,109.215238095238,97.0190476190476,0.28571429,0.19047619,0.38095238,0.0952381,0.04761905,93.1666666666667,88.8499984741211,93.0374984741211,83.0500030517578,88.9000015258789,-3.41475931803385,0.357644528150558,-9.37467861175537,6.77963829040527,-9.117431640625,8.50894546508789,4.85990619659424,4.98123979568481,3.01245498657227,4.73156309127808,-2.01943723857403,-1.34173726662993,0.261642444878817,-0.0350487045943737,0.054773960262537,-33.6572873095671,-33.5434316657484,3.27053056098521,-1.75243522971869,5.4773960262537,0.41666667,0.77777778,0.57142857,0.8,0.71428571,0.75,0.42857143,17.82352941,0.04761905,0.0952381,0.28571429,0.19047619,0.38095238,88.6667022705078,82.8462982177734,92.9543660481771,88.6054000854492,92.8327789306641,-8.60766983032227,7.63208484649658,-2.84878158569336,1.02468717098236,-9.04667282104492,3.41599988937378,1.9096999168396,7.5460999806722,3.73183989524841,3.95332884788513,0.054773960262537,-0.0350487045943737,-2.01943723857403,-1.34173726662993,0.261642444878817,5.4773960262537,-1.75243522971869,-33.6572873095671,-33.5434316657484,3.27053056098521,0.41666667,0.77777778,0.57142857,0.8,0.71428571,0.75,0.42857143,4,86.1520690917969,18.8961486816406,2,0.5,104.272,2,0.5,"2024-08-16",0
"Bryse Wilson",19990,"2024-08-12","LAD",23,2024,"MIL","H",26,0,0,0,1,0,0,0,0,0,0,0,2,6,0,0,0,0,0,0,0,0,0,3,13.5,0,0,3,0,0,2,1,0,0,0,0,0,0.5,0,0.5,0.472145751588559,0,0,0,0,1,0.166479778289795,-0.166479778289795,0.922483981400728,0,5.76717404964174,24.0819762068706,2,0,0.666666666,0.333333333,0,0,0,0,7,18,25,0.0228020008653402,0,0.0228020008653402,0.998000025749207,0.102516695857048,0.149433329701424,0.1942999958992,0.25900000333786,NA,0,1,0.153200596570969,-0.00061080344449585,0,0,0.52,93.23076923,0.32,88.375,0.16,82.5,NA,NA,0.852201461791992,0.398706436157227,0.210705861449242,NA,6.5553958599384,4.98383045196533,5.26764653623104,NA,0.28571429,0.72727273,0.48,0.5,0.75,0.66666667,0.44,0.66666667,0.16,3,0,0,0,2,1,3,1,0,0,0,0.66666667,0.33333333,-0.997222256908824,NA,NA,NA,NA,49.11015,48.9296,55.49957,20,20,20,72.91333,35.78359,70.15805,66.13958,52.24406,55.78223,51.09699,34.6697,52.47654,0.05726,4.16298,NA,NA,NA,124.08,106.14,105.12,100.34,80.3,41.68,109.64,94.94,113.14,91.14,108.64,109.76,103.7984,97.6024,93.6248,0.24,0.32,0.28,0.16,NA,93.3166707356771,88.3000030517578,93.1571393694196,82.5500030517578,NA,-2.71223131815592,2.05559110641479,-8.91227068219866,6.81600618362427,NA,8.19452412923177,3.39543962478638,5.07144927978516,0.251558125019073,NA,0.0991206802427769,0.402989115566015,0.763612307608128,0.212823826819658,NA,1.65201133737961,5.03736394457519,10.9087472515447,5.32059567049146,NA,0.36363636,0.57142857,0.48,0.5,0.75,0.66666667,0.56,14.84210526,NA,0.16,0.24,0.32,0.28,NA,82.3365783691406,93.1572977701823,88.1198654174805,93.0001831054688,NA,7.49970245361328,-2.17076333363851,2.72400116920471,-8.52278300694057,NA,-1.1157888174057,7.32032839457194,2.1153507232666,3.89310155596052,NA,0.212823826819658,0.0991206802427769,0.402989115566015,0.763612307608128,NA,5.32059567049146,1.65201133737961,5.03736394457519,10.9087472515447,0.36363636,0.57142857,0.48,0.5,0.75,0.66666667,0.56,3,91.0809936523438,5.48565355936686,0,0,105.812,1,0.33333333,"2024-08-12",0
"Bryse Wilson",19990,"2024-08-08","@ATL",23,2024,"MIL","A",26,0,0,7.71428676527388,1,0,0,0,0,0,0,0,2.1,12,5,2,2,1,0,0,0,0,0,3,11.5714301479108,0,19.2857169131847,3,0,0,0,5,4,1,0,0,0,0.25,0,0.25,4.00154158060873,3.85714338263694,0.416666666666667,2.1428574347983,0.5,0.83333333,6.16648018700741,1.54780657826646,3.83506931128189,186.885036138721,149.628689603617,94.4667082377647,0,0.444444444,0,0.555555555,0.2,0.2,1,3.85714338263694,13,30,43,0.00240800017490983,-0.00247200019657612,0.00488000037148595,-0.00799998641014099,-0.000813004560768604,0.0250666663050652,0.0216000005602837,0.0324000008404255,0.0199999995529652,1,1,0.0149436248466372,0.0811202133041603,0,0,0.58139535,92.08,0.37209302,86.625,0.04651163,79.5,NA,NA,-0.903435885906219,0.605291485786438,-1.45780336856842,NA,-3.61374354362488,3.78307178616524,-72.890168428421,NA,0.44444444,0.875,0.60465116,0.75,0.92857143,0.84615385,0.37209302,0.66666667,0.09302326,6,2,1,2,4,3,9,0.66666667,0.22222222,0.11111111,0.22222222,0.44444444,0.33333333,8.46551132325942,NA,NA,NA,NA,45.77662,47.255,42.59561,40.13951,31.62179,53.55554,56.28879,35.29516,64.37797,66.1032,31.94661,71.49407,60.52096,32.38727,75.65011,-0.52822,3.28476,NA,NA,NA,91.3,74.16,76.7,97.72,140.44,88.26,89.78,113.96,98.32,97.56,115.06,111.52,93.853488372093,116.213023255814,100.822325581395,0.13953488,0.37209302,0.44186047,0.04651163,NA,92.5333353678385,86.5687484741211,91.7000025699013,79.4499969482422,NA,-3.23314571380615,1.22891521453857,-8.17764282226562,7.51408910751343,NA,8.08789443969727,2.83984684944153,5.37437559428968,-1.82682824134827,NA,-0.477780267596245,0.592353671789169,-0.438054326921701,-1.45999045670033,NA,-7.96300445993741,3.70221044868231,-2.30554908906159,-72.9995228350163,NA,0.3,0.86956522,0.60465116,0.5,0.95,0.84615385,0.53488372,16.93333333,NA,0.04651163,0.13953488,0.37209302,0.44186047,NA,79.3428039550781,92.4825541178385,86.4950256347656,91.6435932360197,NA,8.49728584289551,-2.53224500020345,1.96104681491852,-7.69591401752673,NA,-3.1974949836731,7.21629651387533,1.92336332798004,4.41886179070724,NA,-1.45999045670033,-0.477780267596245,0.592353671789169,-0.438054326921701,NA,-72.9995228350163,-7.96300445993741,3.70221044868231,-2.30554908906159,0.3,0.86956522,0.60465116,0.5,0.95,0.84615385,0.53488372,9,85.1577351888021,32.353512234158,1,0.11111111,108.024,2,0.22222222,"2024-08-08",0
"Bryse Wilson",19990,"2024-08-03","@WSN",23,2024,"MIL","A",26,0,0,3,1,0,0,0,0,0,0,0,3,10,3,1,1,0,0,0,0,0,0,0,0,0,9,0,0,0,4,3,3,1,0,0,0,0,0,0,5.75572908401489,0,0.3,1,0.3,0.66666667,3.1664797782898,-0.166479778289796,4.67848818451166,72.6775041524216,77.697926926735,114.84853560366,1.333333333,0.3,0.4,0.3,0.333333333,0,3,9,9,22,31,-0.00978791527450085,-0.0422159358859062,0.0324280187487602,0.472999960184097,0.0491173416376114,0.155733332037926,0.135733336210251,0.213599994778633,0.225199997425079,1,1,0.0720308423042297,-0.134881326182127,0,0,0.5483871,92.94117647,0.22580645,87.57142857,0.12903226,81,0.09677419,87.33333333,1.01308298110962,0.0752968564629555,-0.328174412250519,0.0736873000860214,5.95931165358599,1.07566937804222,-8.20436030626297,2.45624333620071,0.47368421,0.75,0.58064516,1,1,1,0.38709677,0.8,0,3,5,2,3,4,3,10,0.3,0.5,0.2,0.3,0.4,0.3,4.82680995559634,NA,20.1761,20,35.17688,68.15015,53.52084,72.54262,20,37.49936,20,63.33162,37.8971,74.65011,80,46.45623,80,54.36006,36.44204,70.73066,-0.14546,3.8589,80.5,79.46,52.42,106.78,115.12,110.02,97.56,73.48,43.68,92.62,105.86,96.94,89.88,130.18,143.52,93.4522580645161,104.769032258065,96.2470967741935,0.16129032,0.22580645,0.38709677,0.12903226,0.09677419,93.3400024414063,87.5857107979911,92.5583292643229,81.1500015258789,87.5,-4.25931053161621,0.864351408822196,-9.26551818847656,6.07714748382568,-7.78880182902018,8.32865905761719,3.41764232090541,5.5170644124349,-1.09546518325806,4.94699287414551,0.194580417126417,0.118140328675508,0.857310965657234,-0.33391284942627,0.0739233270287514,3.89160834252834,1.68771898107869,7.14425804714362,-8.34782123565674,2.46411090095838,0.4,0.75,0.58064516,1,1,1,0.51612903,16.9047619,0.09677419,0.12903226,0.16129032,0.22580645,0.38709677,87.2126668294271,80.8479461669922,93.0567626953125,87.2822004045759,92.2543131510417,-7.25393358866374,7.18080997467041,-3.57381782531738,1.67645304543631,-8.68725395202637,3.62091668446859,-2.53319263458252,7.47878570556641,2.57085418701172,4.52544752756755,0.0739233270287514,-0.33391284942627,0.194580417126417,0.118140328675508,0.857310965657234,2.46411090095838,-8.34782123565674,3.89160834252834,1.68771898107869,7.14425804714362,0.4,0.75,0.58064516,1,1,1,0.51612903,10,88.9759582519531,9.28336791992188,0,0,109.002,4,0.4,"2024-08-03",0
"Bryse Wilson",19990,"2024-07-30","ATL",23,2024,"MIL","H",26,0,0,0,1,0,0,0,0,0,0,0,2,11,4,0,0,0,1,0,0,0,0,3,13.5,4.5,18,3,0,0,2,3,2,0,0,0,0,0.27272727,0.09090909,0.18181818,3.46199354317898,0,0.4,2.5,0.571428571428571,1,1.6664797782898,-1.6664797782898,3.9344923876226,0,41.7325504881884,96.8693388196516,0.666666666,0.285714285,0.285714285,0.428571428,0,0,1,4.5,15,27,42,0.0151240024715662,-0.021916002035141,0.0370400063693523,0.998000025749207,0.102516688406467,0.199200004339218,0.124500006437302,0.149400010704994,0.129599988460541,1,1,0.0163301825523376,0.0595935229803766,0,0,0.5,93.52380952,0.42857143,89.05555556,0.07142857,81,NA,NA,-0.418406128883362,0.00457845628261566,-0.539410948753357,NA,-1.99241013753982,0.0254358682367537,-17.9803649584452,NA,0.4,0.82352941,0.57142857,0.6,0.78571429,0.70833333,0.4047619,0.72727273,0.16666667,4,1,2,0,4,3,7,0.57142857,0.14285714,0.28571429,0,0.57142857,0.42857143,3.08892183395754,NA,NA,NA,NA,66.78704,49.29328,72.78333,59.43694,20,71.96761,23.94949,34.56677,47.50092,69.54635,38.97489,32.89694,52.15401,33.82957,45.09812,-0.00841,4.06448,NA,NA,NA,118.8,117.98,126.36,110.38,149.76,123.1,103.66,81.76,78.86,92.16,122.4,132.14,100.612857142857,109.859523809524,110.35380952381,0.11904762,0.42857143,0.38095238,0.07142857,NA,93.8800048828125,88.9722222222222,93.3812484741211,81.2999979654948,NA,-3.58998260498047,0.908830324808756,-8.6069974899292,7.83796183268229,NA,8.38080978393555,3.27051035563151,5.11378860473633,-1.88953558603923,NA,0.678756758570671,-0.000593818724155426,-1.10796331986785,-0.543430626392365,NA,13.5751351714134,-0.00329899291197459,-6.92477074917406,-18.1143542130788,NA,0.34782609,0.84210526,0.57142857,0.5,0.8125,0.70833333,0.45238095,18.12903226,NA,0.07142857,0.11904762,0.42857143,0.38095238,NA,81.0031992594401,93.6405029296875,88.6831190321181,93.1175537109375,NA,8.80819320678711,-3.14510803222656,1.60271909501817,-8.16801071166992,NA,-3.17843691507975,7.61512985229492,2.20178985595703,4.14443874359131,NA,-0.543430626392365,0.678756758570671,-0.000593818724155426,-1.10796331986785,NA,-18.1143542130788,13.5751351714134,-0.00329899291197459,-6.92477074917406,0.375,0.83333333,0.57142857,0.55555556,0.8,0.70833333,0.42857143,7,90.547354561942,23.6390882219587,0,0,108.958,3,0.42857143,"2024-07-30",0
"Bryse Wilson",19990,"2024-07-29","ATL",23,2024,"MIL","H",26,0,0,9,1,0,0,0,0,0,0,0,1,4,1,1,1,1,0,0,0,0,0,0,0,0,9,0,0,0,3,1,0,0,0,0,0,0,0,0,3.65572908401489,9,0.25,1,0,1,16.1664797782898,-7.16647977828979,4.67848818451166,218.032512457265,389.397856060806,114.84853560366,3,0,0.75,0.25,0,1,0,0,2,11,13,0.00248799799010158,-0.000297989841783419,0.00278598791919649,-0.500999987125397,-0.0514637902379036,0.029849998652935,0.0697999969124794,0.0697999969124794,NA,0,1,0.0676973909139633,0.0156526292662534,0,0,0.38461538,93.6,0.15384615,88.5,0.38461538,80.6,0.07692308,88,0.409060180187225,0.0884336829185486,-1.4448139667511,0.173169538378716,8.18120360374451,4.42168414592743,-28.896279335022,17.3169538378716,0.33333333,0.7,0.61538462,1,1,1,0.76923077,0.75,0,3,1,0,0,2,2,4,0.75,0.25,0,0,0.5,0.5,15.6204252707852,NA,63.77624,20,80,58.58781,52.37089,56.80568,80,49.02469,80,80,58.05463,80,80,35.26857,80,80,44.48682,80,-2.35123,0.55025,70.92,130.2,100.5,90.54,88.1,81.84,107.52,161.12,139.68,117.42,150.4,152.52,93.52,133.04,138.82,98.3046153846154,123.863076923077,117.250769230769,0.15384615,0.15384615,0.23076923,0.38461538,0.07692308,94.0999984741211,88.75,93.2666625976562,80.6200012207031,87.9000015258789,-3.61095476150513,0.846601963043213,-9.4647699991862,7.68182601928711,-6.95830535888672,8.8813362121582,3.01331090927124,5.13522370656331,-2.83177661895752,6.57612800598145,0.057969942688942,0.0895345062017441,0.35638801753521,-1.44671701639891,0.175375327467918,2.8984971344471,4.4767253100872,11.879600584507,-28.9343403279781,17.5375327467918,0.33333333,0.7,0.61538462,1,1,1,0.76923077,15.77777778,0.07692308,0.38461538,0.15384615,0.15384615,0.23076923,87.8058013916016,80.482421875,93.9640960693359,88.6237030029297,93.1393025716146,-6.46122980117798,8.53718032836914,-3.05921983718872,1.36506450176239,-9.02448336283366,5.39286994934082,-4.08402786254883,8.09656524658203,2.07467007637024,4.25115013122559,0.175375327467918,-1.44671701639891,0.057969942688942,0.0895345062017441,0.35638801753521,17.5375327467918,-28.9343403279781,2.8984971344471,4.4767253100872,11.879600584507,0,0.72727273,0.61538462,NA,1,1,0.84615385,4,92.3829803466797,-6.90909481048584,1,0.25,106.793,3,0.75,"2024-07-29",0
"Bryse Wilson",19990,"2024-07-24","@CHC",23,2024,"MIL","A",26,0,0,2.25,1,0,0,0,0,0,0,0,4,13,1,1,1,1,0,0,0,0,0,3,6.75,0,2.25,3,0,0,3,6,0,0,0,1,0,0.23076923,0,0.23076923,3.45851015610921,2.25,0.0769230769230769,0.25,0,1,4.9164797782898,-2.6664797782898,3.9344923876226,54.5081281143162,119.657532771706,96.8693388196516,0.5,0,0.333333333,0.666666666,0,0.166666666,1,2.25,15,31,46,0.157287999987602,-0.125900030136108,0.283188045024872,1.83799993991852,0.196998924016953,0.924799978733063,1.09720003604889,1.9915999174118,1.31439995765686,1,1,0.125531792640686,0.0445460659283423,1,0,0.39130435,92.11111111,0.47826087,87.63636364,0.04347826,79,0.08695652,86.5,0.555526614189148,0.731148302555084,0.00450797751545906,0.115078441798687,3.08625896771749,3.32340137525038,0.225398875772953,2.87696104496717,0.31034483,0.82352941,0.5,0.88888889,0.78571429,0.82608696,0.36956522,0.69230769,0.08695652,2,5,3,2,5,3,10,0.2,0.5,0.3,0.2,0.5,0.3,3.59846293481292,NA,68.38234,41.87791,76.11315,24.18843,45.15107,20,80,20,80,52.92497,39.46794,56.65896,53.79365,44.76751,47.54213,62.29401,37.62183,65.38004,-0.63837,3.11954,85.26,142.4,114.78,99.18,52.64,55.02,96.98,188.52,148.9,107.08,91.06,84.6,94.74,95.48,91.94,97.2351111111111,113.304888888889,100.824444444444,0.17391304,0.47826087,0.2173913,0.04347826,0.08695652,92.3000030517578,87.6363636363636,91.8299987792969,79.0999984741211,86.5749969482422,-4.28926420211792,0.925724896517667,-9.44145812988281,9.68397521972656,-9.49245548248291,8.95716190338135,4.29101146351207,5.58835144042969,-1.83452844619751,5.48311567306519,0.671742517501116,0.738250121474266,-0.0908984951674938,0.00431566312909126,0.116250041872263,8.39678146876395,3.35568237033757,-0.908984951674938,0.215783156454563,2.90625104680657,0.25,0.69230769,0.5,0.8,0.83333333,0.82608696,0.56521739,15.90909091,0.08695652,0.04347826,0.17391304,0.47826087,0.2173913,86.8462219238281,79.4014511108398,92.5796127319336,87.9001242897727,92.1077209472656,-9.07713985443115,11.0496196746826,-3.58562874794006,1.84156157753684,-8.8600341796875,4.04549217224121,-3.0352201461792,7.91460990905762,3.2499341097745,4.39757499694824,0.116250041872263,0.00431566312909126,0.671742517501116,0.738250121474266,-0.0908984951674938,2.90625104680657,0.215783156454563,8.39678146876395,3.35568237033757,-0.908984951674938,0.23809524,0.72,0.5,0.8,0.83333333,0.82608696,0.54347826,10,89.8352932400174,22.1614532470703,2,0.2,104.912,5,0.5,"2024-07-24",0
"Bryse Wilson",19990,"2024-07-21","@MIN",23,2024,"MIL","A",26,0,0,0,1,0,0,0,0,0,0,0,1,4,0,0,0,0,1,0,0,0,0,1,9,9,0,1,0,0,0,2,0,0,0,0,0,0.25,0.25,0,7.38247908401489,0,0,1,0,1,4.1664797782898,-4.1664797782898,7.19049659073353,0,101.674844552433,175.553036418574,0,0,0,1,0,0,1,9,7,7,14,0.045755997300148,-0.0313639678061008,0.0771199688315392,0.484000027179718,0.0507337525486946,0.987399995326996,0.815999984741211,0.815999984741211,1.50720000267029,1,1,0.0365774296224117,0.00976245038234264,0,0,0.35714286,92,0.5,88.14285714,0.14285714,78.5,NA,NA,-0.300936728715897,0.589459240436554,0.181037873029709,NA,-6.01873457431793,8.42084629195077,9.05189365148544,NA,0,0.6,0.21428571,NA,0.66666667,0.66666667,0.35714286,0.75,0.07142857,1,1,0,0,2,0,2,0.5,0.5,0,0,1,0,2.68092463388367,NA,NA,NA,NA,20,41.21728,20,20,32.88858,20,49.88257,36.99859,20,60.4127,40.24808,70.90637,46.05865,38.16671,43.23,0.37027,4.6325,NA,NA,NA,89.04,70.04,60.78,74.54,52.34,45.4,77.36,108.26,109.32,90.52,106.46,129.78,85.4071428571429,97.9057142857143,108.05,0.07142857,0.5,0.28571429,0.14285714,NA,93.3000030517578,88.1714303152902,91.9499969482422,78.4499969482422,NA,-4.74554634094238,0.658056735992432,-8.84601783752441,7.66792678833008,NA,8.23384761810303,3.77672440665109,5.08696794509888,-3.01618528366089,NA,-0.0350487045943737,0.59639710187912,-0.27367315068841,0.165077954530716,NA,-3.50487045943737,8.51995859827314,-6.84182876721025,8.2538977265358,NA,0,0.42857143,0.21428571,NA,0.66666667,0.66666667,0.5,15.3,NA,0.14285714,0.07142857,0.5,0.28571429,NA,78.2153015136719,93.1246032714844,87.9373168945312,91.7255249023438,NA,8.64256477355957,-3.73829007148743,1.31585053035191,-8.40263938903809,NA,-4.19640493392944,7.43525981903076,3.02008274623326,4.18655776977539,NA,0.165077954530716,-0.0350487045943737,0.59639710187912,-0.27367315068841,NA,8.2538977265358,-3.50487045943737,8.51995859827314,-6.84182876721025,0,0.42857143,0.21428571,NA,0.66666667,0.66666667,0.5,2,83.7487258911133,30.7260818481445,0,0,85.299,0,0,"2024-07-21",0
"Bryse Wilson",19990,"2024-07-12","WSN",23,2024,"MIL","H",26,0,0,0,1,0,0,0,0,0,0,0,1,4,1,0,0,0,0,0,0,0,0,1,9,0,9,1,0,0,2,1,0,1,0,0,0,0.25,0,0.25,2.16704158401489,0,0.25,1,0.333333333333333,1,1.1664797782898,-1.1664797782898,2.67848818451166,0,29.7440916753395,66.5170884121943,2,0,0.666666666,0.333333333,1,0,0,0,3,11,14,0.00786400027573109,-0.00558199780061841,0.0134459976106882,0.498999983072281,0.051258347928524,0.149439990520477,0.129599988460541,0.129599988460541,NA,0,1,0.0308185387402773,0.0218045927812247,0,0,0.57142857,94.125,0.21428571,89.33333333,0.14285714,82,0.07142857,87,0.0519987344741821,0.116747081279755,0.119327783584595,-0.0238054171204567,0.649984180927277,3.89156937599182,5.96638917922974,-2.38054171204567,0.16666667,0.875,0.57142857,1,0.85714286,0.875,0.57142857,0.75,0.07142857,0,2,1,1,1,1,3,0,0.66666667,0.33333333,0.33333333,0.33333333,0.33333333,-0.765358524645115,NA,78.42591,29.03149,80,47.7313,53.39099,41.80086,66.79512,72.12486,80,69.02443,50.98766,71.95551,80,51.44757,80,75.37838,50.40222,80,-1.45125,1.90022,84.96,141.32,125.06,141.14,67.2,47.52,128.44,142.16,149.2,120.1,85.34,97.74,93.54,131.46,135.9,116.095714285714,104.747142857143,108.045714285714,0.14285714,0.21428571,0.42857143,0.14285714,0.07142857,94.1000061035156,89.3333333333333,94.0333353678385,81.6999969482422,87.0999984741211,-3.5368537902832,1.06845498085022,-9.71884854634603,7.83519554138184,-8.841064453125,9.41886806488037,4.14105224609375,4.93049017588298,-1.75735759735107,6.00937747955322,0.057969942688942,0.118093103170395,-0.0068540908396244,0.120547816157341,-0.0242429338395596,2.8984971344471,3.9364367723465,-0.114234847327073,6.02739080786705,-2.42429338395596,0.25,0.7,0.57142857,1,0.85714286,0.875,0.71428571,18.6,0.07142857,0.14285714,0.14285714,0.21428571,0.42857143,87.2449035644531,81.8074493408203,94.2207489013672,89.4164326985677,94.1546223958333,-8.3825798034668,9.00749015808105,-2.97445011138916,1.72506841023763,-9.02680206298828,4.87236976623535,-3.20060992240906,8.50307464599609,3.22707653045654,3.86563650767008,-0.0242429338395596,0.120547816157341,0.057969942688942,0.118093103170395,-0.0068540908396244,-2.42429338395596,6.02739080786705,2.8984971344471,3.9364367723465,-0.114234847327073,0.25,0.7,0.57142857,1,0.85714286,0.875,0.71428571,3,94.9590454101562,20.6173146565755,0,0,103.851,1,0.33333333,"2024-07-12",0
"Bryse Wilson",19990,"2024-07-09","PIT",23,2024,"MIL","H",26,0,0,9,1,0,0,0,0,0,0,0,1,4,1,1,1,1,0,0,0,0,0,2,18,0,9,2,0,0,0,2,0,0,0,0,0,0.5,0,0.5,1.65247908401489,9,0.25,1,0,1,12.1664797782898,-3.16647977828979,2.19049659073353,218.032512457265,293.490185558015,54.7244184399108,0,0,0,1,0,0.5,0,0,4,14,18,-0.0770120024681091,-0.0820820033550262,0.00507000088691711,-1.66000008583069,-0.170518755912781,0.354600012302399,0.60970002412796,1.21940004825592,0.0595999993383884,1,1,0.00885430257767439,-0.226034223040943,0,1,0.5,92.77777778,0.33333333,87.83333333,0.16666667,80.66666667,NA,NA,0.343688994646072,0.442674040794373,-1.42563855648041,NA,3.81876660717858,7.37790067990621,-47.5212852160136,NA,0.28571429,0.81818182,0.61111111,0.5,0.88888889,0.81818182,0.61111111,0.75,0.11111111,1,0,1,0,1,1,2,0.5,0,0.5,0,0.5,0.5,10.4004397614073,NA,NA,NA,NA,20,50.48871,20,57.23872,26.20446,73.14675,52.34424,33.10316,64.74716,80,47.92698,78.66255,58.30074,35.64183,68.98197,-0.39028,3.49167,NA,NA,NA,102.8,71.64,69.48,109.56,104.18,75.06,114.74,99.82,107.46,102.02,104.34,99.4,107.358888888889,97.5988888888889,91.2433333333333,0.22222222,0.33333333,0.27777778,0.16666667,NA,93.0500030517578,87.9000040690104,92.5799987792969,80.8333333333333,NA,-3.17277383804321,1.62058687210083,-9.05550994873047,7.84505081176758,NA,8.53565120697021,2.16827456156413,5.5842414855957,-2.80227851867676,NA,0.0337270088493824,0.447552062571049,0.313855674117804,-1.42695612460375,NA,0.84317522123456,7.45920104285081,6.27711348235607,-47.5652041534583,NA,0.2,0.76923077,0.61111111,0,0.9,0.81818182,0.72222222,17.71428571,NA,0.16666667,0.22222222,0.33333333,0.27777778,NA,80.7996012369792,93.0137252807617,87.8617553710938,92.5907409667969,NA,8.6821034749349,-2.57892990112305,2.19329786300659,-8.67379379272461,NA,-3.91569646199544,7.82597732543945,1.36850086847941,4.52431030273438,NA,-1.42695612460375,0.0337270088493824,0.447552062571049,0.313855674117804,NA,-47.5652041534583,0.84317522123456,7.45920104285081,6.27711348235607,0.2,0.76923077,0.61111111,0,0.9,0.81818182,0.72222222,2,90.4210815429688,26.8701362609863,1,0.5,104.323,1,0.5,"2024-07-09",0
"Bryse Wilson",19990,"2024-07-06","@LAD",23,2024,"MIL","A",26,0,0,0,1,0,0,0,0,0,0,0,3,13,3,0,0,0,0,0,0,0,0,1,3,0,9,1,0.5,0,2,5,5,1,1,0,0,0.07692308,0,0.07692308,5.59596578131959,0,0.230769230769231,1,0.25,1,2.49981311162313,-2.49981311162313,5.01982712199291,0,61.7133151762698,123.097238019293,0.4,0.416666666,0.166666666,0.416666666,0.2,0,1,3,14,34,48,0.132080048322678,-0.0802800059318542,0.212360054254532,1.43400001525879,0.151746034622192,0.7918461561203,0.786666691303253,0.824000000953674,1.79799997806549,1,1,0.0675789192318916,0.0992212190295758,1,0,0.39583333,93.68421053,0.35416667,89.64705882,0.1875,81.33333333,0.0625,88.33333333,0.245722055435181,-0.896656095981598,0.459713995456696,0.00152462720870972,1.29327397597464,-5.27444762342116,5.10793328285217,0.0508209069569906,0.33333333,0.75,0.54166667,0.875,0.83333333,0.84615385,0.5,0.76923077,0.08333333,3,4,5,4,6,2,12,0.25,0.33333333,0.41666667,0.33333333,0.5,0.16666667,5.73635718530951,NA,54.66939,30.54501,65.80272,64.934,49.31893,70.33019,39.38334,30.8624,44.86584,53.86343,33.5989,61.30393,44.67089,38.37354,38.23169,52.76794,36.23046,55.30838,-0.04655,4.00727,78.38,111.86,81.96,104.64,111.94,106.28,126.02,85.8,79.08,100.98,128.54,121.5,95.54,104.16,103.66,100.884583333333,112.53625,107.145416666667,0.08333333,0.35416667,0.33333333,0.1875,0.04166667,94.0250015258789,89.5941162109375,93.2249984741211,81.2666693793403,87.8499984741211,-4.33982944488525,0.314271365894991,-8.90716075897217,7.07645246717665,-7.6240816116333,8.88550281524658,3.83363162769991,6.25969839096069,-1.47755326165093,6.19781637191772,-0.258050337433815,-0.860291291028261,0.545445248484612,0.464617107063532,0.00128604471683502,-6.45125843584538,-5.0605370060486,3.40903280302882,5.16241230070591,0.0643022358417511,0.21052632,0.75862069,0.54166667,1,0.81818182,0.84615385,0.60416667,17.57142857,0.0625,0.1875,0.08333333,0.35416667,0.3125,88.2764994303385,81.2779744466146,94.0097274780273,89.5888671875,93.4957763671875,-7.64915021260579,8.38545989990234,-3.50962996482849,1.37586717044606,-7.92978515625,5.12374687194824,-2.85242886013455,7.86961984634399,2.70365928201114,4.93883717854818,0.00128604471683502,0.464617107063532,-0.258050337433815,-0.860291291028261,0.545445248484612,0.0428681572278341,5.16241230070591,-6.45125843584538,-5.0605370060486,3.63630165656408,0.25,0.75,0.54166667,1,0.80952381,0.84615385,0.58333333,12,85.0940093994141,19.5652936299642,1,0.08333333,107.258,3,0.25,"2024-07-06",0
"Bryse Wilson",19990,"2024-07-01","@COL",23,2024,"MIL","A",26,0,0,11.25,1,0,0,0,0,0,0,0,4,20,7,5,5,2,2,0,0,1,0,3,6.75,4.5,15.75,1.5,0,0,5,2,8,0,0,0,0,0.15,0.1,0.05,4.69857158401489,4.5,0.388888888888889,2.25,0.384615384615385,0.64516129,9.66647977828979,1.58352022171021,3.92248398140073,272.540640571581,233.54789149377,96.5791469940687,2.5,0.533333333,0.333333333,0.133333333,0,1,4,9,27,46,73,-0.303836017847061,-0.630356013774872,0.326520025730133,-2.48399996757507,-0.216187983751297,1.25674545764923,0.999100029468536,0.920000016689301,0.912799954414368,1,1,-0.282539129257202,0.0407749629355726,0,1,0.38356164,93.21428571,0.46575342,89.11764706,0.08219178,80.83333333,0.06849315,87.6,-2.22432947158813,-0.618552446365356,-0.247158333659172,0.242822855710983,-7.94403382710048,-1.81927190107458,-4.1193055609862,4.85645711421967,0.27272727,0.75862069,0.46575342,0.91666667,0.86363636,0.88235294,0.39726027,0.7,0.05479452,4,8,3,1,6,8,15,0.26666667,0.53333333,0.2,0.06666667,0.4,0.53333333,17.3823260913024,NA,31.50654,20.6833,57.5568,51.13516,45.07018,50.45269,20,20,20,36.33435,20.95624,49.76692,57.86828,49.45988,42.99621,41.5259,34.09634,41.51642,0.65188,5.05491,78.8,108.68,78.28,99.86,88.18,80.5,91.92,77.74,36.84,91.56,110.14,87.4,97.64,90.92,96.66,94.0695890410959,95.2687671232877,84.1627397260274,0.12328767,0.46575342,0.24657534,0.08219178,0.08219178,93.2111138237847,89.023530847886,93.227776421441,80.5666656494141,88.4000040690104,-3.86367797851562,0.974015965181239,-6.918334113227,5.25927797953288,-5.39705403645833,7.36920589870877,3.4053196626551,5.52540079752604,-2.06105041503906,5.19729614257812,-0.347577653825283,-0.595860440284014,-1.76936153694987,-0.252160452306271,0.224380023777485,-3.86197393139203,-1.75253070671769,-9.82978631638818,-4.20267420510451,3.73966706295808,0.22857143,0.68421053,0.46575342,0.875,0.88461538,0.88235294,0.52054795,18.22641509,0.06849315,0.08219178,0.15068493,0.45205479,0.24657534,87.3593017578125,80.4558308919271,93.0712779651989,88.8050056226326,93.1332329644097,-5.79253616333008,5.86130523681641,-2.77709007263184,1.41419312448213,-6.71925438774957,4.55916786193848,-2.80174954732259,7.15108073841442,2.91745041355942,5.049193488227,0.245426975190639,-0.252160452306271,-0.406702928245068,-0.557782117277384,-1.76936153694987,4.90853950381279,-4.20267420510451,-3.69729934768243,-1.6902488402345,-9.82978631638818,0.22857143,0.68421053,0.46575342,0.875,0.88461538,0.88235294,0.52054795,15,94.5322916666667,8.4699961344401,5,0.33333333,110.11,8,0.53333333,"2024-07-01",0
"Bryse Wilson",19990,"2024-06-25","TEX",23,2024,"MIL","H",26,1,0,0,1,0,0,0,0,0,0,0,6,21,3,0,0,0,0,0,0,0,0,4,6,0,4.5,4,0,0,7,8,2,1,0,0,0,0.19047619,0,0.19047619,3.48457489374604,0,0.142857142857143,0.5,0.176470588235294,1,1.83314644495646,-1.83314644495646,3.84915765325228,0,45.7287034258046,94.8071632157434,0.875,0.117647058,0.411764705,0.470588235,0.125,0,3,4.5,24,50,74,0.423514008522034,-0.141405984759331,0.564919948577881,2.99399995803833,0.307550072669983,1.26649522781372,1.29470002651215,0.869599997997284,1.49779999256134,1,1,0.331402152776718,0.00299627148984782,1,0,0.52702703,92.41025641,0.2972973,88.5,0.08108108,79,0.09459459,86.57142857,1.91092240810394,0.834952592849731,0.0172966122627258,0.238035678863525,4.89980104642037,3.79523905840787,0.288276871045431,3.40050969805036,0.4,0.65517241,0.5,0.5,0.89473684,0.7027027,0.39189189,0.66666667,0.14864865,5,7,5,3,6,8,17,0.29411765,0.41176471,0.29411765,0.17647059,0.35294118,0.47058824,1.07947579546206,NA,36.41498,24.09041,54.83592,51.94971,50.77753,59.69883,51.37507,43.24182,57.90181,54.3231,36.79668,60.25338,31.16968,35.66073,55.20931,45.73804,35.39256,63.35471,0.39019,4.66238,79.3,101.68,85.82,108.4,114.6,106.36,103.7,113.14,84.02,89.92,119,110.68,92.12,87.12,83.82,92.93,106.735135135135,96.39,0.13513514,0.2972973,0.39189189,0.08108108,0.09459459,92.95,88.468184037642,92.1586240571121,79.2166646321615,86.5142822265625,-3.67273216247559,0.825554500926625,-8.89477959994612,8.60721397399902,-8.28952625819615,8.60375518798828,4.51155818592418,5.70568952889278,-2.13753732045492,5.18717629568917,0.244016118347645,0.840835604816675,1.73167240992188,0.0169957205653191,0.24001731723547,2.44016118347645,3.82198002189398,5.97128417214443,0.283262009421984,3.42881881764957,0.35135135,0.64864865,0.5,0.53846154,0.79166667,0.7027027,0.5,15.39622642,0.09459459,0.08108108,0.13513514,0.2972973,0.39189189,86.4671543666295,79.1692657470703,92.9239685058594,88.4172807173295,92.1157394935345,-7.99208395821708,9.06070518493652,-3.18833084106445,1.37999881397594,-8.45804464405981,3.80315126691546,-3.29936504364014,7.71731872558594,3.27944807572798,4.59027046992861,0.24001731723547,0.0169957205653191,0.244016118347645,0.840835604816675,1.73167240992188,3.42881881764957,0.283262009421984,2.44016118347645,3.82198002189398,5.97128417214443,0.35135135,0.64864865,0.5,0.46153846,0.83333333,0.7027027,0.5,17,87.6534639246323,18.2661348230699,0,0,107.278,7,0.41176471,"2024-06-25",0
"Bryse Wilson",19990,"2024-06-20","@SDP",23,2024,"MIL","A",26,0,0,9.64285845659235,1,1,0,0,0,0,0,0,4.2,23,7,5,5,3,2,0,0,0,0,5,9.64285845659235,3.85714338263694,13.5000018392293,2.5,0,0,5,8,3,0,0,0,0,0.2173913,0.08695652,0.13043478,4.51298994813942,5.78571507395541,0.333333333333333,1.92857169131847,0.307692307692308,0.83333333,10.6664808000838,-1.02362234349149,4.90135156817052,233.606295173401,257.52483361894,120.234190532769,0.625,0.1875,0.3125,0.5,0,0.375,3,5.78571507395541,22,55,77,-0.40065997838974,-0.611563980579376,0.210904002189636,-3.18299984931946,-0.347299516201019,0.66273045539856,0.589479982852936,0.927799999713898,1.10759997367859,1,1,-0.485515058040619,-0.119044420290262,0,0,0.57142857,92.97727273,0.24675325,88.31578947,0.1038961,79.25,0.07792208,87.33333333,-0.663703083992004,0.0644204467535019,-2.55482649803162,-0.0378765910863876,-1.50841609998183,0.339054982913168,-31.9353312253952,-0.631276518106461,0.33333333,0.70454545,0.54545455,0.63636364,0.87096774,0.80952381,0.57142857,0.82608696,0.1038961,10,3,3,0,8,8,16,0.625,0.1875,0.1875,0,0.5,0.5,10.2346086055705,22,51.36845,40.48009,64.90364,64.73226,46.4937,71.64128,53.44161,51.72442,50.10671,80,63.89992,74.9135,43.61293,39.01876,61.35126,68.90606,49.77954,75.9003,-1.04915,2.50337,80.28,112.98,94.36,114.98,119.1,104.28,111.64,70.22,55.04,105.26,128.46,138.24,94.32,96.82,100.54,102.811315789474,108.796842105263,108.040526315789,0.16883117,0.24675325,0.4025974,0.1038961,0.07792208,93.1846172626202,88.2631578947368,92.7677435105847,79.0625,87.1666666666667,-4.93562434269832,0.180394812634117,-10.786617155998,8.28137302398682,-10.3555806477865,9.89937298114483,5.11069127133018,6.62463871125252,-3.33155107498169,6.21231269836426,-0.630593195557594,0.0591133944690228,0.00763781368732452,-2.51214038580656,-0.0391262397170067,-4.85071688890457,0.31112312878433,0.0246381086687888,-31.401754822582,-0.652103995283445,0.38709677,0.65217391,0.54545455,0.66666667,0.86666667,0.80952381,0.5974026,17.24074074,0.07792208,0.1038961,0.16883117,0.24675325,0.4025974,87.1604817708333,79.066276550293,93.2093693659856,88.2593415912829,92.7741147933468,-9.08737182617188,9.9174747467041,-3.73857997013972,1.6132553502133,-9.61393885458669,4.55076154073079,-5.22365856170654,8.47248370830829,3.51262825413754,5.13306402391003,-0.0391262397170067,-2.51214038580656,-0.630593195557594,0.0591133944690228,0.00763781368732452,-0.652103995283445,-31.401754822582,-4.85071688890457,0.31112312878433,0.0246381086687888,0.36666667,0.65957447,0.54545455,0.72727273,0.83870968,0.80952381,0.61038961,16,96.9956741333008,20.096508026123,1,0.0625,111.827,9,0.5625,"2024-06-20",0
"Bryse Wilson",19990,"2024-06-15","CIN",23,2024,"MIL","H",26,1,0,0,1,0,0,0,0,0,0,0,5.1,19,3,0,0,0,2,0,0,0,0,6,10.1250006034971,3.37500020116569,5.06250030174853,3,0,0,6,4,1,1,0,0,0,0.31578947,0.10526316,0.21052632,3.02787035415014,0,0.176470588235294,0.937500055879358,0.272727272727273,1,2.04147971123457,-2.04147971123457,3.17548608349301,0,50.7238929900473,78.5274022666375,1.5,0.09090909,0.545454545,0.363636363,0.25,0,3,5.06250030174853,26,48,74,0.301469951868057,-0.163996025919914,0.465465992689133,2.72499990463257,0.279917806386948,1.03331005573273,0.988680005073547,0.790199995040894,0.918600022792816,1,1,0.214078798890114,0.0776728880266296,1,0,0.44594595,93.18181818,0.36486486,89.37037037,0.12162162,79.77777778,0.06756757,87.6,1.47101032733917,0.380157560110092,0.667305588722229,-0.0349957048892975,4.45760705254295,1.40799096337071,7.4145065413581,-0.69991409778595,0.19444444,0.68421053,0.44594595,0.57142857,1,0.90909091,0.51351351,0.57894737,0.04054054,4,4,3,2,6,3,11,0.36363636,0.36363636,0.27272727,0.18181818,0.54545455,0.27272727,1.15720385361582,NA,45.77765,23.37227,46.00091,80,54.86673,80,80,52.10352,80,46.75381,41.36122,48.04512,36.19275,37.43595,40.64136,53.14467,40.16662,55.74956,-0.06996,3.97215,60.08,67.14,49.16,92.84,160.78,161.14,99.48,166.64,161.54,97.52,94.12,90.94,99.4,88.44,92.82,95.2394594594595,103.231891891892,102.111081081081,0.06756757,0.36486486,0.37837838,0.12162162,0.06756757,93.4,89.1666666666667,93.1000017438616,79.7444458007812,87.5,-3.34335899353027,0.84474860297309,-9.11677769252232,7.99888186984592,-8.75849914550781,9.01316375732422,4.89742702907986,5.68766130719866,-2.98924318949381,5.09160308837891,0.11164403706789,0.381459847092628,1.35941894352436,0.698374103754759,0.00352064520120621,2.2328807413578,1.41281424849122,4.85506765544415,7.75971226394176,0.0704129040241241,0.17647059,0.675,0.44594595,0.5,1,0.90909091,0.54054054,16.58181818,0.06756757,0.12162162,0.06756757,0.36486486,0.37837838,87.2944213867188,79.5388997395833,93.2068176269531,88.9566514756944,92.9156842912946,-8.23886795043945,8.97627682156033,-2.5950080871582,1.58171745582863,-8.39714922223772,4.00106201171875,-4.41649119059245,8.26950759887695,3.91123369004991,4.62711879185268,0.00352064520120621,0.698374103754759,0.11164403706789,0.381459847092628,1.35941894352436,0.0704129040241241,7.75971226394176,2.2328807413578,1.41281424849122,4.85506765544415,0.19354839,0.62790698,0.44594595,0.5,1,0.90909091,0.58108108,11,88.8972056995739,13.0179776278409,0,0,108.707,6,0.54545455,"2024-06-15",0
"Bryse Wilson",19990,"2024-06-09","@DET",23,2024,"MIL","A",26,0,1,14.5384626049968,1,1,0,0,0,0,0,0,4.1,24,6,7,7,0,2,0,2,0,0,4,8.30769291714103,4.15384645857051,12.4615393757115,2,0.2,1,5,6,4,0,1,1,1,0.16666667,0.08333333,0.08333333,4.96227075438256,0,0.3,1.8461539815869,0.375,0.3,4.08955676908324,10.4489058359136,6.18310702358776,352.206392114827,99.8304678971664,151.208738585705,0.833333333,0.266666666,0.333333333,0.4,0,0,0,0,32,57,89,-0.19813996553421,-0.413531929254532,0.21539194881916,-3.13599991798401,-0.330801695585251,0.917666673660278,0.641040027141571,0.870000004768372,0.561999976634979,1,1,-0.110350623726845,-0.105566518326373,0,0,0.4494382,92.35,0.3258427,88,0.21348315,79,0.01123596,88,0.544645845890045,-0.315188884735107,-0.808383405208588,-0.797038972377777,1.36161461472511,-1.08685822322451,-4.25464950109783,-79.7038972377777,0.32727273,0.64705882,0.4494382,0.5,0.81818182,0.675,0.38202247,0.70833333,0.14606742,5,6,5,3,7,6,16,0.3125,0.375,0.3125,0.1875,0.4375,0.375,5.00433372949254,33,80,50.81466,80,57.89937,44.09292,58.65929,60.48092,36.15684,72.97292,36.37535,31.36734,45.1927,30.26974,43.39712,32.34696,44.03301,35.71411,47.9042,0.49612,4.82127,84.02,109.78,93.26,101.52,95.46,95.96,98.66,132.22,115.38,93.28,89.2,77.1,97.9,70.36,81.48,97.3557303370787,92.5743820224719,89.5676404494382,0.17977528,0.31460674,0.28089888,0.21348315,0.01123596,92.5500030517578,87.8607177734375,92.11599609375,78.8368433902138,87.8000030517578,-3.4733624458313,1.37599699837821,-9.06712768554688,8.45124335038035,-11.8861494064331,8.60376071929932,4.61310195922852,5.28281188964844,-2.29881949173777,3.2067563533783,0.520267825573683,-0.276915963739157,0.0641098879277706,-0.824025928974152,-0.804897725582123,3.25167390983552,-0.988985584782702,0.256439551711082,-4.33697857354817,-80.4897725582123,0.35416667,0.56097561,0.4494382,0.52941176,0.7826087,0.675,0.46067416,16.89230769,0.01123596,0.21348315,0.17977528,0.31460674,0.28089888,88.234001159668,79.1918431332237,92.9178466796875,88.2227608816964,92.496318359375,-10.9015998840332,9.33719032689145,-2.83042001724243,2.05692441122872,-8.28776428222656,1.49405002593994,-3.75845055831106,7.52782726287842,3.61051641191755,3.94542358398437,-0.804897725582123,-0.824025928974152,0.520267825573683,-0.276915963739157,0.0641098879277706,-80.4897725582123,-4.33697857354817,3.25167390983552,-0.988985584782702,0.256439551711082,0.32653061,0.6,0.4494382,0.5,0.79166667,0.675,0.4494382,16,86.9737386067708,11.9137654622396,0,0,107.015,6,0.375,"2024-06-09",0
"Bryse Wilson",19990,"2024-06-03","@PHI",23,2024,"MIL","A",26,0,1,4.7647064169386,1,0,0,0,0,0,0,0,5.2,24,6,3,3,1,1,0,0,0,0,1,1.58823547231287,1.58823547231287,9.52941283387721,1,0,0,12,8,2,0,0,0,0,0.04166667,0.04166667,0,5.34892700485164,1.58823547231287,0.260869565217391,1.23529425624334,0.238095238095238,0.71428571,5.63706829077648,-0.872361873837875,5.47755072872173,115.428990134042,136.935024177623,134.158460182743,1.5,0.09090909,0.545454545,0.363636363,0,0.125,1,1.58823547231287,35,56,91,-0.130371987819672,-0.348686069250107,0.218314096331596,-0.223999977111816,-0.0229390598833561,0.607541680335999,0.532299995422363,0.920000016689301,0.390999972820282,1,1,0.00116061849985272,-0.215749990783858,0,1,0.45054945,92.12195122,0.30769231,87.35714286,0.16483516,78.26666667,0.07692308,86.57142857,-0.0831124037504196,-0.755976617336273,0.313135743141174,0.639302611351013,-0.202713179879072,-2.69991649048669,2.08757162094116,9.13289444787162,0.22,0.75609756,0.46153846,0.90909091,0.96774194,0.95238095,0.45054945,0.5,0.02197802,8,10,4,4,10,8,22,0.36363636,0.45454545,0.18181818,0.18181818,0.45454545,0.36363636,4.51271439497918,NA,53.50567,30.85644,65.8822,38.87416,50.27417,36.87998,58.58537,38.33394,66.12101,63.14144,46.52958,67.38853,22.54845,38.21718,45.61187,46.47814,40.59654,58.70858,0.34421,4.59341,83.32,130.68,110.5,105.32,56.92,55.74,101.9,137.3,104.26,95.84,129.48,137.88,96.76,76.28,87.36,97.3384444444444,101.710888888889,102.981111111111,0.10989011,0.30769231,0.34065934,0.16483516,0.07692308,92.4599975585938,87.3928571428571,91.909675844254,78.0933349609375,86.5714285714286,-4.41035690307617,1.18885326385498,-9.42451723160282,8.13729604085287,-9.15435900006976,9.15143356323242,4.89557593209403,5.94710270051033,-2.48804143269857,4.33076695033482,-1.27595410868526,-0.729680065065622,1.24896965548396,0.354200225323439,0.647012699395418,-12.7595410868525,-2.60600023237722,4.02893437252891,2.36133483548959,9.24303856279169,0.21428571,0.67346939,0.46153846,0.88888889,0.96969697,0.95238095,0.53846154,16.65671642,0.07692308,0.16483516,0.0989011,0.30769231,0.35164835,86.7646309988839,78.2948893229167,92.7364773220486,87.5858590262277,92.1155395507812,-8.32266398838588,9.44026082356771,-3.10724110073513,2.33486992972238,-8.2721471786499,2.92437853131975,-3.98654327392578,8.24221462673611,3.66555213928223,4.71598243713379,0.647012699395418,0.354200225323439,-1.3339240513742,-0.729680065065622,1.3069395981729,9.24303856279169,2.36133483548959,-14.8213783486022,-2.60600023237722,4.08418624429032,0.19047619,0.69387755,0.46153846,0.875,0.97058824,0.95238095,0.53846154,22,86.3634088689631,1.96765483509411,3,0.13636364,105.439,9,0.40909091,"2024-06-03",0
"Bryse Wilson",19990,"2024-05-29","CHC",23,2024,"MIL","H",26,0,0,6.75,1,1,0,0,0,0,0,0,4,20,6,4,3,1,2,0,0,0,1,1,2.25,4.5,13.5,0.5,0.166666666,0,6,9,2,0,1,0,0,0.05,0.1,-0.05,7.09458158401489,2.25,0.333333333333333,2,0.3125,0.60606061,7.4164797782898,-0.666479778289795,7.56849869228899,163.524384342949,179.59982683595,184.68773072337,0.666666666,0.117647058,0.352941176,0.529411764,0,0.111111111,7,15.75,29,53,82,-0.016385942697525,-0.274466067552567,0.258080124855042,-1.35210001468658,-0.138890609145164,0.745527267456055,0.723600029945374,0.870000004768372,1.34979999065399,1,1,-0.15509806573391,0.133119067228009,0,0,0.42682927,94.31428571,0.37804878,89.51612903,0.14634146,81.25,0.04878049,89.25,-1.02063715457916,0.160066395998001,-0.0441806018352509,-0.563435137271881,-2.91610615594046,0.516343212896778,-0.368171681960424,-14.085878431797,0.29787234,0.71428571,0.47560976,0.92857143,0.88,0.8974359,0.42682927,0.55,0.04878049,7,6,4,1,7,9,17,0.41176471,0.35294118,0.23529412,0.05882353,0.41176471,0.52941176,6.06025375921458,31,21.18402,33.30456,43.72259,54.37714,55.89859,59.66292,70.89829,45.66232,77.51314,50.74008,54.85661,55.41287,25.89154,39.1762,39.40666,44.99382,46.28233,54.23322,0.43643,4.73174,114.56,39.86,48.54,120.54,103.66,114.6,110.72,45.12,54.92,108.14,78.26,97.8,108.6,85.72,96.1,110.814814814815,78.3891358024691,91.4034567901234,0.13414634,0.37804878,0.29268293,0.14634146,0.04878049,94.6727294921875,89.5032289566532,94.0416666666667,81.1166687011719,89.1999969482422,-4.02533548528498,0.871703916980374,-9.58762359619141,7.8960444132487,-9.42931747436523,9.26286732066761,4.84296687956779,5.95399220784505,-1.85623470942179,4.75423908233643,-0.898567065596581,0.157477803528309,-0.125670317560434,-0.00587745010852814,-0.572661854326725,-8.16879150542346,0.507992914607448,-0.523626323168476,-0.0489787509044011,-14.3165463581681,0.275,0.66666667,0.47560976,0.90909091,0.89285714,0.8974359,0.51219512,16.35483871,0.04878049,0.14634146,0.13414634,0.37804878,0.29268293,88.8370742797852,80.7461242675781,94.3045543323864,89.1249291204637,93.6809285481771,-8.74938488006592,9.09531084696452,-3.21833073009144,1.77564042614352,-8.86463801066081,3.16630244255066,-3.37352689107259,8.29325034401634,3.66811346238659,4.76738548278809,-0.572661854326725,-0.00587745010852814,-0.898567065596581,0.157477803528309,-0.125670317560434,-14.3165463581681,-0.0489787509044011,-8.16879150542346,0.507992914607448,-0.523626323168476,0.275,0.66666667,0.47560976,0.90909091,0.89285714,0.8974359,0.51219512,17,90.2560029871323,21.4797758214614,2,0.11764706,107.801,7,0.41176471,"2024-05-29",0
"Bryse Wilson",19990,"2024-05-24","@BOS",23,2024,"MIL","A",26,1,0,3.37500020116569,1,0,0,0,0,0,0,0,5.1,23,6,2,2,1,1,0,0,0,0,7,11.8125007040799,1.68750010058284,10.1250006034971,7,0,0,5,8,2,3,0,0,0,0.30434783,0.04347826,0.26086957,2.68242094745758,1.68750010058284,0.272727272727273,1.3125000782311,0.357142857142857,0.89285714,3.54147980064154,-0.16647959947585,3.3719923998721,81.762197044881,86.6892715722975,83.2761195930701,0.625,0.133333333,0.333333333,0.533333333,0.375,0.125,6,10.1250006034971,28,52,80,0.145716041326523,-0.259759992361069,0.405476033687592,1.19599997997284,0.115221574902534,0.852139115333557,0.907405734062195,1.58640003204346,0.757200002670288,1,1,0.064830869436264,0.10616942699947,1,0,0.3875,92.80645161,0.4625,88.05405405,0.125,79.5,0.025,87.5,-1.07331788539886,0.507495760917664,0.016389649361372,-0.0712025240063667,-3.46231575935118,1.37161016464233,0.16389649361372,-3.56012620031834,0.2195122,0.66666667,0.4375,0.44444444,0.88461538,0.77142857,0.4875,0.69565217,0.1,2,6,7,4,7,4,15,0.13333333,0.4,0.46666667,0.26666667,0.46666667,0.26666667,2.51221925973198,NA,20,36.9275,20,77.52564,51.34055,80,44.88701,37.20941,49.53991,58.10069,33.63155,64.92344,61.08411,47.65729,64.18787,58.91958,42.08852,68.30091,-0.42873,3.434,74.68,43.28,27.38,102.1,124.44,124.5,113.7,85.62,75.48,105.44,101.2,107.12,103.68,122.56,128.18,103.39325,109.72475,112.27725,0.0875,0.4625,0.275,0.125,0.05,93.3571428571429,87.9594594594595,92.8681807084517,79.6099975585937,89.3249969482422,-3.67114421299526,1.74740291286159,-9.22911210493608,7.84444274902344,-7.68714666366577,9.24010794503348,4.50537727974557,6.39698375355114,-1.36255254745483,5.5359468460083,0.137096893042326,0.495000425726175,-1.15945165231824,0.0142864994704723,-0.14266249909997,1.9585270434618,1.33783898844912,-5.27023478326472,0.142864994704723,-3.56656247749925,0.12121212,0.65957447,0.4375,0.75,0.77419355,0.77142857,0.5875,16.77192982,0.025,0.125,0.1125,0.4625,0.275,88.07080078125,79.8557006835938,93.3134426540799,88.1927457242399,93.0259288441051,-7.12472009658813,8.47870025634766,-3.72618781195747,2.21599558237437,-8.82168371027166,3.44281482696533,-2.60652046203613,8.13792928059896,3.68396655933277,5.17982899058949,-0.0725650899112225,0.0142864994704723,0.0669994838535786,0.495000425726175,-1.15945165231824,-3.62825449556112,0.142864994704723,0.744438709484206,1.33783898844912,-5.27023478326472,0.12903226,0.63265306,0.4375,0.75,0.77419355,0.77142857,0.6125,15,87.2171305338542,28.6769470214844,1,0.06666667,103.317,6,0.4,"2024-05-24",0
"Bryse Wilson",19990,"2024-05-18","@HOU",23,2024,"MIL","A",26,0,0,3.85714338263694,1,1,0,0,0,0,0,0,4.2,19,5,2,2,1,1,0,0,2,0,3,5.78571507395541,1.92857169131847,9.64285845659235,3,0,0,8,3,4,1,0,0,0,0.15789474,0.05263158,0.10526316,4.0028620492585,1.92857169131847,0.277777777777778,1.28571446087898,0.285714285714286,0.86956522,5.30933721308809,-1.45219383045116,3.49562808427532,93.4425180693606,129.077043124508,86.2638653689276,2.666666666,0.266666666,0.533333333,0.2,0.333333333,0.333333333,4,7.71428676527388,19,39,58,0.0037140054628253,-0.27689802646637,0.280612021684647,0.164999961853027,0.017488069832325,0.912500023841858,0.918439984321594,0.870000004768372,1.09160006046295,1,1,0.0299008954316378,-0.0258307525650235,0,0,0.37931034,93.68181818,0.4137931,89.375,0.17241379,81.2,0.03448276,89.5,-0.659231126308441,-0.240748882293701,0.395129293203354,-0.04739710688591,-2.99650511958382,-1.00312034289042,3.95129293203354,-2.3698553442955,0.3030303,0.64,0.44827586,0.4,1,0.76923077,0.43103448,0.68421053,0.10344828,8,5,2,1,8,6,15,0.53333333,0.33333333,0.13333333,0.06666667,0.53333333,0.4,6.5383716256979,47,20,46.32048,20,44.60049,53.31098,41.80881,62.99223,35.89422,67.33305,57.31747,51.50905,65.2841,20,37.97562,20,33.52864,44.89907,31.86101,1.14872,5.80017,82.08,-31.68,-66,97.42,91.9,88.84,98.54,115.92,106.98,104.34,94.38,103.98,93.6,55.22,61.12,97.7059649122807,74.8540350877193,78.2231578947368,0.05172414,0.4137931,0.32758621,0.17241379,0.03448276,94,89.2833353678385,93.6578947368421,81.1400024414063,89.6500015258789,-3.50372187296549,0.721486330032349,-9.74738432231702,7.19360961914063,-10.6411113739014,9.61079915364583,5.11872514088949,6.74295445492393,-1.0566837310791,6.54456424713135,0.303706333041191,-0.207253035157919,-0.976501535624266,0.398495595902205,-0.0483221560716629,10.1235444347064,-0.863554313157996,-5.1394817664435,3.98495595902204,-2.41610780358315,0.33333333,0.57142857,0.44827586,0.4,1,0.76923077,0.48275862,17.41025641,0.03448276,0.17241379,0.05172414,0.4137931,0.32758621,89.8994522094727,81.4005310058594,94.2715352376302,89.5365193684896,93.9200053967928,-9.72278499603271,8.19899826049805,-2.73665682474772,1.41804933547974,-8.83672533537212,4.4934549331665,-2.88136672973633,8.41535313924154,3.72546195983887,5.20653574090255,-0.0483221560716629,0.398495595902205,0.303706333041191,-0.207253035157919,-0.976501535624266,-2.41610780358315,3.98495595902204,10.1235444347064,-0.863554313157996,-5.1394817664435,0.33333333,0.5483871,0.44827586,0.33333333,1,0.76923077,0.53448276,15,94.7038330078125,10.5853861490885,2,0.13333333,108.323,10,0.66666667,"2024-05-18",0
"Bryse Wilson",19990,"2024-05-12","STL",23,2024,"MIL","H",26,0,0,4.5,1,1,0,0,0,0,0,0,4,22,5,2,2,1,5,0,0,0,0,1,2.25,11.25,11.25,0.2,0,0,6,7,3,0,0,0,0,0.04545455,0.22727273,-0.18181818,9.00140057276059,2.25,0.294117647058824,2.5,0.266666666666667,0.93023256,9.66647977828979,-5.16647977828979,9.06249448917806,109.016256228632,233.54789149377,220.791220204178,0.857142857,0.1875,0.375,0.4375,0,0.142857142,3,6.75,38,42,80,-0.076650008559227,-0.507325947284698,0.430675953626633,-0.628100097179413,-0.0645197778940201,1.33992731571198,0.963760018348694,0.870000004768372,1.80199992656708,1,1,-0.139501571655273,0.0822969698381228,0,0,0.475,92.81578947,0.325,89.03846154,0.15,80.41666667,0.05,89,-1.62999749183655,-0.100920721888542,-0.234804838895798,-0.105593025684357,-4.28946708378039,-0.388156622648239,-1.95670699079831,-2.63982564210892,0.2173913,0.67647059,0.4125,0.8,0.73913043,0.75757576,0.425,0.5,0.1,6,6,4,1,7,8,16,0.375,0.375,0.25,0.0625,0.4375,0.5,9.66404547811922,33,35.06978,46.40297,37.8104,61.71906,54.14799,66.51272,39.2378,38.76152,41.26069,47.52564,31.21831,57.23669,20,48.17007,20,28.59806,40.14222,26.07408,1.45503,6.25964,79.16,106.24,98.82,106.26,141.64,132.94,102.84,75.82,68.76,90.96,84.26,75.78,96.3,16.1,30.52,96.926,70.18975,69.505,0.2375,0.325,0.2375,0.15,0.05,93.0842092413651,88.9923095703125,92.4894762541118,80.4083353678385,88.7249984741211,-3.4931660702354,1.6772283407358,-8.35125089946546,7.47791735331217,-9.2701244354248,8.47430339612459,4.5103260920598,5.88024420487253,-1.69881407419841,3.55944776535034,-2.18923031166196,-0.114661756902933,0.715876199305058,-0.239934854209423,-0.108231037855148,-11.5222647982208,-0.441006757318974,3.76776947002662,-1.99945711841186,-2.70577594637871,0.18181818,0.69444444,0.4125,0.75,0.76,0.75757576,0.45,17.06896552,0.05,0.15,0.2375,0.325,0.2375,88.8265228271484,80.4930674235026,93.1764108758224,89.0712139423077,92.5894068667763,-8.70764541625977,8.21504211425781,-3.02176043861791,2.14410884563739,-7.85634492572985,2.07540154457092,-3.09427483876546,7.58556165193257,3.59420306865986,4.71303036338405,-0.108231037855148,-0.239934854209423,-2.18923031166196,-0.114661756902933,0.715876199305058,-2.70577594637871,-1.99945711841186,-11.5222647982208,-0.441006757318974,3.76776947002662,0.18181818,0.69444444,0.4125,0.75,0.76,0.75757576,0.45,16,90.7935180664062,18.1834602355957,1,0.0625,104.891,10,0.625,"2024-05-12",0
"Bryse Wilson",19990,"2024-05-06","@KCR",23,2024,"MIL","A",26,0,0,0,1,1,1,0,0,0,0,0,6,22,1,0,0,0,3,0,1,0,0,6,9,4.5,1.5,2,0,0,5,6,1,1,0,0,0,0.27272727,0.13636364,0.13636364,4.37147288839346,0,0.0555555555555556,0.666666666666667,0.0833333333333333,1,3.1664797782898,-3.1664797782898,4.67848818451166,0,77.697926926735,114.84853560366,0.833333333,0.083333333,0.416666666,0.5,0.166666666,0,2,3,36,53,89,0.36761400103569,-0.239703983068466,0.607317984104156,3.2039999961853,0.313656389713287,1.19239127635956,1.09516668319702,0.870000004768372,1.57099997997284,1,1,0.286552250385284,0.0217475571728838,0,0,0.39325843,93.48571429,0.35955056,89.46875,0.23595506,81.0952381,0.01123596,87,0.816702246665955,1.75477874279022,0.589574456214905,-0.0373910665512085,2.33343499047416,5.48368357121944,2.80749741054717,-3.73910665512085,0.3,0.75862069,0.4494382,0.61111111,0.86363636,0.75,0.3258427,0.68181818,0.11235955,5,5,2,2,5,5,12,0.41666667,0.41666667,0.16666667,0.16666667,0.41666667,0.41666667,2.22358457309473,74,48.83997,21.77417,80,55.48128,46.09887,56.26635,47.69623,31.39989,53.88267,24.22631,35.35582,27.547,43.71631,43.75468,35.03212,43.28592,36.55624,40.05866,0.54253,4.89089,86.46,151.68,107.46,102.3,117.32,109,105.14,139.26,120.58,102.98,41.06,48.76,96.32,91.42,105.62,100.65191011236,97.1611235955056,97.7959550561798,0.20224719,0.35955056,0.19101124,0.23595506,0.01123596,93.7611083984375,89.4093780517578,93.1764705882353,81.0380975632441,87.4000015258789,-3.34668244255914,0.809354484081268,-8.30694310805377,6.7991696312314,-6.92330265045166,8.13604312472873,4.58521795272827,6.16398126938764,-1.81149255661737,4.11690807342529,0.171071507036686,1.77615052089095,0.685522921383381,0.593529794365168,-0.0380783230066299,0.950397261314922,5.55047037778422,4.03248777284342,2.82633235411985,-3.80783230066299,0.29411765,0.65789474,0.4494382,0.6,0.84,0.75,0.42696629,17.71641791,0.01136364,0.23863636,0.20454545,0.36363636,0.18181818,87.8850021362305,81.5240304129464,94.2703247070312,89.9051132202148,93.6298141479492,-6.2715802192688,7.40796116420201,-2.79392751057943,1.51861381530762,-7.69535732269287,2.69517993927002,-3.12178475516183,7.38871849907769,3.62302947044373,5.15721368789673,-0.0380783230066299,0.593529794365168,0.171071507036686,1.77615052089095,0.470783226191998,-3.80783230066299,2.82633235411985,0.950397261314922,5.55047037778422,2.94239516369998,0.27083333,0.64102564,0.43678161,0.53846154,0.84,0.73684211,0.44827586,12,93.3271687825521,24.4144948323568,1,0.08333333,108.449,8,0.66666667,"2024-05-06",0
"Bryse Wilson",19990,"2024-04-29","TBR",23,2024,"MIL","H",26,0,1,1.5,1,1,1,0,0,0,0,0,6,23,4,1,1,0,2,0,1,0,0,6,9,3,6,3,0,0,5,7,2,0,0,0,0,0.26086957,0.08695652,0.17391304,3.91322246065268,0,0.2,1,0.285714285714286,0.85714286,2.6664797782898,-1.1664797782898,4.43048958554864,36.3387520762108,65.7094681138861,108.85547000899,0.714285714,0.142857142,0.357142857,0.5,0,0,0,0,34,57,91,0.196392059326172,-0.272112011909485,0.468504071235657,1.99390006065369,0.204817667603493,1.0119833946228,0.894500017166138,0.870000004768372,0.978600025177002,1,1,0.18977615237236,0.00429033169220608,0,0,0.50549451,94.15217391,0.2967033,90.11111111,0.17582418,80.625,0.02197802,90,-0.278971493244171,0.73717850446701,1.21722638607025,0.0303832925856113,-0.606459767922111,2.73029075728522,7.60766491293907,1.51916462928057,0.1627907,0.64583333,0.41758242,0.71428571,0.77419355,0.76315789,0.52747253,0.65217391,0.0989011,6,3,5,2,8,4,14,0.42857143,0.21428571,0.35714286,0.14285714,0.57142857,0.28571429,2.3536681865012,67,20,33.32437,20,55.15296,53.49219,54.35698,34.45836,52.85544,33.5211,40.45547,51.36157,38.90943,46.10378,40.06486,62.70736,41.28487,46.20378,48.18528,0.66685,5.07737,75.36,38.7,13.54,102.86,87.02,82.86,109.38,78.66,70.72,110.36,58.18,76.44,98.68,98.08,101.6,104.601978021978,78.9371428571429,82.4571428571429,0.20879121,0.2967033,0.2967033,0.17582418,0.02197802,94.5105237458882,90.0296314380787,93.8037018952546,80.65625,90.0999984741211,-3.40608938116776,1.27955796983507,-8.91553695113571,8.3060827255249,-9.22745895385742,9.23527607164885,5.3890047426577,5.69514804416233,-2.05130958557129,4.09916687011719,-0.824149459600449,0.742573197931051,0.526319902390242,1.23484217002988,0.0305310264229774,-4.3376287347392,2.75027110344834,1.94933297181571,7.71776356268674,1.52655132114887,0.17948718,0.59615385,0.41758242,0.57142857,0.80645161,0.76315789,0.57142857,17.77941176,0.02197802,0.17582418,0.20879121,0.2967033,0.2967033,90.0467987060547,80.5799331665039,94.4411107113487,89.9387478298611,93.7402795862268,-8.55233955383301,9.11946678161621,-2.72649684705232,2.01196882459852,-8.36089805320457,2.46406984329224,-3.77848672866821,7.91991545024671,3.98582995379413,4.3687252468533,0.0305310264229774,1.23484217002988,-0.824149459600449,0.742573197931051,0.526319902390242,1.52655132114887,7.71776356268674,-4.3376287347392,2.75027110344834,1.94933297181571,0.225,0.56862745,0.41758242,0.66666667,0.82758621,0.78947368,0.56043956,14,85.9288155691964,21.2817644391741,0,0,102.304,4,0.28571429,"2024-04-29",0
"Bryse Wilson",19990,"2024-04-24","@PIT",23,2024,"MIL","A",26,0,0,4.15384645857051,1,1,0,0,0,0,0,0,4.1,19,3,2,2,1,3,0,0,0,0,3,6.23076968785577,6.23076968785577,6.23076968785577,1,0,0,6,7,0,1,0,0,0,0.15789474,0.15789474,0,6.12839667096182,2.07692322928526,0.1875,1.38461548619017,0.166666666666667,0.86956522,6.85878774146359,-2.70494128289307,6.30126281830682,100.630397747093,166.228090808461,154.06405886212,0.857142857,0,0.461538461,0.538461538,0.142857142,0.142857142,3,6.23076968785577,32,43,75,0.0240160599350929,-0.302494019269943,0.326510071754456,0.0620000660419464,0.00617837999016047,0.918221056461334,1.05000007152557,0.870000004768372,1.79479992389679,1,1,0.0187239553779364,0.00743103177477247,0,0,0.52,93.46153846,0.32,88.875,0.14666667,80.72727273,0.01333333,91,0.421042144298553,-0.879162013530731,0.559843719005585,-0.04739710688591,1.07959524179116,-3.66317505637805,5.08948835459622,-4.739710688591,0.26086957,0.65517241,0.41333333,0.83333333,0.84210526,0.83870968,0.38666667,0.52631579,0.06666667,5,4,4,2,5,6,13,0.38461538,0.30769231,0.30769231,0.15384615,0.38461538,0.46153846,4.59560498677893,45,20,27.11422,78.17736,67.73123,68.58827,72.76954,31.39326,50.13664,32.34135,20,59.31303,20,70.08242,49.08765,76.69261,40.36996,53.84337,49.9139,0.72369,5.16263,73.3,42.74,19.52,95.76,90.62,99.22,122.2,88.56,82.42,110.62,48.5,62.08,97.16,109.86,122.12,105.642933333333,81.1797333333333,89.6981333333333,0.17333333,0.32,0.34666667,0.14666667,0.01333333,93.6000037560096,88.8416646321615,93.4884596604567,80.7000011097301,90.5,-3.80779618483323,1.29710054397583,-9.85872004582332,7.77372672341087,-8.29164791107178,9.26465137188251,4.86721674601237,7.00990295410156,-1.76867034218528,7.97184801101685,-0.373920612037182,-0.876708593219519,0.79178211838007,0.583861410617828,-0.0483221560716629,-2.87631240028601,-3.65295247174799,3.04531583992335,5.30783100561662,-4.83221560716629,0.225,0.62857143,0.41333333,0.77777778,0.86363636,0.83870968,0.46666667,17.26785714,NA,0.14666667,0.17333333,0.32,0.36,NA,81.0102206143466,93.9335280198317,89.1534220377604,93.6977629484954,NA,8.43382609974254,-3.05421447753906,1.91859594980876,-9.04721351906105,NA,-3.59089279174805,8.12190774770883,3.5716298421224,5.47447600188079,NA,0.583861410617828,-0.373920612037182,-0.876708593219519,0.743459962308407,NA,5.30783100561662,-2.87631240028601,-3.65295247174799,2.75355541595706,0.225,0.62857143,0.41333333,0.77777778,0.86363636,0.83870968,0.46666667,13,93.7115384615385,14.8692462627704,3,0.23076923,105.583,7,0.53846154,"2024-04-24",0
"Bryse Wilson",19990,"2024-04-20","@STL",23,2024,"MIL","A",26,1,0,0,1,0,0,0,0,0,0,0,1.1,4,0,0,0,0,0,0,0,0,0,0,0,0,0,0,0,0,2,2,0,0,0,0,0,0,0,0,6.03472908401489,0,0,0,0,1,3.1664797782898,-3.1664797782898,5.43449292835907,0,77.697926926735,133.117937280539,1,0,0.5,0.5,0,0,4,27.0000064373032,4,8,12,0.104368016123772,0,0.104368016123772,0.699999988079071,0.0738396644592285,1.01410007476807,1.27240002155304,1.09720003604889,0.464800000190735,1,1,0.102747812867165,0.000169067547859073,1,0,0.58333333,93.57142857,0.33333333,89,0.08333333,79,NA,NA,0.518259882926941,0.42936247587204,-0.0238054171204567,NA,7.40371261324201,10.734061896801,-2.38054171204567,NA,0.5,0.375,0.41666667,0.5,1,0.8,0.66666667,0.75,0.08333333,1,2,1,1,1,2,4,0.25,0.5,0.25,0.25,0.25,0.5,1.07655079286023,NA,NA,NA,NA,80,44.52953,77.21406,NA,NA,NA,72.43421,66.3277,66.32262,80,42.82272,80,80,54.70434,80,-2.20053,0.7763,NA,NA,NA,87.54,155.66,140.76,NA,NA,NA,120.24,104.4,126.84,90.04,143.24,151.04,107.448333333333,121.618333333333,136.066666666667,NA,0.33333333,0.58333333,0.08333333,NA,NA,88.7750015258789,93.6142839704241,78.6999969482422,NA,NA,0.901382565498352,-9.85642787388393,4.40051507949829,NA,NA,4.70968723297119,6.85177121843611,-5.88236904144287,NA,NA,0.434755697846413,0.566707096993923,-0.0242429338395596,NA,NA,10.8688924461603,8.09581567134176,-2.42429338395596,NA,0.2,0.57142857,0.41666667,0,1,0.8,0.58333333,14.125,NA,0.08333333,NA,0.33333333,0.58333333,NA,79.6078033447266,NA,89.6545257568359,94.5063738141741,NA,4.90232992172241,NA,1.8183319568634,-9.10528400966099,NA,-7.14588022232056,NA,3.65744495391846,5.5510744367327,NA,-0.0242429338395596,NA,0.434755697846413,0.566707096993923,NA,-2.42429338395596,NA,10.8688924461603,8.09581567134176,0.25,0.5,0.41666667,0,1,0.8,0.66666667,4,81.1141052246094,-4.26972961425781,0,0,96.7751,1,0.25,"2024-04-20",0
"Bryse Wilson",19990,"2024-04-17","SDP",23,2024,"MIL","H",26,0,0,0,1,1,0,0,0,0,0,0,3.2,14,2,0,0,0,1,0,0,0,0,2,4.9090917603045,2.45454588015225,4.9090917603045,2,0,0,5,3,3,1,0,0,0,0.14285714,0.07142857,0.07142857,4.79989235697848,0,0.153846153846154,0.818181960050749,0.181818181818182,1,2.89375245827288,-2.89375245827288,4.13085045968869,0,71.1587664404121,101.614473714992,1.666666666,0.272727272,0.454545454,0.272727272,0.333333333,0,0,0,16,41,57,0.161220014095306,-0.0790159702301025,0.240235984325409,1.55889999866486,0.160133540630341,0.832800030708313,0.967500030994415,0.870000004768372,2.03099989891052,1,1,0.163428291678429,0.0301596143620954,0,0,0.47368421,94.33333333,0.35087719,89.95,0.10526316,81.16666667,0.07017544,89.5,-0.165391027927399,1.43949091434479,0.0303832925856113,-0.206525504589081,-0.612559362694069,7.19745457172394,0.506388209760189,-5.16313761472702,0.38461538,0.67741935,0.54385965,0.7,1,0.90322581,0.54385965,0.78571429,0.05263158,3,5,3,2,5,4,11,0.27272727,0.45454545,0.27272727,0.18181818,0.45454545,0.36363636,3.8553374855708,58,20,25.13665,20,65.81874,57.24075,68.63457,20,51.88119,20,80,52.90099,80,65.06847,41.08658,70.67822,67.48409,46.18346,76.86907,-0.96081,2.63588,76.52,27.38,-2,114.56,97.6,82.32,133.1,53.74,51.04,113.04,131.3,135.9,103.82,90.82,103.6,109.161754385965,99.4529824561403,101.805614035088,0.0877193,0.35087719,0.38596491,0.10526316,0.07017544,94.7,89.95,94.2590886896307,81.0666656494141,89.8249969482422,-3.19521923065186,1.07765140533447,-9.49107707630504,8.17219924926758,-8.99199771881104,8.80014801025391,5.07269897460938,6.21212352405895,-2.22367080052694,5.76582479476929,0.0549460835754871,1.49632837995887,-0.222242303192616,0.0305310264229774,-0.210683178156614,1.09892167150974,7.48164189979434,-1.01019228723916,0.508850440382957,-5.26707945391536,0.28571429,0.69444444,0.54385965,0.83333333,0.92,0.90322581,0.63157895,18.13953488,0.07017544,0.10526316,0.0877193,0.35087719,0.38596491,90.1272506713867,81.3836313883464,95.0373413085938,90.2479125976563,94.5795676491477,-8.24405479431152,8.82542355855306,-2.49173793792725,1.79225215911865,-8.78115289861506,4.03999519348145,-3.90762837727865,7.81352615356445,3.87827491760254,4.8566481850364,-0.210683178156614,0.0305310264229774,0.0549460835754871,1.49632837995887,-0.222242303192616,-5.26707945391536,0.508850440382957,1.09892167150974,7.48164189979434,-1.01019228723916,0.27272727,0.71428571,0.54385965,0.83333333,0.92,0.90322581,0.61403509,11,83.5791958895597,16.4218264493075,0,0,106.191,2,0.18181818,"2024-04-17",0
"Bryse Wilson",19990,"2024-04-10","@CIN",23,2024,"MIL","A",26,1,0,3,1,0,0,0,0,0,0,0,3,11,3,1,1,1,0,0,0,0,0,1,3,0,9,1,0,0,3,6,1,1,0,0,0,0.09090909,0,0.09090909,5.56445636733362,3,0.272727272727273,1,0.222222222222222,1,6.83314644495646,-3.83314644495646,5.52382992406686,72.6775041524216,165.613291554293,135.276830425687,0.5,0.1,0.3,0.6,0.166666666,0.166666666,1,3,14,28,42,0.048080001026392,-0.0970500111579895,0.145130008459091,0.682999968528748,0.0645862817764282,0.576181828975677,0.546000003814697,0.595999956130981,0.384999990463257,1,1,0.0460556484758854,0.0373902337239533,0,0,0.47619048,93.35,0.26190476,89.54545455,0.21428571,81.11111111,0.04761905,88.5,0.473756045103073,0.145215526223183,-0.602769553661346,-0.0947942137718201,2.36878022551537,1.32014114748348,-6.69743948512607,-4.739710688591,0.25,0.77777778,0.47619048,1,0.85714286,0.9,0.42857143,0.63636364,0.04761905,3,4,3,2,6,2,10,0.3,0.4,0.3,0.2,0.6,0.2,5.59660354334607,NA,20,57.54039,20,53.6844,58.00966,58.15451,73.0707,57.06208,80,64.3126,61.91714,57.86772,49.71246,42.28012,58.71092,58.94771,53.43262,64.39232,-0.43048,3.43137,102.18,6.88000000000001,10.12,113.4,96.38,92.62,119.12,161.52,150.92,109.92,102.54,117.3,98.26,111.18,115.86,108.338571428571,105.949047619048,110.532857142857,0.11904762,0.26190476,0.35714286,0.21428571,0.04761905,93.6200012207031,89.3636363636364,93.2,81.1111111111111,88.5500030517578,-3.67807922363281,1.56886274164373,-9.57254435221354,8.31600189208984,-9.59828090667725,9.93611221313477,5.72706465287642,7.04260915120443,-1.46439499325222,5.73254871368408,0.461441986262798,0.145686604082584,0.0385082811117172,-0.608699522912502,-0.0966443121433258,9.22883972525597,1.32442367347804,0.256721874078115,-6.76332803236114,-4.83221560716629,0.23809524,0.71428571,0.47619048,1,0.86666667,0.9,0.5,16.73333333,0.04761905,0.21428571,0.11904762,0.26190476,0.35714286,88.8627471923828,81.43701171875,93.9427795410156,89.6773015802557,93.5298909505208,-8.96979522705078,9.1736331515842,-3.06049003601074,2.33326183665882,-8.91706136067708,3.44072484970093,-3.57845094468859,8.2756217956543,4.17094178633256,5.29007619222005,-0.0966443121433258,-0.608699522912502,0.461441986262798,0.145686604082584,0.0385082736611366,-4.83221560716629,-6.76332803236114,9.22883972525597,1.32442367347804,0.256721824407578,0.23809524,0.71428571,0.47619048,1,0.86666667,0.9,0.5,10,86.4869506835937,20.3282745361328,1,0.1,110.384,4,0.4,"2024-04-10",0
"Bryse Wilson",19990,"2024-04-08","@CIN",23,2024,"MIL","A",26,0,0,0,1,0,0,0,0,0,0,0,1,3,0,0,0,0,0,0,0,0,0,2,18,0,0,2,0,0,0,1,0,1,0,0,0,0.66666667,0,0.66666667,-0.078604246671107,0,0,0,0,1,-0.833520221710205,0.833520221710205,0.678488184511662,0,-18.209743576056,18.1856412207288,0,0,0,1,1,0,0,0,3,9,12,0.0171900037676096,0,0.0171900037676096,0.560999989509583,0.0530496463179588,0.212666675448418,0.273000001907349,0.273000001907349,NA,0,1,0.0809150189161301,-8.42835347466542e-05,0,0,0.58333333,94.14285714,0.08333333,89,0.33333333,81.75,NA,NA,0.678094446659088,-0.0344077162444592,0.14497147500515,NA,9.68706352370126,-3.44077162444592,3.62428687512875,NA,0.28571429,0.6,0.41666667,0.5,1,0.8,0.41666667,0.66666667,0.08333333,0,0,1,1,0,0,1,0,0,1,1,0,0,-2.61837484711603,NA,NA,NA,NA,61.71816,56.73904,55.1959,49.84053,51.33815,58.72021,80,66.4943,80,20,45.28224,20,68.72189,53.27592,73.26794,-1.03771,2.52053,NA,NA,NA,100.84,108.78,114.78,145.62,119,112.16,119,145.48,163.82,94.28,20.16,24.04,117.541666666667,116.183333333333,122.91,0.25,0.08333333,0.33333333,0.33333333,NA,94.0333353678385,88.6999969482422,94.0749969482422,81.6750030517578,NA,-3.77764161427816,1.38248944282532,-9.81735038757324,8.90241050720215,NA,10.129758199056,5.94552421569824,7.1591625213623,-0.86428838968277,NA,0.354754343628883,-0.0350487045943737,0.313670441508293,0.146470911800861,NA,11.8251447876294,-3.50487045943737,7.84176103770733,3.66177279502153,NA,0.4,0.42857143,0.41666667,0.5,1,0.8,0.58333333,16.55555556,NA,0.33333333,0.25,0.08333333,0.33333333,NA,81.8599243164062,94.2195027669271,88.8835983276367,94.2868499755859,NA,9.93837738037109,-3.08522001902262,2.50856995582581,-8.98200702667236,NA,-2.86021757125854,8.75875345865885,4.26225996017456,5.51583480834961,NA,0.146470911800861,0.354754343628883,-0.0350487045943737,0.313670441508293,NA,3.66177279502153,11.8251447876294,-3.50487045943737,7.84176103770733,0.4,0.42857143,0.41666667,0.5,1,0.8,0.58333333,1,86.9108276367188,79.0088195800781,0,0,86.9108,0,0,"2024-04-08",0
"Bryse Wilson",19990,"2024-04-06","SEA",23,2024,"MIL","H",26,0,0,3.3750008046629,1,0,0,0,0,0,0,0,2.2,9,1,1,1,1,1,0,0,0,0,5,16.8750040233145,3.3750008046629,3.3750008046629,5,0,0,1,2,0,1,0,0,0,0.55555556,0.11111111,0.44444444,1.20195130849778,3.3750008046629,0.125,0.750000178813977,0,1,5.41648031473173,-2.04147951006883,1.67548572747551,81.7622116651046,131.646004446779,42.2788082696179,0.5,0,0.333333333,0.666666666,0.5,0.5,3,10.1250024139887,10,26,36,0.0185780022293329,-0.0394080020487309,0.0579860024154186,0.521999955177307,0.0536209493875504,0.247160002589226,0.367650032043457,0.558600008487701,0.658399999141693,1,1,0.0412820093333721,0.033883883346315,0,0,0.44444444,94.8125,0.30555556,89.72727273,0.25,81.22222222,NA,NA,1.07676756381989,0.131398871541023,-1.16166281700134,NA,6.72979727387428,1.19453519582748,-12.9073646333483,NA,0.44444444,0.5,0.47222222,0.625,0.77777778,0.70588235,0.5,0.77777778,0.13888889,2,1,0,1,1,1,3,0.66666667,0.33333333,0,0.33333333,0.33333333,0.33333333,4.20333680686894,NA,NA,NA,NA,51.51073,54.43079,46.27865,54.85034,42.96643,69.10009,41.00371,51.15124,39.20543,68.24401,37.74252,61.2218,54.86148,44.30476,54.54875,-0.17661,3.81218,NA,NA,NA,110.1,89.04,90.76,139.04,98.48,109.16,129.4,39.4,65.1,99,116.74,122.84,116.892777777778,85.2883333333333,96.5011111111111,0.16666667,0.30555556,0.27777778,0.25,NA,94.9500020345052,89.6454523259943,94.4799987792969,81.1888902452257,NA,-3.93562698364258,1.38984264026989,-10.0216766357422,8.67140536838108,NA,10.0749727884928,5.33538991754705,6.43631286621094,-1.5022242863973,NA,0.592056706547737,0.130804467946291,0.49468307569623,-1.16031908616424,NA,9.86761177579562,1.18913152678446,4.9468307569623,-12.8924342907137,NA,0.4375,0.5,0.47222222,0.71428571,0.7,0.70588235,0.55555556,20.22222222,NA,0.25,0.16666667,0.30555556,0.27777778,NA,81.5827026367188,95.3510131835938,90.0187433416193,94.8786682128906,NA,9.74160681830512,-3.1405200958252,2.38903115012429,-9.11837005615234,NA,-3.04724884033203,8.97970326741537,4.1107063293457,5.07151412963867,NA,-1.16031908616424,0.592056706547737,0.130804467946291,0.49468307569623,NA,-12.8924342907137,9.86761177579562,1.18913152678446,4.9468307569623,0.4375,0.5,0.47222222,0.71428571,0.7,0.70588235,0.55555556,3,90.1647135416667,38.6808725992839,1,0.33333333,106.562,1,0.33333333,"2024-04-06",0
"Bryse Wilson",19990,"2024-04-03","MIN",23,2024,"MIL","H",26,0,0,5.40000205993731,1,0,0,0,0,0,0,0,1.2,7,2,1,1,1,0,0,0,0,0,2,10.8000041198746,0,10.8000041198746,2,0,0,3,1,1,0,0,0,0,0.28571429,0,0.28571429,1.71023929699326,5.40000205993731,0.285714285714286,1.20000045776385,0.25,1,8.56648183822711,-3.1664797782898,1.67368425256661,130.81955737806,207.17333149645,42.2352743249048,3,0.2,0.6,0.2,0,1,0,0,10,22,32,-0.300758004188538,-0.404197990894318,0.103439994156361,-1.58899998664856,-0.16322548687458,1.13968575000763,1.25646662712097,3.25139999389648,0.129599988460541,1,1,-0.103441424667835,-0.160454130915381,0,1,0.5625,94.61111111,0.34375,89.81818182,0.09375,82,NA,NA,-0.483448654413223,0.427856475114822,-1.12170481681824,NA,-2.68582585785124,3.88960431922566,-37.3901605606079,NA,0.38888889,0.85714286,0.59375,0.85714286,0.83333333,0.84210526,0.4375,0.42857143,0.09375,3,2,0,1,3,1,5,0.6,0.4,0,0.2,0.6,0.2,8.96217936473452,NA,NA,NA,NA,76.34155,63.10389,66.39799,74.87897,59.08066,71.41016,66.48209,66.29121,66.9828,69.69769,46.98814,75.6421,76.0053,56.52794,80,-1.4902,1.84179,NA,NA,NA,114.38,144.72,142.6,133.88,142.12,136.08,122.54,124.32,155.5,104.96,113.44,124.88,117.858125,125.83,140.12375,0.1875,0.34375,0.375,0.09375,NA,94.7833353678385,89.8181818181818,94.6166687011719,81.8666687011719,NA,-3.92920970916748,0.849774187261408,-10.643741607666,6.59748967488607,NA,9.20668983459473,6.00344571200284,5.82677459716797,-1.21354683240255,NA,-1.29318229854107,0.432783622294664,0.819587852805853,-1.12773190066218,NA,-21.5530383090178,3.93439656631513,6.82989877338211,-37.5910633554061,NA,0.28571429,0.83333333,0.59375,0.75,0.86666667,0.84210526,0.5625,20.2,NA,0.09375,0.1875,0.34375,0.375,NA,82.1369323730469,95.0483703613281,90.0793734463778,94.8829142252604,NA,8.15203348795573,-2.70819505055745,2.09952319752086,-9.46147918701172,NA,-2.79659684499105,8.23387018839518,4.89100993763317,4.49008750915527,NA,-1.12773190066218,-1.29318229854107,0.432783622294664,0.819587852805853,NA,-37.5910633554061,-21.5530383090178,3.93439656631513,6.82989877338211,0.375,0.8125,0.59375,0.83333333,0.84615385,0.84210526,0.5,5,93.8095825195312,-4.10542793273926,0,0,104.477,3,0.6,"2024-04-03",0
"Bryse Wilson",19990,"2024-03-30","@NYM",23,2024,"MIL","A",26,0,0,54.0000563264481,1,0,0,0,0,0,0,0,0.1,3,2,2,2,0,0,0,0,0,0,0,0,0,54.0000563264481,0,0,0,0,0,3,0,0,0,0,0,0,0,6.03472908401489,0,0.666666666666667,6.00000625849423,0.666666666666667,0,3.1664797782898,50.8335765481583,3.1664797782898,1308.19643929881,77.697926926735,78.3097583844777,0,1,0,0,0,0,0,0,1,7,8,-0.0200239978730679,-0.0328480005264282,0.0128239998593926,-0.680999994277954,-0.0740619897842407,0.407333344221115,0.285600006580353,0.285600006580353,0.783399999141693,1,1,-0.0815903022885323,0.0324315526866384,0,0,0.75,94.66666667,0.125,90,0.125,80,NA,NA,-0.693192839622498,0.0389156937599182,-0.0238054171204567,NA,-11.5532139937083,3.89156937599182,-2.38054171204567,NA,0.5,0.66666667,0.625,1,1,1,0.75,1,0,0,1,2,0,3,0,3,0,0.33333333,0.66666667,0,1,0,35.1311959699488,NA,NA,NA,NA,20,48.62542,20,55.79732,42.96477,57.57669,80,68.61287,80,65.24423,58.44586,77.21774,80,53.00928,80,-1.97394,1.11618,NA,NA,NA,90.8,84.46,77.12,117.64,68.64,35.28,110.92,137.1,144.9,89.98,98.52,97.64,107.4675,108.5825,103.115,0.25,0.125,0.5,0.125,NA,95,90,94.0749969482422,80.4000015258789,NA,-5.06679153442383,-0.240268468856812,-9.92846393585205,6.26625680923462,NA,8.74316787719727,4.33639144897461,6.14803695678711,-3.74403285980225,NA,-0.343463599681854,0.039364367723465,-0.319101613014936,-0.0242429338395596,NA,-17.1731799840927,3.9364367723465,-7.97754032537341,-2.42429338395596,NA,0.5,0.66666667,0.625,1,1,1,0.75,18.2,NA,0.125,0.25,0.125,0.5,NA,81.0567016601562,95.7315979003906,90.6848983764648,94.7594757080078,NA,8.44373989105225,-3.3078498840332,1.47034001350403,-8.05247497558594,NA,-5.36660003662109,7.44331979751587,3.17579007148743,4.85311508178711,NA,-0.0242429338395596,-0.343463599681854,0.039364367723465,-0.319101613014936,NA,-2.42429338395596,-17.1731799840927,3.9364367723465,-7.97754032537341,0.5,0.66666667,0.625,1,1,1,0.75,3,85.0508219401042,17.6300239562988,0,0,89.5028,0,0,"2024-03-30",0
