"PlayerName","playerid","Date","Opp","teamid","season","Team","HomeAway","Age","W","L","ERA","G","GS","QS","CG","ShO","SV","HLD","BS","IP","TBF","H","R","ER","HR","BB","IBB","HBP","WP","BK","SO","K/9","BB/9","H/9","K/BB","IFH%","BUH%","GB","FB","LD","IFFB","IFH","BU","BUH","K%","BB%","K-BB%","SIERA","HR/9","AVG","WHIP","BABIP","LOB%","FIP","E-F","xFIP","ERA-","FIP-","xFIP-","GB/FB","LD%","GB%","FB%","IFFB%","HR/FB","RS","RS/9","Balls","Strikes","Pitches","WPA","-WPA","+WPA","RE24","REW","pLI","inLI","gmLI","exLI","Pulls","Games","WPA/LI","Clutch","SD","MD","FB%1","FBv","SL%","SLv","CB%","CBv","CH%","CHv","XX%","wFB","wSL","wCB","wCH","wFB/C","wSL/C","wCB/C","wCH/C","O-Swing%","Z-Swing%","Swing%","O-Contact%","Z-Contact%","Contact%","Zone%","F-Strike%","SwStr%","Pull","Cent","Oppo","Soft","Med","Hard","bipCount","Pull%","Cent%","Oppo%","Soft%","Med%","Hard%","tERA","pb_o_CH","pb_s_CH","pb_c_CH","pb_o_CU","pb_s_CU","pb_c_CU","pb_o_FF","pb_s_FF","pb_c_FF","pb_o_SL","pb_s_SL","pb_c_SL","pb_overall","pb_stuff","pb_command","pb_xRV100","pb_ERA","sp_s_CH","sp_l_CH","sp_p_CH","sp_s_CU","sp_l_CU","sp_p_CU","sp_s_FF","sp_l_FF","sp_p_FF","sp_s_SL","sp_l_SL","sp_p_SL","sp_stuff","sp_location","sp_pitching","pfxFA%","pfxSL%","pfxCU%","pfxCH%","pfxvFA","pfxvSL","pfxvCU","pfxvCH","pfxFA-X","pfxSL-X","pfxCU-X","pfxCH-X","pfxFA-Z","pfxSL-Z","pfxCU-Z","pfxCH-Z","pfxwFA","pfxwSL","pfxwCU","pfxwCH","pfxwFA/C","pfxwSL/C","pfxwCU/C","pfxwCH/C","pfxO-Swing%","pfxZ-Swing%","pfxSwing%","pfxO-Contact%","pfxZ-Contact%","pfxContact%","pfxZone%","pfxPace","piCH%","piFA%","piSL%","pivCH","pivFA","pivSL","piCH-X","piFA-X","piSL-X","piCH-Z","piFA-Z","piSL-Z","piwCH","piwFA","piwSL","piwCH/C","piwFA/C","piwSL/C","piO-Swing%","piZ-Swing%","piSwing%","piO-Contact%","piZ-Contact%","piContact%","piZone%","Events","EV","LA","Barrels","Barrel%","maxEV","HardHit","HardHit%","gamedate","dh"
"Carlos Estevez",14542,"2024-09-25","CHC",26,2024,"PHI","H",31,0,0,9,1,0,0,0,0,0,0,0,1,5,2,1,1,0,0,0,0,0,0,0,0,0,18,0,0.5,0,2,1,2,0,1,0,0,0,0,0,5.37832908401489,0,0.4,2,0.4,0.5,3.1664797782898,5.8335202217102,4.67848818451166,217.547775557952,76.5491818091038,114.84853560366,2,0.4,0.4,0.2,0,0,0,0,7,14,21,0.0144520048052073,-0.0181439649313688,0.0325959697365761,-0.499000012874603,-0.0511008650064468,0.298640012741089,0.340999990701675,0.340999990701675,NA,0,1,-0.0408079400658607,0.0892006677266939,0,0,0.38095238,97,0.52380952,89.45454545,NA,NA,0.0952381,89,NA,-0.167573496699333,-0.392288953065872,NA,0.0495179928839207,-2.09466870874166,-3.56626320968975,NA,2.47589964419603,0.3,0.90909091,0.61904762,0.66666667,1,0.92307692,0.52380952,0.6,0.04761905,3,1,1,1,3,1,5,0.6,0.2,0.2,0.2,0.6,0.2,7.34522213229484,68.84451,40.44905,73.96316,NA,NA,NA,42.92832,51.15421,50.29308,74.77246,46.44579,79.4264,64.72312,49.53904,73.94334,-0.78928,2.89317,102.1,99.42,91.64,NA,NA,NA,94.42,101.6,98.06,114.08,122.48,135.54,105.449523809524,112.329523809524,117.080952380952,0.38095238,0.52380952,NA,0.0952381,97.0374984741211,89.4181795987216,NA,89.1999969482422,-4.88238620758057,2.8579892245206,NA,-5.18926763534546,10.6227998733521,1.70112765919078,NA,5.33249092102051,-0.0817682668566704,-0.400453358888626,NA,0.0501701384782791,-1.02210333570838,-3.64048508080569,NA,2.50850692391396,0.25,0.84615385,0.61904762,0.5,1,0.92307692,0.61904762,18.375,0.0952381,0.38095238,0.52380952,89.2075500488281,97.0512619018555,89.4196166992188,-5.3488450050354,-4.86612606048584,3.01152628118342,3.93756484985352,9.33325862884521,0.287534280256792,0.0501701384782791,-0.0817682668566704,-0.400453358888626,2.50850692391396,-1.02210333570838,-3.64048508080569,0.14285714,0.85714286,0.61904762,0,1,0.92307692,0.66666667,5,87.4451232910156,-1.65474243164062,1,0.2,105.982,1,0.2,"2024-09-25",0
"Carlos Estevez",14542,"2024-09-23","CHC",26,2024,"PHI","H",31,0,0,0,1,0,0,0,0,0,0,0,1,5,0,0,0,0,1,0,0,0,0,1,9,9,0,1,0,0,1,2,0,0,0,0,0,0.2,0.2,0,6.14436908401489,0,0,1,0,1,4.1664797782898,-4.1664797782898,7.19049659073353,0,100.171606488235,175.553036418574,0.5,0,0.333333333,0.666666666,0,0,0,0,6,17,23,0.0144520057365298,-0.0178239718079567,0.0322759784758091,0.500999987125397,0.0513056851923466,0.300559997558594,0.340999990701675,0.340999990701675,NA,0,1,-0.0323363095521927,0.0804199063512392,0,0,0.56521739,97.69230769,0.26086957,88.33333333,NA,NA,0.17391304,90.5,NA,-0.233907327055931,0.320041298866272,NA,-0.108505398035049,-1.79928713119947,5.3340216477712,NA,-2.71263495087624,0.42857143,0.88888889,0.60869565,0.83333333,0.875,0.85714286,0.39130435,0.8,0.08695652,2,1,0,1,0,2,3,0.66666667,0.33333333,0,0.33333333,0,0.66666667,2.38909757733561,32.31931,41.12906,55.65433,NA,NA,NA,72.53276,49.63437,80,64.1208,51.0647,63.74627,65.11442,47.35465,78.46852,-0.81359,2.85671,59.54,51.64,2.63999999999999,NA,NA,NA,101.04,122.9,119.2,136.16,99.72,121.36,102.984347826087,104.46,99.4921739130435,0.56521739,0.26086957,NA,0.17391304,97.6461557241587,88.3499959309896,NA,90.4749984741211,-3.8467771089994,2.50234953562419,NA,-5.9126353263855,9.88819533128005,0.571332375208537,NA,7.51592922210693,-0.240711931139231,0.323981557041407,NA,-0.1131781488657,-1.85163023953254,5.39969261735678,NA,-2.82945372164249,0.45454545,0.75,0.60869565,0.8,0.88888889,0.85714286,0.52173913,18,0.17391304,0.56521739,0.26086957,90.4270248413086,97.60791015625,88.2972310384115,-5.68978023529053,-3.52746992844802,2.76837539672852,5.93657970428467,8.85504678579477,-0.774777968724569,-0.1131781488657,-0.240711931139231,0.323981557041407,-2.82945372164249,-1.85163023953254,5.39969261735678,0.45454545,0.75,0.60869565,0.8,0.88888889,0.85714286,0.52173913,3,87.215077718099,13.802427927653,1,0.33333333,102.119,1,0.33333333,"2024-09-23",0
"Carlos Estevez",14542,"2024-09-18","@MIL",26,2024,"PHI","A",31,0,1,27.000028163224,1,0,0,0,0,0,0,0,0.1,5,2,1,1,0,2,1,0,0,0,1,27.000028163224,54.0000563264481,54.0000563264481,0.5,0,0,1,0,1,0,0,0,0,0.2,0.4,-0.2,10.3902890840149,0,0.666666666666667,12.0000125169885,1,0.75,15.1664922952783,11.8335358679458,15.1664922952783,652.644007434606,360.018573640296,368.298744015354,1,0.5,0.5,0,0,0,0,0,4,10,14,-0.362926006317139,-0.466474026441574,0.103548005223274,-2.07500004768372,-0.213148429989815,3.10413336753845,2.25880002975464,2.25880002975464,NA,0,1,-0.115340247750282,-0.00157676687043148,0,1,0.85714286,98.25,0.14285714,89,NA,NA,NA,NA,0.28571429,-0.511566460132599,-1.0522837638855,NA,NA,-4.26305383443832,-52.6141881942749,NA,NA,0.16666667,1,0.64285714,0,0.625,0.55555556,0.57142857,0.8,0.28571429,1,0,1,0,1,1,2,0.5,0,0.5,0,0.5,0.5,12.1070901576552,NA,NA,NA,NA,NA,NA,41.45738,62.24452,26.47444,55.77732,43.66838,58.581,40.92521,56.33577,28.73287,0.68919,5.11088,NA,NA,NA,NA,NA,NA,130,51.54,71.08,107.5,111.74,125.16,126.785714285714,60.14,78.8057142857143,0.85714286,0.14285714,NA,NA,98.2750040690104,88.9000015258789,NA,NA,-5.40170923868815,1.89300298690796,NA,NA,10.3928260803223,0.727887392044067,NA,NA,-0.523985631763935,-1.05767008662224,NA,NA,-4.36654693136613,-52.8835043311119,NA,NA,0.28571429,1,0.64285714,0,0.71428571,0.55555556,0.5,16.2,NA,0.85714286,0.14285714,NA,98.0293375651042,88.6279983520508,NA,-4.89624341328939,2.56508493423462,NA,9.33003425598145,-0.768880009651184,NA,-0.523985631763935,-1.05767008662224,NA,-4.36654693136613,-52.8835043311119,0.28571429,1,0.64285714,0,0.71428571,0.55555556,0.5,2,94.3588638305664,11.6439504623413,0,0,96.1992,1,0.5,"2024-09-18",0
"Carlos Estevez",14542,"2024-09-14","NYM",26,2024,"PHI","H",31,0,0,0,1,0,0,0,0,1,0,0,1,4,1,0,0,0,0,0,0,1,0,0,0,0,9,0,0,0,2,0,2,0,0,0,0,0,0,0,3.65572908401489,0,0.25,1,0.25,1,3.1664797782898,-3.1664797782898,3.1664797782898,0,76.5491818091038,78.3097583844777,2,0.5,0.5,0,0,0,0,0,5,14,19,0.0737699866294861,-0.0852379575371742,0.15900793671608,0.500999987125397,0.0513056814670563,1.97347986698151,1.50199997425079,1.50199997425079,NA,0,1,0.0235391911119223,0.0138414722856321,1,0,0.47368421,97.44444444,0.47368421,90,NA,NA,0.05263158,90,NA,0.59455543756485,-0.461879730224609,NA,0.118980832397938,6.60617152849833,-5.13199700249566,NA,11.8980832397938,0.5,0.71428571,0.57894737,1,0.8,0.90909091,0.36842105,1,0.05263158,0,4,0,1,2,1,4,0,1,0,0.25,0.5,0.25,9.9622385411886,63.75157,33.69333,68.27607,NA,NA,NA,60.99623,45.88935,63.92742,57.44018,53.99932,67.8011,62.44694,49.67748,71.50496,-0.64787,3.10529,88.72,109.84,69.04,NA,NA,NA,100.96,118.66,109.18,123.66,111.66,134.48,111.068421052632,114.88,119.051578947368,0.47368421,0.47368421,NA,0.05263158,97.3555569118924,89.8555569118924,NA,90.4000015258789,-5.13419765896267,2.49431546529134,NA,-6.75756502151489,9.88076866997613,1.52057509952121,NA,8.45753288269043,0.602707613259554,-0.4700634367764,NA,0.120601363480091,6.69675125843949,-5.22292707529333,NA,12.0601363480091,0.4,0.77777778,0.57894737,1,0.85714286,0.90909091,0.47368421,17.46666667,0.05263158,0.47368421,0.47368421,89.9842987060547,96.996588812934,89.4719373914931,-6.74128007888794,-4.73319668240017,3.04946560329861,7.48600006103516,9.05994669596354,0.15769002172682,0.120601363480091,0.602707613259554,-0.4700634367764,12.0601363480091,6.69675125843949,-5.22292707529333,0.33333333,0.8,0.57894737,1,0.875,0.90909091,0.52631579,4,83.9027404785156,1.89100432395935,0,0,102.624,2,0.5,"2024-09-14",0
"Carlos Estevez",14542,"2024-09-11","TBR",26,2024,"PHI","H",31,0,0,0,1,0,0,0,0,1,0,0,1,3,1,0,0,0,0,0,0,0,0,0,0,0,9,0,0,0,2,0,1,0,0,0,0,0,0,0,2.31606242325356,0,0.333333333333333,1,0.333333333333333,1,3.1664797782898,-3.1664797782898,3.1664797782898,0,76.5491818091038,78.3097583844777,2,0.333333333,0.666666666,0,0,0,0,0,3,7,10,0.162445977330208,-0.0820440202951431,0.244489997625351,0.500999987125397,0.0513056851923466,2.56909990310669,2.87139987945557,2.87139987945557,NA,0,1,0.0474871061742306,0.01574359074564,1,0,0.6,97.33333333,0.2,91,NA,NA,0.2,90,NA,0.218714088201523,-0.502868592739105,NA,0.244372054934502,3.64523480335871,-25.1434296369553,NA,12.2186027467251,0,0.66666667,0.4,NA,1,1,0.6,1,0,2,1,0,0,2,1,3,0.66666667,0.33333333,0,0,0.66666667,0.33333333,6.29370570369855,80,42.98721,80,NA,NA,NA,41.04824,50.60139,42.36411,20,38.08334,20,45.71375,44.4939,52.46647,0.3917,4.66464,73.26,192.96,172.34,NA,NA,NA,91.58,77.5,71.06,103.7,75.8,86.18,90.34,100.252,94.34,0.6,0.2,NA,0.2,97.2166646321615,90.8999938964844,NA,89.6999969482422,-5.04545084635417,2.86626625061035,NA,-6.88344287872314,9.49037869771322,2.26285719871521,NA,5.82577037811279,0.220903340727091,-0.510574247688055,NA,0.24794040620327,3.68172234545151,-25.5287123844028,NA,12.3970203101635,0,0.66666667,0.4,NA,1,1,0.6,19,0.2,0.6,0.2,89.4633026123047,96.9729817708333,90.6333465576172,-6.62624502182007,-4.60894838968913,3.57114005088806,4.63290023803711,8.62656339009603,0.725166499614716,0.24794040620327,0.220903340727091,-0.510574247688055,12.3970203101635,3.68172234545151,-25.5287123844028,0,0.66666667,0.4,NA,1,1,0.6,3,89.8157653808594,-5.72472445170085,0,0,107.023,2,0.66666667,"2024-09-11",0
"Carlos Estevez",14542,"2024-09-09","TBR",26,2024,"PHI","H",31,1,0,9,1,0,0,0,0,0,0,1,1,5,2,1,1,1,0,0,0,0,0,0,0,0,18,0,0,0,0,3,2,0,0,0,0,0,0,0,9.18472908401489,9,0.4,2,0.25,1,16.1664797782898,-7.16647977828979,7.70250499695539,217.547775557952,383.64070263781,187.926090042024,0,0.4,0,0.6,0,0.333333333,1,9,10,17,27,-0.200034022331238,-0.407080054283142,0.207046046853065,-0.499000012874603,-0.0511008687317371,2.38303327560425,2.87139987945557,2.87139987945557,NA,0,1,-0.0791530162096024,-0.00478791083453078,0,1,0.62962963,97.47058824,0.14814815,89.25,NA,NA,0.22222222,90,NA,-1.26662707328796,0.0709139555692673,NA,0.070823609828949,-7.4507474899292,1.77284888923168,NA,1.18039349714915,0.23076923,0.85714286,0.55555556,0.66666667,0.91666667,0.86666667,0.51851852,0.2,0.07407407,0,2,3,1,2,2,5,0,0.4,0.6,0.2,0.4,0.4,24.2002129802028,53.26587,44.47836,66.58664,NA,NA,NA,40.4672,52.37403,37.49461,20,50.42378,20,34.73837,48.43675,38.03962,1.07356,5.68743,83.24,124.04,103.2,NA,NA,NA,108.06,92.92,96.46,120.1,46.06,67.52,104.328148148148,92.8933333333333,93.6703703703704,0.62962963,0.14814815,NA,0.22222222,97.4352955537684,89.2750015258789,NA,89.7999979654948,-4.83654381247128,2.88601970672607,NA,-6.61103057861328,10.4069240794462,2.19872641563416,NA,6.84353256225586,-1.22456148266792,0.113218408077955,NA,0.0711814388632774,-7.20330283922308,2.83046020194888,NA,1.18635731438796,0.25,0.8,0.55555556,0.66666667,0.91666667,0.86666667,0.55555556,18.40909091,0.22222222,0.62962963,0.14814815,89.3839518229167,97.0507094439338,88.871452331543,-6.31488482157389,-4.4067876479205,3.49431252479553,5.49367523193359,9.3634131936466,0.889005959033966,0.0711814388632774,-1.22456148266792,0.113218408077955,1.18635731438796,-7.20330283922308,2.83046020194888,0.25,0.8,0.55555556,0.66666667,0.91666667,0.86666667,0.55555556,5,91.4422729492187,28.0126678466797,1,0.2,106.69,2,0.4,"2024-09-09",0
"Carlos Estevez",14542,"2024-09-04","@TOR",26,2024,"PHI","A",31,0,0,0,1,0,0,0,0,1,0,0,1,4,0,0,0,0,1,0,0,0,0,2,18,9,0,2,0,0,1,0,0,0,0,0,0,0.5,0.25,0.25,3.84572908401489,0,0,1,0,1,2.1664797782898,-2.1664797782898,2.1664797782898,0,52.9267571299725,54.144034788745,1,0,1,0,0,0,0,0,9,10,19,0.0863640010356903,-0.0314980000257492,0.11786200106144,0.479000002145767,0.0506074987351894,1.31164002418518,1.76919996738434,1.76919996738434,NA,0,1,0.0223761592060328,0.0434681269115257,1,0,0.57894737,97.09090909,0.36842105,89,NA,NA,0.05263158,89,NA,-0.278018146753311,0.378259569406509,NA,0.319225162267685,-2.52743769775737,5.40370813437871,NA,31.9225162267685,0.21428571,0.6,0.31578947,0.66666667,0.33333333,0.5,0.26315789,0.5,0.15789474,0,0,1,0,1,0,1,0,0,1,0,1,0,1.5284514095499,47.8051,76.6486,39.31461,NA,NA,NA,20,59.90043,20,62.01376,49.33955,71.29808,30.08702,57.58139,21.42376,1.36253,6.12089,30.66,163.52,173.52,NA,NA,NA,110,37.7,46.16,118.98,83.84,103.88,109.132631578947,61.3210526315789,74.1284210526316,0.57894737,0.36842105,NA,0.05263158,97.154541015625,89.0428553989955,NA,89.4000015258789,-4.85657848011364,2.67203957693917,NA,-7.58760595321655,10.4732402454723,1.37764249529157,NA,4.56815052032471,-0.285929832607508,0.381754271686077,NA,0.32400244474411,-2.59936211461371,5.45363245265824,NA,32.400244474411,0.2,0.44444444,0.31578947,0.5,0.5,0.5,0.47368421,15.26666667,0.05263158,0.57894737,0.36842105,89.3798980712891,97.1443536931818,89.0166887555804,-7.07780981063843,-4.46529180353338,3.22162301199777,3.49411010742188,9.57943448153409,0.224808709962027,0.32400244474411,-0.285929832607508,0.381754271686077,32.400244474411,-2.59936211461371,5.45363245265824,0.2,0.44444444,0.31578947,0.5,0.5,0.5,0.47368421,1,68.6312103271484,3.28352737426758,0,0,68.6312,0,0,"2024-09-04",0
"Carlos Estevez",14542,"2024-09-01","ATL",26,2024,"PHI","H",31,1,0,0,1,0,0,0,0,0,0,0,2,6,0,0,0,0,0,0,0,0,0,2,9,0,0,2,0,0,3,1,0,0,0,0,0,0.33333333,0,0.33333333,1.13839575453556,0,0,0,0,1,1.1664797782898,-1.1664797782898,1.92248398140073,0,29.3043324508413,48.2476998026033,3,0,0.75,0.25,0,0,1,4.5,6,13,19,0.621336042881012,-0.000235779458307661,0.621571838855743,2.24600005149841,0.230005130171776,3.50743341445923,2.63860011100769,2.63860011100769,NA,0,1,0.170286312699318,0.00686203752155398,1,0,0.57894737,97.72727273,0.42105263,91,NA,NA,NA,NA,NA,1.0263112783432,0.392392784357071,NA,NA,9.33010253039273,4.90490980446339,NA,NA,0.45454545,0.875,0.63157895,0.4,1,0.75,0.42105263,0.5,0.15789474,2,1,1,0,3,1,4,0.5,0.25,0.25,0,0.75,0.25,-0.295061064640479,NA,NA,NA,NA,NA,NA,60.62255,50.99292,57.82344,55.09074,44.5974,60.62059,61.16567,47.28162,62.97765,-0.56827,3.22469,NA,NA,NA,NA,NA,NA,107.96,125.84,128.5,97.2,106.56,119.42,103.429473684211,117.722105263158,124.676842105263,0.57894737,0.42105263,NA,NA,97.7272727272727,90.9375,NA,NA,-4.80769244107333,2.74484586715698,NA,NA,9.86202378706499,1.81897711753845,NA,NA,1.03843923658133,0.396983407437801,NA,NA,9.44035669619387,4.96229259297252,NA,NA,0.4,0.88888889,0.63157895,0.25,1,0.75,0.47368421,19.69230769,NA,0.57894737,0.42105263,NA,97.6450306285511,90.8143997192383,NA,-4.33363619717685,3.20126128196716,NA,9.04230984774503,0.513178110122681,NA,1.03843923658133,0.396983407437801,NA,9.44035669619387,4.96229259297252,0.22222222,1,0.63157895,0,0.9,0.75,0.52631579,4,89.2107849121094,7.31844234466553,0,0,105.449,1,0.25,"2024-09-01",0
"Carlos Estevez",14542,"2024-08-31","ATL",26,2024,"PHI","H",31,0,0,0,1,0,0,0,0,1,0,0,1,4,1,0,0,0,0,0,0,0,0,2,18,0,9,2,0,0,1,1,0,0,0,0,0,0.5,0,0.5,0.562229084014893,0,0.25,1,0.5,1,-0.833520221710205,0.833520221710205,0.678488184511662,0,-17.9405169074213,18.1856412207288,1,0,0.5,0.5,0,0,0,0,2,10,12,0.0330959931015968,-0.00811397470533848,0.0412099659442902,0.500999987125397,0.0513056851923466,0.42085000872612,0.751399993896484,0.751399993896484,NA,0,1,0.0234850142151117,0.0551558136698058,0,0,0.66666667,97.5,0.25,91,NA,NA,0.08333333,91,NA,-0.162425339221954,0.426732122898102,NA,0.054188709706068,-2.03031674027443,14.2244040966034,NA,5.4188709706068,0.6,0.57142857,0.58333333,0.33333333,0.5,0.42857143,0.58333333,0.75,0.33333333,1,0,1,0,1,1,2,0.5,0,0.5,0,0.5,0.5,-1.03242679534027,80,39.43804,80,NA,NA,NA,60.76117,59.59733,51.45881,80,53.69778,80,77.17345,55.40206,74.24673,-1.56277,1.73294,75.64,147.54,123.36,NA,NA,NA,102.66,98.26,105.34,137.7,168.08,189.02,109.168333333333,119.821666666667,127.761666666667,0.66666667,0.25,NA,0.08333333,97.5250015258789,91.1666666666667,NA,90.9000015258789,-4.7172155380249,2.20491806666056,NA,-4.91008043289185,10.2847785949707,1.63585186004639,NA,7.61624193191528,-0.166400991380215,0.431620746850967,NA,0.054773960262537,-2.08001239225268,14.3873582283656,NA,5.4773960262537,0.6,0.57142857,0.58333333,0.33333333,0.5,0.42857143,0.58333333,16.375,0.08333333,0.66666667,0.25,90.7570037841797,97.4084396362305,91.0411376953125,-4.2776198387146,-4.35203742980957,2.8792667388916,6.26047992706299,9.26558208465576,0.161906401316325,0.054773960262537,-0.166400991380215,0.431620746850967,5.4773960262537,-2.08001239225268,14.3873582283656,0.6,0.57142857,0.58333333,0.33333333,0.5,0.42857143,0.58333333,2,99.1789703369141,21.1870555877686,0,0,111.634,1,0.5,"2024-08-31",0
"Carlos Estevez",14542,"2024-08-26","HOU",26,2024,"PHI","H",31,0,0,0,1,0,0,0,0,0,0,0,1,3,0,0,0,0,0,0,0,0,0,0,0,0,0,0,0,0,1,1,1,0,0,0,0,0,0,0,6.03472908401489,0,0,0,0,1,3.1664797782898,-3.1664797782898,4.67848818451166,0,76.5491818091038,114.84853560366,1,0.333333333,0.333333333,0.333333333,0,0,0,0,3,8,11,0.137520015239716,0,0.137520015239716,0.500999987125397,0.0513056851923466,1.81486666202545,2.32119989395142,2.32119989395142,2.63860011100769,1,1,0.0757965296506882,-2.23595051863229e-05,1,0,0.36363636,96.75,0.63636364,91.14285714,NA,NA,NA,NA,NA,0.226017817854881,0.527329623699188,NA,NA,5.65044544637203,7.53328033855983,NA,NA,0.4,0.83333333,0.63636364,0.5,0.8,0.71428571,0.54545455,0.66666667,0.18181818,1,2,0,0,3,0,3,0.33333333,0.66666667,0,0,1,0,5.89106366447744,NA,NA,NA,NA,NA,NA,51.29799,62.28483,51.99916,57.15951,45.35218,63.65327,57.26944,54.68391,63.08814,-0.32621,3.58778,NA,NA,NA,NA,NA,NA,108.06,112.08,116.4,119.3,101.48,114.48,115.212727272727,105.334545454545,115.178181818182,0.36363636,0.63636364,NA,NA,96.6750030517578,91.0571463448661,NA,NA,-5.21103954315186,2.89900343758719,NA,NA,11.151834487915,1.917158808027,NA,NA,0.270733080804348,0.533958625048399,NA,NA,6.7683270201087,7.62798035783427,NA,NA,0.25,0.85714286,0.63636364,0,0.83333333,0.71428571,0.63636364,15.5,NA,0.36363636,0.63636364,NA,96.5962295532227,90.9569963727679,NA,-4.51593971252441,3.50691713605608,NA,10.1014995574951,0.776161738804409,NA,0.270733080804348,0.533958625048399,NA,6.7683270201087,7.62798035783427,0.33333333,0.75,0.63636364,0,0.83333333,0.71428571,0.72727273,3,85.2283223470052,7.13812001546224,0,0,95.5663,1,0.33333333,"2024-08-26",0
"Carlos Estevez",14542,"2024-08-25","@KCR",26,2024,"PHI","A",31,0,0,0,1,0,0,0,0,0,0,0,1,3,0,0,0,0,0,0,0,0,0,0,0,0,0,0,0,0,2,1,0,0,0,0,0,0,0,0,4.72206241920756,0,0,0,0,1,3.1664797782898,-3.1664797782898,4.67848818451166,0,76.5491818091038,114.84853560366,2,0,0.666666666,0.333333333,0,0,0,0,2,10,12,0.000662000034935772,0,0.000662000034935772,0.533999979496002,0.0522760637104511,0.00999999977648258,0.0199999995529652,0.0199999995529652,NA,0,1,0.0412000007927418,0.0250000041805209,0,0,0.83333333,96.4,0.08333333,91,NA,NA,0.08333333,87,NA,0.558118283748627,0.139680862426758,NA,-0.0238054171204567,5.58118283748627,13.9680862426758,NA,-2.38054171204567,0.2,0.85714286,0.58333333,1,1,1,0.58333333,1,0,1,0,2,0,2,1,3,0.33333333,0,0.66666667,0,0.66666667,0.33333333,1.17625130432056,20,50.9152,20,NA,NA,NA,80,57.92724,80,31.42098,40.41651,41.15964,76.98826,52.12791,80,-1.55127,1.75019,99.48,44.86,43.9,NA,NA,NA,106.36,124.08,125.1,139.18,64.24,76.26,108.521666666667,112.491666666667,114.263333333333,0.83333333,0.08333333,NA,0.08333333,96.25,91,NA,87.0999984741211,-5.1773868560791,2.73016691207886,NA,-9.1970272064209,10.1557647705078,2.26297426223755,NA,3.14826703071594,0.564838476479053,0.141648322343826,NA,-0.0242429338395596,5.64838476479053,14.1648322343826,NA,-2.42429338395596,0.25,0.75,0.58333333,1,1,1,0.66666667,16.66666667,0.08333333,0.83333333,0.08333333,87.1909027099609,96.3642883300781,91.0858001708984,-8.29014015197754,-4.67709503173828,3.32164001464844,1.13839995861053,9.01001129150391,1.19980001449585,-0.0242429338395596,0.564838476479053,0.141648322343826,-2.42429338395596,5.64838476479053,14.1648322343826,0.25,0.75,0.58333333,1,1,1,0.66666667,3,93.4714660644531,5.9613660176595,0,0,101.493,1,0.33333333,"2024-08-25",0
"Carlos Estevez",14542,"2024-08-21","@ATL",26,2024,"PHI","A",31,0,0,0,1,0,0,0,0,1,0,0,1,5,1,0,0,0,1,0,0,0,0,0,0,9,9,0,0,0,3,1,0,1,0,0,0,0,0.2,-0.2,7.43248908401489,0,0.25,2,0.25,1,6.1664797782898,-6.1664797782898,7.67848818451166,0,147.416455846498,187.345706390858,3,0,0.75,0.25,1,0,0,0,7,9,16,0.202243998646736,-0.260004013776779,0.462248027324677,0.506999969482422,0.0515243895351887,5.80559968948364,3.48559999465942,3.48559999465942,NA,0,1,0.000345235166605562,0.0344907868576281,1,0,0.5625,96.55555556,0.3125,89,NA,NA,0.125,89.5,NA,-0.514273762702942,0.179798394441605,NA,0.230590090155602,-5.71415291892158,3.59596788883209,NA,11.5295045077801,0,0.75,0.375,NA,0.66666667,0.66666667,0.5,0.8,0.125,1,1,2,2,1,1,4,0.25,0.25,0.5,0.5,0.25,0.25,2.9184540670179,44.35396,56.2323,35.27985,NA,NA,NA,20,51.82553,20,66.91028,38.99239,77.21089,20.53557,47.53132,20,1.95593,7.01099,59.6,139.34,143.6,NA,NA,NA,81.22,14.56,12.86,104.38,112.02,123.38,85.755,60.61375,63.74,0.5625,0.3125,NA,0.125,96.6222195095486,89.0400024414062,NA,89.1500015258789,-4.60642708672418,1.94198932647705,NA,-7.44250917434692,10.0861036512587,1.53317241668701,NA,4.73032665252686,-0.52697417140007,0.181538973003626,NA,0.234473872929811,-5.85526857111189,3.63077946007252,NA,11.7236936464906,0,0.6,0.375,NA,0.66666667,0.66666667,0.625,15.6,0.125,0.5625,0.3125,89.1523513793945,96.614013671875,89.0054992675781,-7.22268486022949,-4.31549792819553,2.48689193725586,3.83241510391235,9.25516001383463,0.268736600875854,0.234473872929811,-0.52697417140007,0.181538973003626,11.7236936464906,-5.85526857111189,3.63077946007252,0,0.6,0.375,NA,0.66666667,0.66666667,0.625,4,73.8001327514648,6.69049406051636,0,0,95.8583,1,0.25,"2024-08-21",0
"Carlos Estevez",14542,"2024-08-16","WSN",26,2024,"PHI","H",31,1,0,18,1,0,0,0,0,0,0,1,1,6,3,2,2,0,0,0,0,0,0,2,18,0,27,2,0,0,3,1,0,0,0,0,0,0.33333333,0,0.33333333,1.13839575453556,0,0.5,3,0.75,0.33333333,-0.833520221710205,18.8335202217102,0.678488184511662,435.095551115905,-17.9405169074213,18.1856412207288,3,0,0.75,0.25,0,0,1,9,8,19,27,-0.288709968328476,-0.516552031040192,0.227842032909393,-1.49900007247925,-0.153507426381111,3.18154287338257,1.50199997425079,1.50199997425079,NA,0,1,-0.108246676623821,0.01750140622565,0,1,0.55555556,98.26666667,0.2962963,90.875,NA,NA,0.14814815,90.5,NA,-0.618577897548676,0.168457508087158,NA,-0.0805156826972961,-4.1238526503245,2.10571885108948,NA,-2.0128920674324,0.33333333,0.83333333,0.55555556,0.6,0.8,0.73333333,0.44444444,0.66666667,0.14814815,0,3,1,0,3,1,4,0,0.75,0.25,0,0.75,0.25,-0.295061064640479,80,49.86844,80,NA,NA,NA,21.0816,55.27341,20,80,54.71758,80,50.21834,54.57013,52.94501,0.11185,4.24487,60.4,127.4,110.66,NA,NA,NA,99.34,91.86,91.82,117,150.58,173.24,98.8037037037037,114.523703703704,118.735555555556,0.55555556,0.2962963,NA,0.14814815,98.1,90.9124984741211,NA,90.3249969482422,-5.29835306803385,2.33096647262573,NA,-6.64822387695312,9.77381083170573,1.83518886566162,NA,5.22063159942627,-0.6306715272367,0.170344013720751,NA,-0.0819857493042946,-4.20447684824467,2.12930017150939,NA,-2.04964373260736,0.18181818,0.8125,0.55555556,1,0.69230769,0.73333333,0.59259259,19.04761905,0.14814815,0.55555556,0.2962963,90.2554016113281,98.010107421875,90.8216018676758,-6.19025754928589,-4.71422475179036,3.12089371681213,3.92193245887756,8.66007893880208,0.521728575229645,-0.0819857493042946,-0.6306715272367,0.170344013720751,-2.04964373260736,-4.20447684824467,2.12930017150939,0.2,0.76470588,0.55555556,1,0.69230769,0.73333333,0.62962963,4,91.0602035522461,-1.54815018177032,0,0,104.643,1,0.25,"2024-08-16",0
"Carlos Estevez",14542,"2024-08-14","MIA",26,2024,"PHI","H",31,0,0,0,1,0,0,0,0,0,0,0,1,3,0,0,0,0,0,0,0,0,0,2,18,0,0,2,0,0,0,1,0,0,0,0,0,0.66666667,0,0.66666667,-0.078604246671107,0,0,0,0,1,-0.833520221710205,0.833520221710205,0.678488184511662,0,-17.9405169074213,18.1856412207288,0,0,0,1,0,0,0,0,6,9,15,0.0144520057365298,0,0.0144520057365298,0.500999987125397,0.0513056851923466,0.183866664767265,0.340999990701675,0.340999990701675,NA,0,1,0.0815109014511108,-0.0029104343418451,0,0,0.53333333,96.5,0.33333333,90,NA,NA,0.13333333,89.5,NA,1.04048562049866,-0.280923664569855,NA,0.0228863731026649,13.0060702562332,-5.61847329139709,NA,1.14431865513325,0.33333333,0.66666667,0.46666667,0.66666667,0.5,0.57142857,0.4,NA,0.2,0,1,0,0,1,0,1,0,1,0,0,1,0,-1.71377784299991,73.436,40.67518,76.96108,NA,NA,NA,78.41156,51.52653,80,20,40.66364,20,60.61493,45.56943,60.54161,-0.53406,3.276,78.3,157.74,144.3,NA,NA,NA,97.66,141.76,142.02,104.78,73.22,86.72,97.452,121.044,123.890666666667,0.53333333,0.33333333,NA,0.13333333,96.3625030517578,90.1400024414063,NA,89.0500030517578,-4.85708236694336,2.43305358886719,NA,-6.06760883331299,10.6162014007568,2.90276374816895,NA,7.31988716125488,1.05492307245731,-0.286640696227551,NA,0.0229212380945683,13.1865384057164,-5.73281392455101,NA,1.14606190472841,0.375,0.57142857,0.46666667,0.66666667,0.5,0.57142857,0.46666667,16.91666667,0.13333333,0.53333333,0.33333333,88.9219055175781,96.260986328125,90.0186584472656,-5.33137512207031,-4.42479372024536,3.11113395690918,6.21780014038086,9.39545154571533,1.40922260284424,0.0229212380945683,1.05492307245731,-0.286640696227551,1.14606190472841,13.1865384057164,-5.73281392455101,0.375,0.57142857,0.46666667,0.66666667,0.5,0.57142857,0.46666667,1,95.9772338867188,43.9302787780762,0,0,95.9772,1,1,"2024-08-14",0
"Carlos Estevez",14542,"2024-08-13","MIA",26,2024,"PHI","H",31,0,0,9,1,0,0,0,0,0,0,0,1,4,2,1,1,1,0,0,0,0,0,0,0,0,18,0,0,0,1,2,1,0,0,0,0,0,0,0,6.91672908401489,9,0.5,2,0.333333333333333,1,16.1664797782898,-7.16647977828979,6.19049659073353,217.547775557952,383.64070263781,151.387312822842,0.5,0.25,0.25,0.5,0,0.5,0,0,0,5,5,-0.00681799929589033,-0.0121440012007952,0.00532600143924356,-0.499000042676926,-0.0511008687317371,0.0502000004053116,0.060199998319149,0.060199998319149,NA,0,1,-0.291082352399826,0.155265634454761,0,0,0.6,97,0.4,88.5,NA,NA,NA,NA,NA,-1.66345155239105,0.82367616891861,NA,NA,-55.4483850797017,41.1838084459305,NA,NA,NA,0.8,0.8,NA,1,1,1,1,0,2,2,0,0,1,3,4,0.5,0.5,0,0,0.25,0.75,23.5871468059855,NA,NA,NA,NA,NA,NA,80,61.76344,80,80,46.64384,80,80,55.85798,80,-3.86025,-1.71328,NA,NA,NA,NA,NA,NA,90.96,122.98,120.8,100.46,146.3,155.88,94.76,132.308,134.832,0.6,0.4,NA,NA,97.1333312988281,88.1500015258789,NA,NA,-5.95239321390788,2.8801531791687,NA,NA,10.3410924275716,2.70653390884399,NA,NA,-1.66947807371616,0.838075786828995,NA,NA,-55.6492691238721,41.9037893414497,NA,NA,NA,0.8,0.8,NA,1,1,1,14,NA,0.6,0.4,NA,97.061533610026,88.0577011108398,NA,-5.47755304972331,3.36305999755859,NA,9.13109334309896,1.25194501876831,NA,-1.66947807371616,0.838075786828995,NA,-55.6492691238721,41.9037893414497,NA,0.8,0.8,NA,1,1,1,4,102.145523071289,12.6460428237915,1,0.25,111.076,3,0.75,"2024-08-13",0
"Carlos Estevez",14542,"2024-08-08","@ARI",26,2024,"PHI","A",31,0,0,0,1,0,0,0,0,1,0,0,1,5,2,1,0,0,0,0,0,1,0,2,18,0,18,2,0,0,1,1,1,0,0,0,0,0.4,0,0.4,1.29088908401489,0,0.4,2,0.666666666666667,0.5,-0.833520221710205,0.833520221710205,0.678488184511662,0,-17.9405169074213,18.1856412207288,1,0.333333333,0.333333333,0.333333333,0,0,0,0,4,13,17,0.0422799997031689,-0.0802600011229515,0.122540004551411,-0.488999992609024,-0.0493939369916916,1.1942857503891,0.932000041007996,0.932000041007996,NA,0,1,-0.0287270527333021,0.0641289652901538,0,0,0.70588235,97.5,0.11764706,91.5,NA,NA,0.17647059,89.66666667,NA,-0.423087686300278,0.0182156562805176,NA,0.24809692800045,-3.52573071916898,0.910782814025879,NA,8.269897600015,0.33333333,0.75,0.52941176,0.66666667,1,0.88888889,0.47058824,0.8,0.05882353,1,1,1,1,1,1,3,0.33333333,0.33333333,0.33333333,0.33333333,0.33333333,0.33333333,1.49404117262557,74.05617,45.94508,70.99146,NA,NA,NA,54.29789,52.54781,54.0678,80,49.45324,80,66.28833,48.12509,68.34901,-0.88652,2.74731,112.22,120.38,116.36,NA,NA,NA,92.98,102.2,93.9,124.94,183.18,199.14,100.135294117647,114.935294117647,110.244705882353,0.70588235,0.11764706,NA,0.17647059,97.3416646321615,91.0999984741211,NA,89.7333374023438,-5.52832285563151,2.84225082397461,NA,-5.78916295369466,9.13269742329915,2.78764200210571,NA,4.09485181172689,-0.431792333722115,0.0183174163103104,NA,0.250902149826288,-3.59826944768429,0.915870815515518,NA,8.36340499420961,0.33333333,0.63636364,0.52941176,0.5,1,0.88888889,0.64705882,21,0.17647059,0.70588235,0.11764706,90.0056660970052,97.6148071289062,91.32080078125,-5.70200665791829,-5.24199994405111,3.26821494102478,2.4229482014974,7.85752423604329,1.40267050266266,0.250902149826288,-0.431792333722115,0.0183174163103104,8.36340499420961,-3.59826944768429,0.915870815515518,0.33333333,0.63636364,0.52941176,0.5,1,0.88888889,0.64705882,3,94.1787109375,21.0878448486328,0,0,103.316,2,0.66666667,"2024-08-08",0
"Carlos Estevez",14542,"2024-08-06","@LAD",26,2024,"PHI","A",31,0,0,0,1,0,0,0,0,0,0,0,1,4,1,0,0,0,0,0,0,0,0,1,9,0,9,1,0,0,1,2,0,1,0,0,0,0.25,0,0.25,3.28666658401489,0,0.25,1,0.333333333333333,1,1.1664797782898,-1.1664797782898,4.19049659073353,0,29.3043324508413,103.055865631376,0.5,0,0.333333333,0.666666666,0.5,0,0,0,9,15,24,0.0166399981826544,-0.0130200004205108,0.0296599995344877,0.477999985218048,0.0505820065736771,0.293199986219406,0.412000000476837,0.412000000476837,NA,0,1,0.015370812267065,0.0413822537791332,0,0,0.66666667,96.375,0.20833333,90.4,NA,NA,0.125,88.66666667,NA,0.783486545085907,-0.77492094039917,NA,0.0167976431548595,4.89679090678692,-15.4984188079834,NA,0.559921438495318,0.35714286,0.9,0.58333333,0.8,0.66666667,0.71428571,0.41666667,0.75,0.16666667,0,1,2,1,1,1,3,0,0.33333333,0.66666667,0.33333333,0.33333333,0.33333333,-0.870479239006251,58.19299,41.46591,78.41318,NA,NA,NA,61.64848,44.96399,70.31386,78.22715,53.29811,80,67.62835,43.05156,80,-0.96977,2.62244,91.3,123.84,99.84,NA,NA,NA,96.06,140.64,128.48,132.2,140.56,156.6,102.994166666667,138.523333333333,130.758333333333,0.66666667,0.20833333,NA,0.125,96.4937515258789,90.1599975585937,NA,88.6666666666667,-3.89475536346436,2.33705005645752,NA,-5.56306076049805,9.80556392669678,2.74305362701416,NA,5.88644663492839,0.774748530238867,-0.782228991389275,NA,0.0166956372559071,4.84217831399292,-15.6445798277855,NA,0.556521241863569,0.38461538,0.81818182,0.58333333,0.8,0.66666667,0.71428571,0.45833333,20.15,0.125,0.66666667,0.20833333,88.6968994140625,96.5310211181641,90.1935180664063,-5.29334322611491,-3.35425043106079,2.93868408203125,4.65376345316569,8.97456836700439,2.01284198760986,0.0166956372559071,0.774748530238867,-0.782228991389275,0.556521241863569,4.84217831399292,-15.6445798277855,0.41666667,0.75,0.58333333,0.8,0.66666667,0.71428571,0.5,3,90.6753743489583,33.8810094197591,1,0.33333333,98.6609,1,0.33333333,"2024-08-06",0
"Carlos Estevez",14542,"2024-08-03","@SEA",26,2024,"PHI","A",31,0,1,0,1,0,0,0,0,0,0,0,1.2,8,0,1,0,0,2,1,1,0,0,2,10.8000041198746,10.8000041198746,0,1,0,0,0,3,0,1,0,0,0,0.25,0.25,0,6.86026033401489,0,0,1.20000045776385,0,0.66666667,6.16648092269941,-6.16648092269941,8.88809709211295,0,147.416482880228,216.576780910887,0,0,0,1,0.333333333,0,0,0,12,16,28,-0.0785500332713127,-0.401732057332993,0.323182016611099,-0.255000054836273,-0.0289608314633369,3.27397489547729,2.43630003929138,2.17919993400574,NA,0,1,0.0572416596114635,-0.0812339123864688,0,1,0.57142857,97.875,0.42857143,91.16666667,NA,NA,NA,NA,0.14285714,0.950255870819092,-0.308012902736664,NA,NA,5.93909919261932,-2.5667741894722,NA,NA,0.15384615,0.86666667,0.53571429,1,0.92307692,0.93333333,0.53571429,0.625,0.03571429,1,1,1,2,1,0,3,0.33333333,0.33333333,0.33333333,0.66666667,0.33333333,0,4.21224780914884,NA,NA,NA,NA,NA,NA,78.25916,57.33365,76.4831,20,57.16092,20,55.69832,58.03191,49.34412,-0.2286,3.73419,NA,NA,NA,NA,NA,NA,110.4,122.92,129.44,127.66,43.7,65.98,117.797142857143,88.9685714285714,102.242857142857,0.57142857,0.42857143,NA,NA,97.8062515258789,91.0166625976562,NA,NA,-5.25667476654053,2.20888789494832,NA,NA,10.0855140686035,1.70412127176921,NA,NA,0.959336619824171,-0.335798725485802,NA,NA,5.99585387390107,-2.79832271238168,NA,NA,0.1,0.77777778,0.53571429,1,0.92857143,0.93333333,0.64285714,22,NA,0.57142857,0.42857143,NA,98.0723495483398,91.2849934895833,NA,-4.60510492324829,2.99058596293131,NA,9.05294799804688,0.763457139333089,NA,0.959336619824171,-0.335798725485802,NA,5.99585387390107,-2.79832271238168,0.11111111,0.73684211,0.53571429,1,0.92857143,0.93333333,0.67857143,3,72.6897888183594,57.01953125,0,0,92.8403,0,0,"2024-08-03",0
"Carlos Estevez",14542,"2024-07-31","NYY",26,2024,"PHI","H",31,0,0,0,1,0,0,0,0,0,0,0,1,3,0,0,0,0,0,0,0,0,0,1,9,0,0,1,0,0,2,0,0,0,0,0,0,0.33333333,0,0.33333333,-0.694826464786218,0,0,0,0,1,1.1664797782898,-1.1664797782898,1.1664797782898,0,29.3043324508413,29.9783111930123,2,0,1,0,0,0,0,0,2,7,9,0.0379280000925064,0,0.0379280000925064,0.500999987125397,0.0513056851923466,0.504599988460541,0.661400020122528,0.661400020122528,NA,0,1,0.0753796398639679,-0.000215151239584307,0,0,0.55555556,96.4,0.44444444,89,NA,NA,NA,NA,NA,0.563889980316162,0.126593083143234,NA,NA,11.2777996063232,3.16482707858086,NA,NA,0.6,0.25,0.44444444,0.66666667,0,0.5,0.44444444,1,0.22222222,2,0,0,0,0,2,2,1,0,0,0,0,1,-0.217826419425264,NA,NA,NA,NA,NA,NA,77.5328,48.32073,80,76.30771,36.26538,80,80,41.35387,80,-2.0247,1.04004,NA,NA,NA,NA,NA,NA,108.34,119.8,112.76,105.38,130.16,142.2,107.024444444444,124.404444444444,125.844444444444,0.55555556,0.44444444,NA,NA,96.3400024414063,89.125,NA,NA,-4.37491035461426,2.74468207359314,NA,NA,10.5783767700195,2.98613810539246,NA,NA,0.570833623409271,0.127865336835384,NA,NA,11.4166724681854,3.19663342088461,NA,NA,0,0.5,0.44444444,NA,0.5,0.5,0.88888889,13.66666667,NA,0.55555556,0.44444444,NA,96.0957397460938,88.9003753662109,NA,-3.85597991943359,3.61274242401123,NA,9.29443206787109,1.57740747928619,NA,0.570833623409271,0.127865336835384,NA,11.4166724681854,3.19663342088461,0.5,0.42857143,0.44444444,1,0.33333333,0.5,0.77777778,2,98.6010437011719,-2.35199761390686,0,0,98.7893,2,1,"2024-07-31",0
"Carlos Estevez",14542,"2024-07-30","NYY",26,2024,"PHI","H",31,0,0,0,1,0,0,0,0,0,0,0,1,3,0,0,0,0,0,0,0,0,0,0,0,0,0,0,0,0,0,3,0,0,0,0,0,0,0,0,13.2527290840149,0,0,0,0,1,3.1664797782898,-3.1664797782898,7.70250499695539,0,76.5491818091038,187.926090042024,0,0,0,1,0,0,1,9,7,8,15,0.0379280000925064,0,0.0379280000925064,0.500999987125397,0.0513056851923466,0.504599988460541,0.661400020122528,0.661400020122528,2.63860011100769,1,1,0.0753796398639679,-0.000215151239584307,0,0,0.73333333,96,0.06666667,89,NA,NA,0.2,89.66666667,NA,0.764991223812103,-0.0344077162444592,NA,0.0188862010836601,6.95446567101912,-3.44077162444592,NA,0.629540036122004,0,0.77777778,0.46666667,NA,1,1,0.6,NA,0,0,3,0,0,1,2,3,0,1,0,0,0.33333333,0.66666667,0.800043401490257,20,30.45282,32.4905,NA,NA,NA,50.58787,56.75264,45.09701,20,50.98258,20,28.01269,47.57307,29.47344,1.4914,6.31419,78.54,75.6,50.1,NA,NA,NA,105.04,109,118,98.86,11,17.02,99.328,95.7866666666667,97.688,0.73333333,0.06666667,NA,0.2,96.0818204012784,89.0999984741211,NA,89.4666646321615,-5.70713702115146,3.54687738418579,NA,-6.27492586771647,10.3885172063654,1.84208381175995,NA,6.39260991414388,0.817209534347057,-0.0350487045943737,NA,0.0183441489934921,7.42917758497325,-3.50487045943737,NA,0.611471633116404,0,0.875,0.46666667,NA,1,1,0.53333333,16.83333333,0.2,0.73333333,0.06666667,89.4777628580729,96.0911310369318,89.0950012207031,-5.67927996317546,-5.32820268110795,4.09696006774902,4.96864986419678,9.31937616521662,1.1187299489975,0.0183441489934921,0.817209534347057,-0.0350487045943737,0.611471633116404,7.42917758497325,-3.50487045943737,0,0.77777778,0.46666667,NA,1,1,0.6,3,98.7021077473958,32.8377482096354,1,0.33333333,104.73,2,0.66666667,"2024-07-30",0
"Carlos Estevez",14542,"2024-07-24","@SEA",1,2024,"LAA","A",31,0,0,0,1,0,0,0,0,1,0,0,1,3,0,0,0,0,0,0,0,0,0,0,0,0,0,0,0,0,0,2,1,1,0,0,0,0,0,0,9.75339574477623,0,0,0,0,1,3.1664797782898,-3.1664797782898,6.19049659073353,0,75.0388387042722,152.159040742638,0,0.333333333,0,0.666666666,0.5,0,0,0,2,7,9,0.175643995404243,0,0.175643995404243,0.430000007152557,0.048835888504982,2.42146682739258,3.26320004463196,3.26320004463196,NA,0,1,0.0726152881979942,-7.90909570120291e-05,1,0,0.44444444,95.75,0.55555556,89.6,NA,NA,NA,NA,NA,0.0557133369147778,0.752899527549744,NA,NA,1.39283342286944,15.0579905509949,NA,NA,0.33333333,1,0.77777778,1,0.83333333,0.85714286,0.66666667,1,0.11111111,0,2,1,1,0,2,3,0,0.66666667,0.33333333,0.33333333,0,0.66666667,3.96211050001094,NA,NA,NA,NA,NA,NA,37.6953,44.1889,40.35714,61.12436,42.00505,67.86343,51.09861,43.11923,58.64034,0.05716,4.16283,NA,NA,NA,NA,NA,NA,98.32,64.54,46.44,112.34,109.44,115,106.108888888889,89.4844444444444,84.5288888888889,0.44444444,0.55555556,NA,NA,95.8249969482422,89.5599975585938,NA,NA,-4.98412418365479,2.01072673797607,NA,NA,10.3315687179565,1.99543704986572,NA,NA,0.056060004979372,0.74444492161274,NA,NA,1.4015001244843,14.8888984322548,NA,NA,0.33333333,1,0.77777778,1,0.83333333,0.85714286,0.66666667,16.66666667,NA,0.44444444,0.55555556,NA,96.1313781738281,89.8492797851563,NA,-4.27214002609253,2.74133605957031,NA,9.30238723754883,1.08789558410645,NA,0.056060004979372,0.74444492161274,NA,1.4015001244843,14.8888984322548,0.33333333,1,0.77777778,1,0.83333333,0.85714286,0.66666667,3,87.805419921875,37.1666539510091,0,0,100.626,1,0.33333333,"2024-07-24",0
"Carlos Estevez",14542,"2024-07-22","@SEA",1,2024,"LAA","A",31,0,0,0,1,0,0,0,0,1,0,0,1,3,0,0,0,0,0,0,0,0,0,1,9,0,0,1,0,0,0,2,0,0,0,0,0,0.33333333,0,0.33333333,4.45139575020756,0,0,0,0,1,1.1664797782898,-1.1664797782898,4.19049659073353,0,26.5061001470459,102.403901559937,0,0,0,1,0,0,0,0,0,9,9,0.0757059976458549,0,0.0757059976458549,0.430000007152557,0.048835888504982,1.04040002822876,1.62839996814728,1.62839996814728,NA,0,1,0.073156014084816,-0.000389774569481249,1,0,0.44444444,97.5,0.44444444,89.25,NA,NA,0.11111111,90,NA,0.24982325732708,0.305228263139725,NA,0.210907548666,6.24558143317699,7.63070657849312,NA,21.0907548666,1,0.75,0.77777778,0,0.66666667,0.57142857,0.88888889,1,0.33333333,0,1,1,0,2,0,2,0,0.5,0.5,0,1,0,-0.527339840294543,41.73621,38.30266,50.57322,NA,NA,NA,80,48.70399,80,80,48.56667,80,80,48.1998,80,-2.6598,0.08739,78.66,68.02,46.32,NA,NA,NA,106.76,137.6,133.3,117.76,145.8,156.78,107.3725,131.9775,131.2325,0.44444444,0.44444444,NA,0.11111111,97.3249969482422,89.1750030517578,NA,89.8000030517578,-5.48828172683716,2.57817506790161,NA,-5.85927057266235,10.2861213684082,2.10590887069702,NA,6.62020349502563,0.252764467149973,0.308583918958902,NA,0.213400110602379,6.31911167874932,7.71459797397256,NA,21.3400110602379,1,0.75,0.77777778,0,0.66666667,0.57142857,0.88888889,16,0.11111111,0.44444444,0.44444444,89.7781982421875,97.3207702636719,89.1633453369141,-5.04928016662598,-4.66438484191895,3.51240992546082,5.60730981826782,9.44058227539062,0.958828985691071,0.213400110602379,0.252764467149973,0.308583918958902,21.3400110602379,6.31911167874932,7.71459797397256,1,0.75,0.77777778,0,0.66666667,0.57142857,0.88888889,2,94.1182556152344,52.306999206543,0,0,95.5161,1,0.5,"2024-07-22",0
"Carlos Estevez",14542,"2024-07-21","@OAK",1,2024,"LAA","A",31,0,0,0,1,0,0,0,0,1,0,0,1,4,0,0,0,0,1,0,0,0,0,0,0,9,0,0,0,0,0,3,0,1,0,0,0,0,0.25,-0.25,13.4148540840149,0,0,1,0,1,6.1664797782898,-6.1664797782898,10.7025049969554,0,147.837946540112,264.406843865182,0,0,0,1,0.333333333,0,0,0,6,10,16,0.0352719984948635,-0.0441200025379658,0.0793920010328293,0.453000009059906,0.0496710538864136,0.916320025920868,0.817600011825562,0.817600011825562,NA,0,1,0.0198487490415573,0.0186443510731285,0,0,0.75,96.16666667,0.125,91,NA,NA,0.125,88.5,NA,0.293354094028473,0.006791602820158,NA,0.152925357222557,2.44461745023727,0.3395801410079,NA,7.64626786112785,0.25,0.75,0.5,1,0.83333333,0.875,0.5,0.75,0.0625,1,1,1,1,0,2,3,0.33333333,0.33333333,0.33333333,0.33333333,0,0.66666667,3.00200256062285,20,39.24509,20,NA,NA,NA,32.60147,67.65561,20,54.32556,26.70657,66.67393,22.20695,57.16487,20,1.85209,6.85523,60.92,11.04,-7.72,NA,NA,NA,98.38,78.28,87.58,97,117.26,119.02,93.525,74.7475,79.5975,0.75,0.125,NA,0.125,96.0250040690104,90.9499969482422,NA,88.6000061035156,-6.35032272338867,1.55365824699402,NA,-7.79312515258789,10.5088055928548,3.95631098747253,NA,7.12741088867188,0.276191383600235,0.0064518041908741,NA,0.153654925525188,2.30159486333529,0.322590209543705,NA,7.68274627625942,0.33333333,0.71428571,0.5,1,0.8,0.875,0.4375,15.58333333,0.125,0.75,0.125,89.1417541503906,96.572021484375,91.5175018310547,-7.05925512313843,-5.49445215861003,2.61891007423401,5.92543506622314,9.44913864135742,2.40601491928101,0.153654925525188,0.276191383600235,0.0064518041908741,7.68274627625942,2.30159486333529,0.322590209543705,0,0.8,0.5,NA,0.875,0.875,0.625,3,94.8917032877604,45.2541859944661,1,0.33333333,100.951,2,0.66666667,"2024-07-21",0
"Carlos Estevez",14542,"2024-07-13","SEA",1,2024,"LAA","H",31,0,0,0,1,0,0,0,0,1,0,0,1,3,0,0,0,0,0,0,0,0,0,1,9,0,0,1,0,0,0,1,1,0,0,0,0,0.33333333,0,0.33333333,2.61817353088578,0,0,0,0,1,1.1664797782898,-1.1664797782898,2.67848818451166,0,26.5061001470459,64.7888072114456,0,0.5,0,0.5,0,0,0,0,1,6,7,0.163921982049942,0,0.163921982049942,0.508000016212463,0.0515474379062653,2.14499998092651,2.87979984283447,2.87979984283447,NA,0,1,0.0765303373336792,-0.000109832201955429,1,0,0.57142857,97.5,0.28571429,91,NA,NA,0.14285714,89,NA,0.707262396812439,0.0931044071912766,NA,-0.0344077162444592,17.681559920311,4.65522035956383,NA,-3.44077162444592,0.5,0.6,0.57142857,0,0.66666667,0.5,0.71428571,0.66666667,0.28571429,1,1,0,0,1,1,2,0.5,0.5,0,0,0.5,0.5,3.61412645919668,75.67883,47.41366,66.31203,NA,NA,NA,80,55.64645,80,80,37.43501,80,80,48.39033,80,-3.89189,-1.76074,77.78,133.44,122.18,NA,NA,NA,96.88,153.9,149.44,99,162.28,167.18,94.7571428571429,153.371428571429,150.614285714286,0.57142857,0.28571429,NA,0.14285714,97.5,91.0500030517578,NA,89.0999984741211,-6.18861103057861,3.00266790390015,NA,-4.28005838394165,9.25048065185547,3.56422805786133,NA,7.07838487625122,0.757870391011238,0.094138327986002,NA,-0.0350487045943737,18.946759775281,4.7069163993001,NA,-3.50487045943737,1,0.5,0.57142857,0,0.66666667,0.5,0.85714286,18.5,0.14285714,0.57142857,0.28571429,89.4311981201172,97.8115234375,91.3630981445312,-3.58209991455078,-5.76200485229492,3.41303014755249,5.91363000869751,8.27710247039795,2.5740749835968,-0.0350487045943737,0.757870391011238,0.094138327986002,-3.50487045943737,18.946759775281,4.7069163993001,1,0.4,0.57142857,0,1,0.5,0.71428571,2,96.7794418334961,30.5282211303711,1,0.5,107.329,1,0.5,"2024-07-13",0
"Carlos Estevez",14542,"2024-07-12","SEA",1,2024,"LAA","H",31,0,0,0,1,0,0,0,0,0,0,0,1,4,1,0,0,0,0,0,0,0,0,2,18,0,9,2,0,0,2,0,0,0,0,0,0,0.5,0,0.5,-0.528020915985107,0,0.25,1,0.5,1,-0.833520221710205,0.833520221710205,-0.833520221710205,0,-22.0266384101804,-22.5814263197472,2,0,1,0,0,0,0,0,5,12,17,0.138840019702911,-0.0696820244193077,0.208522036671638,0.508000016212463,0.0515474379062653,2.29351997375488,2.3283998966217,2.3283998966217,2.63020014762878,1,1,0.0388728119432926,0.0216629676843889,1,0,0.52941176,97.77777778,0.11764706,90.5,NA,NA,0.35294118,89.33333333,NA,-0.0778624713420868,0.0199030190706253,NA,0.338716953992844,-0.865138570467631,0.995150953531265,NA,5.64528256654739,0.33333333,0.75,0.52941176,0.33333333,0.33333333,0.33333333,0.47058824,0.75,0.35294118,0,2,0,0,2,0,2,0,1,0,0,1,0,-0.951180576307124,80,45.35484,80,NA,NA,NA,53.20072,50.01705,52.47893,56.3923,38.79632,46.01514,66.21242,45.94597,73.50735,-0.88181,2.75438,90.84,136.06,126.96,NA,NA,NA,101.72,103.86,101.48,95.6,112.3,127.6,97.16,116.217647058824,113.545882352941,0.52941176,0.11764706,NA,0.35294118,97.7666693793403,90.6500015258789,NA,89.1666666666667,-4.71882798936632,2.31220412254333,NA,-7.15512657165527,9.7593256632487,3.16354203224182,NA,5.07260513305664,-0.080233596265316,0.019891619682312,NA,0.342310927808285,-0.891484402947956,0.994580984115601,NA,5.70518213013808,0.375,0.66666667,0.52941176,0.33333333,0.33333333,0.33333333,0.52941176,15.75,0.35294118,0.52941176,0.11764706,89.4771525065104,98.0796983506944,90.9434051513672,-6.71052360534668,-4.28035566541884,2.93889999389648,3.84869829813639,8.76407453748915,2.1932098865509,0.342310927808285,-0.080233596265316,0.019891619682312,5.70518213013808,-0.891484402947956,0.994580984115601,0.33333333,0.63636364,0.52941176,0.5,0.28571429,0.33333333,0.64705882,2,82.6865386962891,-3.12250995635986,0,0,101.427,1,0.5,"2024-07-12",0
"Carlos Estevez",14542,"2024-07-10","TEX",1,2024,"LAA","H",31,0,0,0,1,0,0,0,0,0,0,0,1,3,0,0,0,0,0,0,0,0,0,0,0,0,0,0,0,0,2,1,0,1,0,0,0,0,0,0,4.72206241920756,0,0,0,0,1,3.1664797782898,-3.1664797782898,4.67848818451166,0,75.0388387042722,114.543946394147,2,0,0.666666666,0.333333333,1,0,0,0,2,9,11,0.006268001627177,0,0.006268001627177,0.508000016212463,0.0515474379062653,0.0847333371639252,0.162799999117851,0.162799999117851,NA,0,1,0.0704661160707474,0.00350714919851636,0,0,0.63636364,98.28571429,0.18181818,91,NA,NA,0.18181818,90,NA,0.659613192081451,0.00152462720870972,NA,0.0303832925856113,9.42304560116359,0.0762313604354858,NA,1.51916462928057,0.33333333,0.75,0.63636364,1,1,1,0.72727273,1,0,1,0,2,1,0,2,3,0.33333333,0,0.66666667,0.33333333,0,0.66666667,0.0195350882468986,72.51792,45.15989,74.2377,NA,NA,NA,78.07643,56.72184,79.15772,35.13545,45.78558,35.64069,74.93083,51.21115,77.16601,-1.42345,1.94192,95.64,114.7,109.06,NA,NA,NA,108.16,101.58,102.62,140.04,44.7,73.72,111.68,93.6236363636364,98.5363636363636,0.63636364,0.18181818,NA,0.18181818,98.2142857142857,91.1500015258789,NA,90.1499938964844,-5.58078874860491,2.68884611129761,NA,-6.80192422866821,9.98037392752511,2.0933244228363,NA,4.26679563522339,0.650426782667637,0.00128604471683502,NA,0.0305310264229774,9.29181118096624,0.0643022358417511,NA,1.52655132114887,0,0.77777778,0.63636364,NA,1,1,0.81818182,16.625,0.18181818,0.63636364,0.18181818,90.4454498291016,98.5178745814732,91.4474945068359,-6.23887491226196,-5.13599559238979,2.99915504455566,2.72633981704712,8.65620858328683,1.20431351661682,0.0305310264229774,0.650426782667637,0.00128604471683502,1.52655132114887,9.29181118096624,0.0643022358417511,0.25,0.85714286,0.63636364,1,1,1,0.63636364,3,91.6908365885417,22.3446146647135,0,0,98.2202,1,0.33333333,"2024-07-10",0
"Carlos Estevez",14542,"2024-07-07","@CHC",1,2024,"LAA","A",31,0,0,0,1,0,0,0,0,0,0,0,1,4,0,0,0,0,1,0,0,0,0,1,9,9,0,1,0,0,0,2,0,0,0,0,0,0.25,0.25,0,7.38247908401489,0,0,1,0,1,4.1664797782898,-4.1664797782898,7.19049659073353,0,99.3052079828853,177.036610333989,0,0,0,1,0,0,0,0,8,12,20,0.00103199249133468,-0.000687968742568046,0.00171996117569506,0.469000041484833,0.0502679534256458,0.0221999995410442,0.0199999995529652,0.0199999995529652,NA,0,1,0.0413935221731663,0.00509262704619241,0,0,0.75,96.26666667,0.15,90.33333333,NA,NA,0.1,89,NA,0.164818644523621,0.0151102766394615,NA,0.272104054689407,1.0987909634908,0.503675887982051,NA,13.6052027344704,0.25,0.66666667,0.5,0.5,0.75,0.7,0.6,0.5,0.15,1,0,1,0,2,0,2,0.5,0,0.5,0,1,0,2.74095393366143,50.91299,37.21373,54.79946,NA,NA,NA,64.76308,46.94217,70.35563,40.00306,46.85603,45.09828,61.80424,41.3906,70.09736,-0.60794,3.16518,82.6,112.6,89.18,NA,NA,NA,105.44,109.38,98.48,113.56,58.86,68.04,104.374,102.124,92.984,0.75,0.15,NA,0.1,96.3666666666667,90.0999959309896,NA,88.9499969482422,-5.24974822998047,2.51097504297892,NA,-6.52321910858154,10.2707010904948,1.43157370885213,NA,6.27132415771484,0.161910392343998,0.0151214338839054,NA,0.275721356272697,1.07940261562665,0.50404779613018,NA,13.7860678136349,0.22222222,0.72727273,0.5,0,0.875,0.7,0.55,17.125,0.1,0.75,0.15,89.401496887207,96.853857421875,90.538096110026,-6.21513509750366,-4.82631581624349,2.98709011077881,5.29717540740967,9.34569295247396,0.641168355941772,0.275721356272697,0.161910392343998,0.0151214338839054,13.7860678136349,1.07940261562665,0.50404779613018,0.16666667,0.64285714,0.5,0,0.77777778,0.7,0.7,2,99.305549621582,39.0027923583984,1,0.5,103.594,2,1,"2024-07-07",0
"Carlos Estevez",14542,"2024-06-29","DET",1,2024,"LAA","H",31,0,0,0,1,0,0,0,0,0,0,0,1,3,1,0,0,0,0,0,0,0,0,0,0,0,9,0,0,0,1,1,1,0,0,0,0,0,0,0,6.03472908401489,0,0.333333333333333,1,0.333333333333333,1,3.1664797782898,-3.1664797782898,4.67848818451166,0,75.0388387042722,114.543946394147,1,0.333333333,0.333333333,0.333333333,0,0,0,0,5,6,11,0.13884000480175,-0.059738002717495,0.198578000068665,0.508000016212463,0.0515474379062653,2.38049983978271,2.3283998966217,2.3283998966217,2.63020014762878,1,1,0.0448070652782917,0.0135168222017524,1,0,0.72727273,96.375,0.27272727,90.33333333,NA,NA,NA,NA,NA,0.266680002212524,-0.117198929190636,NA,NA,3.33350002765656,-3.90663097302119,NA,NA,0.16666667,0.8,0.45454545,1,1,1,0.45454545,0.66666667,0,2,1,0,0,3,0,3,0.66666667,0.33333333,0,0,1,0,6.00958157968095,NA,NA,NA,NA,NA,NA,52.41257,45.74807,51.85674,20,33.13991,20,30.56249,37.71776,27.78478,1.33299,6.07658,NA,NA,NA,NA,NA,NA,87.94,111.16,97.08,113.42,31.58,44.24,94.8890909090909,89.4563636363636,82.6690909090909,0.72727273,0.27272727,NA,NA,96.2874984741211,90.1333312988281,NA,NA,-5.12453413009644,1.99068307876587,NA,NA,9.61868858337402,2.85509363810221,NA,NA,0.268914230167866,-0.119469333440065,NA,NA,3.36142787709832,-3.98231111466885,NA,NA,0.16666667,0.8,0.45454545,1,1,1,0.45454545,16.85714286,NA,0.72727273,0.27272727,NA,96.4865264892578,90.3285319010417,NA,-4.33169746398926,3.11238352457682,NA,8.53004932403564,0.929887692133586,NA,0.268914230167866,-0.119469333440065,NA,3.36142787709832,-3.98231111466885,0.16666667,0.8,0.45454545,1,1,1,0.45454545,3,89.1521708170573,12.9438972473145,0,0,98.0329,2,0.66666667,"2024-06-29",0
"Carlos Estevez",14542,"2024-06-28","DET",1,2024,"LAA","H",31,0,0,0,1,0,0,0,0,1,0,0,1,3,0,0,0,0,0,0,0,0,0,0,0,0,0,0,0,0,0,2,1,0,0,0,0,0,0,0,9.75339574477623,0,0,0,0,1,3.1664797782898,-3.1664797782898,6.19049659073353,0,75.0388387042722,152.159040742638,0,0.333333333,0,0.666666666,0,0,0,0,1,8,9,0.033671997487545,0,0.033671997487545,0.508000016212463,0.0515474379062653,0.436533331871033,0.759800016880035,0.759800016880035,NA,0,1,0.0773526728153229,-0.000217675258039202,0,0,0.55555556,97,0.44444444,89,NA,NA,NA,NA,NA,0.349248021841049,0.400221735239029,NA,NA,6.98496043682098,10.0055433809757,NA,NA,0.5,1,0.66666667,1,1,1,0.33333333,1,0,0,1,2,0,3,0,3,0,0.33333333,0.66666667,0,1,0,5.62251901346842,NA,NA,NA,NA,NA,NA,71.67733,55.52291,71.69177,80,44.58929,80,80,50.51993,80,-2.16008,0.83697,NA,NA,NA,NA,NA,NA,128.34,115,129.62,104.1,122.52,133.66,117.566666666667,118.342222222222,131.415555555556,0.55555556,0.44444444,NA,NA,97.1799987792969,88.9749984741211,NA,NA,-3.23038558959961,2.87359142303467,NA,NA,10.690258026123,1.69018816947937,NA,NA,0.395632211118937,0.4470842666924,NA,NA,7.91264422237873,11.17710666731,NA,NA,0.6,0.75,0.66666667,1,1,1,0.44444444,16.33333333,NA,0.55555556,0.44444444,NA,97.4062561035156,89.1649017333984,NA,-2.41569480895996,3.72602009773254,NA,9.44469604492187,0.569861769676208,NA,0.395632211118937,0.4470842666924,NA,7.91264422237873,11.17710666731,0.75,0.6,0.66666667,1,1,1,0.55555556,3,87.3282470703125,32.2077713012695,0,0,90.5282,0,0,"2024-06-28",0
"Carlos Estevez",14542,"2024-06-25","OAK",1,2024,"LAA","H",31,0,0,0,1,0,0,0,0,1,0,0,1,4,1,0,0,0,0,0,0,0,0,2,18,0,9,2,0,0,1,0,1,0,0,0,0,0.5,0,0.5,0.324604084014893,0,0.25,1,0.5,1,-0.833520221710205,0.833520221710205,-0.833520221710205,0,-22.0266384101804,-22.5814263197472,1,0.5,0.5,0,0,0,0,0,6,12,18,0.0747899860143661,-0.0239239949733019,0.0987139865756035,0.508000016212463,0.0515474379062653,1.03980004787445,1.51400005817413,1.51400005817413,NA,0,1,0.025964280590415,0.0459629963579282,1,0,0.5,97.22222222,0.38888889,90.14285714,NA,NA,0.11111111,91,NA,0.34479695558548,0.399913430213928,NA,-0.463952898979187,3.83107728428311,5.71304900305612,NA,-23.1976449489594,0.22222222,0.77777778,0.5,0,0.71428571,0.55555556,0.5,1,0.22222222,2,0,0,0,2,0,2,1,0,0,0,1,0,1.72343070659435,80,36.71621,80,NA,NA,NA,54.33775,51.83449,43.56206,45.58593,42.73795,49.82862,56.26515,46.31249,55.31077,-0.26382,3.68136,71.04,115.52,93.94,NA,NA,NA,111.78,123.22,122.82,118.24,87.42,102.72,109.765555555556,108.442222222222,111.794444444444,0.5,0.38888889,NA,0.11111111,97.3444417317708,90.2428588867188,NA,90.5500030517578,-4.85260687934028,2.7634825025286,NA,-6.89442825317383,10.3802269829644,2.58610561915806,NA,7.46404027938843,0.348546631634235,0.404632184654474,NA,-0.471209853887558,3.8727403514915,5.7804597807782,NA,-23.5604926943779,0.16666667,0.66666667,0.5,0,0.625,0.55555556,0.66666667,17.71428571,0.11111111,0.5,0.38888889,90.7908020019531,97.6366238064236,90.5004185267857,-6.23932456970215,-4.30693350897895,3.30705424717494,5.87020969390869,9.2395511203342,1.2767049244472,-0.471209853887558,0.348546631634235,0.404632184654474,-23.5604926943779,3.8727403514915,5.7804597807782,0.125,0.8,0.5,0,0.625,0.55555556,0.55555556,2,96.9705505371094,-6.18249130249023,0,0,104.035,1,0.5,"2024-06-25",0
"Carlos Estevez",14542,"2024-06-21","@LAD",1,2024,"LAA","A",31,0,0,0,1,0,0,0,0,1,0,0,1,3,0,0,0,0,0,0,0,0,0,2,18,0,0,2,0,0,1,0,0,0,0,0,0,0.66666667,0,0.66666667,-0.412826469756885,0,0,0,0,1,-0.833520221710205,0.833520221710205,-0.833520221710205,0,-22.0266384101804,-22.5814263197472,1,0,1,0,0,0,0,0,2,7,9,0.435739994049072,0,0.435739994049072,1.08299994468689,0.114603169262409,5.37599992752075,4.36599969863892,4.36599969863892,NA,0,1,0.0756885558366776,0.00536427153008588,1,0,0.55555556,98,0.33333333,91.33333333,NA,NA,0.11111111,90,NA,0.525794923305511,0.266312569379807,NA,-0.04739710688591,10.5158984661102,8.87708564599355,NA,-4.739710688591,0.66666667,0.66666667,0.66666667,0.5,0.5,0.5,0.33333333,1,0.33333333,0,1,0,1,0,0,1,0,1,0,1,0,0,-1.63115931851281,80,44.87076,80,NA,NA,NA,80,54.32392,80,62.47898,46.56195,67.34001,80,50.31102,80,-2.0152,1.05429,89.22,153.16,147.9,NA,NA,NA,92.48,153.16,148.76,116.14,105.82,116.2,100.004444444444,137.38,137.811111111111,0.55555556,0.33333333,NA,0.11111111,97.8799987792969,91.3333333333333,NA,89.5999984741211,-5.43194770812988,2.05905389785767,NA,-7.68896818161011,8.8371955871582,2.62379662195841,NA,4.12132740020752,0.532281402498484,0.269219551235437,NA,-0.0483221560716629,10.6456280499697,8.97398504118125,NA,-4.83221560716629,0.75,0.6,0.66666667,0.33333333,0.66666667,0.5,0.55555556,14.83333333,0.11111111,0.55555556,0.33333333,89.6212005615234,97.89013671875,91.3460286458333,-7.37525987625122,-4.80443801879883,2.7272466023763,2.80191993713379,7.91683807373047,1.29353324572245,-0.0483221560716629,0.532281402498484,0.269219551235437,-4.83221560716629,10.6456280499697,8.97398504118125,0.75,0.6,0.66666667,0.33333333,0.66666667,0.5,0.55555556,1,48.4720344543457,9.58155345916748,0,0,48.472,0,0,"2024-06-21",0
"Carlos Estevez",14542,"2024-06-17","MIL",1,2024,"LAA","H",31,0,0,0,1,0,0,0,0,1,0,0,1,3,0,0,0,0,0,0,0,0,0,1,9,0,0,1,0,0,0,2,0,0,0,0,0,0.33333333,0,0.33333333,4.45139575020756,0,0,0,0,1,1.1664797782898,-1.1664797782898,4.19049659073353,0,26.5061001470459,102.403901559937,0,0,0,1,0,0,0,0,5,8,13,0.0747899934649467,0,0.0747899934649467,0.508000016212463,0.0515474379062653,0.973600029945374,1.51400005817413,1.51400005817413,NA,0,1,0.0773023217916489,-0.000484335796780894,1,0,0.46153846,96.66666667,0.53846154,91,NA,NA,NA,NA,NA,0.217610687017441,0.548348367214203,NA,NA,3.62684478362401,7.83354810306004,NA,NA,0.2,0.625,0.46153846,0,0.8,0.66666667,0.61538462,0.66666667,0.15384615,0,1,1,0,2,0,2,0,0.5,0.5,0,1,0,-0.527339840294543,NA,NA,NA,NA,NA,NA,54.59284,59.24805,66.07135,47.90898,45.36272,53.1275,52.37647,53.39052,62.67963,-0.02223,4.04375,NA,NA,NA,NA,NA,NA,103.84,108.5,108,113.22,93.84,104.4,108.890769230769,100.606153846154,106.061538461538,0.46153846,0.53846154,NA,NA,96.4666646321615,90.7428588867188,NA,NA,-5.56403795878092,2.30137089320592,NA,NA,10.447478612264,2.02741077968052,NA,NA,0.261240087449551,0.55571997538209,NA,NA,4.35400145749251,7.93885679117271,NA,NA,0.25,0.55555556,0.46153846,0,0.8,0.66666667,0.69230769,16,NA,0.46153846,0.53846154,NA,96.6135864257812,90.9024047851562,NA,-5.00073337554932,2.84280558994838,NA,9.15926806131999,0.863231590815953,NA,0.261240087449551,0.55571997538209,NA,4.35400145749251,7.93885679117271,0.2,0.625,0.46153846,0,0.8,0.66666667,0.61538462,2,80.1108779907227,41.193733215332,0,0,84.9286,0,0,"2024-06-17",0
"Carlos Estevez",14542,"2024-06-15","@SFG",1,2024,"LAA","A",31,0,0,0,1,0,0,0,0,1,0,0,1,3,0,0,0,0,0,0,0,0,0,2,18,0,0,2,0,0,0,1,0,0,0,0,0,0.66666667,0,0.66666667,-0.078604246671107,0,0,0,0,1,-0.833520221710205,0.833520221710205,0.678488184511662,0,-22.0266384101804,15.0336680287444,0,0,0,1,0,0,0,0,5,7,12,0.191259995102882,0,0.191259995102882,0.474000006914139,0.0503987222909927,2.55999994277954,3.396399974823,3.396399974823,NA,0,1,0.0748029500246048,-9.2012767621788e-05,1,0,0.58333333,96.14285714,0.25,90,NA,NA,0.16666667,87.5,NA,0.617738962173462,0.225190564990044,NA,-0.0717987865209579,8.82484231676374,7.50635216633479,NA,-3.5899393260479,0.16666667,0.66666667,0.41666667,0,0.75,0.6,0.5,0.33333333,0.16666667,0,0,1,0,1,0,1,0,0,1,0,1,0,-1.74825606096572,57.36241,52.70584,64.42731,NA,NA,NA,46.21389,52.13971,35.9049,75.58772,37.54137,78.90933,55.23772,47.36627,53.17108,-0.19999,3.77711,98.9,100.34,88.4,NA,NA,NA,92.4,112.96,108.8,111.22,131.36,154.54,98.1883333333333,115.456666666667,116.835,0.58333333,0.25,NA,0.16666667,95.971426827567,89.8666687011719,NA,87.5999984741211,-5.66697365897042,2.89323170979818,NA,-8.0385799407959,9.51253400530134,2.42459472020467,NA,4.74445819854736,0.625284016132355,0.227689974009991,NA,-0.0731270276010036,8.93262880189078,7.58966580033302,NA,-3.65635138005018,0.2,0.57142857,0.41666667,0,0.75,0.6,0.58333333,14.11111111,0.16666667,0.58333333,0.25,88.2232971191406,96.5789882114955,90.4697062174479,-7.81428480148315,-5.44914845057896,3.18178653717041,3.88774991035461,8.67452130998884,1.56169430414836,-0.0731270276010036,0.625284016132355,0.227689974009991,-3.65635138005018,8.93262880189078,7.58966580033302,0.2,0.57142857,0.41666667,0,0.75,0.6,0.58333333,1,91.4903793334961,37.964656829834,0,0,91.4904,0,0,"2024-06-15",0
"Carlos Estevez",14542,"2024-06-14","@SFG",1,2024,"LAA","A",31,0,0,0,1,0,0,0,0,1,0,0,1,3,0,0,0,0,0,0,0,0,0,1,9,0,0,1,0,0,0,2,0,1,0,0,0,0.33333333,0,0.33333333,4.45139575020756,0,0,0,0,1,1.1664797782898,-1.1664797782898,4.19049659073353,0,26.5061001470459,102.403901559937,0,0,0,1,0.5,0,0,0,5,12,17,0.0853880047798157,0,0.0853880047798157,0.474000006914139,0.0503987222909927,1.13813328742981,1.75639998912811,1.75639998912811,NA,0,1,0.0754616633057594,-0.00043705439317486,1,0,0.70588235,96.41666667,0.23529412,88.25,NA,NA,0.05882353,89,NA,0.740697145462036,0.0801804661750793,NA,-0.0373910665512085,6.17247621218363,2.00451165437698,NA,-3.73910665512085,0.22222222,0.75,0.47058824,1,0.66666667,0.75,0.47058824,0.33333333,0.11764706,1,0,1,1,0,1,2,0.5,0,0.5,0.5,0,0.5,-1.54286177726639,47.50133,58.41733,29.36015,NA,NA,NA,33.40413,38.71216,27.9085,54.4697,44.26861,54.78838,35.04873,36.52855,31.47137,1.05428,5.65851,120.88,113.66,112.52,NA,NA,NA,90.32,95,71.54,119.28,97.92,117.7,98.9317647058823,96.784705882353,84.8117647058824,0.70588235,0.23529412,NA,0.05882353,96.25,88.1750030517578,NA,88.9000015258789,-4.25991725921631,3.09604454040527,NA,-8.4914379119873,9.66562652587891,1.82585144042969,NA,3.78997945785522,0.731935642659664,0.0808911807835102,NA,-0.0380783230066299,6.09946368883053,2.02227951958776,NA,-3.80783230066299,0.33333333,0.625,0.47058824,1,0.6,0.75,0.47058824,16.07142857,0.05882353,0.70588235,0.23529412,89.6109008789062,96.9454752604167,88.8294525146484,-8.70771980285645,-4.05547491709391,3.2505624294281,2.3238799571991,8.77282015482585,0.992986738681793,-0.0380783230066299,0.731935642659664,0.0808911807835102,-3.80783230066299,6.09946368883053,2.02227951958776,0.4,0.57142857,0.47058824,1,0.5,0.75,0.41176471,2,94.0356750488281,57.8345031738281,0,0,95.289,1,0.5,"2024-06-14",0
"Carlos Estevez",14542,"2024-06-09","HOU",1,2024,"LAA","H",31,1,0,0,1,0,0,0,0,0,0,0,1,3,0,0,0,0,0,0,0,0,0,1,9,0,0,1,0,0,1,0,1,0,0,0,0,0.33333333,0,0.33333333,1.13839575453556,0,0,0,0,1,1.1664797782898,-1.1664797782898,1.1664797782898,0,26.5061001470459,27.173712862954,1,0.5,0.5,0,0,0,2,18,2,10,12,0.138840019702911,0,0.138840019702911,0.508000016212463,0.0515474379062653,1.82406663894653,2.3283998966217,2.3283998966217,NA,0,1,0.0761388167738914,-2.31657672502134e-05,1,0,0.33333333,95.5,0.66666667,88.875,NA,NA,NA,NA,NA,0.373513430356979,0.354707628488541,NA,NA,9.33783575892448,4.43384535610676,NA,NA,0.66666667,0.83333333,0.75,0.75,0.6,0.66666667,0.5,0.66666667,0.25,0,2,0,1,0,1,2,0,1,0,0.5,0,0.5,3.92104189019545,NA,NA,NA,NA,NA,NA,63.44557,41.56549,70.118,59.09738,42.97163,66.91607,64.44102,44.36538,73.79918,-0.77176,2.91945,NA,NA,NA,NA,NA,NA,107.42,136.24,130.26,114.76,111.48,118.7,112.313333333333,119.733333333333,122.553333333333,0.33333333,0.66666667,NA,NA,95.2999954223633,89.0124969482422,NA,NA,-3.98779034614563,3.36493253707886,NA,NA,10.2599906921387,2.0758843421936,NA,NA,0.419887099415064,0.359048165380955,NA,NA,10.4971774853766,4.48810206726193,NA,NA,0.5,0.875,0.75,1,0.57142857,0.66666667,0.66666667,15.33333333,NA,0.33333333,0.66666667,NA,95.5355987548828,89.2403717041016,NA,-3.55345249176025,4.09183740615845,NA,9.28769493103027,0.731369316577911,NA,0.419887099415064,0.359048165380955,NA,10.4971774853766,4.48810206726193,0.33333333,0.88888889,0.75,1,0.625,0.66666667,0.75,2,76.5769348144531,-20.128999710083,0,0,96.851,1,0.5,"2024-06-09",0
"Carlos Estevez",14542,"2024-06-04","SDP",1,2024,"LAA","H",31,0,0,0,1,0,0,0,0,1,0,0,1,3,0,0,0,0,0,0,0,0,0,0,0,0,0,0,0,0,1,2,0,0,0,0,0,0,0,0,7.34739574882223,0,0,0,0,1,3.1664797782898,-3.1664797782898,6.19049659073353,0,75.0388387042722,152.159040742638,0.5,0,0.333333333,0.666666666,0,0,0,0,3,6,9,0.0747899934649467,0,0.0747899934649467,0.508000016212463,0.0515474379062653,0.973600029945374,1.51400005817413,1.51400005817413,NA,0,1,0.0773023217916489,-0.000484335796780894,1,0,0.55555556,96,NA,NA,NA,NA,0.44444444,89,NA,0.299341231584549,NA,NA,0.412390500307083,5.98682463169098,NA,NA,10.3097625076771,0.25,0.6,0.44444444,1,0.66666667,0.75,0.55555556,0.33333333,0.11111111,1,0,2,0,3,0,3,0.33333333,0,0.66666667,0,1,0,1.00365726913141,67.42953,38.74036,74.65357,NA,NA,NA,30.67852,58.57913,25.80037,NA,NA,NA,43.44615,48.42961,48.85658,0.53258,4.87596,82.02,110.08,98.5,NA,NA,NA,90.64,88.6,89.44,NA,NA,NA,86.8088888888889,98.1466666666667,93.4666666666667,0.55555556,NA,NA,0.44444444,95.8799987792969,NA,NA,89.1999969482422,-4.95376129150391,NA,NA,-8.28668975830078,10.5086280822754,NA,NA,5.40291500091553,0.345146153122187,NA,NA,0.417334023863077,6.90292306244373,NA,NA,10.4333505965769,0.25,0.6,0.44444444,1,0.66666667,0.75,0.55555556,14.83333333,0.44444444,0.55555556,NA,89.2326049804688,95.9379760742188,NA,-7.62025737762451,-4.14423789978027,NA,3.5189049243927,8.86783752441406,NA,0.417334023863077,0.345146153122187,NA,10.4333505965769,6.90292306244373,NA,0.25,0.6,0.44444444,1,0.66666667,0.75,0.55555556,3,91.8858947753906,20.2641906738281,0,0,97.4499,1,0.33333333,"2024-06-04",0
"Carlos Estevez",14542,"2024-06-03","SDP",1,2024,"LAA","H",31,0,0,0,1,0,0,0,0,1,0,0,1,3,0,0,0,0,0,0,0,0,0,1,9,0,0,1,0,0,2,0,0,0,0,0,0,0.33333333,0,0.33333333,-0.694826464786218,0,0,0,0,1,1.1664797782898,-1.1664797782898,1.1664797782898,0,26.5061001470459,27.173712862954,2,0,1,0,0,0,0,0,3,7,10,0.163921982049942,0,0.163921982049942,0.508000016212463,0.0515474379062653,2.14499998092651,2.87979984283447,2.87979984283447,NA,0,1,0.0765303373336792,-0.000109832201955429,1,0,0.6,97.33333333,0.1,89,NA,NA,0.3,89,NA,0.184507757425308,0.0389156937599182,NA,0.46705961227417,3.0751292904218,3.89156937599182,NA,15.5686537424723,0,0.42857143,0.3,NA,0.66666667,0.66666667,0.7,0.66666667,0.1,1,1,0,0,0,2,2,0.5,0.5,0,0,0,1,-0.222208706661812,73.21842,41.06405,80,NA,NA,NA,53.80586,52.18992,53.40287,80,42.4382,80,65.97111,45.79377,75.40771,-0.86681,2.77688,76.94,133.5,123.42,NA,NA,NA,94.62,105.42,92.78,101.92,51.36,61.94,90.046,108.438,98.888,0.6,0.1,NA,0.3,97.2833353678385,89.3000030517578,NA,89.2666625976562,-5.85755920410156,2.65105962753296,NA,-7.32857767740885,9.62235196431478,2.25821113586426,NA,4.77188777923584,0.185848705470562,0.039364367723465,NA,0.473485887050629,3.09747842450937,3.9364367723465,NA,15.7828629016876,0,0.42857143,0.3,NA,0.66666667,0.66666667,0.7,16.42857143,0.3,0.6,0.1,89.3137003580729,97.3741455078125,89.3768005371094,-6.70559310913086,-5.32309659322103,3.13906002044678,3.33115005493164,8.41319847106934,0.984013020992279,0.473485887050629,0.185848705470562,0.039364367723465,15.7828629016876,3.09747842450937,3.9364367723465,0,0.5,0.3,NA,0.66666667,0.66666667,0.6,2,98.2836151123047,-0.572599589824677,0,0,104.334,1,0.5,"2024-06-03",0
"Carlos Estevez",14542,"2024-05-28","NYY",1,2024,"LAA","H",31,0,0,0,1,0,0,0,0,1,0,0,1,3,0,0,0,0,0,0,0,0,0,0,0,0,0,0,0,0,1,2,0,0,0,0,0,0,0,0,7.34739574882223,0,0,0,0,1,3.1664797782898,-3.1664797782898,6.19049659073353,0,75.0388387042722,152.159040742638,0.5,0,0.333333333,0.666666666,0,0,0,0,4,8,12,0.163921982049942,0,0.163921982049942,0.508000016212463,0.0515474379062653,2.14499998092651,2.87979984283447,2.87979984283447,NA,0,1,0.0765303373336792,-0.000109832201955429,1,0,0.41666667,96.6,0.25,91,NA,NA,0.33333333,90,NA,0.20242615044117,0.212085232138634,NA,0.297220349311829,4.04852300882339,7.06950773795446,NA,7.43050873279572,0.25,0.75,0.41666667,1,1,1,0.33333333,1,0,2,1,0,0,1,2,3,0.66666667,0.33333333,0,0,0.33333333,0.66666667,1.00365726913141,27.50783,29.55029,22.18356,NA,NA,NA,34.14483,46.90508,33.98566,63.92567,28.30878,78.52234,33.15319,35.50167,37.31119,1.17204,5.83515,57.44,115.02,98.46,NA,NA,NA,99.7,110.2,102.16,118.72,74.74,86,90.3683333333333,102.941666666667,96.8866666666667,0.41666667,0.25,NA,0.33333333,96.5400024414062,91.1333312988281,NA,90.0500030517578,-4.8956615447998,2.79819965362549,NA,-6.91639184951782,9.93585662841797,2.31108808517456,NA,6.53360176086426,0.204442325979471,0.214739695191383,NA,0.301086630672216,4.08884651958942,7.15798983971278,NA,7.52716576680541,0.28571429,0.6,0.41666667,1,1,1,0.41666667,14,0.33333333,0.41666667,0.25,90.2132720947266,96.7084228515625,91.2886352539062,-6.43202257156372,-4.33562202453613,3.69370651245117,4.95414733886719,8.65795211791992,0.827513376871745,0.301086630672216,0.204442325979471,0.214739695191383,7.52716576680541,4.08884651958942,7.15798983971278,0.28571429,0.6,0.41666667,1,1,1,0.41666667,3,90.4618326822917,14.3949356079102,1,0.33333333,101.686,1,0.33333333,"2024-05-28",0
"Carlos Estevez",14542,"2024-05-21","@HOU",1,2024,"LAA","A",31,0,1,0,1,0,0,0,0,0,0,0,0.1,3,1,1,0,0,1,1,0,0,0,0,0,27.000028163224,27.000028163224,0,0,0,0,1,1,0,0,0,0,0,0.33333333,-0.33333333,12.5329512968893,0,0.5,6.00000625849423,0.5,0.5,12.1664891660311,-12.1664891660311,16.7025191161447,0,293.436390018189,413.672612664399,0,0.5,0,0.5,0,0,0,0,2,7,9,-0.19336399435997,-0.19336399435997,0,-1.06900000572205,-0.113301537930965,3.36566662788391,2.61779999732971,2.61779999732971,NA,0,1,-0.0489081963896751,-0.00854371900740727,0,1,0.77777778,95.85714286,0.22222222,89,NA,NA,NA,NA,0.44444444,-0.357140839099884,0.143011167645454,NA,NA,-5.1020119871412,7.15055838227272,NA,NA,0.6,1,0.77777778,0.66666667,1,0.85714286,0.44444444,0.33333333,0.11111111,1,0,1,0,1,1,2,0.5,0,0.5,0,0.5,0.5,16.8901858941669,NA,NA,NA,NA,NA,NA,80,38.81144,80,32.5446,42.52346,30.00746,78.62075,33.56578,80,-1.65269,1.59806,NA,NA,NA,NA,NA,NA,97.28,147.06,134.92,120.76,92.48,98.04,102.497777777778,134.931111111111,126.724444444444,0.77777778,0.22222222,NA,NA,95.8428606305804,88.6999969482422,NA,NA,-6.55515888759068,1.64341950416565,NA,NA,9.33429064069476,2.83267259597778,NA,NA,-0.36306981369853,0.144624400883913,NA,NA,-5.18671162426472,7.23122004419565,NA,NA,0.75,0.8,0.77777778,0.66666667,1,0.85714286,0.55555556,20.42857143,NA,0.77777778,0.22222222,NA,96.1916678292411,89.0430450439453,NA,-5.92928150721959,2.23967003822327,NA,8.13712310791016,1.20531797409058,NA,-0.36306981369853,0.144624400883913,NA,-5.18671162426472,7.23122004419565,0.75,0.8,0.77777778,0.66666667,1,0.85714286,0.55555556,2,97.9029541015625,25.1202983856201,0,0,100.019,2,1,"2024-05-21",0
"Carlos Estevez",14542,"2024-05-20","@HOU",1,2024,"LAA","A",31,0,0,9,1,0,0,0,0,1,0,0,1,6,2,1,1,0,1,0,0,0,0,0,0,9,18,0,0,0,2,2,1,0,0,0,0,0,0.16666667,-0.16666667,8.17806240596689,0,0.4,3,0.4,0.66666667,6.1664797782898,2.8335202217102,9.19049659073353,219.539299462587,147.837946540112,226.79174951669,1,0.2,0.4,0.4,0,0,0,0,9,13,22,0.0380860045552254,-0.0973879992961884,0.135473996400833,-0.523000001907349,-0.0554319024085999,1.26610004901886,0.863800048828125,0.863800048828125,NA,0,1,-0.0559269972145557,0.0860083518316252,0,0,0.45454545,96.9,0.36363636,90.5,NA,NA,0.18181818,90,NA,-0.528885424137115,0.341586321592331,NA,-0.342801153659821,-5.28885424137115,4.26982901990414,NA,-8.57002884149551,0.25,0.7,0.45454545,0.33333333,1,0.8,0.45454545,0.66666667,0.09090909,1,2,2,0,2,3,5,0.2,0.4,0.4,0,0.4,0.6,6.18732504729687,20,36.07202,20,NA,NA,NA,52.84075,53.83511,56.48266,39.42225,42.76038,39.91333,28.9082,46.83841,34.01122,1.43577,6.23075,54.06,-37.82,-60.66,NA,NA,NA,107.06,99.74,101.34,100.48,102.66,119.16,95.0309090909091,75.7909090909091,78.3654545454545,0.45454545,0.36363636,NA,0.18181818,96.9299987792969,90.5,NA,90.0250015258789,-5.15261268615723,2.25831365585327,NA,-6.78135776519775,10.4472183227539,2.89061546325684,NA,6.05899333953857,-0.538543451577425,0.345597546547651,NA,-0.351200524717569,-5.38543451577425,4.31996933184564,NA,-8.78001311793923,0.27272727,0.63636364,0.45454545,0.33333333,1,0.8,0.5,19.3125,0.18181818,0.45454545,0.36363636,90.2928237915039,97.2271423339844,90.7837982177734,-6.30085468292236,-4.74959182739258,2.756023645401,4.19687747955322,9.20144119262695,1.56693363189697,-0.351200524717569,-0.538543451577425,0.345597546547651,-8.78001311793923,-5.38543451577425,4.31996933184564,0.3,0.58333333,0.45454545,0.33333333,1,0.8,0.54545455,5,92.8510681152344,13.6659042358398,1,0.2,98.4477,1,0.2,"2024-05-20",0
"Carlos Estevez",14542,"2024-05-18","@TEX",1,2024,"LAA","A",31,0,0,0,1,0,0,0,0,0,0,0,2,7,1,0,0,0,1,1,0,1,0,2,9,4.5,4.5,2,0,0,1,2,1,0,0,0,0,0.28571429,0.14285714,0.14285714,4.05958622174904,0,0.166666666666667,1,0.25,1,2.6664797782898,-2.6664797782898,4.17848818451166,0,62.9056540649656,102.105161598471,0.5,0.25,0.25,0.5,0,0,0,0,10,14,24,0.618056058883667,-0.134484022855759,0.752540051937103,2.21799993515015,0.230321899056435,3.71055006980896,2.59439992904663,2.59439992904663,2.59439992904663,1,1,0.150345265865326,0.0162219673631123,1,0,0.70833333,96.64705882,0.125,89.66666667,NA,NA,0.16666667,90,0.16666667,0.192463174462318,0.293184757232666,NA,0.283438384532928,1.13213632036658,9.77282524108887,NA,7.08595961332321,0.08333333,0.75,0.41666667,1,0.66666667,0.7,0.5,0.57142857,0.125,2,0,2,1,3,0,4,0.5,0,0.5,0.25,0.75,0,3.24965280928458,30.01854,48.34422,25.7342,NA,NA,NA,31.49946,47.15549,20.58617,80,45.88485,80,31.6952,43.52334,26.01922,1.26262,5.97102,76.08,99.4,95.88,NA,NA,NA,87.48,88.08,81.86,104.62,132.6,145.82,87.7225,95.5316666666667,92.1916666666667,0.70833333,0.125,NA,0.16666667,96.5470616957721,89.5999959309896,NA,89.9499969482422,-5.4056760002585,2.30209938685099,NA,-8.1177806854248,9.03212064855239,1.76692644755046,NA,3.63552808761597,0.191568620502949,0.296952560544014,NA,0.287620089948177,1.12687423825264,9.89841868480046,NA,7.19050224870443,0.09090909,0.69230769,0.41666667,1,0.66666667,0.7,0.54166667,16.5,0.16666667,0.70833333,0.125,90.1282958984375,96.7270436006434,89.7344360351562,-7.30937480926514,-4.63011169433594,2.89349333445231,2.13095855712891,8.16142901252298,0.864775498708089,0.287620089948177,0.191568620502949,0.296952560544014,7.19050224870443,1.12687423825264,9.89841868480046,0.16666667,0.66666667,0.41666667,0.5,0.75,0.7,0.5,4,80.5561676025391,35.2035903930664,0,0,100.613,1,0.25,"2024-05-18",0
"Carlos Estevez",14542,"2024-05-15","STL",1,2024,"LAA","H",31,0,0,0,1,0,0,0,0,0,0,0,1,4,1,0,0,0,0,0,0,0,0,1,9,0,9,1,0,0,1,1,1,0,0,0,0,0.25,0,0.25,2.72685408401489,0,0.25,1,0.333333333333333,1,1.1664797782898,-1.1664797782898,2.67848818451166,0,26.5061001470459,64.7888072114456,1,0.333333333,0.333333333,0.333333333,0,0,0,0,4,12,16,0.006268001627177,-0.00405605183914304,0.01032405346632,0.508000016212463,0.0515474379062653,0.097680002450943,0.162799999117851,0.162799999117851,NA,0,1,0.0258945170789957,0.0382742121378665,0,0,0.5625,96.77777778,0.375,89.33333333,NA,NA,0.0625,89,NA,-0.143127903342247,0.353207319974899,NA,0.054188709706068,-1.59031003713608,5.88678866624832,NA,5.4188709706068,0.16666667,0.7,0.5,1,0.71428571,0.75,0.625,0.75,0.125,0,3,0,1,1,1,3,0,1,0,0.33333333,0.33333333,0.33333333,3.00812576128747,57.15444,41.14717,63.18356,NA,NA,NA,72.68711,57.44261,79.44894,34.42532,46.34204,34.46373,60.46648,52.17877,65.52156,-0.52483,3.28985,83.82,86.96,70.9,NA,NA,NA,103.86,120.94,126.34,118.88,68.34,80.86,108.24,99.09125,105.82,0.5625,0.375,NA,0.0625,96.6888902452257,89.2166646321615,NA,88.8000030517578,-4.89678743150499,3.24349117279053,NA,-8.08659744262695,10.3971616956923,1.19157473246257,NA,5.37242841720581,-0.146473716944456,0.357213608920574,NA,0.054773960262537,-1.62748574382729,5.95356014867624,NA,5.4773960262537,0,0.66666667,0.5,NA,0.75,0.75,0.75,15.45454545,0.0625,0.5625,0.375,89.060302734375,96.9223429361979,89.4184366861979,-7.40855979919434,-4.09004550509983,4.02563158671061,3.84096002578735,8.9372812906901,-0.200728495915731,0.054773960262537,-0.146473716944456,0.357213608920574,5.4773960262537,-1.62748574382729,5.95356014867624,0,0.66666667,0.5,NA,0.75,0.75,0.75,3,81.7611490885417,11.6705856323242,0,0,98.2343,1,0.33333333,"2024-05-15",0
"Carlos Estevez",14542,"2024-05-10","KCR",1,2024,"LAA","H",31,0,1,18,1,0,0,0,0,0,0,1,1,6,3,2,2,1,0,0,0,0,0,1,9,0,27,1,0,0,0,4,1,1,0,0,0,0.16666667,0,0.16666667,6.84834020039745,9,0.5,3,0.5,0.625,14.1664797782898,3.83352022171021,7.21451340317726,439.078598925173,341.968900769017,177.63409025692,0,0.2,0,0.8,0.25,0.25,0,0,8,13,21,-0.63346004486084,-0.747987985610962,0.114527985453606,-1.49200010299683,-0.151395231485367,1.79216659069061,2.87979984283447,2.87979984283447,NA,0,1,-0.179613843560219,-0.173846626103338,0,1,0.66666667,96.85714286,0.33333333,88,NA,NA,NA,NA,NA,-1.13713252544403,-0.685149490833282,NA,NA,-8.12237518174308,-9.78784986904689,NA,NA,0.09090909,0.6,0.33333333,1,1,1,0.47619048,0.66666667,0,3,2,0,1,2,2,5,0.6,0.4,0,0.2,0.4,0.4,10.4776862212443,NA,NA,NA,NA,NA,NA,49.90401,55.77555,41.05294,78.78802,39.47464,80,61.5201,48.36222,60.51768,-0.59029,3.19166,NA,NA,NA,NA,NA,NA,99.4,107.44,107.44,101.2,120.58,131.66,100,111.82,115.513333333333,0.66666667,0.33333333,NA,NA,96.9642857142857,87.8571428571429,NA,NA,-5.01505443028041,2.8611319405692,NA,NA,9.98471287318638,1.94202627454485,NA,NA,-1.15420847013593,-0.7308111153543,NA,NA,-8.24434621525662,-10.4401587907757,NA,NA,0,0.5,0.33333333,NA,1,1,0.66666667,16.66666667,NA,0.66666667,0.33333333,NA,97.1636352539062,88.0640258789062,NA,-4.21445846557617,3.77412005833217,NA,8.84228352137974,0.505331073488508,NA,-1.15420847013593,-0.7308111153543,NA,-8.24434621525662,-10.4401587907757,0,0.5,0.33333333,NA,1,1,0.66666667,5,90.7059692382813,38.6607025146484,0,0,100.154,3,0.6,"2024-05-10",0
"Carlos Estevez",14542,"2024-05-08","@PIT",1,2024,"LAA","A",31,0,0,0,1,0,0,0,0,1,0,0,1,3,0,0,0,0,0,0,0,0,0,2,18,0,0,2,0,0,0,1,0,0,0,0,0,0.66666667,0,0.66666667,-0.078604246671107,0,0,0,0,1,-0.833520221710205,0.833520221710205,0.678488184511662,0,-22.0266384101804,15.0336680287444,0,0,0,1,0,0,0,0,7,11,18,0.207105994224548,0,0.207105994224548,0.521000027656555,0.0519182868301868,2.6923999786377,3.51939988136292,3.51939988136292,NA,0,1,0.0770184770226479,-9.60301842178046e-05,1,0,0.77777778,95.14285714,0.16666667,89.66666667,NA,NA,0.05555556,89,NA,0.249412015080452,0.327810525894165,NA,0.193908214569092,1.7815143934318,10.9270175298055,NA,19.3908214569092,0.33333333,0.55555556,0.44444444,0.33333333,0.8,0.625,0.5,0.33333333,0.16666667,0,0,1,0,1,0,1,0,0,1,0,1,0,-1.74825606096572,80,49.8324,80,NA,NA,NA,47.94736,35.53612,58.39244,80,40.83642,80,67.64301,30.55562,80,-0.97068,2.62107,118.14,177.56,174.1,NA,NA,NA,79,125.16,101.2,117.36,212.24,232.3,87.5677777777778,142.584444444444,127.1,0.77777778,0.16666667,NA,0.05555556,95.1071428571429,89.5333353678385,NA,89.1999969482422,-4.61819784981864,3.07553227742513,NA,-8.53375816345215,9.37699563162667,1.80828889211019,NA,3.41087603569031,0.251181360334158,0.332537442445755,NA,0.196128189563751,1.79415257381541,11.0845814148585,NA,19.6128189563751,0.28571429,0.54545455,0.44444444,0,0.83333333,0.625,0.61111111,17.13333333,0.05555556,0.77777778,0.16666667,89.2500991821289,95.2136840820312,89.6210734049479,-8.2194995880127,-4.23370143345424,3.45567671457926,1.74968004226685,8.22749165126256,0.787461678187052,0.196128189563751,0.251181360334158,0.332537442445755,19.6128189563751,1.79415257381541,11.0845814148585,0.28571429,0.54545455,0.44444444,0,0.83333333,0.625,0.61111111,1,93.235954284668,56.2049980163574,0,0,93.236,0,0,"2024-05-08",0
"Carlos Estevez",14542,"2024-05-07","@PIT",1,2024,"LAA","A",31,0,0,0,1,0,0,0,0,0,0,0,1,3,0,0,0,0,0,0,0,0,0,1,9,0,0,1,0,0,1,1,0,0,0,0,0,0.33333333,0,0.33333333,1.87828464271067,0,0,0,0,1,1.1664797782898,-1.1664797782898,2.67848818451166,0,26.5061001470459,64.7888072114456,1,0,0.5,0.5,0,0,0,0,5,9,14,0.000238000007811934,0,0.000238000007811934,0.521000027656555,0.0519182868301868,0.00333333318121731,0.00999999977648258,0.00999999977648258,NA,0,1,0.0200000014156103,0.0514000041862952,0,0,0.78571429,97,0.07142857,91,NA,NA,0.14285714,89.5,NA,0.833831310272217,-0.0344077162444592,NA,-0.0712025240063667,7.58028463883833,-3.44077162444592,NA,-3.56012620031834,0.33333333,0.875,0.64285714,0.5,0.71428571,0.66666667,0.57142857,0.66666667,0.21428571,0,2,0,0,2,0,2,0,1,0,0,1,0,-0.378079006913013,25.012,41.60433,35.97027,NA,NA,NA,41.32994,45.27602,35.72161,20,33.5364,20,25.82875,38.30959,23.8086,1.62708,6.51771,89.12,93.32,85.86,NA,NA,NA,92.68,87,75.6,96.1,20.82,25.96,92.4157142857143,83.1757142857143,73.52,0.78571429,0.07142857,NA,0.14285714,97.0818204012784,90.9000015258789,NA,89.5,-4.66469123146751,1.08455216884613,NA,-7.37187099456787,9.28194150057706,3.70272612571716,NA,4.075026512146,0.84433750808239,-0.0350487045943737,NA,-0.0725650899112225,7.67579552802173,-3.50487045943737,NA,-3.62825449556112,0.33333333,0.875,0.64285714,0.5,0.71428571,0.66666667,0.57142857,18,0.14285714,0.78571429,0.07142857,89.4221496582031,97.0224942294034,90.7837982177734,-7.00974988937378,-4.2439807545055,2.18309998512268,2.53926491737366,8.05946558172053,1.64625000953674,-0.0725650899112225,0.84433750808239,-0.0350487045943737,-3.62825449556112,7.67579552802173,-3.50487045943737,0.33333333,0.875,0.64285714,0.5,0.71428571,0.66666667,0.57142857,2,101.373428344727,13.8785800933838,0,0,105.571,2,1,"2024-05-07",0
"Carlos Estevez",14542,"2024-04-30","PHI",1,2024,"LAA","H",31,0,1,40.5000422448361,1,0,0,0,0,0,0,1,0.2,5,3,3,3,2,0,0,0,0,0,2,27.000028163224,0,40.5000422448361,2,0,0,0,3,0,0,0,0,0,0.4,0,0.4,3.20368908401489,27.000028163224,0.6,4.50000469387067,1,0,36.1665142000081,4.33352804482799,3.97051844496588,987.927878070719,875.829860188633,96.9313799300262,0,0,0,1,0,0.666666666,0,0,3,13,16,-0.695156037807465,-0.827208042144775,0.132052004337311,-2.52799987792969,-0.25651952624321,2.42927980422974,2.60366654396057,2.05139994621277,0.235600009560585,1,1,-0.28486379981041,-0.00129345412019771,0,1,0.5625,95.77777778,0.4375,86.14285714,NA,NA,NA,NA,NA,-1.12192261219025,-1.89767408370972,NA,NA,-12.4658068021138,-27.1096297672817,NA,NA,0.5,0.625,0.5625,0.5,1,0.77777778,0.5,0.8,0.125,1,0,2,0,1,2,3,0.33333333,0,0.66666667,0,0.33333333,0.66666667,22.8783224468564,NA,NA,NA,NA,NA,NA,65.15316,49.42836,69.43663,55.74129,40.17756,59.43437,64.78398,44.09671,70.47974,-0.79306,2.8875,NA,NA,NA,NA,NA,NA,103.64,112.58,108.74,111.42,102.3,105.68,107.04375,108.0825,107.40125,0.5625,0.4375,NA,NA,95.7111138237847,86.2571411132812,NA,NA,-5.37520684136285,1.60485689980643,NA,NA,9.8158679538303,0.650299821581159,NA,NA,-1.12007836252451,-1.94170907139778,NA,NA,-12.4453151391612,-27.7387010199683,NA,NA,0.5,0.6,0.5625,0.33333333,1,0.77777778,0.625,18.63636364,NA,0.5625,0.4375,NA,96.1101888020833,86.6331961495536,NA,-4.86742994520399,2.41657148088728,NA,8.7613762749566,-0.68929740360805,NA,-1.12007836252451,-1.94170907139778,NA,-12.4453151391612,-27.7387010199683,0.42857143,0.66666667,0.5625,0.33333333,1,0.77777778,0.5625,3,97.5058186848958,27.2872797648112,2,0.66666667,102.045,2,0.66666667,"2024-04-30",0
"Carlos Estevez",14542,"2024-04-29","PHI",1,2024,"LAA","H",31,0,0,9,1,0,0,0,0,1,0,0,1,5,2,1,1,0,0,0,0,0,0,1,9,0,18,1,0,0,0,3,1,0,0,0,0,0.2,0,0.2,5.82836908401489,0,0.4,2,0.5,0.5,1.1664797782898,7.8335202217102,5.70250499695539,219.539299462587,26.5061001470459,140.018995908429,0,0.25,0,0.75,0,0,0,0,9,17,26,0.0747900009155273,-0.199158027768135,0.273948013782501,-0.491999983787537,-0.0499238967895508,2.49383997917175,1.51400005817413,1.51400005817413,NA,0,1,-0.0376414060592651,0.0676313017783828,1,0,0.80769231,97.28571429,0.07692308,88,NA,NA,0.11538462,89,NA,-0.0429134666919708,0.153156116604805,NA,-0.735202074050903,-0.204349841390337,7.65780583024025,NA,-24.5067358016968,0.4375,0.8,0.57692308,0.42857143,1,0.73333333,0.38461538,0.6,0.15384615,2,2,0,0,2,2,4,0.5,0.5,0,0,0.5,0.5,2.36163655126206,51.95841,43.10905,62.67146,NA,NA,NA,55.51602,56.18316,57.13598,62.75952,61.47651,67.84901,55.87359,51.42407,62.57141,-0.23949,3.71786,94.22,95,74.42,NA,NA,NA,99.22,104.22,104.04,130.84,54,104.12,101.075384615385,99.2930769230769,100.628461538462,0.80769231,0.07692308,NA,0.11538462,97.1238083612351,88.0500030517578,NA,88.7666625976562,-5.22212110246931,3.32131385803223,NA,-7.19398498535156,9.75589497884115,0.745894074440002,NA,6.12708155314128,-0.00464571639895439,0.162723131477833,NA,-0.780654788017273,-0.02212245904264,8.13615657389164,NA,-26.0218262672424,0.38461538,0.76923077,0.57692308,0.2,1,0.73333333,0.5,19.47619048,0.11538462,0.80769231,0.07692308,89.1969401041667,97.5859956287202,88.474250793457,-6.46461995442708,-4.37170918782552,4.04693508148193,4.59450022379557,8.52748180571056,-0.393372505903244,-0.780654788017273,-0.00464571639895439,0.162723131477833,-26.0218262672424,-0.02212245904264,8.13615657389164,0.27272727,0.8,0.57692308,0,0.91666667,0.73333333,0.57692308,4,97.0349884033203,19.7437610626221,1,0.25,109.165,2,0.5,"2024-04-29",0
"Carlos Estevez",14542,"2024-04-23","BAL",1,2024,"LAA","H",31,0,0,0,1,0,0,0,0,1,0,0,1,3,0,0,0,0,0,0,0,0,0,2,18,0,0,2,0,0,1,0,0,0,0,0,0,0.66666667,0,0.66666667,-0.412826469756885,0,0,0,0,1,-0.833520221710205,0.833520221710205,-0.833520221710205,0,-22.0266384101804,-22.5814263197472,1,0,1,0,0,0,0,0,6,10,16,0.033671997487545,0,0.033671997487545,0.508000016212463,0.0515474379062653,0.436533331871033,0.759800016880035,0.759800016880035,NA,0,1,0.0773526728153229,-0.000217675258039202,0,0,0.5,96.25,0.5,87,NA,NA,NA,NA,NA,0.434578001499176,0.31013235449791,NA,NA,5.4322250187397,3.87665443122387,NA,NA,0.27272727,0.6,0.375,1,0.66666667,0.83333333,0.3125,0.66666667,0.0625,0,1,0,1,0,0,1,0,1,0,1,0,0,-1.63115931851281,NA,NA,NA,NA,NA,NA,20,47.23174,20,68.05547,44.24479,74.08757,22.12118,45.49509,20,1.85742,6.86322,NA,NA,NA,NA,NA,NA,99.16,36.4,24.74,108.38,101.28,117.58,103.77,68.84,71.16,0.5,0.5,NA,NA,96.3375015258789,86.9625015258789,NA,NA,-4.9770245552063,3.00439071655273,NA,NA,9.4981050491333,1.08558309078217,NA,NA,0.439073830842972,0.314104955643415,NA,NA,5.48842288553715,3.92631194554269,NA,NA,0.33333333,0.42857143,0.375,1,0.66666667,0.83333333,0.4375,16.69230769,NA,0.5,0.5,NA,96.7656860351562,87.3839416503906,NA,-4.65371608734131,3.53577756881714,NA,8.44575309753418,-0.30020135641098,NA,0.439073830842972,0.314104955643415,NA,5.48842288553715,3.92631194554269,0.33333333,0.42857143,0.375,1,0.66666667,0.83333333,0.4375,1,85.1722640991211,-59.4540710449219,0,0,85.1723,0,0,"2024-04-23",0
"Carlos Estevez",14542,"2024-04-16","@TBR",1,2024,"LAA","A",31,0,0,18,1,0,0,0,0,0,0,1,1,6,3,2,2,0,0,0,0,0,0,1,9,0,27,1,0,0,2,2,1,0,0,0,0,0.16666667,0,0.16666667,3.70245131455,0,0.5,3,0.6,0.33333333,1.1664797782898,16.8335202217102,4.19049659073353,439.078598925173,26.5061001470459,102.403901559937,1,0.2,0.4,0.4,0,0,1,9,5,13,18,-0.419491976499557,-0.608429968357086,0.18893800675869,-1.54800009727478,-0.170016467571259,2.11106657981873,1.6923999786377,1.6923999786377,4.38439989089966,1,1,-0.167988568544388,-0.0307223487283297,0,1,0.44444444,96.25,0.44444444,86.875,0.11111111,83,NA,NA,NA,-1.31922316551208,0.0898822993040085,0.0151102766394615,NA,-16.4902895689011,1.12352874130011,0.755513831973076,NA,0.3,0.625,0.44444444,0.33333333,1,0.75,0.44444444,0.66666667,0.11111111,2,2,1,0,4,1,5,0.4,0.4,0.2,0,0.8,0.2,2.31683827797861,NA,NA,NA,60.28079,38.1483,68.0404,69.50965,54.18658,64.18055,39.72915,36.87717,41.65705,57.38593,43.35143,56.06408,-0.33345,3.57692,NA,NA,NA,99.38,64.86,74.8,101.36,125.18,128.14,101.48,82.28,90.26,101.076666666667,98.4433333333333,104.518888888889,0.44444444,0.38888889,0.16666667,NA,96.1500015258789,87.1285661969866,83.1666666666667,NA,-5.38543319702148,3.12099511282785,3.33569049835205,NA,10.5428743362427,1.40355478014265,-0.794206539789836,NA,-1.32955580577254,0.0389229133725166,0.0652915723621845,NA,-16.6194475721568,0.55604161960738,2.17638574540615,NA,0.33333333,0.55555556,0.44444444,0.33333333,1,0.75,0.5,14.66666667,NA,0.44444444,0.55555556,NA,96.4136962890625,86.1726623535156,NA,-4.69951629638672,3.73658409118652,NA,9.14953899383545,-0.675227785110474,NA,-1.32955580577254,0.104214485734701,NA,-16.6194475721568,1.04214485734701,0.33333333,0.55555556,0.44444444,0.33333333,1,0.75,0.5,5,90.1704040527344,19.658430480957,0,0,105.146,2,0.4,"2024-04-16",0
"Carlos Estevez",14542,"2024-04-15","@TBR",1,2024,"LAA","A",31,0,0,0,1,0,0,0,0,0,0,0,1,3,0,0,0,0,0,0,0,0,0,2,18,0,0,2,0,0,0,1,0,0,0,0,0,0.66666667,0,0.66666667,-0.078604246671107,0,0,0,0,1,-0.833520221710205,0.833520221710205,0.678488184511662,0,-22.0266384101804,15.0336680287444,0,0,0,1,0,0,0,0,1,7,8,0.0150760002434254,0,0.0150760002434254,0.451999992132187,0.0496430546045303,0.202266663312912,0.379799991846085,0.379799991846085,NA,0,1,0.0742250978946686,0.000310171518968755,0,0,0.875,95.71428571,0.125,86,NA,NA,NA,NA,NA,0.816856145858765,-0.0344077162444592,NA,NA,11.6693735122681,-3.44077162444592,NA,NA,0.66666667,0.6,0.625,0,0.66666667,0.4,0.625,0.66666667,0.375,0,1,0,0,0,1,1,0,1,0,0,0,1,-1.74825606096572,NA,NA,NA,NA,NA,NA,80,47.83366,80,20,30.65452,20,74.38167,39.31337,80,-1.38933,1.9931,NA,NA,NA,NA,NA,NA,94.22,123.02,115.94,97.04,12.68,22.82,94.5725,109.2275,104.3,0.875,0.125,NA,NA,95.5857195172991,86,NA,NA,-4.75429371425084,3.07119131088257,NA,NA,9.87767682756696,-0.346822172403336,NA,NA,0.826252285391092,-0.0350487045943737,NA,NA,11.8036040770156,-3.50487045943737,NA,NA,0.5,0.66666667,0.625,0,0.5,0.4,0.75,15.6,NA,0.875,0.125,NA,96.0145176478795,86.4469985961914,NA,-4.03173855372838,3.62330007553101,NA,8.4551511492048,-1.23436999320984,NA,0.826252285391092,-0.0350487045943737,NA,11.8036040770156,-3.50487045943737,0.5,0.66666667,0.625,0,0.5,0.4,0.75,1,100.880752563477,36.0123405456543,0,0,100.881,1,1,"2024-04-15",0
"Carlos Estevez",14542,"2024-04-10","TBR",1,2024,"LAA","H",31,0,0,0,1,0,0,0,0,0,0,0,1,3,0,0,0,0,0,0,0,0,0,1,9,0,0,1,0,0,1,1,0,0,0,0,0,0.33333333,0,0.33333333,1.87828464271067,0,0,0,0,1,1.1664797782898,-1.1664797782898,2.67848818451166,0,26.5061001470459,64.7888072114456,1,0,0.5,0.5,0,0,0,0,3,7,10,0.0179179981350899,0,0.0179179981350899,0.508000016212463,0.0515474379062653,0.232266664505005,0.296999990940094,0.296999990940094,NA,0,1,0.0770250707864761,0.000119009158339956,0,0,0.6,96,0.4,86,NA,NA,NA,NA,NA,0.407532393932343,0.3206886947155,NA,NA,6.79220656553904,8.0172173678875,NA,NA,0.14285714,0.66666667,0.3,1,0.5,0.66666667,0.3,0.33333333,0.1,1,1,0,0,2,0,2,0.5,0.5,0,0,1,0,-0.378079006913013,NA,NA,NA,NA,NA,NA,46.20814,45.94949,50.2719,20,38.86852,20,23.379,40.75883,23.83904,1.77928,6.74601,NA,NA,NA,NA,NA,NA,94.88,99.42,88.52,113.48,42.74,54.38,102.32,76.748,74.864,0.6,0.4,NA,NA,96.1166687011719,85.9499969482422,NA,NA,-5.39809735616048,2.39033508300781,NA,NA,9.64200337727865,1.55057811737061,NA,NA,0.412408336997032,0.366526924073696,NA,NA,6.87347228328387,9.1631731018424,NA,NA,0.16666667,0.5,0.3,1,0.5,0.66666667,0.4,13.28571429,NA,0.6,0.4,NA,96.5186665852865,86.3128509521484,NA,-4.7650318145752,3.03839492797852,NA,8.40147654215495,-0.0233412608504295,NA,0.412408336997032,0.366526924073696,NA,6.87347228328387,9.1631731018424,0.16666667,0.5,0.3,1,0.5,0.66666667,0.4,2,92.2732849121094,-3.63151741027832,0,0,92.2771,0,0,"2024-04-10",0
"Carlos Estevez",14542,"2024-04-06","BOS",1,2024,"LAA","H",31,0,0,0,1,0,0,0,0,1,0,0,1,3,0,0,0,0,0,0,0,0,0,1,9,0,0,1,0,0,0,2,0,1,0,0,0,0.33333333,0,0.33333333,4.45139575020756,0,0,0,0,1,1.1664797782898,-1.1664797782898,4.19049659073353,0,26.5061001470459,102.403901559937,0,0,0,1,0.5,0,0,0,5,10,15,0.163921982049942,0,0.163921982049942,0.508000016212463,0.0515474379062653,2.14499998092651,2.87979984283447,2.87979984283447,NA,0,1,0.0765303373336792,-0.000109832201955429,1,0,0.6,96.22222222,0.33333333,87.2,NA,NA,0.06666667,88,NA,0.735752940177917,0.0738069638609886,NA,-0.0373910665512085,8.17503266864353,1.47613927721977,NA,-3.73910665512085,0.28571429,0.625,0.46666667,0.5,0.6,0.57142857,0.53333333,0.33333333,0.2,1,0,1,1,1,0,2,0.5,0,0.5,0.5,0.5,0,-1.54286177726639,20,55.19166,20,NA,NA,NA,80,69.67406,80,35.38712,42.8101,33.00219,65.95867,60.69222,64.46746,-0.86604,2.77803,113.52,35.58,19.32,NA,NA,NA,113.16,129.64,145.4,99.36,81.16,92.3,108.584,107.209333333333,119.294666666667,0.6,0.33333333,NA,0.06666667,96.1111111111111,87.4600036621094,NA,87.6999969482422,-6.12349149915907,2.69822959899902,NA,-8.37517070770264,11.0453355577257,2.01163501739502,NA,5.66056871414185,0.727259144186974,0.0742110572755337,NA,-0.0380783230066299,8.08065715763304,1.48422114551067,NA,-3.80783230066299,0.33333333,0.55555556,0.46666667,0.5,0.6,0.57142857,0.6,16.16666667,0.06666667,0.6,0.33333333,88.4414978027344,96.8713582356771,88.1902404785156,-7.87587976455688,-5.80810123019748,3.13052196502686,3.13910007476807,9.43485344780816,0.191338193416595,-0.0380783230066299,0.727259144186974,0.0742110572755337,-3.80783230066299,8.08065715763304,1.48422114551067,0.33333333,0.55555556,0.46666667,0.5,0.6,0.57142857,0.6,2,94.4302368164062,60.7689666748047,0,0,95.9525,1,0.5,"2024-04-06",0
"Carlos Estevez",14542,"2024-04-01","@MIA",1,2024,"LAA","A",31,0,0,0,1,0,0,0,0,1,0,0,1,3,1,0,0,0,0,0,0,0,0,0,0,0,9,0,0,0,1,1,1,0,0,0,0,0,0,0,6.03472908401489,0,0.333333333333333,1,0.333333333333333,1,3.1664797782898,-3.1664797782898,4.67848818451166,0,75.0388387042722,114.543946394147,1,0.333333333,0.333333333,0.333333333,0,0,0,0,3,9,12,0.0436599999666214,-0.047919999808073,0.0915800034999847,0.521999955177307,0.0519402995705605,1.01800000667572,0.953999996185303,0.953999996185303,NA,0,1,0.0211884174495935,0.0216995979534644,0,0,0.83333333,95.1,NA,NA,NA,NA,0.16666667,87.5,NA,0.594436228275299,NA,NA,-0.0238054171204567,5.94436228275299,NA,NA,-1.19027085602283,0.625,0.5,0.58333333,1,1,1,0.33333333,1,0,2,1,0,0,3,0,3,0.66666667,0.33333333,0,0,1,0,6.00958157968095,29.77777,43.12958,20,NA,NA,NA,55.5563,47.10946,65.18301,NA,NA,NA,48.79999,40.51978,58.17349,0.19996,4.37703,88.3,81.34,55.56,NA,NA,NA,102,116.84,111,NA,NA,NA,99.7166666666667,110.923333333333,101.76,0.83333333,NA,NA,0.16666667,94.95,NA,NA,87.5,-5.09869651794434,NA,NA,-7.767014503479,10.3838272094727,NA,NA,4.82896852493286,0.604508951306343,NA,NA,-0.0242429338395596,6.04508951306343,NA,NA,-1.21214669197798,0.625,0.5,0.58333333,1,1,1,0.33333333,17.77777778,0.16666667,0.83333333,NA,87.6642456054688,95.1453125,NA,-7.38014984130859,-4.41234817504883,NA,3.49347996711731,9.11382064819336,NA,-0.0242429338395596,0.604508951306343,NA,-1.21214669197798,6.04508951306343,NA,0.625,0.5,0.58333333,1,1,1,0.33333333,3,95.4742736816406,19.9805959065755,0,0,98.4806,1,0.33333333,"2024-04-01",0
"Carlos Estevez",14542,"2024-03-31","@BAL",1,2024,"LAA","A",31,0,0,0,1,0,0,0,0,1,0,0,1,3,0,0,0,0,0,0,0,0,0,0,0,0,0,0,0,0,0,2,1,0,0,0,0,0,0,0,9.75339574477623,0,0,0,0,1,3.1664797782898,-3.1664797782898,6.19049659073353,0,75.0388387042722,152.159040742638,0,0.333333333,0,0.666666666,0,0,0,0,3,9,12,0.0368800014257431,0,0.0368800014257431,0.467000007629395,0.0502150543034077,0.488000005483627,0.844000041484833,0.844000041484833,NA,0,1,0.0755114480853081,6.23244788818811e-05,0,0,0.91666667,95.18181818,NA,NA,NA,NA,0.08333333,87,NA,0.773275136947632,NA,NA,-0.0238054171204567,7.0297739722512,NA,NA,-2.38054171204567,0,0.55555556,0.41666667,NA,1,1,0.75,0.66666667,0,0,2,1,0,1,2,3,0,0.66666667,0.33333333,0,0.33333333,0.66666667,5.62251901346842,20,42.215,20,NA,NA,NA,71.85774,52.6007,73.9778,NA,NA,NA,67.91668,45.69621,70.73096,-0.98769,2.59556,83.24,53.52,36.06,NA,NA,NA,102.52,114.86,115.84,NA,NA,NA,100.913333333333,109.748333333333,109.191666666667,0.91666667,NA,NA,0.08333333,95.1909068714489,NA,NA,87.1999969482422,-5.05042093450373,NA,NA,-9.10088729858398,10.4049793590199,NA,NA,6.71407032012939,0.824747897684574,NA,NA,-0.0242429338395596,7.49770816076886,NA,NA,-2.42429338395596,0,0.55555556,0.41666667,NA,1,1,0.75,15.33333333,0.08333333,0.91666667,NA,87.5174026489258,95.5786687677557,NA,-8.3807201385498,-4.49189168756658,NA,4.4786901473999,9.05485465309837,NA,-0.0242429338395596,0.824747897684574,NA,-2.42429338395596,7.49770816076886,NA,0.25,0.5,0.41666667,1,1,1,0.66666667,3,95.76611328125,31.7723592122396,1,0.33333333,98.9599,1,0.33333333,"2024-03-31",0
