"PlayerName","playerid","Date","Opp","teamid","season","Team","HomeAway","Age","W","L","ERA","G","GS","QS","CG","ShO","SV","HLD","BS","IP","TBF","H","R","ER","HR","BB","IBB","HBP","WP","BK","SO","K/9","BB/9","H/9","K/BB","IFH%","BUH%","GB","FB","LD","IFFB","IFH","BU","BUH","K%","BB%","K-BB%","SIERA","HR/9","AVG","WHIP","BABIP","LOB%","FIP","E-F","xFIP","ERA-","FIP-","xFIP-","GB/FB","LD%","GB%","FB%","IFFB%","HR/FB","RS","RS/9","Balls","Strikes","Pitches","WPA","-WPA","+WPA","RE24","REW","pLI","inLI","gmLI","exLI","Pulls","Games","WPA/LI","Clutch","SD","MD","FB%1","FBv","SL%","SLv","CT%","CTv","CB%","CBv","CH%","CHv","XX%","wFB","wSL","wCT","wCB","wCH","wFB/C","wSL/C","wCT/C","wCB/C","wCH/C","O-Swing%","Z-Swing%","Swing%","O-Contact%","Z-Contact%","Contact%","Zone%","F-Strike%","SwStr%","Pull","Cent","Oppo","Soft","Med","Hard","bipCount","Pull%","Cent%","Oppo%","Soft%","Med%","Hard%","tERA","GSv2","pb_o_CH","pb_s_CH","pb_c_CH","pb_o_FF","pb_s_FF","pb_c_FF","pb_o_SL","pb_s_SL","pb_c_SL","pb_o_KC","pb_s_KC","pb_c_KC","pb_o_FC","pb_s_FC","pb_c_FC","pb_overall","pb_stuff","pb_command","pb_xRV100","pb_ERA","sp_s_CH","sp_l_CH","sp_p_CH","sp_s_FF","sp_l_FF","sp_p_FF","sp_s_SI","sp_l_SI","sp_p_SI","sp_s_SL","sp_l_SL","sp_p_SL","sp_s_KC","sp_l_KC","sp_p_KC","sp_s_FC","sp_l_FC","sp_p_FC","sp_stuff","sp_location","sp_pitching","pfxFA%","pfxFC%","pfxSI%","pfxSL%","pfxKC%","pfxCH%","pfxvFA","pfxvFC","pfxvSI","pfxvSL","pfxvKC","pfxvCH","pfxFA-X","pfxFC-X","pfxSI-X","pfxSL-X","pfxKC-X","pfxCH-X","pfxFA-Z","pfxFC-Z","pfxSI-Z","pfxSL-Z","pfxKC-Z","pfxCH-Z","pfxwFA","pfxwFC","pfxwSI","pfxwSL","pfxwKC","pfxwCH","pfxwFA/C","pfxwFC/C","pfxwSI/C","pfxwSL/C","pfxwKC/C","pfxwCH/C","pfxO-Swing%","pfxZ-Swing%","pfxSwing%","pfxO-Contact%","pfxZ-Contact%","pfxContact%","pfxZone%","pfxPace","piCH%","piCS%","piCU%","piFA%","piFC%","piSI%","piSL%","pivCH","pivCS","pivCU","pivFA","pivFC","pivSI","pivSL","piCH-X","piCS-X","piCU-X","piFA-X","piFC-X","piSI-X","piSL-X","piCH-Z","piCS-Z","piCU-Z","piFA-Z","piFC-Z","piSI-Z","piSL-Z","piwCH","piwCS","piwCU","piwFA","piwFC","piwSI","piwSL","piwCH/C","piwCS/C","piwCU/C","piwFA/C","piwFC/C","piwSI/C","piwSL/C","piO-Swing%","piZ-Swing%","piSwing%","piO-Contact%","piZ-Contact%","piContact%","piZone%","Events","EV","LA","Barrels","Barrel%","maxEV","HardHit","HardHit%","gamedate","dh"
"Gerrit Cole",13125,"2024-09-26","BAL",9,2024,"NYY","H",33,1,0,0,1,1,1,0,0,0,0,0,6.2,23,2,0,0,0,1,0,0,0,0,5,6.75000064373022,1.35000012874605,2.70000025749209,5,0,0,8,5,4,0,0,0,0,0.2173913,0.04347826,0.17391304,3.63461565850038,0,0.0909090909090909,0.450000042915348,0.117647058823529,1,2.11647967815398,-2.11647967815398,3.25048609096766,0,49.3850239587948,79.0187249354115,1.6,0.235294117,0.470588235,0.294117647,0,0,7,9.45000090122232,37,64,101,0.368792057037354,-0.0921719521284103,0.460963994264603,3.33609986305237,0.346427828073502,0.924452185630798,0.971657156944275,0.870000004768372,0.0199999995529652,1,1,0.401609629392624,-0.00267925444228628,0,0,0.5049505,95.88235294,0.14851485,87.93333333,0.10891089,92.18181818,0.16831683,81.23529412,0.06930693,88.71428571,NA,2.26172232627869,-0.0849158614873886,0.568214535713196,1.08304154872894,-0.213533282279968,4.43474965936997,-0.566105743249257,5.16558668830178,6.37083263958202,-3.0504754611424,0.28,0.7254902,0.5049505,0.78571429,0.89189189,0.8627451,0.5049505,0.60869565,0.06930693,8,6,3,4,6,7,17,0.47058824,0.35294118,0.17647059,0.23529412,0.35294118,0.41176471,2.7234996295568,78,20,37.28234,41.00986,51.85,54.02564,47.96952,46.38763,51.70073,45.29959,56.89682,54.16198,66.22397,74.75859,49.88156,69.16941,50.76071,50.87233,54.1882,0.07815,4.19432,81.5,78.14,52.44,108.64,117.4,121.04,NA,NA,NA,106.18,90.22,105,113.88,116.04,127.58,98.78,137.62,149.82,104.971089108911,102.62198019802,107.410891089109,0.51485149,0.10891089,NA,0.14851485,0.16831683,0.05940594,95.7384596604567,92.109092018821,NA,87.8600016276042,81.1235279756434,88.2000020345052,-4.89605976985051,1.06674818559126,NA,2.87771123250326,5.03414872113396,-7.00525601704915,9.99665363018329,4.99724058671431,NA,0.893865966796875,-8.88943660960478,7.65249379475911,2.29000062867999,0.575954504311085,NA,-0.0908356420695782,1.13864368200302,-0.180152151733637,4.40384736284614,5.23595003919168,NA,-0.605570947130521,6.69790401178248,-3.00253586222728,0.23913043,0.72727273,0.5049505,0.90909091,0.85,0.8627451,0.54455446,19.32894737,0.06930693,0.06930693,0.0990099,0.3960396,0.0990099,0.10891089,0.15841584,88.2900129045759,77.7523193359375,83.0522094726562,95.6489379882812,92.1083923339844,95.4450461647727,87.7060394287109,-6.57090541294643,5.61303983415876,5.54598999023438,-3.39390411376953,1.61759796142578,-8.26287425648082,3.20719814300537,6.63348988124302,-10.3595690046038,-10.4168594360352,9.39765625,4.48500099182129,7.14710651744496,-0.319711893796921,-0.218230474740267,0.405236445367336,0.733407236635685,1.84040251374245,0.521180544048548,0.487676437944174,-0.0360616818070412,-3.11757821057524,5.78909207667623,7.33407236635685,4.60100628435612,5.21180544048548,4.43342216312885,-0.225385511294007,0.24444444,0.71428571,0.5049505,0.81818182,0.875,0.8627451,0.55445545,17,85.4306640625,9.01608904670267,1,0.05882353,104.081,5,0.29411765,"2024-09-26",0
"Gerrit Cole",13125,"2024-09-20","@OAK",9,2024,"NYY","A",33,1,0,1,1,1,1,0,0,0,0,0,9,29,2,1,1,0,1,0,0,0,0,7,7,1,2,7,0.083333333,0,12,9,0,1,1,0,0,0.24137931,0.03448276,0.20689655,3.33811314980891,0,0.0714285714285714,0.333333333333333,0.0952380952380952,0.66666667,1.94425755606757,-0.944257556067573,3.45626596228944,24.8134521134554,45.2205018591185,84.1380280047182,1.333333333,0,0.571428571,0.428571428,0.111111111,0,4,4,33,66,99,0.502907931804657,-0.263580024242401,0.766487956047058,3.07699990272522,0.337390333414078,1.17604005336761,1.31417775154114,0.870000004768372,1.66400003433228,1,1,0.46961173415184,-0.0419834995823034,0,0,0.47474747,95.04255319,0.2020202,88.6,0.13131313,91.84615385,0.14141414,79.85714286,0.05050505,89,NA,3.87854194641113,0.702518880367279,0.838913083076477,-0.183574885129929,0.322786033153534,8.25221690725773,3.5125944018364,6.45317756212675,-1.31124917949949,6.45572066307068,0.34545455,0.59090909,0.45454545,0.57894737,0.84615385,0.73333333,0.44444444,0.72413793,0.12121212,5,6,10,3,12,6,21,0.23809524,0.28571429,0.47619048,0.14285714,0.57142857,0.28571429,0.242245339944542,91,50.22863,46.5127,67.84478,69.92123,56.06841,72.56174,50.20714,45.15771,56.36297,45.63308,41.63258,46.13709,63.66342,49.11205,63.83358,63.23042,49.01958,68.99571,-0.69655,3.03227,94.42,98.44,78.6,109.84,111.48,121,68.04,162.76,148.06,104.36,105.78,107.76,94.72,100.28,99.66,96.62,112.52,114.14,103.235555555556,109.258585858586,112.811919191919,0.45454545,0.13131313,0.02020202,0.2020202,0.14141414,0.05050505,95.0888888888889,91.6769174429087,92.3999938964844,88.525,79.8928571428571,88.8599975585937,-4.7095221625434,0.530810906336858,-8.5067310333252,2.16586494445801,3.99206270490374,-8.69015197753906,10.8990254720052,7.84607931283804,8.37559413909912,2.51447982788086,-8.91830607822963,5.53041534423828,3.63065825030208,0.890859171748161,0.279961355030537,0.707253340631723,-0.189240351319313,0.326377347111702,8.06812944511572,6.85276285960124,13.9980677515268,3.53626670315862,-1.35171679513795,6.52754694223404,0.275,0.57627119,0.45454545,0.27272727,0.85294118,0.71111111,0.5959596,17.65714286,0.05050505,0.03030303,0.11111111,0.45454545,0.13131313,0.02020202,0.2020202,89.0835998535156,76.0037027994792,81.2706631747159,95.3152560763889,91.8890850360577,92.6221466064453,88.7377075195313,-7.73065032958984,6.05309677124023,5.0930044000799,-3.57618916829427,1.81252259474534,-7.585205078125,3.41952667236328,3.7968879699707,-10.3771832784017,-11.2190544821999,9.46114162868924,6.47216092623197,6.94903516769409,0.759925508499146,0.326377347111702,0.236321348696947,-0.42556170001626,3.63065825030208,0.890859171748161,0.279961355030537,0.707253340631723,6.52754694223404,7.87737828989824,-3.86874272742055,8.06812944511572,6.85276285960124,13.9980677515268,3.53626670315862,0.31111111,0.57407407,0.45454545,0.35714286,0.87096774,0.71111111,0.54545455,21,90.1229713076637,12.6469029017857,1,0.04761905,110.807,8,0.38095238,"2024-09-20",0
"Gerrit Cole",13125,"2024-09-14","BOS",9,2024,"NYY","H",33,0,1,14.5384626049968,1,1,0,0,0,0,0,0,4.1,22,5,7,7,0,3,1,3,0,0,2,4.15384645857051,6.23076968785577,10.3846161464263,0.66666667,0,0,4,7,3,3,0,0,0,0.09090909,0.13636364,-0.04545455,6.92217537252161,0,0.3125,1.8461539815869,0.357142857142857,0.36363636,6.39724924606686,8.14121335892994,8.8397245429888,360.74944565235,152.898784288903,218.06539348822,0.571428571,0.214285714,0.285714285,0.5,0.428571428,0,1,2.07692322928526,30,38,68,-0.388056010007858,-0.647315919399261,0.259259939193726,-5.71990013122559,-0.593966782093048,1.0809999704361,0.922399997711182,0.870000004768372,0.243599995970726,1,1,-0.157548934221268,-0.201429808258539,0,0,0.47058824,96.03125,0.16176471,88.63636364,0.11764706,92.125,0.23529412,82,0.01470588,89,0.05882353,-0.229982793331146,0.857917904853821,-0.668394327163696,-0.215551406145096,-0.0968978852033615,-0.718696229159832,7.79925368048928,-8.3549290895462,-1.34719628840685,-9.68978852033615,0.21052632,0.63333333,0.39705882,0.75,0.84210526,0.81481481,0.44117647,0.54545455,0.07352941,5,4,5,3,6,5,14,0.35714286,0.28571429,0.35714286,0.21428571,0.42857143,0.35714286,6.15737345696007,30,20,44.61656,20,55.36321,57.31218,48.06081,65.20981,45.92586,69.5404,72.7353,50.30139,72.76594,20,51.14885,20,50.19204,51.48227,44.03793,0.11348,4.24731,50.7,-92.6,-116.42,107.08,96.66,103.54,NA,NA,NA,106.64,125.8,138.04,104.22,135.92,142.1,99.8,-74.5,-65.86,104.306764705882,88.0032352941176,94.9164705882353,0.47058824,0.11764706,NA,0.16176471,0.23529412,0.01470588,96.0531234741211,92.0124969482422,NA,88.4818170720881,81.8625030517578,89.0999984741211,-4.11729955673218,1.14149165153503,NA,2.93480023470792,4.74928951263428,-9.59413051605225,10.6702356338501,6.2654972076416,NA,1.25531205264005,-9.20035743713379,7.52428674697876,-0.24380212649703,-0.685988403856754,NA,0.835896875709295,-0.218890085816383,-0.0991095378994942,-0.76188164530322,-8.57485504820943,NA,7.59906250644814,-1.3680630363524,-9.91095378994942,0.2,0.60606061,0.39705882,0.85714286,0.8,0.81481481,0.48529412,18.57446809,0.01470588,0.02941176,0.20588235,0.47058824,0.10294118,NA,0.17647059,88.9531021118164,75.6344528198242,82.655038016183,95.9614562988281,92.1164986746652,NA,88.5177714029948,-9.97371006011963,4.65009021759033,5.30856268746512,-3.81247186660767,1.82201494489397,NA,3.17318026224772,6.35250997543335,-10.7418994903564,-11.0868508475167,9.59467697143555,5.57646124703543,NA,0.0759079058965047,-0.0991095378994942,0.0973343104124069,-0.31622439622879,-0.24380212649703,-0.622614726424217,NA,0.772523198276758,-9.91095378994942,4.86671552062035,-2.2587456873485,-0.76188164530322,-8.89449609177453,NA,6.43769331897299,0.20588235,0.58823529,0.39705882,0.85714286,0.8,0.81481481,0.5,14,91.6775774274554,25.7015359061105,1,0.07142857,107.073,5,0.35714286,"2024-09-14",0
"Gerrit Cole",13125,"2024-09-08","@CHC",9,2024,"NYY","A",33,0,1,0,1,1,1,0,0,0,0,0,6,23,3,2,0,0,1,0,0,0,0,7,10.5,1.5,4.5,7,0,0,3,10,2,1,0,0,0,0.30434783,0.04347826,0.26086957,3.51386707378483,0,0.136363636363636,0.666666666666667,0.2,0.5,1.33314644495646,-1.33314644495646,3.85316045532624,0,30.4431567843488,94.011798375665,0.3,0.133333333,0.2,0.666666666,0.1,0,1,1.5,33,66,99,0.0571640692651272,-0.313135981559753,0.370300054550171,0.813999950885773,0.0872454419732094,0.904643476009369,0.808399975299835,0.870000004768372,0.716400027275085,1,1,0.257294058799744,-0.194104447885515,0,0,0.45454545,95.93333333,0.1010101,87.6,0.21212121,91.52380952,0.21212121,81.38095238,0.02020202,89.5,NA,0.594315111637115,0.409146517515182,0.265753597021103,0.738910913467407,-0.0326858311891556,1.32070024808248,4.09146517515182,1.26549331914811,3.51862339746384,-1.63429155945778,0.26,0.67346939,0.46464646,0.69230769,0.90909091,0.84782609,0.49494949,0.60869565,0.07070707,2,6,7,4,4,7,15,0.13333333,0.4,0.46666667,0.26666667,0.26666667,0.46666667,0.854680835829885,68,52.13074,37.1071,80,71.46791,54.54669,72.67711,55.3995,45.6641,61.91538,46.56329,44.75421,48.20265,64.72222,51.54792,64.02464,64.69464,48.29311,69.57863,-0.78751,2.89583,59.14,76.26,65.44,104.92,125.28,130.82,124.72,129.96,159.92,99.8,84.9,86.94,99.6,100.86,105.3,108.24,114.44,126.04,103.134949494949,112.589898989899,118.586868686869,0.44444444,0.21212121,0.01010101,0.1010101,0.21212121,0.02020202,95.8363591974432,91.528570265997,96.1999969482422,87.5200012207031,81.3238118489583,89.5999984741211,-4.80099036476829,0.975736981346494,-8.52495002746582,3.09595375061035,4.04592168898809,-6.18007373809814,10.3146958784624,5.19695499965123,10.6122140884399,1.22633047103882,-8.36090814499628,9.15348815917969,1.43541704118252,0.264608483761549,0.237643033266068,0.455248113721609,0.792880278080702,-0.0338878780603409,3.262311457233,1.26004039886452,23.7643033266068,4.55248113721609,3.77562037181287,-1.69439390301704,0.2826087,0.62264151,0.46464646,0.61538462,0.93939394,0.84782609,0.53535354,18.89189189,0.02020202,0.02020202,0.19191919,0.45454545,0.15151515,NA,0.16161616,89.9479522705078,71.8551483154297,82.7299290707237,96.2406684027778,92.4360432942708,NA,88.9061965942383,-5.76999998092651,3.92731499671936,4.56068219636616,-4.35923021104601,1.29181963602702,NA,3.08033490180969,7.48886013031006,-9.08461952209473,-9.99384107087788,9.21460435655382,5.36549072265625,NA,0.275500297546387,-0.0338878780603409,0.0151214338839054,0.777758844196796,1.67306007444859,0.522418241947889,NA,0.197438355535269,-1.69439390301704,0.756071694195271,4.09346760103577,3.71791127655241,3.4827882796526,NA,1.23398972209543,0.2972973,0.56451613,0.46464646,0.54545455,0.94285714,0.84782609,0.62626263,15,88.6037923177083,30.6199584960938,0,0,101.387,5,0.33333333,"2024-09-08",0
"Gerrit Cole",13125,"2024-09-02","@TEX",9,2024,"NYY","A",33,1,0,1.5,1,1,1,0,0,0,0,0,6,23,4,1,1,0,1,0,0,0,0,9,13.5,1.5,6,9,0,0,4,5,4,0,0,0,0,0.39130435,0.04347826,0.34782609,2.09792000919721,0,0.181818181818182,0.833333333333333,0.307692307692308,0.8,0.666479778289796,0.833520221710204,1.92648678347468,37.2201781701831,14.3224167027819,46.080840024355,0.8,0.307692307,0.307692307,0.384615384,0,0,7,10.5,26,56,82,0.199228033423424,-0.274148017168045,0.473376035690308,1.94599997997284,0.202076837420464,1.06899130344391,0.947000026702881,0.870000004768372,0.233599990606308,1,1,0.157006189227104,0.0293639269577348,0,0,0.5,95.70731707,0.1097561,88.22222222,0.17073171,91.71428571,0.15853659,81.84615385,0.06097561,85.6,NA,1.73811411857605,-0.000656735152006149,0.340954184532166,0.136552482843399,-0.0529868677258492,4.23930272823427,-0.00729705724451277,2.43538703237261,1.05040371417999,-1.05973735451698,0.38095238,0.7,0.53658537,0.5,0.82142857,0.70454545,0.48780488,0.86956522,0.15853659,7,2,4,2,7,4,13,0.53846154,0.15384615,0.30769231,0.15384615,0.53846154,0.30769231,1.71849682351751,71,32.54464,50.80734,22.04791,54.72835,53.59895,52.22252,46.38394,49.61672,47.46208,80,44.19678,80,73.8242,52.36193,75.7136,60.90746,49.13639,64.40629,-0.55223,3.24875,98.7,84.18,72.56,103.2,99.52,100.76,NA,NA,NA,100.1,118.78,134.82,96.64,135.9,136.2,104.76,133.56,136.6,101.75487804878,112.09756097561,114.494634146341,0.5,0.17073171,NA,0.1097561,0.15853659,0.06097561,95.6731731135671,91.5642874581473,NA,88.0111083984375,81.6692270132212,85.5,-4.33645071634432,1.33288764953613,NA,2.10444174872504,3.38690508328951,-6.40837936401367,10.5844436273342,4.79599053519113,NA,1.17824946509467,-7.9645268366887,8.16683883666992,1.75736040621996,0.34443112462759,NA,-0.00471581891179085,0.17743144184351,-0.0542476736009121,4.28624489321941,2.4602223187685,NA,-0.0523979879087872,1.36485724495007,-1.08495347201824,0.34285714,0.68085106,0.53658537,0.41666667,0.8125,0.70454545,0.57317073,19.08474576,0.06097561,0.02439024,0.13414634,0.5,0.14634146,NA,0.13414634,85.9854614257813,76.7042541503906,83.159423828125,96.1864341177591,92.2535095214844,NA,88.910683371804,-5.85380020141602,4.67457008361816,4.18584650213068,-3.49636468654726,2.21448310216268,NA,3.01429263028232,6.80704803466797,-9.11896991729736,-9.55837388472124,9.34471316453887,4.16548252105713,NA,-0.141924088651484,-0.0542476736009121,0.532619029283524,-0.355187587440014,1.75736040621996,0.365478076040745,NA,-0.0257627703249454,-1.08495347201824,26.6309514641762,-3.22897806763649,4.28624489321941,3.04565063367287,NA,-0.23420700295405,0.36111111,0.67391304,0.53658537,0.46153846,0.80645161,0.70454545,0.56097561,13,89.207528921274,16.7850482647236,0,0,103.317,7,0.53846154,"2024-09-02",0
"Gerrit Cole",13125,"2024-08-27","@WSN",9,2024,"NYY","A",33,0,1,5.4,1,1,0,0,0,0,0,0,5,23,6,3,3,2,1,0,0,0,0,7,12.6,1.8,10.8,7,0,0,7,7,1,0,0,0,0,0.30434783,0.04347826,0.26086957,2.8963982636782,3.6,0.272727272727273,1.4,0.307692307692308,0.95238095,6.1664797782898,-0.766479778289795,3.08329154700041,133.992641412659,147.318522375709,74.8593310325721,1,0.066666666,0.466666666,0.466666666,0,0.285714285,0,0,35,56,91,-0.106676056981087,-0.386520028114319,0.279843986034393,-0.545000016689301,-0.056593980640173,0.747439980506897,0.753120005130768,0.870000004768372,0.293600022792816,1,1,-0.200515657663345,0.0577937538808618,0,0,0.40659341,95.48648649,0.20879121,87.84210526,0.07692308,90.57142857,0.26373626,82.54166667,0.04395604,89,NA,-2.41306972503662,0.806675553321838,-0.645051777362823,0.495186120271683,-0.607848882675171,-6.52181006766654,4.24566080695704,-9.21502539089748,2.06327550113201,-15.1962220668793,0.3220339,0.71875,0.46153846,0.57894737,0.91304348,0.76190476,0.35164835,0.56521739,0.10989011,6,7,2,0,8,7,15,0.4,0.46666667,0.13333333,0,0.53333333,0.46666667,4.63429314614213,41,38.93904,38.38017,52.61652,42.25557,51.59275,36.73255,69.67487,53.85242,77.4397,76.834,44.50176,77.92122,20.6206,61.72743,29.45161,55.10083,48.44071,58.30654,-0.19148,3.78987,75.68,72.28,58.84,97.12,94.04,93.8,NA,NA,NA,114.48,117.76,125.66,97.06,136.64,143.66,97.66,29.72,49.3,100.197582417582,106.258461538462,110.32043956044,0.40659341,0.05494505,NA,0.23076923,0.26373626,0.04395604,95.4486512880068,90.8,NA,87.9333321707589,82.4708353678385,88.9749984741211,-4.31244762523754,1.49708271026611,NA,1.91463652111235,3.97563648223877,-7.29730796813965,10.2039473250106,4.18738288879395,NA,0.365451313200451,-7.61014938354492,6.77947425842285,-2.36906360834837,-0.727897152304649,NA,0.890199564397335,0.528142180293798,-0.617954421788454,-6.40287461715776,-14.557943046093,NA,4.23904554474921,2.20059241789083,-15.4488605447114,0.28888889,0.63043478,0.46153846,0.53846154,0.86206897,0.76190476,0.50549451,18.36764706,0.04395604,0.02197802,0.24175824,0.40659341,0.01098901,NA,0.27472527,89.2176971435547,76.251350402832,83.3058971058239,95.6936629011824,91.4669036865234,NA,88.599072265625,-6.86391735076904,5.58499002456665,4.64180720936168,-3.66650555584882,0.937653005123138,NA,2.70126525878906,4.99211978912354,-9.0577449798584,-9.35263408314098,9.1095341862859,4.57314014434814,NA,-0.430725517272949,-0.617954421788454,-0.429227378219366,0.957369558513165,-2.36906360834837,-0.667110979557037,NA,0.829413391649723,-15.4488605447114,-21.4613689109683,4.35167981142347,-6.40287461715776,-66.7110979557037,NA,3.31765356659889,0.2826087,0.64444444,0.46153846,0.53846154,0.86206897,0.76190476,0.49450549,15,95.3102294921875,11.1151234944661,3,0.2,107.054,8,0.53333333,"2024-08-27",0
"Gerrit Cole",13125,"2024-08-22","CLE",9,2024,"NYY","H",33,1,0,0,1,1,1,0,0,0,0,0,6,23,1,0,0,0,5,0,0,0,0,2,3,7.5,1.5,0.4,0,0,8,6,2,4,0,0,0,0.08695652,0.2173913,-0.13043478,8.00741528942821,0,0.0555555555555556,1,0.0625,1,4.99981311162313,-4.99981311162313,6.511821517845,0,119.107227232967,160.152823978289,1.333333333,0.125,0.5,0.375,0.666666666,0,5,7.5,41,55,96,0.300908029079437,-0.154119938611984,0.455027967691422,2.94609999656677,0.305929392576218,0.915696024894714,0.923666656017303,0.870000004768372,0.342000007629395,1,1,0.203437060117722,0.125174204864056,0,0,0.44210526,96.66666667,0.10526316,87.8,0.07368421,90.71428571,0.29473684,81.46428571,0.08421053,88.625,0.01041667,0.0817438066005707,0.5194131731987,0.317351073026657,0.979823350906372,0.769749939441681,0.19462811095374,5.194131731987,4.53358675752367,3.4993691103799,9.62187424302101,0.29508197,0.61764706,0.41052632,0.77777778,0.95238095,0.87179487,0.35789474,0.47826087,0.05208333,7,5,4,5,7,4,16,0.4375,0.3125,0.25,0.3125,0.4375,0.25,4.04534419604209,65,48.66567,44.99142,44.98527,40.48208,61.40931,31.56543,38.85371,51.37289,41.20076,32.02818,49.97466,29.35106,80,66.25982,80,36.95497,54.60133,31.30233,0.93585,5.48087,59.8,93.06,74,105.44,59.22,71.16,NA,NA,NA,113.54,78.88,84.88,103.9,72.02,76.78,103.72,131.8,152.96,101.868631578947,73.2597894736842,80.5271578947368,0.44210526,0.07368421,NA,0.10526316,0.29473684,0.08421053,96.6285691034226,90.8142874581473,NA,87.8900024414063,81.471426827567,88.5875015258789,-5.42020779564267,0.892270769391741,NA,2.33859596252441,3.33180809020996,-6.76054525375366,10.5643012637184,3.37897573198591,NA,1.72826995849609,-8.01918193272182,7.41724538803101,0.111743006855249,0.320556465536356,NA,0.524999797344208,0.987712219357491,0.778879653662443,0.266054778226784,4.5793780790908,NA,5.24999797344208,3.52754364056247,9.73599567078054,0.2962963,0.56097561,0.41052632,0.75,0.95652174,0.87179487,0.43157895,18.84722222,0.08421053,0.04210526,0.25263158,0.44210526,0.02105263,NA,0.15789474,88.364372253418,73.8564758300781,82.4985148111979,96.412109375,92.3792495727539,NA,88.4052897135417,-6.16648244857788,3.01355504989624,4.60019874572754,-4.61401839483352,1.24114155769348,NA,2.90765279134115,6.41505861282349,-9.79207229614258,-9.67352739969889,9.59657432919457,3.79563999176025,NA,0.84942881266276,0.778879653662443,-0.00108807161450386,1.01712526381016,0.111743006855249,0.0151214338839054,NA,0.830434828996658,9.73599567078054,-0.0272017903625965,4.23802193254232,0.266054778226784,0.756071694195271,NA,5.53623219331106,0.30769231,0.53488372,0.41052632,0.75,0.95652174,0.87179487,0.45263158,16,88.2653732299805,17.7631492614746,0,0,105.196,7,0.4375,"2024-08-22",0
"Gerrit Cole",13125,"2024-08-16","@DET",9,2024,"NYY","A",33,1,0,0,1,1,1,0,0,0,0,0,6,23,4,0,0,0,2,0,0,0,0,8,12,3,6,4,0,0,5,5,3,1,0,0,0,0.34782609,0.08695652,0.26086957,2.93169505804009,0,0.19047619047619,1,0.307692307692308,1,1.49981311162313,-1.49981311162313,2.75982011680802,0,34.4733418047405,66.8121480171472,1,0.23076923,0.384615384,0.384615384,0.2,0,2,3,34,61,95,0.363660037517548,-0.253375977277756,0.617036044597626,2.88000011444092,0.303797483444214,1.30865597724915,1.13320004940033,0.923600018024445,1.51479995250702,1,1,0.217264473438263,0.0606237140149267,0,0,0.45263158,95.37209302,0.18947368,87.94444444,0.06315789,90.66666667,0.25263158,82.70833333,0.04210526,88.75,NA,2.00173473358154,0.0188829563558102,-0.550445735454559,0.439020037651062,-0.130815014243126,4.6551970548408,0.104905313087834,-9.17409559090932,1.82925015687943,-3.27037535607815,0.22641509,0.73809524,0.45263158,0.41666667,0.87096774,0.74418605,0.44210526,0.73913043,0.11578947,4,4,5,1,6,6,13,0.30769231,0.30769231,0.38461538,0.07692308,0.46153846,0.46153846,1.76138525517446,71,43.60728,45.46011,58.01811,49.28072,51.4615,43.11448,66.87359,50.89604,75.6413,64.70554,47.61666,67.01673,20,57.36243,20,52.94931,48.40004,54.9115,-0.05782,3.99036,81.14,54,34.52,107.62,87.22,91.5,NA,NA,NA,119.08,110.52,115.12,116.08,124.74,133.42,109.52,65.32,75.92,110.915368421053,97.6861052631579,102.593894736842,0.45263158,0.06315789,NA,0.18947368,0.25263158,0.04210526,95.3674373183139,90.4333292643229,NA,87.9722222222222,82.6208343505859,88.5749969482422,-4.44724681765534,1.52650928497314,NA,2.32264243231879,4.17159843444824,-7.58055591583252,10.2024152888808,4.11228052775065,NA,0.522848341200087,-7.88261985778809,5.58268117904663,2.05923578888178,-0.559388414025307,NA,0.0169327184557915,0.453107804059982,-0.133802425116301,4.78892043925995,-9.32314023375511,NA,0.0940706580877304,1.88794918358326,-3.34506062790751,0.24444444,0.66,0.46315789,0.27272727,0.87878788,0.72727273,0.52631579,18.56338028,0.04210526,0.01052632,0.25263158,0.45263158,0.03157895,NA,0.21052632,88.5055999755859,77.1529006958008,82.8437957763672,95.2968068677326,90.9192708333333,NA,88.3244384765625,-7.10561227798462,3.61086010932922,5.10998630523682,-3.7443996695585,2.37694994608561,NA,3.12129497528076,4.51216268539429,-9.98182010650635,-9.29748026529948,9.38142359533975,4.77569007873535,NA,-0.242476367950439,-0.133802425116301,-0.0242429338395596,0.624620255082846,2.05923578888178,-0.536431524902582,NA,-0.164650309830904,-3.34506062790751,-2.42429338395596,2.60258439617852,4.78892043925995,-17.8810508300861,NA,-0.82325154915452,0.2173913,0.67346939,0.45263158,0.3,0.87878788,0.74418605,0.51578947,13,92.843515249399,16.9419649564303,0,0,105.116,5,0.38461538,"2024-08-16",0
"Gerrit Cole",13125,"2024-08-10","TEX",9,2024,"NYY","H",33,0,0,1.68750010058284,1,1,0,0,0,0,0,0,5.1,23,6,1,1,0,2,0,0,0,0,10,16.8750010058284,3.37500020116569,10.1250006034971,5,0.142857142,0,7,2,2,1,1,0,0,0.43478261,0.08695652,0.34782609,2.01529429768559,0,0.285714285714286,1.50000008940697,0.545454545454545,0.875,0.541479621827593,1.14602047875525,1.10848280795682,41.8727029372636,11.2997741540583,25.7308891974078,3.5,0.181818181,0.636363636,0.181818181,0.5,0,1,1.68750010058284,27,63,90,0.186211958527565,-0.356864035129547,0.543075978755951,1.68809998035431,0.175295948982239,1.27458333969116,1.08386671543121,0.870000004768372,0.97680002450943,1,1,0.118644632399082,0.0274517056973228,0,0,0.47777778,96.58139535,0.17777778,88.5,0.16666667,91.93333333,0.16666667,84.4,0.01111111,89,NA,-0.00348903611302376,0.161080837249756,0.811949729919434,-0.321003407239914,0.173169538378716,-0.00811403747214827,1.00675523281097,5.41299819946289,-2.14002271493276,17.3169538378716,0.4,0.75555556,0.57777778,0.38888889,0.64705882,0.55769231,0.5,0.7826087,0.25555556,5,4,2,2,4,5,11,0.45454545,0.36363636,0.18181818,0.18181818,0.36363636,0.45454545,0.848866502538033,62,80,43.6113,80,62.43642,54.02569,57.37668,71.48484,48.99914,75.95735,79.45581,60.81942,79.17803,44.96324,57.55731,43.52641,67.61898,54.2908,66.86643,-0.96919,2.62331,78.82,105.2,83.62,117.12,99.1,106.96,NA,NA,NA,111.16,119.9,129.84,127.52,154.52,174.94,109.72,88.64,90.38,116.198888888889,111.748222222222,121.088666666667,0.47777778,0.16666667,NA,0.17777778,0.16666667,0.01111111,96.5558116824128,91.9399983723958,NA,88.3000030517578,84.3,89.4000015258789,-5.03270135923874,1.10583724975586,NA,2.34930872917175,4.35112660725911,-7.53829097747803,10.0085278888081,4.35851694742839,NA,0.692703306674957,-8.63116251627604,6.45310163497925,-0.0137672126293182,0.959829580038786,NA,0.142102476209402,-0.331587918102741,0.175375327467918,-0.032016773556554,6.39886386692524,NA,0.888140476308763,-2.21058612068494,17.5375327467918,0.35897436,0.74509804,0.57777778,0.21428571,0.65789474,0.53846154,0.56666667,18.68656716,0.01111111,NA,0.16666667,0.47777778,0.11111111,NA,0.23333333,89.1865997314453,NA,84.0641927083333,96.3445335210756,92.7119323730469,NA,88.4503580729167,-7.03182983398438,NA,5.39207407633464,-4.23930820198946,1.76625652313232,NA,3.18507094610305,5.28913021087646,NA,-10.3791585286458,9.03640392214753,4.62709121704102,NA,-0.336333456493559,0.175375327467918,NA,-0.331587918102741,-0.0137672126293182,0.742354370653629,NA,0.359577685594559,17.5375327467918,NA,-2.21058612068494,-0.032016773556554,7.42354370653629,NA,1.71227469330742,0.35897436,0.74509804,0.57777778,0.21428571,0.65789474,0.53846154,0.56666667,11,89.7742864435369,11.6411937366832,0,0,110.967,3,0.27272727,"2024-08-10",2
"Gerrit Cole",13125,"2024-08-04","TOR",9,2024,"NYY","H",33,0,0,3.17647094462574,1,1,0,0,0,0,0,0,5.2,23,6,2,2,0,0,0,1,0,0,4,6.35294188925147,0,9.52941283387721,4,0,0,4,8,6,0,0,0,0,0.17391304,0,0.17391304,4.3721185028438,0,0.272727272727273,1.05882364820858,0.333333333333333,0.71428571,2.28412673811598,0.892344206509756,4.41872708051315,78.8192096742532,53.4389159774242,108.081721452298,0.5,0.333333333,0.222222222,0.444444444,0,0,0,0,31,60,91,0.0248120352625847,-0.412735968828201,0.437548011541367,0.845099985599518,0.0877569913864136,0.90313845872879,0.749666690826416,0.870000004768372,0.323600023984909,1,1,0.0997871235013008,-0.0723139990619886,0,0,0.51648352,96.59574468,0.13186813,88.58333333,0.12087912,91.72727273,0.23076923,83.19047619,NA,NA,NA,1.15718984603882,-1.22777605056763,-0.378896594047546,0.483886659145355,NA,2.46210605540174,-10.2314670880636,-3.44451449134133,2.30422218640645,NA,0.36538462,0.61538462,0.47252747,0.84210526,0.95833333,0.90697674,0.42857143,0.73913043,0.04395604,4,10,4,3,8,7,18,0.22222222,0.55555556,0.22222222,0.16666667,0.44444444,0.38888889,4.16378489666176,59,NA,NA,NA,60.65718,53.75156,52.80185,41.46533,55.07377,39.86052,76.03857,48.47623,80,63.60346,53.72015,62.72438,64.13392,50.24192,63.77982,-0.75268,2.94807,NA,NA,NA,116.62,104.5,114.48,NA,NA,NA,122.02,85.94,92.82,107.42,127.56,141.66,110.56,122.66,133.8,114.476483516484,109.569230769231,120.231428571429,0.51648352,0.12087912,NA,0.13186813,0.23076923,NA,96.5382937167553,91.7363614169034,NA,88.625,83.2476167224702,NA,-4.07880158120013,1.24841291254217,NA,1.62443351745605,5.08307175409226,NA,10.0436394874086,4.7762073170055,NA,0.612436612447103,-8.30934288388207,NA,1.13673577457666,-0.339596606791019,NA,-1.25021537020802,0.529447291046381,NA,2.41858675441843,-3.08724187991836,NA,-10.4184614184002,2.52117757641134,NA,0.30434783,0.64444444,0.47252747,0.85714286,0.93103448,0.90697674,0.49450549,17.98529412,NA,NA,0.23076923,0.51648352,0.12087912,NA,0.13186813,NA,NA,82.9626929873512,96.2621758643617,91.4616088867188,NA,88.3141377766927,NA,NA,5.63585917154948,-3.62694793051862,2.00378799438477,NA,2.34265502293905,NA,NA,-9.73357500348772,9.33189034969249,3.77903990312056,NA,-0.663382450739543,NA,NA,0.529447291046381,1.13673577457666,-0.339596606791019,NA,-1.25021537020802,NA,NA,2.52117757641134,2.41858675441843,-3.08724187991836,NA,-10.4184614184002,0.31111111,0.63043478,0.47252747,0.85714286,0.93103448,0.90697674,0.50549451,18,88.2900254991319,11.1689224243164,2,0.11111111,108.265,9,0.5,"2024-08-04",0
"Gerrit Cole",13125,"2024-07-24","NYM",9,2024,"NYY","H",33,0,1,9.52941283387721,1,1,0,0,0,0,0,0,5.2,27,8,6,6,3,2,0,0,0,0,4,6.35294188925147,3.17647094462574,12.7058837785029,2,0,0,10,8,3,1,0,0,0,0.14814815,0.07407407,0.07407407,4.92276612218126,4.7647064169386,0.32,1.76470608034763,0.277777777777778,0.68965517,9.69589227557603,-0.166479441698822,4.94813890461744,236.45762902276,232.663634639787,121.252200948936,1.25,0.142857142,0.476190476,0.38095238,0.125,0.375,2,3.17647094462574,35,66,101,-0.391787976026535,-0.674199938774109,0.282411992549896,-3.48490023612976,-0.361879527568817,0.732607424259186,0.894533336162567,0.870000004768372,0.487199991941452,1,1,-0.312440931797028,-0.222344770685734,0,0,0.4,95.9,0.3,88.66666667,0.16,91.4375,0.12,82.91666667,0.02,89.5,0.00990099,-0.150215864181519,0.31331080198288,-3.02166295051575,-0.406390309333801,0.149577856063843,-0.375539660453796,1.04436933994293,-18.8853934407234,-3.38658591111501,7.47889280319214,0.2962963,0.69565217,0.48,0.75,0.9375,0.875,0.46,0.74074074,0.05940594,11,7,3,4,12,5,21,0.52380952,0.33333333,0.14285714,0.19047619,0.57142857,0.23809524,8.74340199790146,21,33.50141,49.96546,30.44806,78.74794,56.48324,78.44109,36.48814,50.29123,38.97958,51.6079,44.06687,54.35258,56.28607,42.28703,58.68719,60.96405,51.27501,62.47678,-0.55575,3.24347,87.6,91.32,85.72,105.38,114.56,125.6,NA,NA,NA,114.52,92.04,101.42,102.62,100.98,108.02,100.94,110.46,114.4,106.7248,105.0536,113.6468,0.4,0.16,NA,0.3,0.12,0.02,95.8575012207031,91.3000030517578,NA,88.6533365885417,82.9500020345052,89.3499984741211,-4.56152572631836,1.12077498435974,NA,2.33420893351237,4.10953426361084,-7.01944208145142,10.4188301086426,5.8251428604126,NA,1.34593811035156,-8.45617294311523,4.94089889526367,-0.158510457724333,-3.02848539501429,NA,0.315331399440765,-0.414289742708206,0.151296094059944,-0.396276144310832,-18.9280337188393,NA,1.05110466480255,-3.45241452256838,7.56480470299721,0.29787234,0.64150943,0.48,0.71428571,0.94117647,0.875,0.53,19.45945946,0.02,NA,0.12,0.4,0.16,NA,0.3,89.1146545410156,NA,82.7137858072917,95.6365051269531,91.0602722167969,NA,88.407275390625,-6.93365478515625,NA,4.57819493611654,-4.09165687561035,1.64529073238373,NA,3.03038558959961,3.56765699386597,NA,-9.99628829956055,9.59121704101562,5.05747699737549,NA,0.0497250080108643,0.151296094059944,NA,-0.414289742708206,-0.158510457724333,-3.02848539501429,NA,0.315331399440765,7.56480470299721,NA,-3.45241452256838,-0.396276144310832,-18.9280337188393,NA,1.05110466480255,0.28888889,0.63636364,0.48,0.69230769,0.94285714,0.875,0.55,21,90.8587878999256,13.0013427734375,3,0.14285714,109.816,10,0.47619048,"2024-07-24",0
"Gerrit Cole",13125,"2024-07-19","TBR",9,2024,"NYY","H",33,1,0,1.5,1,1,1,0,0,0,0,0,6,25,6,1,1,1,1,0,0,0,0,8,12,1.5,9,8,0,0,6,6,4,1,0,0,0,0.32,0.04,0.28,2.70721388401489,1.5,0.25,1.16666666666667,0.333333333333333,1,3.1664797782898,-1.6664797782898,2.511821517845,37.2201781701831,74.7751920086579,60.6425456128871,1,0.25,0.375,0.375,0.166666666,0.166666666,6,9,34,70,104,0.206840038299561,-0.201816007494926,0.408656060695648,1.94609999656677,0.202087223529816,0.822953820228577,0.717400014400482,0.870000004768372,0.342000007629395,1,1,0.0986982733011246,0.152640299065075,0,0,0.45631068,96.10638298,0.05825243,88.5,0.2815534,91.48275862,0.16504854,83.64705882,0.03883495,88,0.00961538,1.35744881629944,-0.303781867027283,-0.72599470615387,0.343200623989105,-0.490741670131683,2.88818897084987,-5.06303111712138,-2.50343002122024,2.01882719993591,-12.2685417532921,0.4,0.68421053,0.50485437,0.57692308,0.88461538,0.73076923,0.36893204,0.68,0.13461538,10,2,4,3,9,4,16,0.625,0.125,0.25,0.1875,0.5625,0.25,3.66890883729461,60,27.60886,43.83462,28.58867,62.29096,54.18384,61.52296,80,53.60261,80,54.3706,53.38761,49.12649,62.80856,53.40038,61.14492,62.23588,52.1843,62.475,-0.63476,3.12495,98.24,83.94,80.1,101.9,96.36,100.24,NA,NA,NA,124.54,137.54,145.12,117.5,92.38,112.08,111.22,114.26,119.06,108.338039215686,102.721176470588,109.41431372549,0.45631068,0.2815534,NA,0.05825243,0.16504854,0.03883495,96.0425531914894,91.3517224542026,NA,88.2333374023438,83.6823515050552,88.1999969482422,-4.0564396635015,1.50772568275189,NA,2.47853660583496,4.60179362577551,-5.66204261779785,10.1939132365775,4.47613841089709,NA,0.13557889064153,-8.2229829676011,3.73763108253479,1.4145559668541,-0.722455590963364,NA,-0.310103636234999,0.358509842306376,-0.498482432216406,3.00969354649808,-2.49122617573574,NA,-5.16839393724998,2.10888142533162,-12.4620608054101,0.37735849,0.64,0.50485437,0.5,0.875,0.73076923,0.48543689,20.64556962,0.03883495,NA,0.16504854,0.45631068,0.19417476,NA,0.14563107,88.024772644043,NA,83.5187126608456,95.9069460605053,91.4031188964844,NA,89.6453287760417,-5.98677730560303,NA,4.86414516673369,-3.90299370948305,1.36956834793091,NA,2.60722529093424,2.70599508285522,NA,-9.96813695571002,9.26174602102726,4.43902816772461,NA,0.400418027242025,-0.498482432216406,NA,0.358509842306376,1.44288093969226,-1.17264626175165,NA,0.140087034553289,-12.4620608054101,NA,2.10888142533162,3.06995944615374,-5.86323130875826,NA,0.933913563688596,0.39215686,0.61538462,0.50485437,0.55,0.84375,0.73076923,0.50485437,16,85.214485168457,9.39709281921387,1,0.0625,106.578,3,0.1875,"2024-07-19",0
"Gerrit Cole",13125,"2024-07-12","@BAL",9,2024,"NYY","A",33,1,0,1.5,1,1,1,0,0,0,0,0,6,24,5,1,1,0,1,0,0,0,0,7,10.5,1.5,7.5,7,0.142857142,0,7,7,2,1,1,0,0,0.29166667,0.04166667,0.25,3.00885061230878,0,0.217391304347826,1,0.3125,0.83333333,1.33314644495646,0.166853555043538,3.09715625221531,37.2201781701831,30.4431567843488,75.2042512014193,1,0.125,0.4375,0.4375,0.142857142,0,3,4.5,31,75,106,0.24038003385067,-0.396179974079132,0.636560022830963,1.80200004577637,0.193763434886932,1.33280003070831,1.09833335876465,0.870000004768372,1.49800002574921,1,1,0.114626348018646,0.0657308160811479,0,0,0.46226415,96.48979592,0.06603774,89,0.23584906,91.04,0.19811321,84.38095238,0.03773585,89.5,NA,-1.19488930702209,-0.0344252735376358,0.723368167877197,1.71180176734924,0.0586049854755402,-2.43854960616754,-0.491789621966226,2.89347267150879,8.15143698737735,1.4651246368885,0.38596491,0.65306122,0.50943396,0.68181818,0.8125,0.75925926,0.46226415,0.66666667,0.12264151,2,5,9,4,10,2,16,0.125,0.3125,0.5625,0.25,0.625,0.125,0.949705538226093,67,20.60398,38.91852,20,44.87887,52.54654,41.90335,54.91483,55.65601,46.60739,74.00677,54.34487,75.95434,67.26188,60.94127,64.09962,54.88225,52.83693,55.94555,-0.1779,3.81024,67.84,79.46,60.1,106.56,92.18,94.26,NA,NA,NA,118.96,112.62,130.28,130.98,124.1,152.14,113.84,101.12,116.96,112.859056603774,102.35,113.175471698113,0.46226415,0.16037736,NA,0.14150943,0.19811321,0.03773585,96.4448939732143,91.5294117647059,NA,89.613330078125,84.2142857142857,89.4250030517578,-4.60542328503667,1.35125519247616,NA,2.3098622639974,5.56946309407552,-6.95847082138062,9.94039169622927,4.90399169921875,NA,1.38195788065592,-7.92460777646019,7.07032537460327,-1.2285587862134,-0.206074293702841,NA,0.897687137126923,1.73433746397495,0.0590922757983208,-2.50726282900693,-1.21220172766377,NA,5.98458091417948,8.25874982845215,1.47730689495802,0.33333333,0.67272727,0.50943396,0.64705882,0.81081081,0.75925926,0.51886792,19.46341463,0.03773585,NA,0.19811321,0.46226415,0.14150943,NA,0.16037736,89.4557723999023,NA,84.2176862444196,96.4643853635204,91.6391194661458,NA,89.715669519761,-6.97569751739502,NA,6.21424647739955,-4.15631321498326,2.02157096862793,NA,2.96004171932445,5.97084760665894,NA,-9.48856244768415,9.05287948919802,4.09598668416341,NA,0.380889640134924,0.0590922757983208,NA,1.73433746397495,-1.2285587862134,0.174023807048798,NA,0.517589036375284,1.47730689495802,NA,8.25874982845215,-2.50726282900693,1.16015871365865,NA,3.04464139044285,0.27083333,0.70689655,0.50943396,0.46153846,0.85365854,0.75925926,0.54716981,16,84.9275665283203,16.0378017425537,0,0,107.229,3,0.1875,"2024-07-12",0
"Gerrit Cole",13125,"2024-07-06","BOS",9,2024,"NYY","H",33,0,0,8.30769291714103,1,1,0,0,0,0,0,0,4.1,22,7,4,4,1,2,0,0,0,0,8,16.6153858342821,4.15384645857051,14.5384626049968,4,0,0,2,7,3,0,0,0,0,0.36363636,0.09090909,0.27272727,3.08627453480339,2.07692322928526,0.35,2.07692322928526,0.545454545454545,0.65789474,3.85878752138488,4.44890539575615,3.30126259822811,206.142540372772,91.515961782996,80.2819210283891,0.285714285,0.25,0.166666666,0.583333333,0,0.142857142,3,6.23076968785577,34,56,90,-0.255255997180939,-0.632619976997375,0.377363950014114,-1.80289995670319,-0.187217026948929,1.16744351387024,1.02832007408142,0.870000004768372,0.683600008487701,1,1,-0.215429857373238,-0.00321540824199479,0,0,0.45555556,96.31707317,0.16666667,89.06666667,0.18888889,90.70588235,0.16666667,83.26666667,0.02222222,87.5,NA,-0.965775907039642,-0.498133957386017,-0.343733578920364,0.842272758483887,-0.820214450359344,-2.35555099277962,-3.32089304924011,-2.02196222894332,5.61515172322591,-41.0107225179672,0.28301887,0.78378378,0.48888889,0.53333333,0.79310345,0.70454545,0.41111111,0.45454545,0.14444444,5,3,4,3,7,2,12,0.41666667,0.25,0.33333333,0.25,0.58333333,0.16666667,4.19395809445168,37,20,51.68632,20,50.97646,47.8282,50.7617,34.73544,50.79825,33.13354,70.54043,52.1851,71.59043,29.24264,54.63843,34.13719,45.77323,48.97146,45.90615,0.388,4.65909,91.82,38.22,40.06,101.86,95.5,91.72,NA,NA,NA,113.88,92.14,106.72,116.66,114.3,127.14,114.28,70.04,84.14,108.484,90.2724444444444,95.7873333333333,0.45555556,0.26666667,NA,0.08888889,0.16666667,0.02222222,96.2975597846799,90.5250040690104,NA,88.0374984741211,83.3200032552083,87.75,-3.96274064226848,1.46613200505575,NA,2.36172270774841,4.40497894287109,-8.06560707092285,9.47796854158727,4.27818457285563,NA,0.77766627073288,-7.78308359781901,4.11088705062866,-0.971342980861664,-0.943424668163061,NA,0.0827829726040363,0.851847503334284,-0.828907065093517,-2.36912922161381,-3.93093611734609,NA,1.03478715755045,5.67898335556189,-41.4453532546759,0.21276596,0.79069767,0.48888889,0.4,0.76470588,0.68181818,0.47777778,20.89705882,0.02222222,NA,0.16666667,0.45555556,0.25555556,NA,0.1,87.6637496948242,NA,83.2376708984375,96.2221322408537,90.3195588485054,NA,88.4820895724826,-8.40674018859863,NA,4.59926452636719,-3.90100767554306,1.65488699208135,NA,2.31049537658691,3.23509001731873,NA,-9.26824442545573,8.62477223466082,3.65240876570992,NA,-0.685295899709066,-0.828907065093517,NA,0.851847503334284,-0.971342980861664,-0.274540185928345,NA,-0.58610150963068,-41.4453532546759,NA,5.67898335556189,-2.36912922161381,-1.19365298229715,NA,-6.51223899589645,0.24390244,0.69387755,0.48888889,0.4,0.76470588,0.68181818,0.54444444,12,88.0765177408854,26.4858551025391,1,0.08333333,110.241,4,0.33333333,"2024-07-06",0
"Gerrit Cole",13125,"2024-06-30","@TOR",9,2024,"NYY","A",33,1,0,1.8,1,1,0,0,0,0,0,0,5,20,3,1,1,0,1,0,2,0,0,6,10.8,1.8,5.4,6,0,0,5,4,2,1,0,0,0,0.3,0.05,0.25,2.96599908401489,0,0.176470588235294,0.8,0.272727272727273,0.83333333,2.5664797782898,-0.766479778289795,3.77608650326729,44.6642138042198,60.2665259352476,92.0943857696381,1.25,0.181818181,0.454545454,0.363636363,0.25,0,8,14.4,29,61,90,0.125973999500275,-0.209294021129608,0.335268020629883,1.39499998092651,0.147385090589523,0.869530022144318,0.730800032615662,0.910000026226044,0.164800003170967,1,1,0.136228144168854,0.00864781904356596,0,0,0.52222222,96.0212766,0.13333333,87.58333333,0.2,90.83333333,0.13333333,82.83333333,0.01111111,89,NA,0.333826303482056,-0.123686999082565,0.844875276088715,0.638514757156372,0,0.710268730812884,-1.03072499235471,4.69375153382619,5.32095630963643,0,0.3877551,0.68292683,0.52222222,0.63157895,0.89285714,0.78723404,0.45555556,0.75,0.11111111,6,4,1,1,6,4,11,0.54545455,0.36363636,0.09090909,0.09090909,0.54545455,0.36363636,2.4320220755226,64,80,40.63301,80,58.22655,61.83715,45.81385,52.013,45.77398,54.16645,51.84882,51.89796,56.46429,65.3379,48.74217,61.70723,59.81846,54.75643,54.67649,-0.48457,3.35024,103.52,210.44,184.24,119.08,88.74,105.48,NA,NA,NA,102.9,107.16,114.18,110.58,65.22,71.22,112.32,118.32,119.64,114.264444444444,95.3282222222222,105.779111111111,0.52222222,0.2,NA,0.13333333,0.13333333,0.01111111,95.9276616522606,90.7611083984375,NA,87.4166666666667,82.8083343505859,88.9000015258789,-5.46586641352227,0.316964864730835,NA,2.29464832941691,4.84905942281087,-7.81040048599243,10.9522990774601,5.49512566460503,NA,0.954010089238485,-8.33632024129232,5.69863700866699,0.328200943768024,0.856437668204308,NA,-0.127712059766054,0.643235206604004,0,0.698299880357499,4.75798704557949,NA,-1.06426716471712,5.3602933883667,0,0.3255814,0.70212766,0.52222222,0.57142857,0.87878788,0.78723404,0.52222222,18.17142857,0.01111111,NA,0.13333333,0.52222222,0.23333333,NA,0.1,88.8125991821289,NA,82.6843668619792,95.820000831117,90.2531331380208,NA,87.0298800998264,-7.30355978012085,NA,5.72961107889811,-4.74099439255735,1.38082422528948,NA,3.18965657552083,4.09748983383179,NA,-10.0425752003988,9.83564206387134,4.00962974911644,NA,-1.1998815536499,0,NA,0.643235206604004,0.328200943768024,0.851919990032911,NA,-0.123194381594658,0,NA,5.3602933883667,0.698299880357499,4.05676185729958,NA,-1.36882646216287,0.33333333,0.71111111,0.52222222,0.6,0.875,0.78723404,0.5,11,88.8931940252131,18.428788618608,1,0.09090909,104.165,4,0.36363636,"2024-06-30",0
"Gerrit Cole",13125,"2024-06-25","@NYM",9,2024,"NYY","A",33,0,1,13.5,1,1,0,0,0,0,0,0,4,21,7,6,6,4,4,0,0,0,0,0,0,9,15.75,0,0,0,4,11,2,1,0,0,0,0,0.19047619,-0.19047619,9.98989687491671,9,0.411764705882353,2.75,0.230769230769231,0.92592593,19.1664797782898,-5.66647977828979,10.3245028953999,334.981603531648,461.672953966264,255.003070278059,0.363636363,0.117647058,0.235294117,0.647058823,0.09090909,0.363636363,1,2.25,28,44,72,-0.288407981395721,-0.461955934762955,0.173547968268394,-4.16400003433228,-0.452854812145233,0.723885715007782,0.602800011634827,0.870000004768372,0.107799999415874,1,1,-0.617012143135071,0.218595686757532,0,0,0.41666667,95.5,0.09722222,87.28571429,0.30555556,91.22727273,0.08333333,81.33333333,0.09722222,87.42857143,NA,-5.21107769012451,0.330081582069397,1.54448509216309,-0.925401926040649,-1.28708124160767,-17.3702589670817,4.71545117241996,7.02038678255948,-15.4233654340108,-18.3868748801095,0.30434783,0.73076923,0.45833333,0.78571429,0.89473684,0.84848485,0.36111111,0.76190476,0.06944444,6,6,5,4,8,5,17,0.35294118,0.35294118,0.29411765,0.23529412,0.47058824,0.29411765,19.9478399939347,-1,54.52783,44.29528,64.29098,20,48.94258,20,53.7942,41.49724,63.90703,47.48394,39.48335,53.15009,55.36963,49.10625,55.87491,33.12617,45.81244,34.79638,1.17372,5.83767,85.42,122.2,115.2,104.24,29.46,35.6,NA,NA,NA,111.42,114.4,119.56,99.2,91.66,85.68,95.4,107.28,109.3,100.192394366197,75.0411267605634,77.6732394366197,0.41666667,0.30555556,NA,0.09722222,0.08333333,0.09722222,95.35,91.2227283824574,NA,87.0857107979911,81.5666656494141,87.1714303152902,-4.58431294759115,0.94404766776345,NA,2.53307288033622,4.09859784444173,-6.58567265101841,10.311289469401,6.00381816517223,NA,3.02235576084682,-8.18985748291016,6.2255483354841,-5.24206572026014,1.52865408360958,NA,0.333993054926395,-0.936148170381784,-1.28728710487485,-17.4735524008671,6.94842765277082,NA,4.77132935609136,-15.6024695063631,-18.3898157839264,0.19444444,0.72222222,0.45833333,0.57142857,0.92307692,0.84848485,0.5,18.33333333,0.09722222,NA,0.08333333,0.41666667,0.34722222,NA,0.05555556,87.1262381417411,NA,81.5428365071615,95.3609130859375,90.77525390625,NA,86.5286254882812,-6.32409449986049,NA,4.71773338317871,-4.06316274007161,1.76276977539063,NA,3.32159996032715,4.79695292881557,NA,-10.0050150553385,9.348974609375,4.87197998046875,NA,-0.484197735786438,-1.28728710487485,NA,-0.936148170381784,-5.24206572026014,1.70587739720941,NA,0.156769741326571,-18.3898157839264,NA,-15.6024695063631,-17.4735524008671,6.82350958883762,NA,3.91924353316426,0.19444444,0.72222222,0.45833333,0.57142857,0.92307692,0.84848485,0.5,17,92.6637178308823,26.0977352366728,5,0.29411765,108.831,9,0.52941176,"2024-06-25",0
"Gerrit Cole",13125,"2024-06-19","BAL",9,2024,"NYY","H",33,0,0,4.5,1,1,0,0,0,0,0,0,4,16,3,2,2,0,1,0,0,0,0,5,11.25,2.25,6.75,5,0,0,3,6,1,0,0,0,0,0.3125,0.0625,0.25,3.25442830276489,0,0.2,1,0.3,0.5,1.4164797782898,3.0835202217102,3.6844923876226,111.660534510549,32.4582492945447,89.815746783529,0.5,0.1,0.3,0.6,0,0,1,2.25,21,41,62,0.0607279725372791,-0.25081205368042,0.311540007591248,0.586099982261658,0.0608618855476379,0.997176468372345,1.01200008392334,0.870000004768372,1.94119989871979,1,1,0.0840801745653152,-0.0231802491625396,0,0,0.46774194,95.17241379,0.06451613,88.25,0.20967742,91.76923077,0.17741935,83,0.08064516,87.8,NA,0.920705735683441,-0.580372273921967,-0.273985832929611,0.624213337898254,0.0468769669532776,3.17484736442566,-14.5093068480492,-2.10758333022778,5.67466670816595,0.937539339065552,0.34210526,0.58333333,0.43548387,0.53846154,1,0.77777778,0.38709677,0.6875,0.09677419,2,6,2,0,5,5,10,0.2,0.6,0.2,0,0.5,0.5,0.931518518220205,54,65.59728,46.95425,64.09632,41.7778,50.47531,42.38,80,43.4115,80,66.32895,54.48985,69.12376,43.64586,46.63476,51.44889,51.83508,48.40825,59.15964,0.0114,4.09419,88.4,121.92,124.98,100.04,90.96,91.96,NA,NA,NA,116.42,145.48,135.88,108.46,118.02,130.2,96.5,108.34,115.56,100.909677419355,105.41935483871,109.18935483871,0.46774194,0.20967742,NA,0.06451613,0.17741935,0.08064516,95.0344827586207,91.8153827373798,NA,88,82.8363647460938,87.8599975585937,-3.41743679704337,1.63408866295448,NA,3.05172109603882,4.79796565662731,-7.6048828125,10.1411027579472,6.24310478797326,NA,0.444273352622986,-8.70472093061967,4.17002487182617,1.00912549346685,-0.276407793164253,NA,-0.624179169535637,0.632296618074179,0.0473589301109314,3.47974308092019,-2.12621379357118,NA,-15.6044792383909,5.74815107340162,0.947178602218628,0.3125,0.56666667,0.43548387,0.6,0.88235294,0.77777778,0.48387097,19.06521739,0.08064516,NA,0.17741935,0.46774194,0.20967742,NA,0.06451613,87.4963989257812,NA,82.471024946733,94.6908758755388,91.4482985276442,NA,87.6207733154297,-7.39715194702148,NA,5.31622903997248,-3.03626356453731,2.09930463937613,NA,3.61557006835938,2.57705993652344,NA,-10.494157964533,9.2280062971444,5.29607391357422,NA,-0.771265029907227,0.00822818651795387,NA,0.632296618074179,1.04825622960925,-0.276407793164253,NA,-0.624179169535637,0.164563730359077,NA,5.74815107340162,3.614676653825,-2.12621379357118,NA,-15.6044792383909,0.29032258,0.58064516,0.43548387,0.66666667,0.83333333,0.77777778,0.5,10,96.7409118652344,23.8931915283203,0,0,109.14,6,0.6,"2024-06-19",0
