"PlayerName","playerid","Date","Opp","teamid","season","Team","HomeAway","Age","W","L","ERA","G","GS","QS","CG","ShO","SV","HLD","BS","IP","TBF","H","R","ER","HR","BB","IBB","HBP","WP","BK","SO","K/9","BB/9","H/9","K/BB","IFH%","BUH%","GB","FB","LD","IFFB","IFH","BU","BUH","K%","BB%","K-BB%","SIERA","HR/9","AVG","WHIP","BABIP","LOB%","FIP","E-F","xFIP","ERA-","FIP-","xFIP-","GB/FB","LD%","GB%","FB%","IFFB%","HR/FB","RS","RS/9","Balls","Strikes","Pitches","WPA","-WPA","+WPA","RE24","REW","pLI","inLI","gmLI","exLI","Pulls","Games","WPA/LI","Clutch","SD","MD","FB%1","FBv","SL%","SLv","CT%","CTv","XX%","wFB","wSL","wCT","wFB/C","wSL/C","wCT/C","O-Swing%","Z-Swing%","Swing%","O-Contact%","Z-Contact%","Contact%","Zone%","F-Strike%","SwStr%","Pull","Cent","Oppo","Soft","Med","Hard","bipCount","Pull%","Cent%","Oppo%","Soft%","Med%","Hard%","tERA","pb_o_SI","pb_s_SI","pb_c_SI","pb_o_SL","pb_s_SL","pb_c_SL","pb_o_FC","pb_s_FC","pb_c_FC","pb_overall","pb_stuff","pb_command","pb_xRV100","pb_ERA","sp_s_SI","sp_l_SI","sp_p_SI","sp_s_SL","sp_l_SL","sp_p_SL","sp_s_FC","sp_l_FC","sp_p_FC","sp_stuff","sp_location","sp_pitching","pfxFC%","pfxSI%","pfxSL%","pfxvFC","pfxvSI","pfxvSL","pfxFC-X","pfxSI-X","pfxSL-X","pfxFC-Z","pfxSI-Z","pfxSL-Z","pfxwFC","pfxwSI","pfxwSL","pfxwFC/C","pfxwSI/C","pfxwSL/C","pfxO-Swing%","pfxZ-Swing%","pfxSwing%","pfxO-Contact%","pfxZ-Contact%","pfxContact%","pfxZone%","pfxPace","piFC%","piSI%","piSL%","pivFC","pivSI","pivSL","piFC-X","piSI-X","piSL-X","piFC-Z","piSI-Z","piSL-Z","piwFC","piwSI","piwSL","piwFC/C","piwSI/C","piwSL/C","piO-Swing%","piZ-Swing%","piSwing%","piO-Contact%","piZ-Contact%","piContact%","piZone%","Events","EV","LA","Barrels","Barrel%","maxEV","HardHit","HardHit%","gamedate","dh"
"Kenley Jansen",3096,"2024-09-22","MIN",3,2024,"BOS","H",36,0,0,0,1,0,0,0,0,0,0,0,1,3,0,0,0,0,0,0,0,0,0,1,9,0,0,1,0,0,1,1,0,0,0,0,0,0.33333333,0,0.33333333,1.87828464271067,0,0,0,0,1,1.1664797782898,-1.1664797782898,2.67848818451166,0,27.0063775332964,64.7888072114456,1,0,0.5,0.5,0,0,0,0,1,8,9,0.00125197891611606,0,0.00125197891611606,0.546999990940094,0.0526974946260452,0.0161333326250315,0.0383999980986118,0.0383999980986118,NA,0,1,0.0526025295257568,0.0249994728140181,0,0,NA,NA,0.11111111,82,0.88888889,93.5,NA,NA,0.177418887615204,0.550802171230316,NA,17.7418887615204,6.88502714037895,0.66666667,0.66666667,0.66666667,0.5,0.5,0.5,0.66666667,1,0.33333333,1,0,1,0,2,0,2,0.5,0,0.5,0,1,0,-0.392669226673431,NA,NA,NA,80,80,80,80,49.55723,80,80,59.34235,80,-3.15261,-0.65182,NA,NA,NA,196.58,121.6,195.46,130.32,114.82,145.08,137.682222222222,115.573333333333,150.677777777778,0.88888889,NA,0.11111111,93.5,NA,82.4000015258789,1.88611376285553,NA,8.98431777954102,11.23020362854,NA,3.52508091926575,0.557050622999668,NA,0.179673105478287,6.96313278749585,NA,17.9673105478287,1,0.57142857,0.66666667,0.5,0.5,0.5,0.77777778,20,0.88888889,NA,0.11111111,93.8105850219727,NA,82.6505966186523,2.49830746650696,NA,10.0480003356934,9.95673274993896,NA,2.19882988929749,0.557050622999668,NA,0.179673105478287,6.96313278749585,NA,17.9673105478287,1,0.625,0.66666667,0,0.6,0.5,0.88888889,2,93.3791961669922,19.8389587402344,0,0,97.7422,1,0.5,"2024-09-22",1
"Kenley Jansen",3096,"2024-09-20","MIN",3,2024,"BOS","H",36,0,0,0,1,0,0,0,0,0,0,0,1,3,0,0,0,0,0,0,0,0,0,0,0,0,0,0,0,0,2,1,0,0,0,0,0,0,0,0,4.72206241920756,0,0,0,0,1,3.1664797782898,-3.1664797782898,4.67848818451166,0,76.4551252906048,114.543946394147,2,0,0.666666666,0.333333333,0,0,0,0,2,9,11,0.146540001034737,0,0.146540001034737,0.546999990940094,0.0526974946260452,1.87773334980011,2.37040019035339,2.37040019035339,2.58119988441467,1,1,0.0780637785792351,-2.28783362180157e-05,1,0,0.09090909,92,0.36363636,78.75,0.54545455,92.16666667,NA,-0.0207000374794006,0.331066071987152,0.363627701997757,-2.07000374794006,8.2766517996788,6.06046169996262,0.33333333,0.75,0.63636364,1,0.83333333,0.85714286,0.72727273,1,0.09090909,2,1,0,1,1,1,3,0.66666667,0.33333333,0,0.33333333,0.33333333,0.33333333,1.24622064202669,80,20,80,72.68301,44.59416,80,80,39.55572,80,80,45.24109,80,-2.94948,-0.34713,122.66,139.62,124.98,110.12,126.14,114.88,140.82,130.24,163.86,128.005454545455,129.601818181818,142.514545454545,0.54545455,0.09090909,0.36363636,92.0833333333333,92,78.8499984741211,3.00920836130778,-2.94956564903259,5.56356191635132,10.8102633158366,11.1649541854858,-1.08263623714447,0.410161294043064,-0.0210469514131546,0.335341066122055,6.8360215673844,-2.10469514131546,8.38352665305138,0.66666667,0.625,0.63636364,1,0.8,0.85714286,0.72727273,24.125,0.54545455,0.09090909,0.36363636,92.3029378255208,92.2348022460938,79.0436477661133,3.57179673512777,-2.86918997764587,6.30036020278931,9.34440167744954,10.1141996383667,-2.79278087615967,0.410161294043064,-0.0210469514131546,0.335341066122055,6.8360215673844,-2.10469514131546,8.38352665305138,0.66666667,0.625,0.63636364,1,0.8,0.85714286,0.72727273,3,79.503184000651,-5.81181208292643,0,0,95.897,1,0.33333333,"2024-09-20",0
"Kenley Jansen",3096,"2024-09-18","@TBR",3,2024,"BOS","A",36,0,0,0,1,0,0,0,0,1,0,0,1,5,0,0,0,0,2,0,0,0,0,2,18,18,0,1,0,0,0,1,0,1,0,0,0,0.4,0.4,0,8.02816908401489,0,0,2,0,1,5.1664797782898,-5.1664797782898,6.67848818451166,0,125.903873047913,164.299085576848,0,0,0,1,1,0,0,0,14,11,25,0.183660000562668,-0.189135998487473,0.37279599905014,0.451999992132187,0.04964305087924,4.33522844314575,3.33239984512329,3.33239984512329,NA,0,1,0.0187584478408098,0.0236061017951027,1,0,0.08,91.5,0.08,80.5,0.84,92.23809524,NA,-0.0476108342409134,0.173208177089691,0.0465262420475483,-2.38054171204567,8.66040885448456,0.221553533559754,0.11764706,0.5,0.24,0.5,1,0.83333333,0.32,0.6,0.04,0,0,1,1,0,0,1,0,0,1,1,0,0,3.4690202531104,20,66.15886,20,36.8923,71.93823,26.89325,23.61576,46.17797,33.32155,20.78014,54.75679,20,1.94073,6.98819,104.4,63.22,68.36,151.74,69.46,104.04,100.28,56.8,66.92,104.7264,58.3264,70.0048,0.84,0.08,0.08,92.1857154482887,91.3999938964844,80.5500030517578,2.65949430919829,-3.03562879562378,10.6158008575439,12.3597281319754,13.0814323425293,0.225344985723495,0.0206176303327084,-0.0484858676791191,0.175081238150597,0.098179192060516,-2.42429338395596,8.75406190752983,0.07692308,0.41666667,0.24,1,0.8,0.83333333,0.48,21.5,0.84,0.08,0.08,91.952886672247,91.1643524169922,80.2994537353516,3.52945600237165,-2.5375599861145,11.8660497665405,10.3745974586124,11.3068504333496,-2.09869503974915,0.0206176303327084,-0.0484858676791191,0.175081238150597,0.098179192060516,-2.42429338395596,8.75406190752983,0.07692308,0.41666667,0.24,1,0.8,0.83333333,0.48,1,89.2149810791016,81.1373291015625,0,0,89.215,0,0,"2024-09-18",0
"Kenley Jansen",3096,"2024-09-12","@NYY",3,2024,"BOS","A",36,0,0,0,1,0,0,0,0,0,0,0,1,3,0,0,0,0,0,0,0,0,0,1,9,0,0,1,0,0,2,0,0,0,0,0,0,0.33333333,0,0.33333333,-0.694826464786218,0,0,0,0,1,1.1664797782898,-1.1664797782898,1.1664797782898,0,27.0063775332964,27.173712862954,2,0,1,0,0,0,0,0,2,7,9,0.135492011904716,0,0.135492011904716,0.49099999666214,0.0509864985942841,1.79946672916412,2.25040006637573,2.25040006637573,2.59439992904663,1,1,0.0753038823604584,-8.23520634046782e-06,1,0,0.11111111,90,0.22222222,81.5,0.66666667,93.16666667,NA,0.173169538378716,0.138761818408966,0.378551691770554,17.3169538378716,6.9380909204483,6.30919486284256,0.5,0.6,0.55555556,0.5,1,0.8,0.55555556,0.66666667,0.11111111,1,0,1,1,1,0,2,0.5,0,0.5,0.5,0.5,0,-0.230783829330867,65.46262,32.94462,80,20,29.98645,20,60.47578,28.74948,60.1066,51.93487,35.31148,60.28742,0.0052,4.08489,91.1,110.32,98.3,104.26,41.06,57.14,148.7,105.16,143.08,132.424444444444,91.4888888888889,119.006666666667,0.66666667,0.11111111,0.22222222,93.0166625976562,90.3000030517578,81.25,2.43598953882853,-4.06410312652588,4.59969997406006,10.8380012512207,10.7786054611206,-2.2786066532135,0.382996991276741,0.175375327467918,0.140326622873545,6.38328318794568,17.5375327467918,7.01633114367723,0.5,0.6,0.55555556,0.5,1,0.8,0.55555556,20.33333333,0.55555556,0.22222222,0.22222222,93.0351989746094,91.5037994384766,81.1808013916016,3.5436939239502,-2.18489146232605,5.26541519165039,9.48851165771484,10.0794401168823,-3.643394947052,0.325027048587799,0.23334527015686,0.140326622873545,6.50054097175598,11.667263507843,7.01633114367723,0.5,0.6,0.55555556,0.5,1,0.8,0.55555556,2,70.8563842773438,-8.13175201416016,0,0,84.9028,0,0,"2024-09-12",0
"Kenley Jansen",3096,"2024-09-11","BAL",3,2024,"BOS","H",36,0,0,0,1,0,0,0,0,0,0,0,1,3,1,0,0,0,0,0,0,0,0,0,0,0,9,0,0,0,1,1,1,0,0,0,0,0,0,0,6.03472908401489,0,0.333333333333333,1,0.333333333333333,1,3.1664797782898,-3.1664797782898,4.67848818451166,0,76.4551252906048,114.543946394147,1,0.333333333,0.333333333,0.333333333,0,0,0,0,3,8,11,0.146540001034737,-0.0609279721975327,0.207467973232269,0.546999990940094,0.0526974946260452,2.44826674461365,2.37040019035339,2.37040019035339,2.58119988441467,1,1,0.0406254306435585,0.0192291588766131,1,0,0.18181818,92,0.09090909,78,0.72727273,92.25,NA,0.0389156937599182,-0.0373910665512085,0.569106221199036,1.94578468799591,-3.73910665512085,7.11382776498795,0.5,0.4,0.45454545,0.66666667,1,0.8,0.45454545,0.66666667,0.09090909,1,1,1,0,3,0,3,0.33333333,0.33333333,0.33333333,0,1,0,6.24149373114265,80,59.73728,80,20,43.54375,20,59.2921,27.85973,64.36813,62.13434,40.65195,75.28004,-0.62845,3.13442,120.52,152.6,157.84,137.24,27.48,17.4,114.44,109.4,110.92,117.618181818182,109.807272727273,110.949090909091,0.72727273,0.18181818,0.09090909,92.25,91.8000030517578,78.1999969482422,2.39657163619995,-3.77907800674438,8.81738185882568,10.6952333450317,12.7148656845093,-0.471023827791214,0.578979980200529,0.039364367723465,-0.0380783230066299,7.23724975250661,1.96821838617325,-3.80783230066299,0.25,0.57142857,0.45454545,1,0.75,0.8,0.63636364,20.375,0.72727273,0.18181818,0.09090909,92.4881286621094,91.9999542236328,78.3891983032227,2.85751032829285,-3.44837522506714,9.05790042877197,9.64668464660645,11.3318004608154,-1.19999003410339,0.578979980200529,0.039364367723465,-0.0380783230066299,7.23724975250661,1.96821838617325,-3.80783230066299,0.5,0.4,0.45454545,0.66666667,1,0.8,0.45454545,3,81.3469899495443,18.484182993571,0,0,84.2425,0,0,"2024-09-11",0
"Kenley Jansen",3096,"2024-09-07","CHW",3,2024,"BOS","H",36,0,0,0,1,0,0,0,0,1,0,0,1,3,0,0,0,0,0,0,0,0,0,1,9,0,0,1,0,0,0,2,0,0,0,0,0,0.33333333,0,0.33333333,4.45139575020756,0,0,0,0,1,1.1664797782898,-1.1664797782898,4.19049659073353,0,27.0063775332964,102.403901559937,0,0,0,1,0,0,0,0,1,6,7,0.0807399749755859,0,0.0807399749755859,0.546999990940094,0.0526974946260452,1.02493333816528,1.58399999141693,1.58399999141693,NA,0,1,0.0792660564184189,-0.000490225865265759,1,0,NA,NA,NA,NA,1,91.71428571,NA,NA,NA,0.765959084033966,NA,NA,10.9422726290567,0.66666667,0.75,0.71428571,0.5,0.33333333,0.4,0.57142857,1,0.42857143,1,0,1,0,2,0,2,0.5,0,0.5,0,1,0,-0.547690095182117,NA,NA,NA,NA,NA,NA,80,33.21819,80,80,40.45976,80,-2.44654,0.40728,NA,NA,NA,NA,NA,NA,105.34,145.68,147.5,105.34,145.68,147.5,1,NA,NA,91.7857142857143,NA,NA,1.77732835497175,NA,NA,9.73336683000837,NA,NA,0.774748481810093,NA,NA,11.0678354544299,NA,NA,0.66666667,0.75,0.71428571,0.5,0.33333333,0.4,0.57142857,18,1,NA,NA,91.9903390066964,NA,NA,2.38312557765416,NA,NA,8.90004730224609,NA,NA,0.774748481810093,NA,NA,11.0678354544299,NA,NA,0.66666667,0.75,0.71428571,0.5,0.33333333,0.4,0.57142857,2,91.3348159790039,40.1310615539551,0,0,95.1065,1,0.5,"2024-09-07",0
"Kenley Jansen",3096,"2024-09-04","@NYM",3,2024,"BOS","A",36,0,0,108.000112652896,1,0,0,0,0,0,0,0,0.1,5,1,4,4,0,3,0,0,0,0,1,27.000028163224,81.0000844896721,27.000028163224,0.33333333,0,0,1,0,0,0,0,0,0,0.2,0.6,-0.4,17.1946890840149,0,0.5,12.0000125169885,1,0,24.1665016830196,83.8336109698765,24.1665016830196,2536.58645781477,595.667518323072,599.358358400458,1,0,1,0,0,0,0,0,15,13,28,-0.0917960107326508,-0.1180419921875,0.0262459870427847,-2.06099987030029,-0.224143549799919,0.898039996623993,0.492999970912933,0.492999970912933,0.592999994754791,1,1,-0.104068912565708,0.00185073622864072,0,1,0.07142857,91.5,0.10714286,80.33333333,0.82142857,92.82608696,NA,-0.526674032211304,0.0151102766394615,-0.627854943275452,-26.3337016105652,0.503675887982051,-2.72980410119762,0.11111111,0.7,0.32142857,0.5,0.85714286,0.77777778,0.35714286,0.8,0.07142857,0,1,0,0,0,1,1,0,1,0,0,0,1,14.11019542284,20,31.08114,20,80,68.27852,80,20,30.74585,20,20,41.91407,20,2.41182,7.69482,86.28,77.24,62.78,75.36,187.68,197.52,125.66,48.92,73.62,117.457857142857,65.81,86.1207142857143,0.82142857,0.07142857,0.10714286,92.7565174932065,91.5,80.3666687011719,1.87677632207456,-3.78306913375854,6.80201021830241,11.0226752239725,11.2900266647339,-0.887907028198242,-0.648280464112759,-0.534817155450583,0.0151214338839054,-2.81861071353373,-26.7408577725291,0.50404779613018,0.15789474,0.66666667,0.32142857,0.66666667,0.83333333,0.77777778,0.32142857,21.60869565,0.71428571,0.17857143,0.10714286,92.8864135742188,92.4703796386719,80.5070292154948,3.08634357452393,-1.94222164154053,7.68432680765788,9.65304794311523,11.2803398132324,-2.17292547225952,-0.547880884259939,-0.635216735303402,0.0151214338839054,-2.7394044212997,-12.704334706068,0.50404779613018,0.11764706,0.63636364,0.32142857,1,0.71428571,0.77777778,0.39285714,1,91.6087646484375,8.61474132537842,0,0,91.6088,0,0,"2024-09-04",0
"Kenley Jansen",3096,"2024-08-30","@DET",3,2024,"BOS","A",36,1,0,9,1,0,0,0,0,0,0,1,1,5,2,1,1,0,0,0,0,0,0,2,18,0,18,2,0,0,0,1,2,0,0,0,0,0.4,0,0.4,1.53488908401489,0,0.4,2,0.666666666666667,0.5,-0.833520221710205,9.83352022171021,0.678488184511662,211.381984329076,-22.4423702240119,15.0336680287444,0,0.666666666,0,0.333333333,0,0,3,27,8,10,18,-0.306839972734451,-0.663387954235077,0.356547981500626,-0.519999980926514,-0.0548523180186749,4.3077335357666,3.41240000724792,3.41240000724792,1.73599994182587,1,1,-0.0594075582921505,-0.0118224679355155,0,1,0.27777778,93,0.16666667,83,0.55555556,92.7,NA,0.176223859190941,-0.101694971323013,-0.514156699180603,3.52447718381882,-3.38983237743378,-5.14156699180603,0.27272727,0.85714286,0.5,0.33333333,1,0.77777778,0.38888889,0.6,0.11111111,2,1,0,0,2,1,3,0.66666667,0.33333333,0,0,0.66666667,0.33333333,4.49194549840953,20,36.34361,20,20,53.07359,20,43.1837,32.57305,39.50551,20,41.05716,20,3.49304,9.31665,106.82,-72.84,-69.84,95.4,37.66,45.64,99.84,129.54,135.5,101.038888888889,58.01,63.4844444444444,0.55555556,0.27777778,0.16666667,92.6400024414063,92.8599975585937,82.9666646321615,1.57099885940552,-3.27007598876953,6.58977127075195,10.0311721801758,10.417333984375,2.12185986836751,-0.477125182747841,0.178310327231884,-0.104513272643089,-4.77125182747841,3.56620654463768,-3.48377575476964,0.27272727,0.85714286,0.5,0.33333333,1,0.77777778,0.38888889,26,0.55555556,0.27777778,0.16666667,92.88671875,93.0736572265625,83.1673685709635,2.35009708404541,-2.83368797302246,7.39206695556641,8.88055725097656,9.78521575927734,0.54864243666331,-0.477125182747841,0.178310327231884,-0.104513272643089,-4.77125182747841,3.56620654463768,-3.48377575476964,0.3,0.75,0.5,0.33333333,1,0.77777778,0.44444444,3,93.8740743001302,17.7305234273275,0,0,97.8152,1,0.33333333,"2024-08-30",0
"Kenley Jansen",3096,"2024-08-28","TOR",3,2024,"BOS","H",36,0,0,0,1,0,0,0,0,1,0,0,1,3,0,0,0,0,0,0,0,0,0,1,9,0,0,1,0,0,0,2,0,0,0,0,0,0.33333333,0,0.33333333,4.45139575020756,0,0,0,0,1,1.1664797782898,-1.1664797782898,4.19049659073353,0,27.0063775332964,102.403901559937,0,0,0,1,0,0,0,0,0,6,6,0.0370320118963718,0,0.0370320118963718,0.546999990940094,0.0526974946260452,0.469199985265732,0.808799982070923,0.808799982070923,NA,0,1,0.079264760017395,-0.000338900982257306,0,0,NA,NA,0.16666667,82,0.83333333,93.6,NA,NA,0.054188709706068,0.711770355701447,NA,5.4188709706068,14.2354071140289,0.5,0.75,0.66666667,1,1,1,0.66666667,1,0,0,1,1,0,2,0,2,0,0.5,0.5,0,1,0,-0.547690095182117,NA,NA,NA,80,49.81508,80,64.58859,48.33629,55.46103,79.59759,54.06284,74.62975,-1.71338,1.50702,NA,NA,NA,111.58,155.02,164.36,111.36,104.78,115.38,111.396666666667,113.153333333333,123.543333333333,0.83333333,NA,0.16666667,93.5,NA,82.0999984741211,0.224318194389343,NA,5.15988445281982,11.6230834960938,NA,2.73577260971069,0.7621860653162,NA,0.054773960262537,15.243721306324,NA,5.4773960262537,0,0.8,0.66666667,NA,1,1,0.83333333,20,0.83333333,NA,0.16666667,93.4900634765625,NA,82.0850982666016,1.02075977325439,NA,6.3740701675415,10.4827499389648,NA,1.52862000465393,0.7621860653162,NA,0.054773960262537,15.243721306324,NA,5.4773960262537,0,0.8,0.66666667,NA,1,1,0.83333333,2,86.1909103393555,26.1668434143066,0,0,87.0972,0,0,"2024-08-28",0
"Kenley Jansen",3096,"2024-08-27","TOR",3,2024,"BOS","H",36,0,0,9,1,0,0,0,0,0,0,0,1,4,1,1,1,1,0,0,0,0,0,0,0,0,9,0,0,0,3,1,0,0,0,0,0,0,0,0,3.65572908401489,9,0.25,1,0,1,16.1664797782898,-7.16647977828979,4.67848818451166,211.381984329076,397.871985713109,114.543946394147,3,0,0.75,0.25,0,1,0,0,4,10,14,0.0165840163826942,-0.00273598660714924,0.0193200036883354,-0.453000009059906,-0.0436416193842888,0.193499997258186,0.381999999284744,0.381999999284744,NA,0,1,0.0231643058359623,0.0625412064001245,0,0,0.21428571,92,0.14285714,80.5,0.64285714,91.55555556,NA,0.203766569495201,0.0990359857678413,-1.07695317268372,6.79221898317337,4.95179928839207,-11.9661463631524,0.2,0.77777778,0.57142857,0,1,0.875,0.64285714,0.5,0.07142857,1,3,0,0,1,3,4,0.25,0.75,0,0,0.25,0.75,16.5864822525866,80,60.6319,80,78.3273,30.66557,80,48.26187,30.16703,34.4533,68.6885,41.31871,57.6008,-1.03564,2.52363,99.62,122.34,125.56,100.78,120.02,135.88,91.02,117.3,120.42,94.2571428571429,118.768571428571,123.73,0.64285714,0.21428571,0.14285714,91.4555528428819,91.6666666666667,80.5,2.28069432576497,-3.29474290211995,2.93792915344238,10.7661370171441,12.0190289815267,-1.57326507568359,-1.07385957241058,0.206070054322481,0.100340276956558,-11.9317730267843,6.86900181074937,5.01701384782791,0.25,0.7,0.57142857,0,1,0.875,0.71428571,20.3,0.64285714,0.21428571,0.14285714,91.5691867404514,91.7862955729167,80.5768508911133,2.96610111660428,-2.67583656311035,3.72080993652344,9.47685241699219,10.8345667521159,-2.97693490982056,-1.07385957241058,0.206070054322481,0.100340276956558,-11.9317730267843,6.86900181074937,5.01701384782791,0.25,0.7,0.57142857,0,1,0.875,0.71428571,4,98.9052963256836,0.761556923389435,1,0.25,106.748,2,0.5,"2024-08-27",0
"Kenley Jansen",3096,"2024-08-20","@HOU",3,2024,"BOS","A",36,0,0,0,1,0,0,0,0,1,0,0,1,3,0,0,0,0,0,0,0,0,0,0,0,0,0,0,0,0,0,3,0,1,0,0,0,0,0,0,13.2527290840149,0,0,0,0,1,3.1664797782898,-3.1664797782898,7.70250499695539,0,76.4551252906048,189.77413509113,0,0,0,1,0.333333333,0,0,0,4,8,12,0.192019999027252,0,0.192019999027252,0.476999998092651,0.0505564361810684,2.56666660308838,3.4028000831604,3.4028000831604,NA,0,1,0.0749051794409752,-9.21909538061372e-05,1,0,NA,NA,0.08333333,81,0.91666667,91.81818182,NA,NA,0.252240389585495,0.514756798744202,NA,25.2240389585495,4.67960726131092,0.33333333,0.83333333,0.58333333,1,1,1,0.5,0.66666667,0,1,1,1,1,1,1,3,0.33333333,0.33333333,0.33333333,0.33333333,0.33333333,0.33333333,-0.310713154547477,NA,NA,NA,80,26.78949,80,43.92197,25.24725,44.47113,52.7976,33.56126,52.70449,-0.04839,4.00451,NA,NA,NA,101.84,155.56,166.48,120.66,98.88,119.12,119.091666666667,103.603333333333,123.066666666667,0.91666667,NA,0.08333333,91.5272716175426,NA,80.9000015258789,2.42786320773038,NA,4.16919612884521,10.6648032448509,NA,-1.86222791671753,0.520650394260883,NA,0.237643033266068,4.73318540237167,NA,23.7643033266068,0,0.875,0.58333333,NA,1,1,0.66666667,19.77777778,0.91666667,NA,0.08333333,91.3775024414062,NA,80.7190017700195,3.18696351484819,NA,5.01117992401123,8.94847800514915,NA,-3.52059006690979,0.520650394260883,NA,0.237643033266068,4.73318540237167,NA,23.7643033266068,0,0.875,0.58333333,NA,1,1,0.66666667,3,85.4386596679688,44.0301411946615,1,0.33333333,100.339,1,0.33333333,"2024-08-20",0
"Kenley Jansen",3096,"2024-08-19","@HOU",3,2024,"BOS","A",36,0,1,27.000028163224,1,0,0,0,0,0,0,0,0.1,2,1,1,1,1,0,0,0,0,0,1,27.000028163224,0,27.000028163224,1,0,0,0,1,0,0,0,0,0,0.5,0,0.5,1.65247908401489,27.000028163224,0.5,3.00000312924711,0,1,36.1665142000081,-9.16648603678403,1.70250346990911,634.146614453692,892.360314341624,40.5086795538261,0,0,0,1,0,1,0,0,0,4,4,-0.367445975542068,-0.423433989286423,0.0559880025684834,-0.776000022888184,-0.0822469517588615,1.99430012702942,2.23480010032654,2.23480010032654,NA,0,1,-0.216385215520859,0.0321371324154375,0,1,NA,NA,NA,NA,1,92,NA,NA,NA,-1.14409363269806,NA,NA,-28.6023408174515,NA,0.75,0.75,NA,0.33333333,0.33333333,1,1,0.5,1,0,0,0,0,1,1,1,0,0,0,0,1,33.561809953254,NA,NA,NA,NA,NA,NA,80,32.9979,80,80,40.27436,80,-2.40689,0.46676,NA,NA,NA,NA,NA,NA,109.48,114.32,115.98,109.48,114.32,115.98,1,NA,NA,91.75,NA,NA,1.96712362766266,NA,NA,11.6294317245483,NA,NA,-1.14244874939322,NA,NA,-28.5612187348306,NA,NA,NA,0.75,0.75,NA,0.33333333,0.33333333,1,18.5,1,NA,NA,91.6771774291992,NA,NA,2.70757746696472,NA,NA,10.0445051193237,NA,NA,-1.14244874939322,NA,NA,-28.5612187348306,NA,NA,NA,0.75,0.75,NA,0.33333333,0.33333333,1,1,106.022216796875,33.507755279541,1,1,106.022,1,1,"2024-08-19",0
"Kenley Jansen",3096,"2024-08-17","@BAL",3,2024,"BOS","A",36,0,0,0,1,0,0,0,0,0,0,0,1,3,0,0,0,0,0,0,0,0,0,1,9,0,0,1,0,0,0,2,0,1,0,0,0,0.33333333,0,0.33333333,4.45139575020756,0,0,0,0,1,1.1664797782898,-1.1664797782898,4.19049659073353,0,27.0063775332964,102.403901559937,0,0,0,1,0.5,0,0,0,1,6,7,0.0159600004553795,0,0.0159600004553795,0.467000007629395,0.0502150543034077,0.212666675448418,0.398000001907349,0.398000001907349,NA,0,1,0.0748026818037033,0.000244339182199044,0,0,0.14285714,91,NA,NA,0.85714286,91.66666667,NA,-0.0238054171204567,NA,0.78976446390152,-2.38054171204567,NA,13.1627410650253,0.5,0.6,0.57142857,1,0.66666667,0.75,0.71428571,1,0.14285714,1,1,0,1,0,1,2,0.5,0.5,0,0.5,0,0.5,-1.60240142897586,20,47.41805,20,NA,NA,NA,71.64868,29.41436,73.49907,60.54139,37.90572,69.8131,-0.52949,3.28286,86.78,25.1,10.36,NA,NA,NA,106.7,131.82,134.86,103.854285714286,116.574285714286,117.074285714286,0.85714286,0.14285714,NA,91.5999959309896,90.8000030517578,NA,2.70283667246501,-3.61768841743469,NA,10.310141881307,11.0205726623535,NA,0.798991441726685,-0.0242429338395596,NA,13.3165240287781,-2.42429338395596,NA,0.5,0.6,0.57142857,1,0.66666667,0.75,0.71428571,19,0.85714286,0.14285714,NA,91.591552734375,90.8056030273438,NA,3.38065656026204,-2.64164996147156,NA,9.22589874267578,9.99475002288818,NA,0.798991441726685,-0.0242429338395596,NA,13.3165240287781,-2.42429338395596,NA,0.5,0.6,0.57142857,1,0.66666667,0.75,0.71428571,2,93.1346130371094,43.9146995544434,1,0.5,104.396,1,0.5,"2024-08-17",0
"Kenley Jansen",3096,"2024-08-16","@BAL",3,2024,"BOS","A",36,0,0,0,1,0,0,0,0,1,0,0,1,3,0,0,0,0,0,0,0,0,0,2,18,0,0,2,0,0,1,0,0,0,0,0,0,0.66666667,0,0.66666667,-0.412826469756885,0,0,0,0,1,-0.833520221710205,0.833520221710205,-0.833520221710205,0,-22.4423702240119,-22.5814263197472,1,0,1,0,0,0,0,0,4,8,12,0.0836799964308739,0,0.0836799964308739,0.467000007629395,0.0502150543034077,1.121333360672,1.73399996757507,1.73399996757507,NA,0,1,0.075037881731987,-0.000412440836582095,1,0,0.25,93.66666667,0.08333333,84,0.66666667,92.375,NA,0.425207495689392,-0.0207000374794006,0.340202927589417,14.1735831896464,-2.07000374794006,4.25253659486771,0.375,1,0.58333333,0.33333333,1,0.71428571,0.33333333,0.66666667,0.16666667,0,1,0,0,1,0,1,0,1,0,0,1,0,-1.69410640757674,29.72863,61.32294,20,43.92932,53.79843,66.99338,64.03793,32.65394,61.77084,56.48428,45.87549,50.76485,-0.27743,3.66095,139.84,60.48,74.34,128.64,116.26,88.9,115.22,118.72,133.26,122.493333333333,103.955,114.833333333333,0.66666667,0.25,0.08333333,92.3375015258789,93.4666646321615,84.3000030517578,2.74215006828308,-3.72884082794189,4.52455949783325,10.2400140762329,11.2152633666992,3.48445200920105,0.343891080468893,0.430334687232971,-0.0210469514131546,4.29863850586116,14.3444895744324,-2.10469514131546,0.4,0.71428571,0.58333333,0,0.8,0.57142857,0.58333333,21.22222222,0.66666667,0.25,0.08333333,92.1873016357422,93.2879638671875,84.095703125,3.51348996162415,-3.10929012298584,5.79781007766724,9.19990253448486,10.3388036092122,1.89318001270294,0.343891080468893,0.430334687232971,-0.0210469514131546,4.29863850586116,14.3444895744324,-2.10469514131546,0.33333333,0.83333333,0.58333333,0,0.8,0.57142857,0.5,1,100.159515380859,-2.69657611846924,0,0,100.16,1,1,"2024-08-16",0
"Kenley Jansen",3096,"2024-08-13","TEX",3,2024,"BOS","H",36,0,0,0,1,0,0,0,0,1,0,0,1.1,4,0,0,0,0,0,0,0,0,0,1,6.75000160932579,0,0,1,0,0,0,2,1,0,0,0,0,0.25,0,0.25,4.46147908401489,0,0,0,0,1,1.66647942066184,-1.66647942066184,3.93449257073111,0,39.3685556304963,96.0351437366616,0,0.333333333,0,0.666666666,0,0,3,20.2500048279774,3,10,13,0.0443760715425014,0,0.0443760715425014,0.793999969959259,0.0764932557940483,0.384299993515015,0.538533329963684,1.26199996471405,NA,0,1,0.105651497840881,0.00982097754641702,0,0,0.07692308,92,0.07692308,79,0.84615385,90.81818182,NA,0.228434979915619,0.054188709706068,0.750686049461365,22.8434979915619,5.4188709706068,6.82441863146695,0.4,0.5,0.46153846,0,1,0.66666667,0.61538462,1,0.15384615,1,0,2,1,2,0,3,0.33333333,0,0.66666667,0.33333333,0.66666667,0,2.91563186228478,NA,NA,NA,NA,NA,NA,NA,NA,NA,NA,NA,NA,NA,NA,100.52,153.12,156.26,97.1,30.42,32.42,122.52,91.16,108.56,118.872307692308,91.2538461538462,106.372307692308,0.84615385,0.07692308,0.07692308,90.8090931285511,92.0999984741211,79.3000030517578,3.15523598410866,-4.54590940475464,3.08931136131287,9.98810091885653,10.9554471969604,-4.78024053573608,0.801550455391407,0.213400110602379,0.054773960262537,7.28682232174006,21.3400110602379,5.4773960262537,0.33333333,0.57142857,0.46153846,0,1,0.66666667,0.53846154,18.44444444,0.84615385,0.07692308,0.07692308,90.6188798384233,91.8760986328125,79.0783004760742,3.6746000810103,-4.23773002624512,3.65149998664856,8.72526619651101,10.0146999359131,-6.37679004669189,0.801550455391407,0.213400110602379,0.054773960262537,7.28682232174006,21.3400110602379,5.4773960262537,0.33333333,0.57142857,0.46153846,0,1,0.66666667,0.53846154,3,87.1384582519531,42.7095540364583,0,0,93.8885,0,0,"2024-08-13",0
"Kenley Jansen",3096,"2024-08-12","TEX",3,2024,"BOS","H",36,0,0,0,1,0,0,0,0,0,0,0,1,3,0,0,0,0,0,0,0,0,0,1,9,0,0,1,0,0,0,2,0,0,0,0,0,0.33333333,0,0.33333333,4.45139575020756,0,0,0,0,1,1.1664797782898,-1.1664797782898,4.19049659073353,0,27.0063775332964,102.403901559937,0,0,0,1,0,0,0,0,5,9,14,0.146540001034737,0,0.146540001034737,0.546999990940094,0.0526974946260452,1.87773334980011,2.37040019035339,2.37040019035339,2.58119988441467,1,1,0.0780637785792351,-2.28783362180157e-05,1,0,NA,NA,0.07142857,83,0.92857143,91.53846154,NA,NA,0.210907548666,0.555051505565643,NA,21.0907548666,4.26962696588956,0.25,1,0.57142857,0.5,0.83333333,0.75,0.42857143,0.33333333,0.14285714,0,2,0,0,1,1,2,0,1,0,0,0.5,0.5,-0.547690095182117,NA,NA,NA,59.85563,37.40657,74.64695,47.48143,24.29394,44.73244,51.06746,33.73219,45.86588,0.05909,4.16573,NA,NA,NA,97,96.14,93.3,124.64,116.84,135.14,122.665714285714,115.361428571429,132.151428571429,0.92857143,NA,0.07142857,91.5615422175481,NA,82.8000030517578,2.51669282179612,NA,3.52758145332336,10.4072136512169,NA,-3.05253386497498,0.561348401010036,NA,0.213400110602379,4.31806462315413,NA,21.3400110602379,0.16666667,0.875,0.57142857,0,0.85714286,0.75,0.57142857,20.54545455,0.85714286,0.07142857,0.07142857,91.3165079752604,92.8406982421875,82.6026992797852,3.44741757710775,-0.964949011802673,4.17285013198853,9.31894048055013,11.5110998153687,-4.2947998046875,0.609670557081699,-0.0483221560716629,0.213400110602379,5.08058797568083,-4.83221560716629,21.3400110602379,0.16666667,0.875,0.57142857,0,0.85714286,0.75,0.57142857,2,87.9850769042969,33.9573822021484,0,0,92.8247,0,0,"2024-08-12",0
"Kenley Jansen",3096,"2024-08-06","@KCR",3,2024,"BOS","A",36,0,0,0,1,0,0,0,0,1,0,0,1.1,4,0,0,0,0,0,0,0,0,0,3,20.2500048279774,0,0,3,0,0,0,1,0,0,0,0,0,0.75,0,0.75,-0.543708415985107,0,0,0,0,1,-1.33352129459407,1.33352129459407,-0.19951471955943,0,-34.8045836897208,-6.80891031869213,0,0,0,1,0,0,0,0,3,10,13,0.312330007553101,-0.013323986902833,0.325654000043869,0.870000004768372,0.085168868303299,3.14436006546021,3.5262668132782,3.47760009765625,NA,0,1,0.101924516260624,-0.00259428656334901,1,0,0.07692308,94,0.30769231,81.25,0.61538462,92.125,NA,0.0572940893471241,0.23280942440033,0.758657455444336,5.72940893471241,5.82023561000824,9.4832181930542,0.25,0.77777778,0.61538462,1,0.71428571,0.75,0.69230769,0.75,0.15384615,0,0,1,0,1,0,1,0,0,1,0,1,0,-2.11485877617289,80,67.50038,80,34.19685,31.22391,61.99833,57.05931,23.32284,53.60947,59.04273,35.83092,66.89692,-0.43638,3.42252,97.4,187.74,188.64,107.52,82.26,98.8,141.8,104.94,141.88,127.836923076923,104.330769230769,132.221538461538,0.61538462,0.07692308,0.30769231,92.0124969482422,93.9000015258789,81.3000030517578,2.50137782096863,-2.29954123497009,2.26749229431152,10.8009586334229,11.7407102584839,-1.7745246887207,0.767479855567217,0.057969942688942,0.234973333775997,9.59349819459021,5.7969942688942,5.87433334439993,0.25,0.77777778,0.61538462,1,0.71428571,0.75,0.69230769,21.125,0.61538462,0.07692308,0.30769231,92.0916976928711,93.9829025268555,81.3643264770508,3.0886025428772,-2.07290005683899,2.89051246643066,9.7224292755127,10.6507997512817,-3.01744747161865,0.767479855567217,0.057969942688942,0.234973333775997,9.59349819459021,5.7969942688942,5.87433334439993,0.25,0.77777778,0.61538462,0,0.71428571,0.625,0.69230769,1,95.4684295654297,39.4755516052246,0,0,95.4684,1,1,"2024-08-06",0
"Kenley Jansen",3096,"2024-07-31","SEA",3,2024,"BOS","H",36,0,0,0,1,0,0,0,0,0,0,0,1,4,0,0,0,0,1,0,0,0,0,1,9,9,0,1,0,0,1,1,0,1,0,0,0,0.25,0.25,0,6.21610408401489,0,0,1,0,1,4.1664797782898,-4.1664797782898,5.67848818451166,0,101.179499169259,139.421515985497,1,0,0.5,0.5,1,0,0,0,9,9,18,0.146539986133575,-0.0705920159816742,0.21713200211525,0.546999990940094,0.0526974946260452,2.34112000465393,2.37040019035339,2.37040019035339,2.58119988441467,1,1,0.0415369682013988,0.0210569978670929,1,0,0.16666667,92.33333333,0.27777778,81.6,0.55555556,92.3,NA,0.101759299635887,-0.0676809325814247,0.386426329612732,3.39197665452957,-1.35361865162849,3.86426329612732,0.09090909,0.57142857,0.27777778,1,0.75,0.8,0.38888889,0.5,0.05555556,1,0,1,1,1,0,2,0.5,0,0.5,0.5,0.5,0,1.8709244849357,20,42.57535,20,47.48572,41.95544,60.86214,33.41881,20.75696,31.65612,29.67987,36.48073,22.67435,1.38783,6.15884,94.38,-53.84,-49.4,107.42,118.16,140.42,109.54,86.04,86.76,106.424444444444,71.6488888888889,78.9722222222222,0.55555556,0.16666667,0.27777778,92.15,92.4666646321615,81.6799987792969,2.68649597167969,-3.36194038391113,2.33160934448242,9.12442626953125,11.0274378458659,-1.66164493560791,0.371947381645441,0.100723627954721,-0.0692991949617863,3.71947381645441,3.35745426515738,-1.38598389923573,0.09090909,0.57142857,0.27777778,1,0.75,0.8,0.38888889,20.14285714,0.55555556,0.16666667,0.27777778,92.0162719726563,92.3536987304688,81.53662109375,3.18267955780029,-2.96135648091634,2.83622207641602,8.18372039794922,10.0635433197021,-2.79918994903564,0.371947381645441,0.100723627954721,-0.0692991949617863,3.71947381645441,3.35745426515738,-1.38598389923573,0.09090909,0.57142857,0.27777778,1,0.75,0.8,0.38888889,2,95.6744079589844,37.7953491210938,0,0,98.6085,1,0.5,"2024-07-31",0
"Kenley Jansen",3096,"2024-07-27","NYY",3,2024,"BOS","H",36,0,0,9,1,0,0,0,0,0,0,1,1,5,2,1,1,0,0,0,0,0,0,1,9,0,18,1,0,0,1,3,0,0,0,0,0,0.2,0,0.2,4.59096908401489,0,0.4,2,0.5,0.5,1.1664797782898,7.8335202217102,5.70250499695539,211.381984329076,27.0063775332964,140.018995908429,0.333333333,0,0.25,0.75,0,0,0,0,6,13,19,-0.180928006768227,-0.466692000627518,0.28576397895813,-0.453000009059906,-0.0436416119337082,3.48959994316101,2.92880010604858,2.92880010604858,2.58119988441467,1,1,-0.053208589553833,0.00136081052036156,0,1,0.10526316,94.5,0.21052632,85,0.68421053,93.92307692,NA,0.121488839387894,0.267217129468918,-1.17673146724701,6.07444196939468,6.68042823672295,-9.05178051728469,0.18181818,0.875,0.47368421,0.5,0.85714286,0.77777778,0.42105263,0.6,0.10526316,1,2,1,0,2,2,4,0.25,0.5,0.25,0,0.5,0.5,0.0952760027666502,80,68.9395,80,35.16016,37.43454,45.02981,44.79195,41.0814,49.21861,52.15654,48.15024,56.96013,-0.00857,4.06424,102.14,149.1,163.46,112.08,70.36,93.22,138.16,89.88,117.92,128.877894736842,92.0042105263158,117.513684210526,0.68421053,0.10526316,0.21052632,93.8615347055288,94.6500015258789,84.9499969482422,2.43342619675856,-3.56360530853271,3.30604362487793,11.1322843111478,11.559663772583,-0.453163802623749,-1.18735278397799,0.122987736016512,0.270022056996822,-9.13348295367681,6.1493868008256,6.75055142492056,0.25,0.63636364,0.47368421,0.5,0.85714286,0.77777778,0.57894737,22.85714286,0.68421053,0.10526316,0.21052632,93.874765249399,94.6301498413086,84.927848815918,3.15919259878305,-3.00067496299744,4.27324247360229,9.71756803072416,10.3512992858887,-2.04815173149109,-1.18735278397799,0.122987736016512,0.270022056996822,-9.13348295367681,6.1493868008256,6.75055142492056,0.25,0.63636364,0.47368421,0.5,0.85714286,0.77777778,0.57894737,4,93.3105010986328,22.3733730316162,1,0.25,109.182,1,0.25,"2024-07-27",0
"Kenley Jansen",3096,"2024-07-26","NYY",3,2024,"BOS","H",36,0,0,0,1,0,0,0,0,1,0,0,1,5,2,0,0,0,0,0,0,0,0,2,18,0,18,2,0,0,1,0,2,0,0,0,0,0.4,0,0.4,1.04688908401489,0,0.4,2,0.666666666666667,1,-0.833520221710205,0.833520221710205,-0.833520221710205,0,-22.4423702240119,-22.5814263197472,1,0.666666666,0.333333333,0,0,0,0,0,4,14,18,0.0807399749755859,-0.130528017878532,0.211267992854118,0.546999990940094,0.0526974946260452,2.32920002937317,1.58399999141693,1.58399999141693,NA,0,1,-0.0111284144222736,0.0457926656490412,1,0,0.05555556,93,0.05555556,84,0.88888889,93.4375,NA,-0.429545164108276,0.235493034124374,0.116051286458969,-42.9545164108276,23.5493034124374,0.725320540368557,0.55555556,0.55555556,0.55555556,0.8,0.8,0.8,0.5,0.4,0.11111111,1,1,1,0,1,2,3,0.33333333,0.33333333,0.33333333,0,0.33333333,0.66666667,4.70251558135542,80,54.77345,80,77.57591,44.52789,80,51.66956,38.37721,60.80771,60.32138,45.4616,75.56355,-0.51582,3.30336,89.92,235.82,234.24,144.08,140.56,141.48,128,79.72,100.42,126.777777777778,91.7722222222222,110.135555555556,0.88888889,0.05555556,0.05555556,93.3125,93.4000015258789,84.0999984741211,2.49443387985229,-3.92694997787476,3.06161975860596,10.6748533248901,11.3386287689209,-1.70170247554779,0.114962238818407,-0.436161160469055,0.238738894462585,0.718513992615044,-43.6161160469055,23.8738894462585,0.5,0.58333333,0.55555556,0.66666667,0.85714286,0.8,0.66666667,23.76923077,0.88888889,0.05555556,0.05555556,93.3714447021484,93.4168014526367,84.1120986938477,3.22057747840881,-3.60839009284973,3.95689010620117,9.43684577941895,10.2402000427246,-3.33332991600037,0.114962238818407,-0.436161160469055,0.238738894462585,0.718513992615044,-43.6161160469055,23.8738894462585,0.42857143,0.63636364,0.55555556,0.66666667,0.85714286,0.8,0.61111111,3,101.051829020182,10.6724039713542,1,0.33333333,105.613,2,0.66666667,"2024-07-26",0
"Kenley Jansen",3096,"2024-07-21","@LAD",3,2024,"BOS","A",36,0,0,27,1,0,0,0,0,0,0,0,1,6,3,3,3,1,0,0,0,0,1,1,9,0,27,1,0,0,2,2,1,0,0,0,0,0.16666667,0,0.16666667,3.70245131455,9,0.5,3,0.5,0,14.1664797782898,12.8335202217102,4.19049659073353,634.145952987227,348.423237955801,102.403901559937,1,0.2,0.4,0.4,0,0.5,3,27,7,13,20,-0.0229400042444468,-0.0275599714368582,0.004619968123734,-2.5220000743866,-0.266878306865692,0.0785000026226044,0.101999998092651,0.101999998092651,NA,0,1,-0.217889383435249,-0.0743399602341112,0,0,0.1,92.5,NA,NA,0.9,92.77777778,NA,0.212085232138634,NA,-1.85991430282593,10.6042616069317,NA,-10.3328572379218,0.27272727,0.88888889,0.55,1,0.875,0.90909091,0.45,0.66666667,0.05,3,2,0,1,3,1,5,0.6,0.4,0,0.2,0.6,0.2,12.5536332123501,80,45.61666,80,NA,NA,NA,40.45588,35.85852,40.85465,49.0328,42.41082,46.43491,0.1855,4.35534,83.42,121.6,111.9,NA,NA,NA,101.54,111.26,116.2,99.728,112.294,115.77,0.9,0.1,NA,92.6833360460069,92.3499984741211,NA,2.25690926445855,-3.86752319335938,NA,9.98723771837023,10.1224451065063,NA,-1.87012878805399,0.214739695191383,NA,-10.3896043780777,10.7369847595692,NA,0.27272727,0.88888889,0.55,1,0.875,0.90909091,0.45,21.57142857,0.9,0.1,NA,92.7539672851562,92.3801498413086,NA,3.12146017286513,-3.31153011322021,NA,8.88370937771267,9.09333515167236,NA,-1.87012878805399,0.214739695191383,NA,-10.3896043780777,10.7369847595692,NA,0.3,0.8,0.55,1,0.875,0.90909091,0.5,5,87.327294921875,9.13403396606445,0,0,98.9282,2,0.4,"2024-07-21",0
"Kenley Jansen",3096,"2024-07-20","@LAD",3,2024,"BOS","A",36,0,0,9,1,0,0,0,0,0,0,1,1,6,2,1,1,1,1,1,0,0,0,1,9,9,18,1,0,0,0,4,0,0,0,0,0,0.16666667,0.16666667,0,8.37445130354967,9,0.4,3,0.333333333333333,1,17.1664797782898,-8.16647977828979,10.2145134031773,211.381984329076,422.596359591763,252.266799030972,0,0,0,1,0,0.25,2,18,9,16,25,-0.307599991559982,-0.567820012569427,0.260219991207123,-0.522000014781952,-0.0552380979061127,3.20300006866455,3.40599989891052,3.40599989891052,3.12400007247925,1,1,-0.127152174711227,0.0311172121867864,0,1,0.04,94,0.08,83,0.88,92.68181818,0.16,-0.0879258811473846,-0.0580911040306091,-1.25655353069305,-8.79258811473846,-2.90455520153046,-5.7116069576957,0.27272727,0.71428571,0.52,1,0.6,0.69230769,0.56,0.33333333,0.16,3,0,1,0,3,1,4,0.75,0,0.25,0,0.75,0.25,12.5431229173881,80,36.36847,80,50.99664,36.7113,80,70.00999,38.01224,61.87247,78.73063,43.82852,80,-1.65952,1.58781,122.56,331.2,298.82,166.28,82.18,98.2,118.98,115.4,135.1,122.9072,121.3744,138.6968,0.88,0.04,0.08,92.6863625266335,94.1999969482422,82.8500061035156,2.6720383384011,-2.88503217697144,2.72103691101074,10.0092204700817,11.2285747528076,-1.75139331817627,-1.25353200361133,-0.0897959321737289,-0.0591252744197845,-5.69787274368785,-8.97959321737289,-2.95626372098923,0.14285714,0.66666667,0.52,1,0.66666667,0.69230769,0.72,21.95,0.88,0.04,0.08,92.5184936523438,94.068000793457,82.6474990844727,3.48230465975675,-2.05182003974915,3.70145988464355,8.81872489235618,9.78999996185303,-2.88939499855042,-1.25353200361133,-0.0897959321737289,-0.0591252744197845,-5.69787274368785,-8.97959321737289,-2.95626372098923,0.16666667,0.63157895,0.52,1,0.66666667,0.69230769,0.76,4,92.3551483154297,36.3543701171875,1,0.25,106.142,1,0.25,"2024-07-20",0
"Kenley Jansen",3096,"2024-07-14","KCR",3,2024,"BOS","H",36,0,0,4.5,1,0,0,0,0,1,0,0,2,8,2,1,1,0,1,0,0,0,0,3,13.5,4.5,9,3,0,0,3,0,1,0,0,0,0,0.375,0.125,0.25,2.17271345901489,0,0.285714285714286,1.5,0.5,0.66666667,1.6664797782898,2.8335202217102,1.6664797782898,105.690992164538,39.3685644726235,39.6124976586293,3,0.25,0.75,0,0,0,0,0,5,22,27,0.161088034510612,-0.130528017878532,0.291616052389145,0.0939999893307686,0.00905587524175644,1.97084999084473,1.54219996929169,1.50039994716644,NA,0,1,0.0607290789484978,0.0210062308208513,1,0,0.07407407,93,0.07407407,83,0.85185185,92.39130435,NA,0.173169538378716,0.141190469264984,-0.34440141916275,8.65847691893578,7.05952346324921,-1.49739747462065,0.14285714,0.65,0.51851852,1,0.84615385,0.85714286,0.74074074,0.875,0.07407407,2,2,0,0,2,2,4,0.5,0.5,0,0,0.5,0.5,2.49091256083343,78.02157,72.98786,66.0773,41.83301,40.50501,55.07317,76.32807,32.97611,70.12391,78.94788,42.82262,80,-1.67301,1.56758,126.88,76.52,95.5,149.78,72.74,86.5,121.56,95.64,109.38,124.044444444444,92.5274074074074,106.657037037037,0.85185185,0.07407407,0.07407407,92.3695652173913,93.1499938964844,82.9499969482422,2.28900561125382,-4.13549041748047,2.32450699806213,9.9176954186481,11.0401802062988,-1.62308537960052,-0.356686614453793,0.175375323742628,0.142677649855614,-1.5508113671904,8.7687661871314,7.13388249278069,0,0.60869565,0.51851852,NA,0.85714286,0.85714286,0.85185185,21.68421053,0.85185185,0.07407407,0.07407407,92.5266856317935,93.2821044921875,83.0957489013672,2.85102379840353,-3.79404497146606,2.98426008224487,8.88006658139436,10.0813903808594,-2.89823484420776,-0.356686614453793,0.175375323742628,0.142677649855614,-1.5508113671904,8.7687661871314,7.13388249278069,0,0.60869565,0.51851852,NA,0.85714286,0.85714286,0.85185185,4,94.9036102294922,4.13666200637817,0,0,106.854,3,0.75,"2024-07-14",0
"Kenley Jansen",3096,"2024-07-07","@NYY",3,2024,"BOS","A",36,0,0,0,1,0,0,0,0,1,0,0,1,3,0,0,0,0,0,0,0,0,0,1,9,0,0,1,0,0,1,1,0,0,0,0,0,0.33333333,0,0.33333333,1.87828464271067,0,0,0,0,1,1.1664797782898,-1.1664797782898,2.67848818451166,0,27.0063775332964,64.7888072114456,1,0,0.5,0.5,0,0,0,0,4,9,13,0.03982799872756,0,0.03982799872756,0.49099999666214,0.0509864985942841,0.518800020217896,0.892400026321411,0.892400026321411,NA,0,1,0.0766807943582535,8.86682004263006e-05,0,0,NA,NA,0.07692308,83,0.92307692,93.33333333,NA,NA,0.156718850135803,0.571502208709717,NA,15.6718850135803,4.76251840591431,0.25,0.77777778,0.61538462,1,0.57142857,0.625,0.69230769,0.33333333,0.23076923,1,0,1,0,2,0,2,0.5,0,0.5,0,1,0,-0.392669226673431,NA,NA,NA,26.43322,40.77284,36.2691,80,51.76995,78.6395,80,55.44177,80,-2.79473,-0.115,NA,NA,NA,144.28,-12.5,0.960000000000008,116.22,130.7,145.98,118.378461538462,119.684615384615,134.824615384615,0.92307692,NA,0.07692308,93.3583374023438,NA,82.6999969482422,3.2324431737264,NA,2.12899684906006,10.3148053487142,NA,-4.35438108444214,0.578097593039274,NA,0.200837671756744,4.81747994199395,NA,20.0837671756744,0.25,0.77777778,0.61538462,1,0.57142857,0.625,0.69230769,21.1,0.92307692,NA,0.07692308,93.203135172526,NA,82.4783020019531,3.36738427480062,NA,1.93528997898102,9.00921821594238,NA,-5.83599996566772,0.578097593039274,NA,0.200837671756744,4.81747994199395,NA,20.0837671756744,0.16666667,1,0.61538462,1,0.57142857,0.625,0.53846154,2,91.1119232177734,1.23561000823975,0,0,93.6662,0,0,"2024-07-07",0
"Kenley Jansen",3096,"2024-07-05","@NYY",3,2024,"BOS","A",36,0,0,0,1,0,0,0,0,1,0,0,1,4,1,0,0,0,0,0,0,0,0,0,0,0,9,0,0,0,1,2,1,1,0,0,0,0,0,0,6.91672908401489,0,0.25,1,0.25,1,3.1664797782898,-3.1664797782898,6.19049659073353,0,76.4551252906048,152.159040742638,0.5,0.25,0.25,0.5,0.5,0,0,0,2,7,9,0.195192009210587,-0.164631992578506,0.359824001789093,1.10899996757507,0.115160949528217,4.25859975814819,3.16960000991821,3.16960000991821,NA,0,1,0.0262282770127058,0.0196065091366889,1,0,NA,NA,NA,NA,1,93.77777778,NA,NA,NA,0.265306234359741,NA,NA,2.94784704844157,0.33333333,0.83333333,0.66666667,1,1,1,0.66666667,1,0,4,0,0,1,2,1,4,1,0,0,0.25,0.5,0.25,3.37935582382135,NA,NA,NA,NA,NA,NA,80,49.3888,69.81524,80,54.06944,80,-2.74501,-0.04042,NA,NA,NA,NA,NA,NA,116.68,129.8,141.42,116.68,129.8,141.42,1,NA,NA,93.6666666666667,NA,NA,2.57495922512478,NA,NA,10.9980222913954,NA,NA,0.24905875697732,NA,NA,2.76731952197022,NA,NA,0.33333333,0.83333333,0.66666667,1,1,1,0.66666667,25.2,0.88888889,0.11111111,NA,93.6316375732422,93.7492980957031,NA,3.2654275894165,-1.60794997215271,NA,9.53610038757324,11.3219995498657,NA,0.759632978588343,-0.510574221611023,NA,9.49541223235428,-51.0574221611023,NA,0.33333333,0.83333333,0.66666667,1,1,1,0.66666667,4,96.6346282958984,33.8969230651855,1,0.25,113.113,3,0.75,"2024-07-05",0
"Kenley Jansen",3096,"2024-07-04","@MIA",3,2024,"BOS","A",36,0,0,0,1,0,0,0,0,0,0,0,1,5,2,0,0,0,1,1,0,0,0,1,9,9,18,1,0,0,1,1,1,0,0,0,0,0.2,0.2,0,5.87600908401489,0,0.5,3,0.666666666666667,1,4.1664797782898,-4.1664797782898,5.67848818451166,0,101.179499169259,139.421515985497,1,0.333333333,0.333333333,0.333333333,0,0,0,0,1,9,10,0.141700014472008,-0.176319986581802,0.318019986152649,0.522000014781952,0.0519402995705605,3.24839997291565,2.27999997138977,2.27999997138977,2.5479998588562,1,1,0.0224000904709101,0.0212213895356985,1,0,NA,NA,NA,NA,1,92.5,0.4,NA,NA,-0.705940365791321,NA,NA,-7.05940365791321,0.66666667,0.57142857,0.6,0.5,0.75,0.66666667,0.7,0.8,0.2,2,1,0,0,1,2,3,0.66666667,0.33333333,0,0,0.33333333,0.66666667,6.25019378915735,NA,NA,NA,NA,NA,NA,80,45.27668,80,80,50.60856,80,-3.81254,-1.64172,NA,NA,NA,NA,NA,NA,135.06,131.7,160.36,135.06,131.7,160.36,1,NA,NA,92.3900024414063,NA,NA,4.0635009765625,NA,NA,11.3639015197754,NA,NA,-0.714759208261967,NA,NA,-7.14759208261967,NA,NA,0.66666667,0.57142857,0.6,0.5,0.75,0.66666667,0.7,19.66666667,1,NA,NA,92.4678405761719,NA,NA,4.61932678222656,NA,NA,9.81568374633789,NA,NA,-0.714759208261967,NA,NA,-7.14759208261967,NA,NA,0.66666667,0.57142857,0.6,0.5,0.75,0.66666667,0.7,3,101.921468098958,22.6242879231771,1,0.33333333,114.604,2,0.66666667,"2024-07-04",0
"Kenley Jansen",3096,"2024-06-30","SDP",3,2024,"BOS","H",36,0,0,0,1,0,0,0,0,1,0,0,1,3,0,0,0,0,0,0,0,0,0,1,9,0,0,1,0,0,0,2,0,0,0,0,0,0.33333333,0,0.33333333,4.45139575020756,0,0,0,0,1,1.1664797782898,-1.1664797782898,4.19049659073353,0,27.0063775332964,102.403901559937,0,0,0,1,0,0,0,0,2,8,10,0.0370320118963718,0,0.0370320118963718,0.546999990940094,0.0526974946260452,0.469199985265732,0.808799982070923,0.808799982070923,NA,0,1,0.079264760017395,-0.000338900982257306,0,0,0.2,93.5,NA,NA,0.8,93,NA,0.210907548666,NA,0.555051505565643,10.5453774333,NA,6.93814381957054,0.5,0.75,0.6,0,1,0.5,0.4,0.66666667,0.3,0,1,1,0,2,0,2,0,0.5,0.5,0,1,0,-0.547690095182117,39.98624,57.13035,38.09051,NA,NA,NA,60.99647,33.87901,59.14502,60.18665,43.1325,60.85562,-0.50745,3.31592,107.44,98.88,109.34,NA,NA,NA,119.06,108.74,121.78,116.736,106.768,119.292,0.8,0.2,NA,93.1999969482422,93.3499984741211,NA,2.01443147659302,-2.81698393821716,NA,10.4662199020386,11.2698402404785,NA,0.561348401010036,0.255611632019281,NA,7.01685501262546,12.7805816009641,NA,0.6,0.6,0.6,0,1,0.5,0.5,19.14285714,0.8,0.2,NA,93.1801605224609,93.3571929931641,NA,2.44615697860718,-2.6280300617218,NA,9.21480941772461,10.1242551803589,NA,0.561348401010036,0.255611632019281,NA,7.01685501262546,12.7805816009641,NA,0.5,0.66666667,0.6,0,0.75,0.5,0.6,2,88.2642364501953,32.3762130737305,0,0,91.3003,0,0,"2024-06-30",0
"Kenley Jansen",3096,"2024-06-24","TOR",3,2024,"BOS","H",36,1,0,0,1,0,0,0,0,0,0,0,1,3,1,0,0,0,0,0,0,0,0,1,9,0,9,1,0,0,1,0,1,0,0,0,0,0.33333333,0,0.33333333,1.13839575453556,0,0.333333333333333,1,0.5,1,1.1664797782898,-1.1664797782898,1.1664797782898,0,27.0063775332964,27.173712862954,1,0.5,0.5,0,0,0,1,9,3,7,10,0.146539986133575,-0.081884004175663,0.228423997759819,0.546999990940094,0.0526974946260452,2.56780004501343,2.37040019035339,2.37040019035339,NA,0,1,0.0512108989059925,0.00585740219406809,1,0,0.1,94,NA,NA,0.9,91.66666667,NA,0.173208177089691,NA,-0.158763259649277,17.3208177089691,NA,-1.7640362183253,0.33333333,1,0.4,0.66666667,1,0.75,0.1,1,0.1,0,1,1,0,2,0,2,0,0.5,0.5,0,1,0,4.07235646154618,80,54.0999,80,NA,NA,NA,20,34.78094,20,27.04301,42.45134,20,1.55164,6.40455,136.96,127.32,133.94,NA,NA,NA,113.48,67.5,87.94,116.415,74.9775,93.69,0.9,0.1,NA,91.5888875325521,94.1999969482422,NA,1.66962761349148,-5.43177366256714,NA,10.0379316541884,10.5608005523682,NA,-0.162331853061914,0.175081223249435,NA,-1.80368725624349,17.5081223249435,NA,0.33333333,1,0.4,0.66666667,1,0.75,0.1,24,0.9,0.1,NA,91.2704874674479,93.9282989501953,NA,2.55722575717502,-4.99865007400513,NA,9.0300776163737,9.76790046691895,NA,-0.162331853061914,0.175081223249435,NA,-1.80368725624349,17.5081223249435,NA,0.375,0.5,0.4,0.66666667,1,0.75,0.2,2,88.0044479370117,9.75899028778076,0,0,104.992,1,0.5,"2024-06-24",0
"Kenley Jansen",3096,"2024-06-23","@CIN",3,2024,"BOS","A",36,0,0,0,1,0,0,0,0,1,0,0,1,4,1,0,0,0,0,0,0,0,0,0,0,0,9,0,0,0,2,2,0,1,0,0,0,0,0,0,6.03472908401489,0,0.25,1,0.25,1,3.1664797782898,-3.1664797782898,6.19049659073353,0,76.4551252906048,152.159040742638,1,0,0.5,0.5,0.5,0,0,0,1,11,12,0.0484900027513504,-0.0133299995213747,0.06182000041008,0.560999989509583,0.0530496425926685,0.600199997425079,1.02999997138977,1.02999997138977,NA,0,1,0.026318795979023,0.0544709457060446,0,0,0.08333333,95,0.08333333,85,0.83333333,92.1,NA,0,0,0.247778803110123,0,0,2.47778803110123,0.66666667,0.55555556,0.58333333,1,1,1,0.75,1,0,4,0,0,1,3,0,4,1,0,0,0.25,0.75,0,0.227948087552907,20,73.32519,20,70.85612,35.55545,80,80,34.03145,71.84402,80,43.4286,78.66567,-1.73991,1.46723,158.74,110.3,129.96,117.46,101.42,70.84,116.02,116.5,121.38,119.7,114.726666666667,117.883333333333,0.83333333,0.08333333,0.08333333,91.9599975585938,94.5,85.0999984741211,2.95674133300781,-4.61883068084717,3.93217825889587,9.93652496337891,11.3233213424683,-1.36240994930267,0.249058738350868,0,0,2.49058738350868,0,0,0.66666667,0.55555556,0.58333333,1,1,1,0.75,18.375,0.83333333,0.08333333,0.08333333,92.1744689941406,94.7098999023438,85.2769012451172,3.34158782958984,-4.49513006210327,4.49181985855103,8.63645401000977,10.6680002212524,-2.71343994140625,0.249058738350868,0,0,2.49058738350868,0,0,0.66666667,0.55555556,0.58333333,1,1,1,0.75,4,84.6143035888672,23.098258972168,0,0,99.3987,1,0.25,"2024-06-23",0
"Kenley Jansen",3096,"2024-06-22","@CIN",3,2024,"BOS","A",36,0,0,0,1,0,0,0,0,1,0,0,1,4,1,0,0,0,0,0,0,0,0,0,0,0,9,0,0,0,0,4,0,0,0,0,0,0,0,0,13.2527290840149,0,0.25,1,0.25,1,3.1664797782898,-3.1664797782898,9.21451340317726,0,76.4551252906048,227.389229439621,0,0,0,1,0,0,0,0,6,9,15,0.220579996705055,-0.0545599944889545,0.275139987468719,0.560999989509583,0.0530496463179588,3.01775002479553,3.61299991607666,3.61299991607666,NA,0,1,0.0535249263048172,0.0195692646959767,1,0,0.13333333,93.5,0.13333333,84,0.73333333,92.18181818,NA,-0.519666194915771,0.246839880943298,0.575870633125305,-25.9833097457886,12.3419940471649,5.23518757386641,0,0.8,0.53333333,NA,1,1,0.66666667,0.5,0,0,2,2,1,2,1,4,0,0.5,0.5,0.25,0.5,0.25,0.847634002863288,41.05828,47.4331,40.80569,65.41746,42.22136,80,38.7746,37.926,41.26003,45.07197,44.758,46.2798,0.43157,4.72445,138.7,73.96,88.84,128.24,143.94,151.6,114.08,90.78,105.7,119.250666666667,95.6253333333333,109.572,0.73333333,0.13333333,0.13333333,92.127274946733,93.5,83.6499938964844,2.44254389676181,-2.95685911178589,2.33362126350403,10.0470470081676,11.1454849243164,-0.853752672672272,0.564618587493896,-0.52726985514164,0.249734863638878,5.13289624994451,-26.363492757082,12.4867431819439,0,0.8,0.53333333,NA,1,1,0.66666667,21.18181818,0.73333333,0.13333333,0.13333333,92.2994384765625,93.6738510131836,83.8178024291992,2.90142510154031,-2.63350009918213,2.75621008872986,8.65884260697798,10.1004657745361,-2.40637493133545,0.564618587493896,-0.52726985514164,0.249734863638878,5.13289624994451,-26.363492757082,12.4867431819439,0,0.88888889,0.53333333,NA,1,1,0.6,4,85.6352615356445,41.2023696899414,1,0.25,100.249,1,0.25,"2024-06-22",0
"Kenley Jansen",3096,"2024-06-18","@TOR",3,2024,"BOS","A",36,0,0,0,1,0,0,0,0,1,0,0,1,3,0,0,0,0,0,0,0,0,0,1,9,0,0,1,0,0,0,2,0,0,0,0,0,0.33333333,0,0.33333333,4.45139575020756,0,0,0,0,1,1.1664797782898,-1.1664797782898,4.19049659073353,0,27.0063775332964,102.403901559937,0,0,0,1,0,0,0,0,3,8,11,0.192780002951622,0,0.192780002951622,0.479000002145767,0.0506075024604797,2.57333326339722,3.40919995307922,3.40919995307922,NA,0,1,0.0750068426132202,-9.23316582259193e-05,1,0,NA,NA,NA,NA,1,92.27272727,NA,NA,NA,0.75464141368866,NA,NA,6.86037648807872,0.2,0.83333333,0.54545455,1,0.8,0.83333333,0.54545455,0.66666667,0.09090909,0,0,2,0,2,0,2,0,0,1,0,1,0,-0.547690095182117,NA,NA,NA,NA,NA,NA,43.1928,39.75599,40.25756,45.43174,45.96218,35.90412,0.40922,4.69092,NA,NA,NA,NA,NA,NA,116.2,84.7,92.76,116.2,84.7,92.76,1,NA,NA,92.2545443448153,NA,NA,3.93431715531783,NA,NA,10.1872163252397,NA,NA,0.763391889631748,NA,NA,6.93992626937953,NA,NA,0.25,0.71428571,0.54545455,1,0.8,0.83333333,0.63636364,21,1,NA,NA,92.5736361416903,NA,NA,4.62400471080433,NA,NA,8.78323433615945,NA,NA,0.763391889631748,NA,NA,6.93992626937953,NA,NA,0.2,0.83333333,0.54545455,1,0.8,0.83333333,0.54545455,2,90.1045837402344,30.6288871765137,0,0,92.463,0,0,"2024-06-18",0
"Kenley Jansen",3096,"2024-06-17","@TOR",3,2024,"BOS","A",36,0,0,0,1,0,0,0,0,1,0,0,0.1,1,0,0,0,0,0,0,0,0,0,0,0,0,0,0,0,0,0,1,0,1,0,0,0,0,0,0,13.2527290840149,0,0,0,0,1,3.1664797782898,-3.1664797782898,7.70250972840334,0,76.4551252906048,189.774252798055,0,0,0,1,1,0,0,0,2,4,6,0.0137540008872747,-0.00519599998369813,0.0189500004053116,0.419999986886978,0.0443740114569664,0.554100036621094,0.260500013828278,0.521000027656555,NA,0,1,0.0222986713051796,0.00252356290932568,0,0,NA,NA,NA,NA,1,91.33333333,NA,NA,NA,0.24982325732708,NA,NA,4.16372095545133,0,1,0.5,NA,1,1,0.5,1,0,0,0,1,1,0,0,1,0,0,1,1,0,0,-2.38336216621694,NA,NA,NA,NA,NA,NA,52.99307,20,47.98923,56.01072,29.28891,48.34609,-0.24801,3.70508,NA,NA,NA,NA,NA,NA,135.94,100.84,108.9,135.94,100.84,108.9,1,NA,NA,91.5666707356771,NA,NA,3.15369669596354,NA,NA,9.79445139567057,NA,NA,0.252764467149973,NA,NA,4.21274111916622,NA,NA,0,1,0.5,NA,1,1,0.5,23,1,NA,NA,91.9598185221354,NA,NA,3.86756992340088,NA,NA,8.78306007385254,NA,NA,0.252764467149973,NA,NA,4.21274111916622,NA,NA,0,1,0.5,NA,1,1,0.5,1,94.5333786010742,73.6932067871094,0,0,94.5334,0,0,"2024-06-17",0
"Kenley Jansen",3096,"2024-06-15","NYY",3,2024,"BOS","H",36,0,0,0,1,0,0,0,0,1,0,0,1.1,4,0,0,0,0,0,0,0,0,0,0,0,0,0,0,0,0,0,4,0,0,0,0,0,0,0,0,13.2527290840149,0,0,0,0,1,3.1664797782898,-3.1664797782898,7.70250607842834,0,76.4551252906048,189.774161995548,0,0,0,1,0,0,2,13.5000032186516,2,10,12,0.0967600643634796,0,0.0967600643634796,1.07500004768372,0.103564545512199,0.857699930667877,1.19253325462341,2.8135998249054,NA,0,1,0.111479923129082,0.00133349902910139,1,0,0.08333333,93,NA,NA,0.91666667,91.54545455,NA,0.054188709706068,NA,0.9451043009758,5.4188709706068,NA,8.59185728159818,0.5,0.75,0.66666667,0.5,1,0.875,0.66666667,1,0.08333333,0,2,2,0,3,1,4,0,0.5,0.5,0,0.75,0.25,0.847634002863288,77.96004,61.18458,77.60521,NA,NA,NA,68.03147,33.10342,63.06714,73.65153,41.64069,74.59587,-1.34397,2.06114,101.28,105.9,108.44,NA,NA,NA,121.08,99.66,114.08,119.43,100.18,113.61,0.91666667,0.08333333,NA,91.627274946733,93,NA,3.4412297335538,-3.41435575485229,NA,10.048961986195,10.5846185684204,NA,0.99849546700716,0.054773960262537,NA,9.07723151824691,5.4773960262537,NA,0.5,0.75,0.66666667,0.5,1,0.875,0.66666667,21.5,0.91666667,0.08333333,NA,91.4974365234375,92.8870010375977,NA,4.10120357166637,-2.99504995346069,NA,8.77084558660334,9.33084011077881,NA,0.99849546700716,0.054773960262537,NA,9.07723151824691,5.4773960262537,NA,0.5,0.75,0.66666667,0.5,1,0.875,0.66666667,4,91.2300872802734,33.7506256103516,0,0,97.5124,1,0.25,"2024-06-15",0
"Kenley Jansen",3096,"2024-06-12","PHI",3,2024,"BOS","H",36,0,0,9,1,0,0,0,0,1,0,0,1,5,1,1,1,0,1,0,0,0,1,1,9,9,9,1,0,0,0,2,1,0,0,0,0,0.2,0.2,0,6.80632908401489,0,0.25,2,0.333333333333333,0.5,4.1664797782898,4.8335202217102,7.19049659073353,211.381984329076,101.179499169259,177.036610333989,0,0.333333333,0,0.666666666,0,0,0,0,5,9,14,0.0370320118963718,-0.0756959915161133,0.112727999687195,-0.453000009059906,-0.0436416193842888,1.12266659736633,0.808799982070923,0.808799982070923,NA,0,1,-0.027238342911005,0.0602241037622189,0,0,0.07142857,95,NA,NA,0.92857143,92.84615385,NA,0.173208177089691,NA,-0.648140788078308,17.3208177089691,NA,-4.98569836983314,0.16666667,0.75,0.5,1,0.83333333,0.85714286,0.57142857,0.8,0.07142857,1,0,2,1,2,0,3,0.33333333,0,0.66666667,0.33333333,0.66666667,0,5.98282206590001,72.07799,72.63077,52.72015,NA,NA,NA,61.02739,38.56235,56.02091,65.91208,46.55013,61.20299,-0.86315,2.78237,167.96,34.82,72.16,NA,NA,NA,129.98,84.2,117.16,132.692857142857,80.6728571428572,113.945714285714,0.92857143,0.07142857,NA,92.9153864933894,95.1999969482422,NA,4.04476693960336,-3.91842794418335,NA,9.88716125488281,11.2625551223755,NA,-0.690655592828989,0.175081223249435,NA,-5.31273532945376,17.5081223249435,NA,0.16666667,0.75,0.5,1,0.83333333,0.85714286,0.57142857,21,0.92857143,0.07142857,NA,92.8901085486779,95.2009963989258,NA,4.80926454984225,-3.55999994277954,NA,8.51754878117488,10.0130996704102,NA,-0.690655592828989,0.175081223249435,NA,-5.31273532945376,17.5081223249435,NA,0.16666667,0.75,0.5,1,0.83333333,0.85714286,0.57142857,3,81.6561279296875,31.5606002807617,0,0,90.9082,0,0,"2024-06-12",0
"Kenley Jansen",3096,"2024-06-09","@CHW",3,2024,"BOS","A",36,1,0,0,1,0,0,0,0,0,0,0,2,7,1,0,0,0,0,0,0,0,0,5,22.5,0,4.5,5,0,0,0,1,1,0,0,0,0,0.71428571,0,0.71428571,-0.48055662937825,0,0.142857142857143,0.5,0.5,1,-1.8335202217102,1.8335202217102,-1.07751601859927,0,-47.1667441026661,-28.651448736852,0,0.5,0,0.5,0,0,3,13.5,10,24,34,0.167152002453804,-0.0490319989621639,0.216183990240097,0.99399995803833,0.102421432733536,1.12360000610352,1.39170002937317,0.526999950408936,3.18860006332397,1,1,0.0736880674958229,0.0750766188212084,1,0,0.14705882,93.8,0.02941176,85,0.82352941,91.75,NA,-0.124809145927429,-0.0207000374794006,0.95745438337326,-2.49618291854858,-2.07000374794006,3.41947994061879,0.45454545,0.66666667,0.52941176,0.5,0.75,0.61111111,0.35294118,0.57142857,0.20588235,1,0,1,0,2,0,2,0.5,0,0.5,0,1,0,-0.625132145522049,61.0945,78.66282,64.71057,53.20182,51.08947,42.39235,64.41872,36.53018,57.31334,67.98933,47.27953,64.36197,-0.9922,2.58879,137.22,56.32,80.06,165.9,113.32,142.14,121.78,109,126.98,125.456363636364,101.149090909091,120.330303030303,0.82352941,0.14705882,0.02941176,91.7357177734375,93.8200012207031,84.8000030517578,3.17533820016044,-3.21038627624512,4.13665866851807,9.80593872070312,12.4589431762695,-0.735200107097626,0.971154924482107,-0.128135681152344,-0.0210469514131546,3.46841044457895,-2.56271362304688,-2.10469514131546,0.46666667,0.57894737,0.52941176,0.42857143,0.72727273,0.61111111,0.55882353,21.81481481,0.85294118,0.11764706,0.02941176,91.9806202855603,94.5098495483398,84.9676971435547,3.60444114948141,-2.82895994186401,4.49947023391724,8.69843529010641,11.0302505493164,-2.28906011581421,1.02132506296039,-0.178305819630623,-0.0210469514131546,3.52181056193237,-4.45764549076557,-2.10469514131546,0.4,0.63157895,0.52941176,0.5,0.66666667,0.61111111,0.55882353,2,88.5854797363281,29.9354591369629,0,0,104.792,1,0.5,"2024-06-09",0
"Kenley Jansen",3096,"2024-06-02","DET",3,2024,"BOS","H",36,0,0,0,1,0,0,0,0,0,0,0,1,4,1,0,0,0,0,0,0,0,0,1,9,0,9,1,0,0,2,1,0,0,0,0,0,0.25,0,0.25,2.16704158401489,0,0.25,1,0.333333333333333,1,1.1664797782898,-1.1664797782898,2.67848818451166,0,27.0063775332964,64.7888072114456,2,0,0.666666666,0.333333333,0,0,0,0,5,12,17,0.146539986133575,-0.0705920159816742,0.21713200211525,0.546999990940094,0.0526974946260452,2.34112000465393,2.37040019035339,2.37040019035339,2.58119988441467,1,1,0.0415369682013988,0.0210569978670929,1,0,0.11764706,96.5,0.05882353,84,0.82352941,92.78571429,NA,0,0.214809954166412,0.0494582243263721,0,21.4809954166412,0.353273030902658,0.14285714,0.7,0.47058824,1,0.85714286,0.875,0.58823529,0.75,0.05882353,2,1,0,0,2,1,3,0.66666667,0.33333333,0,0,0.66666667,0.33333333,0.0376808244247822,80,80,80,20,56.66454,20,30.04222,29.65752,32.47346,49.53579,47.2675,37.82688,0.15425,4.30847,201.82,136.54,209.16,200.28,60.62,104.58,130.08,73.1,113.9,142.649411764706,79.8294117647059,124.558823529412,0.82352941,0.11764706,0.05882353,92.7285679408482,96.25,83.6999969482422,2.40654672895159,-3.39187049865723,3.05501079559326,10.5027444022042,12.5302295684814,-3.0655198097229,0.047762431204319,0,0.217751413583755,0.341160222887993,0,21.7751413583755,0.16666667,0.63636364,0.47058824,1,0.85714286,0.875,0.64705882,21.92307692,0.82352941,0.11764706,0.05882353,92.6926007952009,96.2382049560547,83.6367034912109,3.20295279366629,-3.06228494644165,3.6168999671936,8.89966474260603,11.1816501617432,-4.51458978652954,0.047762431204319,0,0.217751413583755,0.341160222887993,0,21.7751413583755,0.16666667,0.63636364,0.47058824,1,0.85714286,0.875,0.64705882,3,87.4254760742188,15.4094543457031,0,0,101.688,1,0.33333333,"2024-06-02",0
"Kenley Jansen",3096,"2024-05-26","MIL",3,2024,"BOS","H",36,0,0,0,1,0,0,0,0,1,0,0,1,3,0,0,0,0,0,0,0,0,0,2,18,0,0,2,0,0,0,0,0,0,0,1,0,0.66666667,0,0.66666667,-0.245715358213996,0,0,0,0,1,-0.833520221710205,0.833520221710205,-0.833520221710205,0,-22.4423702240119,-22.5814263197472,0,0,0,0,0,0,0,0,2,8,10,0.172531992197037,0,0.172531992197037,0.546999990940094,0.0526974946260452,2.20333337783813,2.92880010604858,2.92880010604858,NA,0,1,0.0783935189247131,-8.85316121160828e-05,1,0,0.1,95,NA,NA,0.9,93.22222222,NA,-0.0207000374794006,NA,0.754092752933502,-2.07000374794006,NA,8.3788083659278,0.5,0.33333333,0.4,0.5,0.5,0.5,0.6,1,0.2,0,1,0,0,1,0,1,0,1,0,0,1,0,-1.81572196005183,54.58252,50.91198,46.70478,NA,NA,NA,80,46.11066,78.49641,80,50.71127,80,-3.20371,-0.72847,156.5,51.42,74.96,NA,NA,NA,131.3,120.76,130.48,133.82,113.826,124.928,0.9,0.1,NA,93.2222222222222,95.0999984741211,NA,2.58052084181044,-5.82798337936401,NA,10.6387320624457,10.1413011550903,NA,0.762869156897068,-0.0210469514131546,NA,8.47632396552298,-2.10469514131546,NA,0.66666667,0.28571429,0.4,0.5,0.5,0.5,0.7,18.28571429,0.9,0.1,NA,93.4644639756944,95.3552017211914,NA,3.05480003356934,-5.61904001235962,NA,9.45177459716797,9.37868022918701,NA,0.762869156897068,-0.0210469514131546,NA,8.47632396552298,-2.10469514131546,NA,0.66666667,0.28571429,0.4,0.5,0.5,0.5,0.7,1,NA,NA,0,0,NA,0,0,"2024-05-26",0
"Kenley Jansen",3096,"2024-05-21","@TBR",3,2024,"BOS","A",36,0,0,0,1,0,0,0,0,1,0,0,1,4,1,0,0,0,0,0,0,0,0,0,0,0,9,0,0,0,1,2,1,1,0,0,0,0,0,0,6.91672908401489,0,0.25,1,0.25,1,3.1664797782898,-3.1664797782898,6.19049659073353,0,76.4551252906048,152.159040742638,0.5,0.25,0.25,0.5,0.5,0,0,0,4,7,11,0.0351379998028278,-0.0494579970836639,0.0845959931612015,0.452000021934509,0.0496430546045303,1.05540001392365,0.815400004386902,0.815400004386902,NA,0,1,0.0150820938870311,0.0182114434819858,0,0,NA,NA,0.09090909,83,0.90909091,91.6,NA,NA,0.212085232138634,-0.240949362516403,NA,21.2085232138634,-2.40949362516403,0.28571429,0.75,0.45454545,1,1,1,0.36363636,0.25,0,1,1,2,1,1,2,4,0.25,0.25,0.5,0.25,0.25,0.5,3.37935582382135,NA,NA,NA,80,34.74014,80,62.47201,32.61051,55.47719,69.1053,40.02489,64.76165,-1.06153,2.4848,NA,NA,NA,101.68,111.72,123.26,112.9,104.5,123.42,111.88,105.156363636364,123.405454545455,0.90909091,NA,0.09090909,91.6599975585937,NA,83.3000030517578,2.68417453765869,NA,4.18132734298706,10.2692420959473,NA,-3.09423184394836,-0.260004404932261,NA,0.214739695191383,-2.60004404932261,NA,21.4739695191383,0.25,0.57142857,0.45454545,1,1,1,0.63636364,19.42857143,0.90909091,NA,0.09090909,91.5529113769531,NA,83.2394027709961,3.47277145385742,NA,4.76647996902466,8.44372787475586,NA,-5.01614999771118,-0.260004404932261,NA,0.214739695191383,-2.60004404932261,NA,21.4739695191383,0.25,0.57142857,0.45454545,1,1,1,0.63636364,4,97.1587219238281,32.9719467163086,0,0,107.737,3,0.75,"2024-05-21",0
"Kenley Jansen",3096,"2024-05-16","TBR",3,2024,"BOS","H",36,0,1,18,1,0,0,0,0,0,0,0,1,6,2,2,2,0,1,0,0,0,0,2,18,9,18,2,0,0,1,2,0,0,0,0,0,0.33333333,0.16666667,0.16666667,3.90439574337839,0,0.4,3,0.666666666666667,0.33333333,2.1664797782898,15.8335202217102,5.19049659073353,422.763968658151,51.7307514119506,127.281471151288,0.5,0,0.333333333,0.666666666,0,0,0,0,5,13,18,-0.398752003908157,-0.470487982034683,0.0717359855771065,-1.45300006866455,-0.139980733394623,2.35733342170715,2.37040019035339,2.37040019035339,NA,0,1,-0.0949786156415939,-0.0741752258287339,0,1,0.11111111,94.5,0.11111111,82.5,0.77777778,93.14285714,NA,0.173208177089691,0.0197809934616089,-0.859246492385864,8.66040885448456,0.989049673080444,-6.13747494561332,0.375,0.5,0.44444444,0,1,0.625,0.55555556,0.83333333,0.16666667,2,1,0,0,2,1,3,0.66666667,0.33333333,0,0,0.66666667,0.33333333,1.32553112187644,74.87172,80,49.6549,28.09067,36.69944,20,68.02145,49.94776,58.2674,68.60665,56.16209,57.90558,-1.03055,2.53127,171.56,77.84,119.94,105.4,58.04,69.36,118.72,91.34,106.88,124.152941176471,87.7929411764706,106.209411764706,0.77777778,0.11111111,0.11111111,93.0785696847098,94.3499984741211,82.25,2.95377486092704,-5.17277145385742,5.21233654022217,10.7977185930525,12.2632722854614,-2.90175628662109,-0.870812151581049,0.175081223249435,0.0197252556681633,-6.22008679700749,8.75406116247177,0.986262783408165,0.42857143,0.45454545,0.44444444,0,1,0.625,0.61111111,21.58333333,0.77777778,0.11111111,0.11111111,93.2240164620536,94.5086517333984,82.3737487792969,3.49184989929199,-5.1813497543335,5.44227504730225,9.39517756870815,10.9706001281738,-4.38836002349854,-0.870812151581049,0.175081223249435,0.0197252556681633,-6.22008679700749,8.75406116247177,0.986262783408165,0.42857143,0.45454545,0.44444444,0,1,0.625,0.61111111,3,96.8858540852865,15.2680231730143,2,0.66666667,101.512,2,0.66666667,"2024-05-16",0
"Kenley Jansen",3096,"2024-05-14","TBR",3,2024,"BOS","H",36,0,0,0,1,0,0,0,0,0,0,0,1,3,1,0,0,0,0,0,0,0,0,0,0,0,9,0,0,0,1,2,0,1,0,0,0,0,0,0,7.34739574882223,0,0.333333333333333,1,0.333333333333333,1,3.1664797782898,-3.1664797782898,6.19049659073353,0,76.4551252906048,152.159040742638,0.5,0,0.333333333,0.666666666,0.5,0,0,0,5,7,12,0.146539986133575,-0.0609279721975327,0.207467973232269,0.546999990940094,0.0526974946260452,2.43300008773804,2.37040019035339,2.37040019035339,2.58119988441467,1,1,0.0472290366888046,0.0130011239561191,1,0,NA,NA,NA,NA,1,91.58333333,NA,NA,NA,0.00128589570522308,NA,NA,0.0107157975435257,0.25,1,0.5,1,1,1,0.33333333,0.33333333,0,1,2,0,1,1,1,3,0.33333333,0.66666667,0,0.33333333,0.33333333,0.33333333,-0.148835609039213,NA,NA,NA,NA,NA,NA,20,35.48161,25.66374,20,42.36473,20,1.99941,7.07621,NA,NA,NA,NA,NA,NA,115.4,61.06,95.18,115.4,61.06,95.18,1,NA,NA,91.5166625976562,NA,NA,3.23770395914714,NA,NA,10.4117348988851,NA,NA,-0.000729639083147049,NA,NA,-0.00608032569289207,NA,NA,0.14285714,1,0.5,1,1,1,0.41666667,20.5,1,NA,NA,91.7523498535156,NA,NA,3.67094167073568,NA,NA,9.03025054931641,NA,NA,-0.000729639083147049,NA,NA,-0.00608032569289207,NA,NA,0.16666667,0.83333333,0.5,1,1,1,0.5,3,93.0702819824219,31.1362330118815,1,0.33333333,104.348,2,0.66666667,"2024-05-14",0
"Kenley Jansen",3096,"2024-05-12","WSN",3,2024,"BOS","H",36,0,0,0,1,0,0,0,0,1,0,0,1,3,1,0,0,0,0,0,0,0,0,0,0,0,9,0,0,0,2,1,0,0,0,0,0,0,0,0,4.72206241920756,0,0.333333333333333,1,0.333333333333333,1,3.1664797782898,-3.1664797782898,4.67848818451166,0,76.4551252906048,114.543946394147,2,0,0.666666666,0.333333333,0,0,0,0,6,8,14,0.172531992197037,-0.0838480219244957,0.256380021572113,0.546999990940094,0.0526974946260452,2.98220014572144,2.92880010604858,2.92880010604858,NA,0,1,0.041743166744709,0.0161107611496238,1,0,NA,NA,NA,NA,1,91.28571429,NA,NA,NA,-0.0364521667361259,NA,NA,-0.260372619543757,0.2,0.5,0.28571429,1,1,1,0.28571429,0.33333333,0,2,1,0,1,0,2,3,0.66666667,0.33333333,0,0.33333333,0,0.66666667,1.24622064202669,NA,NA,NA,NA,NA,NA,64.31691,28.13641,55.73615,68.23434,36.18279,60.8126,-1.00742,2.56596,NA,NA,NA,NA,NA,NA,130.66,101.38,147.38,130.66,101.38,147.38,1,NA,NA,91.2571411132812,NA,NA,2.93833541870117,NA,NA,11.0993347167969,NA,NA,-0.0387544184923172,NA,NA,-0.276817274945123,NA,NA,0,0.44444444,0.28571429,NA,1,1,0.64285714,18.6,1,NA,NA,91.4365670340402,NA,NA,3.46479770115444,NA,NA,9.7856205531529,NA,NA,-0.0387544184923172,NA,NA,-0.276817274945123,NA,NA,0,0.44444444,0.28571429,NA,1,1,0.64285714,3,90.5934855143229,-3.88132413228353,1,0.33333333,103.872,2,0.66666667,"2024-05-12",0
"Kenley Jansen",3096,"2024-05-11","WSN",3,2024,"BOS","H",36,0,0,0,1,0,0,0,0,1,0,0,1,3,0,0,0,0,0,0,0,0,0,2,18,0,0,2,0,0,1,0,0,0,0,0,0,0.66666667,0,0.66666667,-0.412826469756885,0,0,0,0,1,-0.833520221710205,0.833520221710205,-0.833520221710205,0,-22.4423702240119,-22.5814263197472,1,0,1,0,0,0,0,0,4,12,16,0.0807399749755859,0,0.0807399749755859,0.546999990940094,0.0526974946260452,1.02493333816528,1.58399999141693,1.58399999141693,NA,0,1,0.0792660564184189,-0.000490225865265759,1,0,NA,NA,NA,NA,1,92.3125,NA,NA,NA,0.733392715454102,NA,NA,4.58370447158813,0,0.58333333,0.4375,NA,0.85714286,0.85714286,0.75,0.66666667,0.0625,0,1,0,0,1,0,1,0,1,0,0,1,0,-1.69410640757674,NA,NA,NA,NA,NA,NA,80,39.17032,76.02537,80,45.46926,80,-2.90386,-0.2787,NA,NA,NA,NA,NA,NA,126.12,148.72,154.96,126.12,148.72,154.96,1,NA,NA,92.3000030517578,NA,NA,3.56006574630737,NA,NA,10.8993654251099,NA,NA,0.74182216450572,NA,NA,4.63638852816075,NA,NA,0,0.58333333,0.4375,NA,0.85714286,0.85714286,0.75,21.07692308,1,NA,NA,92.4790649414062,NA,NA,3.80714011192322,NA,NA,9.74649906158447,NA,NA,0.74182216450572,NA,NA,4.63638852816075,NA,NA,0,0.58333333,0.4375,NA,0.85714286,0.85714286,0.75,1,89.7895660400391,-26.0563335418701,0,0,89.7896,0,0,"2024-05-11",0
"Kenley Jansen",3096,"2024-05-10","WSN",3,2024,"BOS","H",36,0,0,18,1,0,0,0,0,0,0,0,1,6,2,2,2,0,1,0,0,1,0,3,27,9,18,3,0,0,0,0,2,0,0,0,0,0.5,0.16666667,0.33333333,2.36922907397889,0,0.4,3,1,0.33333333,0.166479778289795,17.8335202217102,0.166479778289795,422.763968658151,2.28200365464223,2.29614327160339,0,1,0,0,0,0,0,0,8,14,22,-0.059715997427702,-0.0784719958901405,0.0187560021877289,-1.45299994945526,-0.139980733394623,0.312888890504837,0.331999987363815,0.331999987363815,NA,0,1,-0.134937435388565,-0.0559162485864458,0,0,0.09090909,93,0.09090909,80.5,0.81818182,91.72222222,NA,-0.305057972669601,0.0151102766394615,-0.152946472167969,-15.2528986334801,0.755513831973076,-0.849702623155382,0.2,0.83333333,0.54545455,0,0.6,0.5,0.54545455,0.33333333,0.27272727,2,0,0,0,1,1,2,1,0,0,0,0.5,0.5,5.88527362696589,80,78.63224,79.83917,45.10743,31.80349,51.52235,42.53207,30.45249,46.74677,48.43019,39.66006,49.28406,0.22294,4.4115,146.16,155.88,168.26,93.02,116.66,131.5,121.18,78.1,97.38,120.890909090909,88.6763636363636,106.925454545455,0.81818182,0.09090909,0.09090909,91.5555555555556,92.6499938964844,80.6999969482422,3.04957389831543,-5.22118377685547,2.34578514099121,10.913698832194,11.5448751449585,-2.71523332595825,-0.161783076822758,-0.310094714164734,0.0151214338839054,-0.898794871237543,-15.5047357082367,0.756071694195271,0.2,0.83333333,0.54545455,0,0.6,0.5,0.54545455,20.5625,0.81818182,0.09090909,0.09090909,91.7704264322917,92.8572998046875,80.9137496948242,3.6624026828342,-5.06012487411499,2.73014497756958,9.58292049831814,10.4598503112793,-3.97848987579346,-0.161783076822758,-0.310094714164734,0.0151214338839054,-0.898794871237543,-15.5047357082367,0.756071694195271,0.11111111,0.84615385,0.54545455,0,0.54545455,0.5,0.59090909,2,91.1337738037109,17.7829322814941,0,0,104.297,1,0.5,"2024-05-10",0
"Kenley Jansen",3096,"2024-05-05","@MIN",3,2024,"BOS","A",36,0,0,0,1,0,0,0,0,0,0,0,1,5,1,0,0,0,0,0,0,0,0,0,0,0,9,0,1,0,1,3,1,0,1,0,0,0,0,0,7.74112908401489,0,0.2,1,0.2,1,3.1664797782898,-3.1664797782898,7.70250499695539,0,76.4551252906048,189.77413509113,0.333333333,0.2,0.2,0.6,0,0,0,0,4,11,15,0.00118799996562302,-0.000915999989956617,0.00210399995557964,0.484000027179718,0.0507337488234043,0.0198285710066557,0.027199998497963,0.027199998497963,NA,0,1,0.0197860468178988,0.0401274973918305,0,0,NA,NA,NA,NA,1,91.93333333,NA,NA,NA,-0.151149556040764,NA,NA,-1.00766370693843,0.33333333,0.88888889,0.66666667,1,0.875,0.9,0.6,0.8,0.06666667,1,2,2,1,4,0,5,0.2,0.4,0.4,0.2,0.8,0,3.70350775143805,NA,NA,NA,NA,NA,NA,57.92841,33.57732,66.45489,61.33822,40.76202,78.06145,-0.57899,3.20861,NA,NA,NA,NA,NA,NA,92.98,102.6,99.02,92.98,102.6,99.02,1,NA,NA,91.813330078125,NA,NA,3.70094553629557,NA,NA,8.99544982910156,NA,NA,-0.115341875702143,NA,NA,-0.768945838014285,NA,NA,0.2,0.9,0.66666667,1,0.88888889,0.9,0.66666667,19.22222222,1,NA,NA,91.6060139973958,NA,NA,4.77484486897786,NA,NA,7.56787668863932,NA,NA,-0.115341875702143,NA,NA,-0.768945838014285,NA,NA,0.2,0.9,0.66666667,1,0.88888889,0.9,0.66666667,5,80.7317138671875,19.1413055419922,0,0,97.1044,1,0.2,"2024-05-05",0
"Kenley Jansen",3096,"2024-04-28","CHC",3,2024,"BOS","H",36,1,0,0,1,0,0,0,0,0,0,0,1,3,0,0,0,0,0,0,0,0,0,1,9,0,0,1,0,0,1,1,0,0,0,0,0,0.33333333,0,0.33333333,1.87828464271067,0,0,0,0,1,1.1664797782898,-1.1664797782898,2.67848818451166,0,27.0063775332964,64.7888072114456,1,0,0.5,0.5,0,0,1,9,3,7,10,0.146540001034737,0,0.146540001034737,0.546999990940094,0.0526974946260452,1.87773334980011,2.37040019035339,2.37040019035339,NA,0,1,0.0780637785792351,-2.28783362180157e-05,1,0,NA,NA,NA,NA,1,92.3,NA,NA,NA,0.72822105884552,NA,NA,7.2822105884552,0,0.44444444,0.4,NA,1,1,0.9,0.33333333,0,1,0,1,2,0,0,2,0.5,0,0.5,1,0,0,-0.392669226673431,NA,NA,NA,NA,NA,NA,66.34999,37.7917,58.61893,70.42897,44.30897,65.45165,-1.14377,2.36144,NA,NA,NA,NA,NA,NA,129.16,93.14,121.32,129.16,93.14,121.32,1,NA,NA,92.2099975585938,NA,NA,3.70609741210937,NA,NA,9.98497314453125,NA,NA,0.736723728477955,NA,NA,7.36723728477955,NA,NA,0,0.44444444,0.4,NA,1,1,0.9,19.85714286,1,NA,NA,92.5136413574219,NA,NA,4.21483116149902,NA,NA,8.6319221496582,NA,NA,0.736723728477955,NA,NA,7.36723728477955,NA,NA,0,0.5,0.4,NA,1,1,0.8,2,73.878173828125,28.2616100311279,0,0,79.9902,0,0,"2024-04-28",0
"Kenley Jansen",3096,"2024-04-25","@CLE",3,2024,"BOS","A",36,0,0,0,1,0,0,0,0,0,0,0,1,3,0,0,0,0,0,0,0,0,0,1,9,0,0,1,0,0,2,0,0,0,0,0,0,0.33333333,0,0.33333333,-0.694826464786218,0,0,0,0,1,1.1664797782898,-1.1664797782898,1.1664797782898,0,27.0063775332964,27.173712862954,2,0,1,0,0,0,0,0,1,7,8,0.0130999991670251,0,0.0130999991670251,0.479999989271164,0.0506329126656055,0.168266668915749,0.219200000166893,0.219200000166893,NA,0,1,0.0779528245329857,-0.000100215626914812,0,0,0.125,93,NA,NA,0.875,91.71428571,NA,-0.0207000374794006,NA,0.711183071136475,-2.07000374794006,NA,10.1597581590925,0.4,1,0.625,0.5,1,0.8,0.375,1,0.125,0,2,0,0,1,1,2,0,1,0,0,0.5,0.5,-0.230783829330867,25.2932,71.6701,20,NA,NA,NA,63.96688,36.21432,64.10762,62.40251,45.89411,63.96673,-0.64511,3.10943,143.86,72.76,83.86,NA,NA,NA,119.24,134.44,132.16,122.757142857143,125.628571428571,125.26,0.875,0.125,NA,91.5142822265625,93,NA,4.14279665265764,-6.8208441734314,NA,9.93040575299944,10.5148811340332,NA,0.71974590793252,-0.0210469514131546,NA,10.282084399036,-2.10469514131546,NA,0.5,0.75,0.625,0.5,1,0.8,0.5,21.6,0.875,0.125,NA,91.9812709263393,93.5290985107422,NA,4.72769546508789,-6.7785701751709,NA,8.63149860927037,9.2455997467041,NA,0.71974590793252,-0.0210469514131546,NA,10.282084399036,-2.10469514131546,NA,0.5,0.75,0.625,0.5,1,0.8,0.5,2,94.7689971923828,-2.73509168624878,0,0,102.372,1,0.5,"2024-04-25",0
"Kenley Jansen",3096,"2024-04-20","@PIT",3,2024,"BOS","A",36,0,0,0,1,0,0,0,0,1,0,0,1,3,0,0,0,0,0,0,0,0,0,3,27,0,0,3,0,0,0,0,0,0,0,0,0,1,0,1,-0.337270915985107,0,0,0,0,1,-2.8335202217102,2.8335202217102,-2.8335202217102,0,-71.8911179813203,-72.3365655024484,0,0,0,0,0,0,0,0,5,10,15,0.0956359952688217,0,0.0956359952688217,0.521000027656555,0.0519182868301868,1.2364000082016,1.88700008392334,1.88700008392334,NA,0,1,0.0778555124998093,-0.00050514479160399,1,0,NA,NA,0.07142857,85,0.92857143,93,0.06666667,NA,-0.0373910665512085,0.631102919578552,NA,-3.73910665512085,4.85463784291194,0,0.44444444,0.28571429,NA,0.5,0.5,0.64285714,0.33333333,0.13333333,0,0,0,0,0,0,0,NA,NA,NA,NA,NA,NA,-2.97312058419228,NA,NA,NA,51.59956,50.91585,80,48.80589,45.21008,45.10629,51.69606,51.20941,47.86271,0.02004,4.10715,NA,NA,NA,131.3,170.82,153.32,117.28,92.72,108.14,118.281428571429,98.2985714285714,111.367142857143,0.92857143,NA,0.07142857,93.015380859375,NA,85.0999984741211,0.87782096862793,NA,1.73133075237274,11.6989616980919,NA,0.495131611824036,0.638252209872007,NA,-0.0380783230066299,4.90963238363083,NA,-3.80783230066299,0,0.5,0.28571429,NA,0.5,0.5,0.57142857,18.81818182,0.92857143,NA,0.07142857,93.1935471754808,NA,85.2599029541016,1.55559906592736,NA,2.72884011268616,10.1758939302885,NA,-1.15968000888824,0.638252209872007,NA,-0.0380783230066299,4.90963238363083,NA,-3.80783230066299,0,0.5,0.28571429,NA,0.5,0.5,0.57142857,0,NA,NA,0,NA,NA,0,NA,"2024-04-20",0
"Kenley Jansen",3096,"2024-04-16","CLE",3,2024,"BOS","H",36,0,0,9,1,0,0,0,0,0,0,1,1,6,3,1,1,0,0,0,0,0,0,0,0,0,27,0,0,0,2,2,2,0,0,0,0,0,0,0,6.03472908401489,0,0.5,3,0.5,0.66666667,3.1664797782898,5.8335202217102,6.19049659073353,211.381984329076,76.4551252906048,152.159040742638,1,0.333333333,0.333333333,0.333333333,0,0,0,0,3,11,14,-0.180928021669388,-0.483820021152496,0.302891999483109,-0.453000009059906,-0.0436416119337082,4.08466672897339,2.92880010604858,2.92880010604858,2.58119988441467,1,1,-0.0605550296604633,0.0162605905606886,0,1,0.07142857,94,0.07142857,82,0.85714286,93.16666667,NA,0.054188709706068,0.0389156937599182,-0.950889587402344,5.4188709706068,3.89156937599182,-7.92407989501953,0.4,0.66666667,0.57142857,1,1,1,0.64285714,0.66666667,0,2,3,1,1,3,2,6,0.33333333,0.5,0.16666667,0.16666667,0.5,0.33333333,6.24149373114265,63.53325,80,80,80,41.14129,80,73.14456,41.43452,73.35873,79.42352,49.97904,80,-1.70256,1.52325,119.98,134.5,161.18,91.08,132.54,139.48,119.4,124.02,135.14,117.418571428571,125.377142857143,137.31,0.85714286,0.07142857,0.07142857,92.9666646321615,94,82.4000015258789,2.58402887980143,-5.05777740478516,5.16320133209229,11.1689376831055,12.6214151382446,-1.9296897649765,-0.879262212663889,0.054773960262537,0.039364367723465,-7.32718510553241,5.4773960262537,3.9364367723465,0.5,0.6,0.57142857,1,1,1,0.71428571,19,0.85714286,0.07142857,0.07142857,93.4861958821615,94.5298004150391,82.9284973144531,3.39858754475911,-4.41709995269775,6.04380989074707,9.61542256673177,10.6140003204346,-3.54890990257263,-0.879262212663889,0.054773960262537,0.039364367723465,-7.32718510553241,5.4773960262537,3.9364367723465,0.5,0.58333333,0.57142857,1,1,1,0.85714286,6,93.1907043457031,9.85524431864421,1,0.16666667,104.244,2,0.33333333,"2024-04-16",0
"Kenley Jansen",3096,"2024-04-14","LAA",3,2024,"BOS","H",36,0,0,9,1,0,0,0,0,1,0,0,1,6,1,1,1,0,1,0,1,0,0,2,18,9,9,2,0,0,0,2,0,0,0,0,0,0.33333333,0.16666667,0.16666667,4.28472907744389,0,0.25,2,0.5,0.66666667,5.1664797782898,3.8335202217102,8.19049659073353,211.381984329076,125.903873047913,201.914179925339,0,0,0,1,0,0,0,0,11,14,25,0.0807399898767471,-0.371900022029877,0.452639997005463,-0.453000009059906,-0.0436416193842888,4.36453342437744,1.58399999141693,1.58399999141693,NA,0,1,-0.0460575558245182,0.0645566671901882,1,0,0.04,94,0.04,83,0.92,92.26086957,NA,0.173208177089691,0.054188709706068,-0.773154556751251,17.3208177089691,5.4188709706068,-3.3615415510924,0.23529412,0.875,0.44,0.5,0.71428571,0.63636364,0.32,0.66666667,0.16,0,2,0,1,0,1,2,0,1,0,0.5,0,0.5,3.76840002613556,51.72559,61.32049,20,77.7507,31.83547,80,29.97208,27.81069,41.93074,34.35411,36.76463,39.55568,1.09743,5.72324,157.46,83.54,117.56,102.62,105.72,108.84,110.82,75.38,92.58,112.3576,76.92,94.2296,0.92,0.04,0.04,92.3086998980978,94,82.6999969482422,1.78854237432065,-5.68573760986328,3.13728833198547,9.97598797342052,10.6028118133545,-1.552814245224,-0.785850282758474,0.175081223249435,0.054773960262537,-3.41674035981945,17.5081223249435,5.4773960262537,0.21428571,0.72727273,0.44,0.33333333,0.75,0.63636364,0.44,19.42105263,0.92,0.04,0.04,92.7476965862772,94.4312973022461,83.1661987304688,2.57899906324304,-5.26507997512817,4.01647996902466,8.42220737623132,9.30539989471436,-3.39662003517151,-0.785850282758474,0.175081223249435,0.054773960262537,-3.41674035981945,17.5081223249435,5.4773960262537,0.21428571,0.72727273,0.44,0.33333333,0.75,0.63636364,0.44,2,81.2367401123047,36.3593521118164,0,0,94.6651,0,0,"2024-04-14",0
"Kenley Jansen",3096,"2024-04-11","BAL",3,2024,"BOS","H",36,0,0,0,1,0,0,0,0,0,0,0,0.2,4,0,0,0,0,2,0,0,0,0,1,13.500014081612,27.000028163224,0,0.5,0,0,1,0,0,0,0,0,0,0.25,0.5,-0.25,12.8727915840149,0,0,3.00000312924711,0,1,9.16648603678403,-9.16648603678403,9.16648603678403,0,224.801523299881,226.194425289884,1,0,1,0,0,0,0,0,12,7,19,0.0844320133328438,-0.0729359686374664,0.15736797451973,0.28999999165535,0.0279383398592472,3.29460000991821,0.937799990177155,1.87559998035431,2.58119988441467,1,1,0.00296572153456509,0.0226616727101583,1,0,0.05263158,95,0.05263158,83,0.89473684,91.64705882,NA,-0.0207000374794006,-0.0373910665512085,-0.091363325715065,-2.07000374794006,-3.73910665512085,-0.537431327735676,0.14285714,0.6,0.26315789,0.5,1,0.8,0.26315789,0.5,0.05263158,1,0,0,0,0,1,1,1,0,0,0,0,1,9.16488050736647,20,80,20,20,45.21539,20,24.20633,37.84907,37.61497,23.41602,46.75664,26.7986,1.77698,6.74256,189.94,17.3,65.88,154.44,108.12,119.06,113.52,55.72,66.86,119.695789473684,56.4557894736842,69.5557894736842,0.89473684,0.05263158,0.05263158,91.5823543772978,94.8000030517578,83,2.75888532750747,-4.88163661956787,3.82777404785156,11.180201810949,12.9890451431274,-0.260045021772385,-0.100906081497669,-0.0210469514131546,-0.0380783230066299,-0.593565185280407,-2.10469514131546,-3.80783230066299,0.15384615,0.5,0.26315789,0.5,1,0.8,0.31578947,22.4,0.89473684,0.05263158,0.05263158,92.014310948989,95.2567977905273,83.3820037841797,3.34096751493566,-4.73829984664917,4.3924298286438,9.39482565487132,11.4053001403809,-2.51410007476807,-0.100906081497669,-0.0210469514131546,-0.0380783230066299,-0.593565185280407,-2.10469514131546,-3.80783230066299,0.15384615,0.5,0.26315789,0.5,1,0.8,0.31578947,1,101.552299499512,-2.16908550262451,0,0,101.552,1,1,"2024-04-11",0
"Kenley Jansen",3096,"2024-04-05","@LAA",3,2024,"BOS","A",36,0,0,0,1,0,0,0,0,1,0,0,1,3,0,0,0,0,0,0,0,0,0,1,9,0,0,1,0,0,0,1,1,0,0,0,0,0.33333333,0,0.33333333,2.61817353088578,0,0,0,0,1,1.1664797782898,-1.1664797782898,2.67848818451166,0,27.0063775332964,64.7888072114456,0,0.5,0,0.5,0,0,0,0,5,13,18,0.0927079990506172,0,0.0927079990506172,0.508000016212463,0.0515474379062653,1.2092000246048,1.8510000705719,1.8510000705719,NA,0,1,0.0771777555346489,-0.000508885898364397,1,0,NA,NA,0.11111111,81,0.88888889,90.75,NA,NA,-0.0238054171204567,0.831380188465118,NA,-1.19027085602283,5.19612617790699,0.25,0.7,0.5,0.5,0.85714286,0.77777778,0.55555556,0.66666667,0.11111111,0,0,2,0,2,0,2,0,0,1,0,1,0,3.75359704158146,NA,NA,NA,63.31024,36.82522,79.56898,42.15327,20,52.22327,46.96901,30.48282,58.81858,0.31372,4.54767,NA,NA,NA,101.98,122.64,100.78,140.06,99.96,125.12,135.828888888889,102.48,122.415555555556,0.88888889,NA,0.11111111,90.7437515258789,NA,80.8000030517578,4.05129671096802,NA,2.29425191879272,9.38731861114502,NA,-3.11639642715454,0.841202966868877,NA,-0.0242429338395596,5.25751854293048,NA,-1.21214669197798,0.28571429,0.63636364,0.5,0.5,0.85714286,0.77777778,0.61111111,18.93333333,0.88888889,NA,0.11111111,91.8897094726562,NA,81.9674530029297,4.20624113082886,NA,2.20668506622314,7.63075351715088,NA,-5.08647489547729,0.841202966868877,NA,-0.0242429338395596,5.25751854293048,NA,-1.21214669197798,0.28571429,0.63636364,0.5,0.5,0.85714286,0.77777778,0.61111111,2,85.7106475830078,32.1396446228027,0,0,95.8226,1,0.5,"2024-04-05",0
"Kenley Jansen",3096,"2024-04-03","@OAK",3,2024,"BOS","A",36,0,0,0,1,0,0,0,0,1,0,0,1,5,0,0,0,0,2,0,0,0,0,1,9,18,0,0.5,0,0,1,1,0,0,0,0,0,0.2,0.4,-0.2,10.4768090840149,0,0,2,0,1,7.1664797782898,-7.1664797782898,8.67848818451166,0,175.352620805222,214.054224759549,1,0,0.5,0.5,0,0,0,0,11,10,21,0.184040009975433,-0.218012005090714,0.402052015066147,0.453000009059906,0.0496710538864136,4.90095996856689,3.33559989929199,3.33559989929199,NA,0,1,0.00458634551614523,0.0329654833410183,1,0,0.04761905,95,NA,NA,0.95238095,91.7,NA,0.0572940893471241,NA,0.159586921334267,5.72940893471241,NA,0.797934606671333,0.09090909,0.7,0.38095238,0,0.85714286,0.75,0.47619048,0.6,0.0952381,0,2,0,0,2,0,2,0,1,0,0,1,0,6.49960810121433,80,80,80,NA,NA,NA,51.64288,24.52778,56.18573,59.67486,35.62617,65.98983,-0.47565,3.36362,119.5,155.76,186.06,NA,NA,NA,124.76,96.22,114.94,124.509523809524,99.0552380952381,118.326666666667,0.95238095,0.04761905,NA,91.5849975585938,94.9000015258789,NA,3.39099044799805,-4.81874990463257,NA,10.1476081848145,12.2822704315186,NA,0.152900703251362,0.057969942688942,NA,0.764503516256809,5.7969942688942,NA,0.1,0.63636364,0.38095238,0,0.85714286,0.75,0.52380952,20.3125,0.95238095,0.04761905,NA,92.0610717773438,95.379997253418,NA,3.68175392150879,-4.54617977142334,NA,8.76469650268555,10.7068996429443,NA,0.152900703251362,0.057969942688942,NA,0.764503516256809,5.7969942688942,NA,0.1,0.63636364,0.38095238,0,0.85714286,0.75,0.52380952,2,95.1572265625,23.229362487793,0,0,97.2051,1,0.5,"2024-04-03",0
"Kenley Jansen",3096,"2024-04-02","@OAK",3,2024,"BOS","A",36,0,0,0,1,0,0,0,0,0,0,0,1,5,0,0,0,0,2,0,0,1,0,2,18,18,0,1,0,0,0,1,0,0,0,0,0,0.4,0.4,0,8.02816908401489,0,0,2,0,1,5.1664797782898,-5.1664797782898,6.67848818451166,0,125.903873047913,164.299085576848,0,0,0,1,0,0,0,0,12,14,26,0.12780798971653,-0.0741320103406906,0.20194000005722,0.453000009059906,0.0496710538864136,2.58246660232544,2.20959997177124,2.20959997177124,2.65560007095337,1,1,0.0319227389991283,0.0175679260888315,1,0,0.03846154,95,0.07692308,83,0.88461538,91.56521739,NA,0.173208177089691,-0.284818947315216,0.266206920146942,17.3208177089691,-14.2409473657608,1.15742139194323,0.22222222,0.875,0.42307692,0.25,0.71428571,0.54545455,0.30769231,0.4,0.19230769,0,0,1,0,1,0,1,0,0,1,0,1,0,4.64341126436693,NA,NA,NA,80,63.0509,80,24.15234,34.53687,47.44866,30.91866,44.16179,51.07469,1.31086,6.04338,156.46,207.96,236,143.6,136.58,166.32,117.3,79.6,105.18,120.829230769231,88.92,114.914615384615,0.88461538,0.03846154,0.07692308,91.604343580163,94.9000015258789,83.3000030517578,4.50992318858271,-3.12585258483887,3.68604302406311,9.46458501401155,11.2743825912476,-2.35186123847961,0.26358712464571,0.175081223249435,-0.29145535454154,1.14603097672048,17.5081223249435,-14.572767727077,0.17647059,0.88888889,0.42307692,0.33333333,0.625,0.54545455,0.34615385,19.47619048,0.88461538,0.03846154,0.07692308,91.9718919836957,95.3022994995117,83.6795501708984,4.91820526123047,-3.02519011497498,4.01461982727051,8.12427553923234,9.98128986358643,-4.13126516342163,0.26358712464571,0.175081223249435,-0.29145535454154,1.14603097672048,17.5081223249435,-14.572767727077,0.1875,0.8,0.42307692,0.33333333,0.625,0.54545455,0.38461538,1,93.985221862793,67.4354248046875,0,0,93.9852,0,0,"2024-04-02",0
"Kenley Jansen",3096,"2024-03-28","@SEA",3,2024,"BOS","A",36,0,0,0,1,0,0,0,0,1,0,0,1,4,0,0,0,0,1,0,0,0,0,2,18,9,0,2,0,0,0,0,1,0,0,0,0,0.5,0.25,0.25,3.79922908401489,0,0,1,0,1,2.1664797782898,-2.1664797782898,2.1664797782898,0,51.7307514119506,52.0512824543046,0,1,0,0,0,0,0,0,6,9,15,0.0757059976458549,-0.0854820013046265,0.161188006401062,0.430000007152557,0.048835888504982,2.16980004310608,1.62839996814728,1.62839996814728,NA,0,1,0.0186208002269268,0.0162699713381255,1,0,NA,NA,0.13333333,85.5,0.86666667,93.07692308,NA,NA,-0.0580911040306091,0.526613354682922,NA,-2.90455520153046,4.0508719590994,0.36363636,0.5,0.4,0.25,0.5,0.33333333,0.26666667,0.75,0.26666667,0,0,1,0,1,0,1,0,0,1,0,1,0,5.96987526163572,NA,NA,NA,59.49101,38.69889,59.06006,54.46602,21.96498,53.79469,58.41629,32.91428,58.22205,-0.39746,3.4809,NA,NA,NA,147.46,157.52,156.7,133.08,96.62,120.82,134.997333333333,104.74,125.604,0.86666667,NA,0.13333333,93.0615422175481,NA,85.1499938964844,2.91972028292142,NA,2.77753949165344,9.60676692082332,NA,-0.371425688266754,0.570545107126236,NA,-0.0591252744197845,4.38880851635566,NA,-2.95626372098923,0.33333333,0.5,0.4,0.33333333,0.33333333,0.33333333,0.4,20.63636364,0.86666667,NA,0.13333333,92.899179311899,NA,85.0018463134766,3.38950377244216,NA,3.35690498352051,8.09707700289213,NA,-2.16061758995056,0.570545107126236,NA,-0.0591252744197845,4.38880851635566,NA,-2.95626372098923,0.33333333,0.5,0.4,0.33333333,0.33333333,0.33333333,0.4,1,103.795700073242,15.7967395782471,0,0,103.796,1,1,"2024-03-28",0
