"PlayerName","playerid","Date","Opp","teamid","season","Team","HomeAway","Age","W","L","ERA","G","GS","QS","CG","ShO","SV","HLD","BS","IP","TBF","H","R","ER","HR","BB","IBB","HBP","WP","BK","SO","K/9","BB/9","H/9","K/BB","IFH%","BUH%","GB","FB","LD","IFFB","IFH","BU","BUH","K%","BB%","K-BB%","SIERA","HR/9","AVG","WHIP","BABIP","LOB%","FIP","E-F","xFIP","ERA-","FIP-","xFIP-","GB/FB","LD%","GB%","FB%","IFFB%","HR/FB","RS","RS/9","Balls","Strikes","Pitches","WPA","-WPA","+WPA","RE24","REW","pLI","inLI","gmLI","exLI","Pulls","Games","WPA/LI","Clutch","SD","MD","FB%1","FBv","SL%","SLv","CH%","CHv","wFB","wSL","wCH","wFB/C","wSL/C","wCH/C","O-Swing%","Z-Swing%","Swing%","O-Contact%","Z-Contact%","Contact%","Zone%","F-Strike%","SwStr%","Pull","Cent","Oppo","Soft","Med","Hard","bipCount","Pull%","Cent%","Oppo%","Soft%","Med%","Hard%","tERA","GSv2","pb_o_CH","pb_s_CH","pb_c_CH","pb_o_FF","pb_s_FF","pb_c_FF","pb_o_SI","pb_s_SI","pb_c_SI","pb_o_SL","pb_s_SL","pb_c_SL","pb_overall","pb_stuff","pb_command","pb_xRV100","pb_ERA","sp_s_CH","sp_l_CH","sp_p_CH","sp_s_FF","sp_l_FF","sp_p_FF","sp_s_SI","sp_l_SI","sp_p_SI","sp_s_SL","sp_l_SL","sp_p_SL","sp_stuff","sp_location","sp_pitching","pfxFA%","pfxSI%","pfxSL%","pfxCH%","pfxvFA","pfxvSI","pfxvSL","pfxvCH","pfxFA-X","pfxSI-X","pfxSL-X","pfxCH-X","pfxFA-Z","pfxSI-Z","pfxSL-Z","pfxCH-Z","pfxwFA","pfxwSI","pfxwSL","pfxwCH","pfxwFA/C","pfxwSI/C","pfxwSL/C","pfxwCH/C","pfxO-Swing%","pfxZ-Swing%","pfxSwing%","pfxO-Contact%","pfxZ-Contact%","pfxContact%","pfxZone%","pfxPace","piCH%","piFA%","piSI%","piSL%","pivCH","pivFA","pivSI","pivSL","piCH-X","piFA-X","piSI-X","piSL-X","piCH-Z","piFA-Z","piSI-Z","piSL-Z","piwCH","piwFA","piwSI","piwSL","piwCH/C","piwFA/C","piwSI/C","piwSL/C","piO-Swing%","piZ-Swing%","piSwing%","piO-Contact%","piZ-Contact%","piContact%","piZone%","Events","EV","LA","Barrels","Barrel%","maxEV","HardHit","HardHit%","gamedate","dh"
"Randy Rodriguez",23974,"2024-09-29","STL",30,2024,"SFG","H",24,0,0,27,1,0,0,0,0,0,0,0,1,7,3,3,3,0,2,0,0,0,0,1,9,18,27,0.5,0,0,1,2,1,0,0,0,0,0.14285714,0.28571429,-0.14285714,8.51160663066963,0,0.6,5,0.75,0.4,7.1664797782898,19.8335202217102,10.1904965907335,670.162082511638,181.915530006575,248.050207205773,0.5,0.25,0.25,0.5,0,0,0,0,11,20,31,-0.0994279906153679,-0.159600004553795,0.0601720102131367,-2.52600002288818,-0.26858052611351,0.592124998569489,0.402400016784668,0.402400016784668,0.0507999993860722,1,1,-0.13000476360321,-0.0379124681562583,0,1,0.70967742,96.72727273,0.29032258,84.77777778,NA,NA,-1.26540422439575,-0.145066425204277,NA,-5.75183738361705,-1.61184916893641,NA,0.3125,0.46666667,0.38709677,0.4,1,0.75,0.48387097,1,0.09677419,0,1,3,0,4,0,4,0,0.25,0.75,0,1,0,6.82813090087399,NA,NA,NA,NA,58.95278,56.20221,57.69793,58.8022,59.91052,68.90506,37.95006,50.87985,31.05742,55.20208,53.61352,55.82024,-0.19777,3.78044,NA,NA,NA,97.46,117.06,116.48,105.14,113.1,115.96,100.54,50.74,64.6,99.8406451612903,97.0393548387097,101.317419354839,0.51612903,0.19354839,0.29032258,NA,97.4375,94.9666646321615,84.6333346896701,NA,-5.53531360626221,-9.95587921142578,3.06855667961968,NA,8.54101181030273,5.98836517333984,0.238403452767266,NA,-1.32803623005748,0.0398906543850899,-0.15335226431489,NA,-8.30022643785924,0.664844239751498,-1.70391404794322,NA,0.33333333,0.4375,0.38709677,0.4,1,0.75,0.51612903,19.69565217,NA,0.51612903,0.19354839,0.29032258,NA,97.6050033569336,95.13330078125,84.7978108723958,NA,-5.32367515563965,-9.76017125447591,3.46706899007161,NA,7.80810213088989,5.02506510416667,-0.661055458916558,NA,-1.32803623005748,0.0398906543850899,-0.15335226431489,NA,-8.30022643785924,0.664844239751498,-1.70391404794322,0.35714286,0.41176471,0.38709677,0.4,1,0.75,0.5483871,4,80.5744400024414,27.2032165527344,0,0,84.4522,0,0,"2024-09-29",0
"Randy Rodriguez",23974,"2024-09-27","STL",30,2024,"SFG","H",24,0,0,0,1,0,0,0,0,0,0,0,1,3,0,0,0,0,0,0,0,0,0,0,0,0,0,0,0,0,2,1,0,0,0,0,0,0,0,0,4.72206241920756,0,0,0,0,1,3.1664797782898,-3.1664797782898,4.67848818451166,0,81.4170727589986,114.84853560366,2,0,0.666666666,0.333333333,0,0,0,0,5,6,11,0.0223680008202791,0,0.0223680008202791,0.474000006914139,0.0503987222909927,0.300333321094513,0.402400016784668,0.402400016784668,0.326999992132187,1,1,0.0747083202004433,-0.000231066931432683,0,0,0.63636364,96.57142857,0.36363636,84.25,NA,NA,0.23497162759304,0.439022123813629,NA,3.35673753704344,10.9755530953407,NA,0.28571429,0.5,0.36363636,0.5,1,0.75,0.36363636,NA,0.09090909,2,1,0,0,2,1,3,0.66666667,0.33333333,0,0,0.66666667,0.33333333,1.14550283325363,NA,NA,NA,NA,24.44426,54.37996,20,NA,NA,NA,78.69186,43.95285,80,41.27871,49.10679,43.19104,0.66723,5.07794,NA,NA,NA,86.46,100.8,98.52,NA,NA,NA,109.34,129.88,137.36,94.78,111.374545454545,112.643636363636,0.63636364,NA,0.36363636,NA,96.4857177734375,NA,84.0749969482422,NA,-3.33729771205357,NA,3.16362881660461,NA,7.69751957484654,NA,-0.493206888437271,NA,0.237660929560661,NA,0.44458294287324,NA,3.39515613658088,NA,11.114573571831,NA,0.28571429,0.5,0.36363636,0.5,1,0.75,0.36363636,17.25,NA,0.63636364,NA,0.36363636,NA,96.5262102399554,NA,84.1334762573242,NA,-3.1858515058245,NA,3.48039245605469,NA,6.93422862461635,NA,-1.68042492866516,NA,0.237660929560661,NA,0.44458294287324,NA,3.39515613658088,NA,11.114573571831,0.28571429,0.5,0.36363636,0.5,1,0.75,0.36363636,3,93.6739603678385,2.96096801757812,0,0,105.781,1,0.33333333,"2024-09-27",0
"Randy Rodriguez",23974,"2024-08-13","ATL",30,2024,"SFG","H",24,0,1,0,1,0,0,0,0,0,0,0,1,4,1,1,0,0,0,0,0,0,0,0,0,0,9,0,0,0,2,2,0,0,0,0,0,0,0,0,6.03472908401489,0,0.25,1,0.25,0,3.1664797782898,-3.1664797782898,6.19049659073353,0,81.4170727589986,151.387312822842,1,0,0.5,0.5,0,0,0,0,4,11,15,-0.065483994781971,-0.262263238430023,0.196779251098633,0.0779999196529388,0.00829345174133778,1.92369997501373,2.67219996452332,2.67219996452332,NA,0,1,0.0506956614553928,-0.08473631001417,0,1,0.33333333,95.8,0.66666667,84,NA,NA,-0.218984559178352,0.466763406991959,NA,-4.37969118356705,4.66763406991959,NA,0.28571429,1,0.66666667,0.5,0.875,0.8,0.53333333,0.75,0.13333333,0,1,3,0,3,1,4,0,0.25,0.75,0,0.75,0.25,1.05074464945321,NA,NA,NA,NA,80,58.36068,80,43.85978,37.62173,44.13982,66.74425,43.90944,70.13422,67.39793,46.36349,70.28472,-0.95546,2.6439,NA,NA,NA,89.6,96.14,78.04,114.42,92.7,74.32,115.92,119.16,121.7,108.801333333333,111.257333333333,106.898666666667,0.06666667,0.26666667,0.66666667,NA,95,95.9499969482422,83.9700012207031,NA,-5.62508821487427,-7.02168750762939,4.5054630279541,NA,9.5734977722168,6.64745235443115,-0.568425703048706,NA,0.057969942688942,-0.280677434056997,0.471766300499439,NA,5.7969942688942,-7.01693585142493,4.71766300499439,NA,0.33333333,0.88888889,0.66666667,0.5,0.875,0.8,0.6,20,NA,0.33333333,NA,0.66666667,NA,95.9123413085938,NA,84.0797912597656,NA,-6.58980407714844,NA,5.1374439239502,NA,6.4633918762207,NA,-1.65019569396973,NA,-0.222707491368055,NA,0.471766300499439,NA,-4.45414982736111,NA,4.71766300499439,0.33333333,0.88888889,0.66666667,0.5,0.875,0.8,0.6,4,87.0011672973633,15.5888042449951,1,0.25,102.748,2,0.5,"2024-08-13",0
"Randy Rodriguez",23974,"2024-08-12","ATL",30,2024,"SFG","H",24,0,0,0,1,0,0,0,0,0,0,0,0.2,2,0,0,0,0,0,0,0,0,0,2,27.000028163224,0,0,2,0,0,0,0,0,0,0,0,0,1,0,1,-0.337270915985107,0,0,0,0,1,-2.83352648020443,2.83352648020443,-2.83352648020443,0,-69.3307703546198,-66.6847344309602,0,0,0,0,0,0,0,0,2,7,9,0.147366002202034,0,0.147366002202034,0.875,0.0930356234312057,3.11299991607666,1.64109992980957,3.28219985961914,1.83619999885559,1,1,0.0474997945129871,-0.000160891148106676,1,0,0.33333333,95.66666667,0.55555556,83.6,0.11111111,88,0.0755097419023514,0.263207197189331,0.193908214569092,2.51699139674505,5.26414394378662,19.3908214569092,0.33333333,1,0.55555556,0.5,0.66666667,0.6,0.33333333,0.5,0.22222222,0,0,0,0,0,0,0,NA,NA,NA,NA,NA,NA,-2.73283713809967,NA,64.15726,57.11135,72.70481,31.07935,58.85163,20,80,47.98985,80,35.2503,47.52722,39.49768,43.36278,54.84765,43.83072,0.53776,4.88373,121.48,87.6,90.28,113.9,98.06,105.48,81.84,144.06,129.3,113.22,70.92,71.18,111.112,88.044,89.192,0.22222222,0.11111111,0.55555556,0.11111111,95.5,95.8000030517578,83.5,88.4000015258789,-4.12274885177612,-5.85482597351074,5.61357955932617,-7.48097276687622,9.56553363800049,5.87531137466431,-0.628915405273437,1.50036513805389,0.0183174163103104,0.057969942688942,0.266023583710194,0.196128189563751,0.915870815515518,5.7969942688942,5.32047167420387,19.6128189563751,0.33333333,1,0.55555556,0.5,0.66666667,0.6,0.33333333,20.71428571,0.11111111,0.33333333,NA,0.55555556,88.413200378418,95.6457316080729,NA,83.4990966796875,-7.3972601890564,-4.36451657613118,NA,5.90268211364746,0.491273999214172,7.78354644775391,NA,-1.80104389190674,0.196128189563751,0.0762873589992523,NA,0.266023583710194,19.6128189563751,2.54291196664174,NA,5.32047167420387,0.42857143,1,0.55555556,0.66666667,0.5,0.6,0.22222222,0,NA,NA,0,NA,NA,0,NA,"2024-08-12",0
"Randy Rodriguez",23974,"2024-08-06","@WSN",30,2024,"SFG","A",24,0,0,3.3750008046629,1,0,0,0,0,0,0,0,2.2,15,6,1,1,0,1,0,0,0,0,3,10.1250024139887,3.3750008046629,20.2500048279774,3,0.75,0,4,3,2,0,3,2,0,0.2,0.06666667,0.13333333,3.84588018853031,0,0.428571428571429,2.62500062584892,0.545454545454545,0.85714286,2.04147951006883,1.33352129459407,3.74248937262078,83.770280286346,53.1518749191694,92.2294470295705,1.333333333,0.222222222,0.444444444,0.333333333,0,0,1,3.3750008046629,23,33,56,-0.0792520195245743,-0.261276006698608,0.182023987174034,-0.641000032424927,-0.0665628239512444,0.788150012493134,0.596300005912781,0.966800034046173,0.737200021743774,1,1,-0.137110963463783,0.0365564773020962,0,1,0.39285714,96.40909091,0.41071429,83.95652174,0.19642857,88.81818182,-0.785180985927582,-0.0298615694046021,-0.899316906929016,-3.56900448148901,-0.129832910454792,-8.17560824480924,0.27272727,0.69565217,0.44642857,0.66666667,0.8125,0.76,0.41071429,0.6,0.10714286,3,5,3,3,7,1,11,0.27272727,0.45454545,0.27272727,0.27272727,0.63636364,0.09090909,2.8873724153834,NA,45.53344,49.273,43.32365,62.43031,54.89503,58.51284,29.83011,38.70007,32.46332,26.13001,49.44312,24.33102,41.2016,53.32353,36.82332,0.67202,5.08512,74.6,106,90.14,95.9,111.86,114.16,85.02,95.74,93.54,100.04,82.54,84.98,93.0056140350877,98.8470175438596,97.5385964912281,0.35714286,0.03571429,0.41071429,0.19642857,96.3049987792969,96.3499984741211,83.8782587466033,88.8090931285511,-5.15134696960449,-6.23103618621826,3.55565610139266,-8.3506518277255,8.96980819702148,7.60043907165527,-1.03841342096743,3.82545783303001,-0.808452215045691,0.0151214338839054,-0.0345171727240086,-0.913621056824923,-4.04226107522845,0.756071694195271,-0.150074664017429,-8.30564597113566,0.23333333,0.69230769,0.44642857,0.71428571,0.77777778,0.76,0.46428571,19.09756098,0.19642857,0.39285714,NA,0.41071429,88.6279740767045,96.1373180042614,NA,83.6736211362092,-8.32145760276101,-4.83121109008789,NA,4.28291917883832,3.01106574318626,8.28863941539418,NA,-2.00698769610861,-0.913621056824923,-0.793330781161785,NA,-0.0345171727240086,-8.30564597113566,-3.60604900528084,NA,-0.150074664017429,0.22580645,0.72,0.44642857,0.71428571,0.77777778,0.76,0.44642857,11,75.9427761501736,0.0633739895290799,0,0,104.393,2,0.18181818,"2024-08-06",0
"Randy Rodriguez",23974,"2024-07-28","COL",30,2024,"SFG","H",24,1,0,3,1,0,0,0,0,0,0,0,3,11,2,1,1,0,0,0,0,0,0,3,9,0,6,3,0,0,1,5,2,1,0,0,0,0.27272727,0,0.27272727,3.45780347035642,0,0.181818181818182,0.666666666666667,0.25,0.5,1.1664797782898,1.8335202217102,3.68649378865957,74.4624536124042,31.1678441352104,90.8762732249823,0.2,0.25,0.125,0.625,0.2,0,2,6,14,31,45,0.0630080178380013,-0.129828006029129,0.192836031317711,0.421999990940094,0.0448697581887245,0.91540002822876,0.884400010108948,0.970000028610229,1.12080001831055,1,1,0.102622151374817,-0.0337910219286908,1,0,0.6,96.96296296,0.35555556,83.5,0.04444444,90,0.0763563439249992,1.03517723083496,-0.0847881734371185,0.282801273796293,6.46985769271851,-4.23940867185593,0.36363636,0.56521739,0.46666667,0.5,0.76923077,0.66666667,0.51111111,0.54545455,0.15555556,1,3,4,3,4,1,8,0.125,0.375,0.5,0.375,0.5,0.125,1.40539946939503,NA,20,45.323,20,57.4842,57.32876,50.15655,20,53.82313,20,45.61554,42.24393,50.74888,42.56329,50.32835,40.24842,0.58743,4.95824,87.34,62.72,39.38,95.54,94.1,94.46,93.36,76.98,78.36,98.78,84.84,89.5,96.1822222222222,88.2715555555556,89.1751111111111,0.53333333,0.06666667,0.35555556,0.04444444,97.0791625976562,96.4666646321615,83.3499984741211,90.0500030517578,-5.73031679789225,-8.48322296142578,4.42793989181519,-8.50510215759277,9.24502944946289,8.0234375,-1.7275607585907,4.6357569694519,0.502108760178089,-0.422887708991766,1.087511818856,-0.0864004790782928,2.09211983407537,-14.0962569663922,6.79694886785001,-4.32002395391464,0.35,0.56,0.46666667,0.57142857,0.71428571,0.66666667,0.55555556,15.94117647,0.04444444,0.55555556,0.04444444,0.35555556,90.4134063720703,97.453759765625,96.6450500488281,83.7206497192383,-8.45285987854004,-5.44950500488281,-8.33446979522705,4.84045171737671,3.96307492256165,8.33178833007812,6.06413984298706,-2.73527550697327,-0.0864004790782928,0.552278898656368,-0.473057847470045,1.087511818856,-4.32002395391464,2.20911559462547,-23.6528923735023,6.79694886785001,0.36842105,0.53846154,0.46666667,0.57142857,0.71428571,0.66666667,0.57777778,8,85.6145858764648,24.8500633239746,0,0,107.072,3,0.375,"2024-07-28",0
"Randy Rodriguez",23974,"2024-07-23","@LAD",30,2024,"SFG","A",24,0,0,9,1,0,0,0,0,0,0,0,1,7,2,1,1,0,1,0,1,1,0,2,18,9,18,2,0,0,0,1,2,0,0,0,0,0.28571429,0.14285714,0.14285714,4.05958622174904,0,0.4,3,0.666666666666667,0.75,5.1664797782898,3.8335202217102,6.67848818451166,223.387360837213,131.666301382787,163.179982795125,0,0.666666666,0,0.333333333,0,0,1,9,13,19,32,-0.0118000032380223,-0.0286800153553486,0.0168800111860037,-0.522000074386597,-0.0552380904555321,0.157999992370605,0.101999998092651,0.101999998092651,NA,0,1,-0.071365050971508,-0.00331851743237005,0,0,0.53125,98.29411765,0.40625,85.23076923,0.0625,89,-1.00525367259979,0.22311694920063,-0.0207000374794006,-5.91325689764584,1.71628422462023,-1.03500187397003,0.3,0.66666667,0.4375,0.33333333,0.625,0.5,0.375,0.71428571,0.21875,1,1,1,0,2,1,3,0.33333333,0.33333333,0.33333333,0,0.66666667,0.33333333,9.06386135559203,NA,62.46754,67.44261,47.47127,67.56792,66.12219,67.83637,29.53086,50.90929,66.82928,62.04183,52.18648,62.03142,66.60861,61.66114,69.16521,-0.90642,2.71746,125,91.32,95.54,109.72,122.7,136.88,82.14,126.96,124.46,105.48,104.54,111.46,107.375294117647,114.161176470588,123.998235294118,0.46875,0.0625,0.40625,0.0625,98.3933349609375,97.75,85.1461557241587,88.9000015258789,-5.29461975097656,-7.18314504623413,3.85794302133413,-8.96040725708008,9.53223673502604,7.47167158126831,-1.31729434086726,2.54403305053711,-0.993068430572748,-0.0338878780603409,0.223592434078455,-0.0210469514131546,-6.62045620381832,-1.69439390301704,1.7199418006035,-1.05234757065773,0.28571429,0.55555556,0.4375,0.25,0.6,0.5,0.5625,17.08333333,0.0625,0.53125,NA,0.40625,88.9657516479492,98.4237204159007,NA,85.2217641977163,-8.52632522583008,-4.80333395565257,NA,4.7900023827186,1.65191006660461,8.52163516773897,NA,-2.45389307462252,-0.0210469514131546,-1.02695630863309,NA,0.223592434078455,-1.05234757065773,-6.04091946254758,NA,1.7199418006035,0.28571429,0.55555556,0.4375,0.25,0.6,0.5,0.5625,3,104.911865234375,17.9289805094401,1,0.33333333,114.207,3,1,"2024-07-23",0
"Randy Rodriguez",23974,"2024-07-22","@LAD",30,2024,"SFG","A",24,0,0,0,1,0,0,0,0,0,0,0,0.1,2,1,0,0,0,0,0,0,0,0,0,0,0,27.000028163224,0,0,0,1,1,0,0,0,0,0,0,0,0,6.03472908401489,0,0.5,3.00000312924711,0.5,1,3.1664797782898,-3.1664797782898,7.70250972840334,0,81.4170727589986,187.926204380887,1,0,0.5,0.5,0,0,0,0,2,5,7,-0.237440004944801,-0.262199997901917,0.0247599966824055,-0.519999980926514,-0.0550264567136765,2.41400003433228,1.92699992656708,3.85399985313416,NA,0,1,-0.0426122732460499,-0.0557472965832349,0,1,0.85714286,97.66666667,0.14285714,87,NA,NA,-0.253045350313187,0.0389156937599182,NA,-4.21742250521978,3.89156937599182,NA,0,1,0.57142857,NA,0.5,0.5,0.57142857,1,0.28571429,0,2,0,0,1,1,2,0,1,0,0,0.5,0.5,1.05074464945321,NA,NA,NA,NA,80,62.37799,80,NA,NA,NA,80,51.63638,80,80,57.80799,80,-3.24774,-0.79452,NA,NA,NA,119.06,131.22,151.68,NA,NA,NA,97.36,154.46,163.56,115.96,134.54,153.377142857143,0.85714286,NA,0.14285714,NA,97.7166646321615,NA,86.5,NA,-4.32003529866536,NA,2.71871113777161,NA,10.064177831014,NA,1.53670752048492,NA,-0.257809739559889,NA,0.039364367723465,NA,-4.29682899266481,NA,3.9364367723465,NA,NA,0.57142857,0.57142857,NA,0.5,0.5,1,16.8,NA,0.85714286,NA,0.14285714,NA,97.7159525553385,NA,86.5000991821289,NA,-3.58968830108643,NA,3.74222993850708,NA,9.2970765431722,NA,0.597425997257233,NA,-0.257809739559889,NA,0.039364367723465,NA,-4.29682899266481,NA,3.9364367723465,0,0.66666667,0.57142857,NA,0.5,0.5,0.85714286,2,84.7791442871094,33.5986938476562,0,0,84.825,0,0,"2024-07-22",0
"Randy Rodriguez",23974,"2024-07-19","@COL",30,2024,"SFG","A",24,0,0,18,1,0,0,0,0,0,1,0,1,5,1,2,2,1,0,0,1,0,0,1,9,0,9,1,0,0,0,3,0,0,0,0,0,0.2,0,0.2,5.82836908401489,9,0.25,1,0,0,17.1664797782898,0.833520221710206,8.70250499695539,446.774721674425,433.161673125516,212.091813637756,0,0,0,1,0,0.333333333,0,0,8,14,22,-0.134216010570526,-0.219460010528564,0.0852439999580383,-1.37099993228912,-0.119321152567863,1.09751999378204,1.17279994487762,1.17279994487762,1.89679992198944,1,1,-0.0804930403828621,-0.0417972243329715,0,1,0.5,96.09090909,0.5,83.63636364,NA,NA,-1.34593844413757,0.358037948608398,NA,-12.2358040376143,3.25489044189453,NA,0.09090909,0.81818182,0.45454545,0,0.66666667,0.6,0.5,0.6,0.18181818,2,0,1,0,1,2,3,0.66666667,0,0.33333333,0,0.33333333,0.66666667,14.9021497720101,NA,NA,NA,NA,33.94557,40.9574,26.15085,NA,NA,NA,58.71606,50.50673,58.9764,45.38259,45.37765,42.26113,0.41227,4.6955,NA,NA,NA,83.48,95.1,78.68,NA,NA,NA,106.98,94.76,89.92,95.23,94.93,84.3,0.5,NA,0.5,NA,96.0545432350852,NA,83.627274946733,NA,-4.47911002419212,NA,3.41227028586648,NA,7.72085918079723,NA,-1.1343108957464,NA,-1.3501433506608,NA,0.36202422901988,NA,-12.2740304605527,NA,3.29112935472618,NA,0,0.76923077,0.45454545,NA,0.6,0.6,0.59090909,19.29411765,NA,0.5,NA,0.5,NA,96.2056662819602,NA,83.7633389559659,NA,-4.61964069713246,NA,3.62372450395064,NA,7.7607553655451,NA,-1.24233757365834,NA,-1.3501433506608,NA,0.36202422901988,NA,-12.2740304605527,NA,3.29112935472618,0,0.76923077,0.45454545,NA,0.6,0.6,0.59090909,3,98.0413411458333,36.9248301188151,1,0.33333333,107.008,2,0.66666667,"2024-07-19",0
"Randy Rodriguez",23974,"2024-07-13","MIN",30,2024,"SFG","H",24,0,0,0,1,0,0,0,0,0,0,0,1.2,5,1,0,0,0,1,0,0,0,0,0,0,5.40000205993731,5.40000205993731,0,0,0,3,0,1,0,0,0,0,0,0.2,-0.2,6.17072908401489,0,0.25,1.20000045776385,0.25,1,4.96648046493556,-4.96648046493556,4.96648046493556,0,126.641395772118,121.808077450089,3,0.25,0.75,0,0,0,0,0,8,16,24,0.107185997068882,-0.0730120092630386,0.180198013782501,0.971000015735626,0.103242948651314,1.26123332977295,1.05086672306061,1.25699996948242,0.863200008869171,1,1,0.0585526451468468,0.0264324202955468,1,0,0.54166667,97.07692308,0.375,83.22222222,0.08333333,90,0.372327029705048,0.0825303047895432,-0.0238054171204567,2.86405407465421,0.917003386550479,-1.19027085602283,0.33333333,0.66666667,0.5,0.5,1,0.83333333,0.5,0.8,0.08333333,3,1,0,1,2,1,4,0.75,0.25,0,0.25,0.5,0.25,7.81890586005263,NA,20,68.08891,20,62.12073,56.34792,61.3703,20,49.30359,20,20,48.59331,20,20,54.64353,20,2.27027,7.4825,121.1,12,23.2,100.9,122,124.2,103.08,31.36,34.18,126.9,-14.6,-2.95999999999999,112.424166666667,57.8316666666667,64.3475,0.5,0.04166667,0.375,0.08333333,97.2000020345052,95.8000030517578,83.1999986436632,89.8499984741211,-4.71897665659587,-8.44408416748047,5.83317565917969,-8.48536586761475,9.38444964090983,5.966139793396,-1.47361501057943,1.3986359834671,0.337439276278019,0.039364367723465,0.082424983382225,-0.0242429338395596,2.81199396898349,3.9364367723465,0.915833148691389,-1.21214669197798,0.38461538,0.63636364,0.5,0.6,1,0.83333333,0.45833333,17.73684211,0.08333333,0.5,0.04166667,0.375,90.0639953613281,97.3985595703125,96.0109024047852,83.3797336154514,-8.20446014404297,-4.17473252614339,-8.4425802230835,6.42924329969618,0.704139947891235,8.69442494710287,4.94266986846924,-2.40169270833333,-0.0242429338395596,0.337439276278019,0.039364367723465,0.082424983382225,-1.21214669197798,2.81199396898349,3.9364367723465,0.915833148691389,0.38461538,0.63636364,0.5,0.6,1,0.83333333,0.45833333,4,77.7170104980469,-14.7686920166016,0,0,103.303,1,0.25,"2024-07-13",0
"Randy Rodriguez",23974,"2024-07-11","TOR",30,2024,"SFG","H",24,0,0,0,1,0,0,0,0,0,0,0,2.2,8,0,0,0,0,0,0,0,0,0,3,10.1250024139887,0,0,3,0,0,1,3,1,1,0,0,0,0.375,0,0.375,1.90035408401489,0,0,0,0,1,0.916479241847864,-0.916479241847864,2.61748910439982,0,24.8866770793402,65.0430015026175,0.333333333,0.2,0.2,0.6,0.333333333,0,0,0,10,21,31,0.0669339895248413,0,0.0669339895248413,1.44500005245209,0.153641685843468,0.333250015974045,0.42297500371933,0.597800016403198,0.236999988555908,1,1,0.201625794172287,-0.00077362218002977,1,0,0.5483871,97.29411765,0.4516129,84.5,NA,NA,1.07233333587646,0.979598224163055,NA,6.3078431522145,6.99713017259325,NA,0.29411765,0.78571429,0.51612903,0.8,0.63636364,0.6875,0.4516129,0.625,0.16129032,1,2,2,2,3,0,5,0.2,0.4,0.4,0.4,0.6,0,0.231291140943882,NA,NA,NA,NA,58.67088,56.66581,56.80567,80,38.21377,80,74.664,51.95775,78.73498,73.91929,54.62094,78.09845,-1.36061,2.03618,NA,NA,NA,108.74,106.02,116.76,86.74,226.24,227.72,117.06,114.2,131.04,111.6925,113.355625,126.475,0.51612903,0.03225806,0.4516129,NA,97.4875030517578,94.8000030517578,84.3714250837054,NA,-4.98766613006592,-6.86975622177124,4.74221965244838,NA,9.27566719055176,7.85999155044556,-1.32650130135672,NA,0.798624861985445,0.285965204238892,1.03328928351402,NA,4.99140538740903,28.5965204238892,7.38063773938588,NA,0.16666667,0.73684211,0.51612903,0.5,0.71428571,0.6875,0.61290323,16.30434783,NA,0.5483871,NA,0.4516129,NA,97.6688591452206,NA,84.6688668387277,NA,-4.6771635167739,NA,5.37585830688477,NA,8.35647044462316,NA,-2.42710658482143,NA,1.08459006622434,NA,1.03328928351402,NA,6.37994156602551,NA,7.38063773938588,0.15384615,0.77777778,0.51612903,0,0.78571429,0.6875,0.58064516,5,84.9372314453125,26.1581207275391,0,0,95.183,1,0.2,"2024-07-11",0
"Randy Rodriguez",23974,"2024-07-09","TOR",30,2024,"SFG","H",24,0,0,0,1,0,0,0,0,0,1,0,1,3,0,0,0,0,0,0,0,0,0,1,9,0,0,1,0,0,2,0,0,0,0,0,0,0.33333333,0,0.33333333,-0.694826464786218,0,0,0,0,1,1.1664797782898,-1.1664797782898,1.1664797782898,0,31.1678441352104,29.9783111930123,2,0,1,0,0,0,0,0,2,8,10,0.0784820392727852,0,0.0784820392727852,0.474000006914139,0.0503987222909927,1.0502667427063,1.4546000957489,1.4546000957489,1.73000001907349,1,1,0.074792891740799,-6.70758299239627e-05,1,0,0.6,98.16666667,0.4,84.75,NA,NA,0.424209117889404,0.266273945569992,NA,7.07015196482341,6.6568486392498,NA,0.25,0.83333333,0.6,1,0.8,0.83333333,0.6,0.66666667,0.1,2,0,0,0,2,0,2,1,0,0,0,1,0,-0.212132203120714,NA,NA,NA,NA,80,58.28154,80,20,37.66447,20,80,47.34082,80,69.09614,49.57095,69.32998,-1.06096,2.48565,NA,NA,NA,113.38,118.32,120.14,88.64,48.46,29.26,112.42,128.86,134.96,108.936666666667,110.19,109.933333333333,0.4,0.2,0.4,NA,98.5749969482422,96.8000030517578,84.6999969482422,NA,-6.00142049789429,-6.22819423675537,5.02521991729736,NA,8.9796781539917,7.31066131591797,-2.08627510070801,NA,0.485280960798264,-0.0560956560075283,0.26951365545392,NA,12.1320240199566,-2.80478280037642,6.73784138634801,NA,0.5,0.66666667,0.6,1,0.75,0.83333333,0.6,16.85714286,NA,0.6,NA,0.4,NA,98.2220153808594,NA,84.9144973754883,NA,-5.90651830037435,NA,5.60465002059937,NA,7.59576352437337,NA,-3.36338758468628,NA,0.429185304790735,NA,0.26951365545392,NA,7.15308841317892,NA,6.73784138634801,0.5,0.66666667,0.6,1,0.75,0.83333333,0.6,2,93.2662963867188,-11.1968202590942,0,0,94.3622,0,0,"2024-07-09",0
"Randy Rodriguez",23974,"2024-07-06","@CLE",30,2024,"SFG","A",24,0,0,0,1,0,0,0,0,0,0,0,1.2,5,0,0,0,0,0,0,0,0,0,1,5.40000205993731,0,0,1,0,0,3,0,1,0,0,0,0,0.2,0,0.2,0.765569084014893,0,0,0,0,1,1.96647932052595,-1.96647932052595,1.96647932052595,0,51.2675240835855,49.3108790074039,3,0.25,0.75,0,0,0,3,16.2000061798119,6,9,15,0.0539400577545166,0,0.0539400577545166,0.732999980449677,0.0773206725716591,0.433039993047714,0.612266659736633,0.185599997639656,0.811999976634979,1,1,0.124506719410419,5.46574150536716e-05,0,0,0.66666667,97.6,0.2,84.33333333,0.13333333,89.5,1.12899732589722,0.0724043697118759,-0.0490101873874664,11.2899732589722,2.41347899039586,-2.45050936937332,0.36363636,1,0.53333333,0.5,1,0.75,0.26666667,0.4,0.13333333,3,1,0,1,2,1,4,0.75,0.25,0,0.25,0.5,0.25,2.69295727080633,NA,20,57.17896,20,58.35158,58.08971,44.68807,80,60.12502,80,30.06177,43.88934,28.3953,40.33863,54.08263,26.58587,0.72564,5.16555,83.58,-3.26000000000001,-17.84,98.54,106.78,109.14,90.64,184.74,179.72,99.82,73.7,85.54,96.2746666666667,90.6893333333333,92.1946666666667,0.6,0.06666667,0.2,0.13333333,97.5444471571181,96.8000030517578,84.3666687011719,89.1999969482422,-4.90485975477431,-9.75198841094971,4.1181468963623,-8.87831497192383,8.9521475897895,6.65694236755371,-1.70079851150513,4.66258859634399,0.935966458171606,0.249788403511047,0.0730913765728474,-0.050431564450264,10.3996273130178,24.9788403511047,2.43637921909491,-2.5215782225132,0.375,0.71428571,0.53333333,0.33333333,1,0.75,0.46666667,15.6,0.13333333,0.6,0.06666667,0.2,89.0263519287109,97.4132893880208,96.6405029296875,84.2103322347005,-9.07266426086426,-4.69216113620334,-9.56766986846924,4.61196327209473,3.89737510681152,8.61559804280599,6.06965017318726,-2.22755336761475,-0.050431564450264,0.935966458171606,0.249788403511047,0.0730913765728474,-2.5215782225132,10.3996273130178,24.9788403511047,2.43637921909491,0.375,0.71428571,0.53333333,0.33333333,1,0.75,0.46666667,4,83.2959747314453,-20.0240097045898,0,0,101.511,1,0.25,"2024-07-06",0
"Randy Rodriguez",23974,"2024-07-05","@CLE",30,2024,"SFG","A",24,0,0,27.000028163224,1,0,0,0,0,0,1,0,0.1,4,2,1,1,0,1,0,0,0,0,0,0,27.000028163224,54.0000563264481,0,0,0,0,2,1,0,0,0,0,0,0.25,-0.25,11.5869790840149,0,0.666666666666667,9.00000938774135,0.666666666666667,0.66666667,12.1664891660311,14.8335389971929,21.2385490662582,670.162781545892,307.538837429426,515.034389600453,0,0.333333333,0,0.666666666,0,0,0,0,8,11,19,-0.197887986898422,-0.221348017454147,0.0234600156545639,-1.67200005054474,-0.176371306180954,1.8125,1.02479994297028,1.02479994297028,2.95320010185242,1,1,-0.128094926476479,0.0189153474980387,0,1,0.47368421,98.11111111,0.36842105,83.42857143,0.15789474,89,-0.241521760821342,-0.656960725784302,-0.594570398330688,-2.68357512023714,-9.38515322549003,-19.8190132776896,0.2,0.88888889,0.52631579,0.5,0.75,0.7,0.47368421,0.5,0.15789474,2,0,1,0,1,2,3,0.66666667,0,0.33333333,0,0.33333333,0.66666667,9.55447418869451,NA,44.57885,64.78047,31.2266,29.4528,67.30017,20,20,53.42307,20,61.99367,60.34219,56.50315,38.43039,67.22901,21.92614,0.84419,5.34338,108.48,85.08,87.32,106.2,38.64,53.88,75.38,-138.4,-122.24,121.14,94.56,104.88,110.23,56.326,67.94,0.42105263,0.05263158,0.36842105,0.15789474,98.2874984741211,96.9000015258789,83.5428553989955,88.9000040690104,-5.29782629013062,-6.90141820907593,4.13886206490653,-10.0787696838379,10.0345621109009,7.9198203086853,-0.382123095648629,2.85843785603841,-0.0592188835144043,-0.189685046672821,-0.656271405518055,-0.603592909872532,-0.740236043930054,-18.9685046672821,-9.37530579311507,-20.1197636624177,0.2,0.88888889,0.52631579,0.5,0.75,0.7,0.47368421,18.66666667,0.15789474,0.47368421,NA,0.36842105,88.749033610026,97.9836018880208,NA,83.3701695033482,-9.91893005371094,-5.17603895399306,NA,4.75232424054827,1.97270997365316,9.28831227620443,NA,-1.03093910217285,-0.603592909872532,-0.248903930187225,NA,-0.656271405518055,-20.1197636624177,-2.7655992243025,NA,-9.37530579311507,0.22222222,0.8,0.52631579,0.5,0.75,0.7,0.52631579,3,97.6334737141927,25.0831349690755,1,0.33333333,103.247,2,0.66666667,"2024-07-05",0
"Randy Rodriguez",23974,"2024-07-02","@ATL",30,2024,"SFG","A",24,0,0,0,1,0,0,0,0,0,1,0,1,3,0,0,0,0,0,0,0,0,0,0,0,0,0,0,0,0,1,2,0,1,0,0,0,0,0,0,7.34739574882223,0,0,0,0,1,3.1664797782898,-3.1664797782898,6.19049659073353,0,81.4170727589986,151.387312822842,0.5,0,0.333333333,0.666666666,0.5,0,0,0,2,6,8,0.0881959944963455,0,0.0881959944963455,0.507000029087067,0.0515243895351887,1.15706670284271,1.56880009174347,1.56880009174347,1.9099999666214,1,1,0.0763096064329147,-8.58292905397545e-05,1,0,0.375,98.66666667,0.625,84.8,NA,NA,-0.00869514048099518,0.720426857471466,NA,-0.289838016033173,14.4085371494293,NA,0.5,1,0.75,0.5,0.5,0.5,0.5,1,0.375,1,2,0,1,1,1,3,0.33333333,0.66666667,0,0.33333333,0.33333333,0.33333333,-0.136806923343994,NA,NA,NA,NA,27.08557,73.17868,20,NA,NA,NA,77.65374,46.03777,80,60.37733,60.16308,65.19575,-0.51929,3.29816,NA,NA,NA,117.06,47.04,70,NA,NA,NA,115.28,120.28,133.64,115.9475,92.815,109.775,0.375,NA,0.625,NA,98.7000020345052,NA,84.6799987792969,NA,-4.48523775736491,NA,3.9572940826416,NA,10.7735417683919,NA,-0.770465755462647,NA,-0.00912149995565414,NA,0.729390129446983,NA,-0.304049998521805,NA,14.5878025889397,NA,0.33333333,1,0.75,0,0.6,0.5,0.625,14,NA,0.375,NA,0.625,NA,99.0880635579427,NA,85.0214782714844,NA,-4.43159993489583,NA,4.60213012695313,NA,10.0624198913574,NA,-1.70643939971924,NA,-0.00912149995565414,NA,0.729390129446983,NA,-0.304049998521805,NA,14.5878025889397,0.33333333,1,0.75,0,0.6,0.5,0.625,3,81.7951965332031,27.6986719767253,1,0.33333333,99.2297,1,0.33333333,"2024-07-02",0
"Randy Rodriguez",23974,"2024-06-29","LAD",30,2024,"SFG","H",24,0,0,0,1,0,0,0,0,0,0,0,1.2,7,1,0,0,0,1,0,0,0,0,0,0,5.40000205993731,5.40000205993731,0,0.333333333,0,3,3,0,1,1,0,0,0,0.14285714,-0.14285714,7.78591274388265,0,0.166666666666667,1.20000045776385,0.166666666666667,1,4.96648046493556,-4.96648046493556,7.6880966343491,0,126.641395772118,187.577901533813,1,0,0.5,0.5,0.333333333,0,1,5.40000205993731,15,20,35,-0.0935359597206116,-0.249109983444214,0.155574023723602,-0.560000002384186,-0.0595427975058556,1.94588565826416,1.80244994163513,3.8173999786377,0.97079998254776,1,1,0.05625169724226,-0.104320276875069,0,1,0.51428571,98.11111111,0.4,85.57142857,0.08571429,90.66666667,0.573380470275879,-0.0284969359636307,-0.149122357368469,3.18544705708822,-0.203549542597362,-4.97074524561564,0.35714286,0.57142857,0.4,0.7,1,0.78571429,0.2,0.42857143,0.08571429,2,1,3,3,3,0,6,0.33333333,0.16666667,0.5,0.5,0.5,0,2.14704250881951,NA,20,76.04087,32.96915,28.09411,66.45609,20,80,55.60449,80,61.00214,48.503,66.69011,39.15087,62.16414,37.75724,0.79943,5.27624,117.44,70.76,84.84,114,32.72,50.66,115.94,184.62,207.68,108.98,115.3,126.6,112.342285714286,73.3525714285714,88.452,0.48571429,0.02857143,0.4,0.08571429,98.2764677159927,96.3000030517578,85.5785696847098,90.7666625976562,-5.22910667868222,-7.91718053817749,4.37894030979701,-10.4598757425944,9.83669864430147,7.43591737747192,-0.790783882141113,3.19039440155029,0.527220897376537,0.0501701384782791,-0.0307062119245529,-0.152117189019918,3.10129939633257,5.01701384782791,-0.219330085175378,-5.07057296733061,0.34782609,0.5,0.4,0.75,0.83333333,0.78571429,0.34285714,17.03571429,0.08571429,0.48571429,0.02857143,0.4,91.0510050455729,98.5835678998162,96.5933990478516,85.8713553292411,-10.104523340861,-4.88556626263787,-7.78587007522583,5.01862553187779,1.75613069534302,8.77394911822151,6.42564010620117,-2.15299674442836,-0.152117189019918,0.527220897376537,0.0501701384782791,-0.0307062119245529,-5.07057296733061,3.10129939633257,5.01701384782791,-0.219330085175378,0.34782609,0.5,0.4,0.75,0.83333333,0.78571429,0.34285714,6,77.8464813232422,8.51098378499349,0,0,104.017,1,0.16666667,"2024-06-29",0
"Randy Rodriguez",23974,"2024-06-25","CHC",30,2024,"SFG","H",24,0,0,3.3750008046629,1,1,0,0,0,0,0,0,2.2,11,1,1,1,0,2,0,0,0,0,5,16.8750040233145,6.75000160932579,3.3750008046629,2.5,0,0,2,2,0,0,0,0,0,0.45454545,0.18181818,0.27272727,3.31201006698626,0,0.111111111111111,1.12500026822097,0.25,0.66666667,1.66647942066184,1.70852138400106,2.80048599569648,83.770280286346,43.730142305893,69.4652537965709,1,0,0.5,0.5,0,0,2,6.75000160932579,19,34,53,0.0222640130668879,-0.127099990844727,0.14936400949955,0.204399973154068,0.0217331200838089,0.728083372116089,0.923333346843719,0.870000004768372,0.934599995613098,1,1,0.0502914898097515,-0.0197125562431462,0,0,0.37735849,97.35,0.56603774,84.46666667,0.05660377,90.66666667,0.284072250127792,0.954808115959167,-0.332216054201126,1.42036125063896,3.18269371986389,-11.0738684733709,0.375,0.47619048,0.41509434,0.33333333,0.8,0.54545455,0.39622642,0.45454545,0.18867925,0,4,0,0,4,0,4,0,1,0,0,1,0,0.838575399818695,52,20,77.18229,20,50.71728,63.09399,49.43413,20,72.52289,20,65.13692,57.04349,65.48868,43.56621,65.5373,37.78283,0.52512,4.86477,60.1,-134.62,-138.02,119.14,101.4,118.94,121.36,-22.14,1.31999999999999,112.78,112.48,121.62,112.323773584906,87.3192452830189,99.2543396226415,0.32075472,0.05660377,0.56603774,0.05660377,97.5999971277573,96,84.313330078125,90.2999979654948,-4.82541476978975,-8.77292315165202,4.5482172648112,-9.65193875630697,9.94688146254596,6.21225547790527,-1.28378715515137,3.40693728129069,0.45486855879426,-0.169927932322025,1.02550112083554,-0.339777510613203,2.67569740467212,-5.66426441073418,3.41833706945181,-11.3259170204401,0.32258065,0.54545455,0.41509434,0.4,0.66666667,0.54545455,0.41509434,16.97619048,0.05660377,0.32075472,0.05660377,0.56603774,90.6796061197917,97.9761316636029,96.3837280273438,84.6773763020833,-9.92068354288737,-4.42177806181066,-8.88425318400065,5.06298472086589,2.35932334264119,8.80296505198759,5.55820655822754,-2.50474319458008,-0.339777510613203,0.45486855879426,-0.169927932322025,1.02550112083554,-11.3259170204401,2.67569740467212,-5.66426441073418,3.41833706945181,0.33333333,0.52173913,0.41509434,0.3,0.75,0.54545455,0.43396226,4,84.9793853759766,15.9490547180176,0,0,90.2734,0,0,"2024-06-25",0
"Randy Rodriguez",23974,"2024-06-23","@STL",30,2024,"SFG","A",24,0,0,0,1,0,0,0,0,0,0,0,1,3,0,0,0,0,0,0,0,0,0,1,9,0,0,1,0,0,0,2,0,1,0,0,0,0.33333333,0,0.33333333,4.45139575020756,0,0,0,0,1,1.1664797782898,-1.1664797782898,4.19049659073353,0,31.1678441352104,103.055865631376,0,0,0,1,0.5,0,2,18,4,7,11,0.0115000102669001,0,0.0115000102669001,0.479999989271164,0.0506329126656055,0.150399997830391,0.199200004339218,0.199200004339218,0.51199996471405,1,1,0.0765503346920013,-8.74993675696739e-05,0,0,0.36363636,99.5,0.45454545,86.6,0.18181818,90.5,0.0555169135332108,0.193619102239609,0.516823053359985,1.38792283833027,3.87238204479218,25.8411526679993,0.14285714,1,0.45454545,0,0.5,0.4,0.36363636,0.33333333,0.27272727,0,2,0,1,1,0,2,0,1,0,0.5,0.5,0,-1.47289758731361,NA,68.28403,61.25999,62.24407,51.43596,70.81557,45.44771,NA,NA,NA,38.70494,62.57567,25.96149,48.94321,70.91467,37.00053,0.19107,4.3637,76.2,145.06,136.42,103.66,100.8,114.26,NA,NA,NA,108.04,77.78,90.98,100.658181818182,98.3836363636363,107.707272727273,0.36363636,NA,0.45454545,0.18181818,99.2249984741211,NA,86.3799987792969,90.6999969482422,-4.20181941986084,NA,3.95443382263184,-9.63859558105469,9.9666748046875,NA,-0.939181518554687,3.34652233123779,0.0561001598834991,NA,0.195040117949247,0.523608237504959,1.40250399708748,NA,3.90080235898495,26.180411875248,0.16666667,0.8,0.45454545,0,0.5,0.4,0.45454545,16.125,0.18181818,0.36363636,NA,0.45454545,90.9976043701172,99.5452728271484,NA,86.667041015625,-9.73987007141113,-4.33872032165527,NA,4.06473999023437,2.91060018539429,9.41359519958496,NA,-1.80915451049805,0.523608237504959,0.0561001598834991,NA,0.195040117949247,26.180411875248,1.40250399708748,NA,3.90080235898495,0.16666667,0.8,0.45454545,0,0.5,0.4,0.45454545,2,93.7861175537109,61.0966377258301,0,0,93.8802,0,0,"2024-06-23",0
"Randy Rodriguez",23974,"2024-06-20","@STL",30,2024,"SFG","A",24,0,0,4.5,1,0,0,0,0,0,0,0,2,8,1,1,1,0,1,0,1,2,0,4,18,4.5,4.5,4,0,0,1,1,0,0,0,0,0,0.5,0.125,0.375,1.78585408401489,0,0.166666666666667,1,0.5,0.66666667,2.1664797782898,2.3335202217102,2.92248398140073,111.693680418606,56.2924584471045,72.413423398336,1,0,0.5,0.5,0,0,0,0,11,22,33,-0.0200359895825386,-0.149932011961937,0.129896029829979,0.116999998688698,0.0123417768627405,0.850072741508484,0.880250036716461,1.82000005245209,1.05480003356934,1,1,-0.0154232122004032,-0.00814652319304563,0,0,0.48484848,97.875,0.45454545,85.53333333,0.06060606,91,-0.0545577704906464,0.0445978380739689,0.227396890521049,-0.34098606556654,0.297318920493126,11.3698445260525,0.45,0.46153846,0.45454545,0.33333333,1,0.6,0.39393939,0.625,0.18181818,0,1,1,0,1,1,2,0,0.5,0.5,0,0.5,0.5,1.40139284665826,NA,24.15527,53.34676,31.30207,48.29737,61.26118,47.15897,22.13324,46.37967,20,23.32159,43.7618,20,29.91253,52.83425,25.69319,1.37337,6.13715,96.86,109.9,94.44,89.96,93.72,93.18,100.76,95,106.82,116.16,55.62,64.66,103.269090909091,77.4987878787879,81.5327272727273,0.39393939,0.09090909,0.45454545,0.06060606,98.0230806790865,97.5,85.513330078125,91,-4.64482146043044,-7.84818903605143,4.19066925048828,-9.22730255126953,9.22606893686148,7.05089251200358,-0.651713879903158,2.7749605178833,0.307825241237879,-0.368471812456846,0.0396860055625439,0.229855183511972,2.36788647106061,-12.2823937485615,0.264573370416959,11.4927591755986,0.44444444,0.46666667,0.45454545,0.25,1,0.6,0.45454545,17.20833333,0.06060606,0.42424242,0.06060606,0.45454545,90.8628540039062,97.7667323521205,97.5044555664062,85.3290283203125,-9.47535991668701,-4.7013784136091,-8.30457019805908,4.49845987955729,1.64502155780792,8.24946757725307,5.45789527893066,-1.7455815633138,0.229855183511972,-0.0649622343480587,0.00431566312909126,0.0396860055625439,11.4927591755986,-0.464015959628991,0.215783156454563,0.264573370416959,0.47368421,0.42857143,0.45454545,0.33333333,1,0.6,0.42424242,2,93.6297302246094,18.6326560974121,0,0,99.1111,1,0.5,"2024-06-20",0
"Randy Rodriguez",23974,"2024-06-17","@CHC",30,2024,"SFG","A",24,0,0,16.2000061798119,1,0,0,0,0,0,0,1,1.2,8,4,3,3,1,0,0,0,0,0,0,0,0,21.6000082397492,0,0,0,4,4,0,2,0,0,0,0,0,0,6.03472908401489,5.40000205993731,0.5,2.40000091552769,0.428571428571429,0.38461538,10.9664827537548,5.23352342605713,6.79530133750784,402.097402894969,277.389139149183,166.002857162777,1,0,0.5,0.5,0.5,0.25,2,10.8000041198746,10,14,24,-0.267664015293121,-0.517652034759521,0.2499880194664,-1.27799999713898,-0.13697749376297,1.59185004234314,1.74279999732971,1.57560002803802,1.83000004291534,1,1,-0.238489225506783,0.0703427241572392,0,1,0.54166667,97.38461538,0.375,84.44444444,0.08333333,90.5,-2.59716248512268,0.489749133586884,0.819168210029602,-19.9781729624822,5.44165703985426,40.9584105014801,0.375,0.625,0.45833333,0.66666667,1,0.81818182,0.33333333,0.25,0.08333333,3,5,0,3,2,3,8,0.375,0.625,0,0.375,0.25,0.375,5.73908849871382,NA,44.48272,49.90814,51.81656,27.78792,58.85726,20,50.11191,61.67634,48.28664,57.45565,46.46835,61.98766,37.96086,54.09851,34.60524,0.87336,5.38713,80.62,90.2,78.84,94.84,86.42,87.18,118.92,168.74,202.24,100.18,111.88,117.52,96.6608333333333,99.7125,102.656666666667,0.5,0.04166667,0.375,0.08333333,97.4000040690104,96.0999984741211,84.3333333333333,90.1999969482422,-4.33614571889242,-7.9176459312439,4.47839906480577,-9.32536888122559,9.40855089823405,6.87709808349609,-1.8116709391276,3.62345218658447,-2.24451233446598,-0.372787475585938,0.477221876382828,0.833760157227516,-18.7042694538832,-37.2787475585938,5.30246529314253,41.6880078613758,0.33333333,0.58333333,0.45833333,0.5,1,0.81818182,0.5,15.75,0.08333333,0.5,0.04166667,0.375,90.6921539306641,97.8986511230469,96.6206970214844,84.8252224392361,-8.98043060302734,-4.18696657816569,-7.74797010421753,4.73577796088325,2.60371994972229,8.76149940490723,6.25134992599487,-2.68820105658637,0.833760157227516,-2.24451233446598,-0.372787475585938,0.477221876382828,41.6880078613758,-18.7042694538832,-37.2787475585938,5.30246529314253,0.4,0.55555556,0.45833333,0.66666667,1,0.81818182,0.375,8,89.5001068115234,24.6662101745605,1,0.125,106.92,4,0.5,"2024-06-17",0
"Randy Rodriguez",23974,"2024-06-14","LAA",30,2024,"SFG","H",24,0,0,13.5000032186516,1,0,0,0,0,0,0,0,2.2,12,3,4,4,1,1,0,0,0,0,1,3.3750008046629,3.3750008046629,10.1250024139887,1,0,0,3,5,2,0,0,0,0,0.08333333,0.08333333,0,6.05814574973623,3.3750008046629,0.272727272727273,1.50000035762795,0.222222222222222,0,8.41648102998763,5.08352218866395,6.37649630528337,335.081121145384,213.321329344868,155.882130513538,0.6,0.2,0.3,0.5,0,0.2,1,3.3750008046629,16,28,44,-0.0346799939870834,-0.104163996875286,0.0694840028882027,-1.52099990844727,-0.161722481250763,0.314866662025452,0.391025006771088,0.982400000095367,0.0408000014722347,1,1,-0.254998832941055,0.144856991426312,0,0,0.52272727,97.26086957,0.40909091,84.11111111,0.06818182,90.66666667,-0.975602924823761,-1.08812010288239,0.254269063472748,-4.24175184705983,-6.04511168267992,8.47563544909159,0.25925926,0.70588235,0.43181818,0.42857143,1,0.78947368,0.38636364,0.58333333,0.09090909,6,3,1,1,5,4,10,0.6,0.3,0.1,0.1,0.5,0.4,8.64964215216986,NA,80,75.89915,58.42467,49.77321,68.81892,49.49813,NA,NA,NA,36.77669,50.42213,32.55741,46.82738,64.37557,42.28816,0.32251,4.56086,105.28,142.06,151.78,101.74,87.56,101.82,NA,NA,NA,103.26,71.5,80.54,102.603181818182,84.7059090909091,96.5209090909091,0.52272727,NA,0.40909091,0.06818182,97.2173913043478,NA,84.1166653103299,90.3666687011719,-3.88121828825577,NA,5.30284288194444,-10.3345177968343,10.264576787534,NA,-0.978513399759928,2.92075157165527,-0.968865804374218,NA,-1.0930321328342,0.257588192820549,-4.21246001901834,NA,-6.07240073796776,8.5862730940183,0.21052632,0.6,0.43181818,0.25,0.93333333,0.78947368,0.56818182,16.09677419,0.06818182,0.52272727,NA,0.40909091,91.0450032552083,97.9144870923913,NA,84.7998928493924,-10.3797734578451,-3.72232420548149,NA,5.38397979736328,1.78521839777629,9.21066748577615,NA,-1.93914582994249,0.257588192820549,-0.968865804374218,NA,-1.0930321328342,8.5862730940183,-4.21246001901834,NA,-6.07240073796776,0.2,0.625,0.43181818,0.25,0.93333333,0.78947368,0.54545455,10,95.231689453125,12.7053466796875,3,0.3,106.711,5,0.5,"2024-06-14",0
"Randy Rodriguez",23974,"2024-06-10","HOU",30,2024,"SFG","H",24,1,0,0,1,0,0,0,0,0,0,0,0.1,1,0,0,0,0,0,0,0,0,0,0,0,0,0,0,0,0,1,0,0,0,0,0,0,0,0,0,-1.18327091598511,0,0,0,0,1,3.1664797782898,-3.1664797782898,3.1664797782898,0,81.4170727589986,78.3097583844777,1,0,1,0,0,0,3,81.0000844896721,1,2,3,0.000882955791894346,0,0.000882955791894346,0.418000012636185,0.0444444455206394,0.533200025558472,0.266600012779236,0.533200025558472,NA,0,1,0.00165595603175461,-1.23047978056734e-11,0,0,0.33333333,97,0.66666667,84,NA,NA,-0.0344077162444592,0.246492952108383,NA,-3.44077162444592,12.3246476054192,NA,0.5,1,0.66666667,1,1,1,0.33333333,NA,0,1,0,0,0,0,1,1,1,0,0,0,0,1,1.34180193046909,NA,NA,NA,NA,20,47.67383,20,NA,NA,NA,70.60858,37.03965,80,27.77051,42.18829,28.39888,1.50645,6.33677,NA,NA,NA,86.2,-5.52,-5.23999999999999,NA,NA,NA,99.48,111.52,124.72,95.0533333333333,72.5066666666667,81.4,0.33333333,NA,0.66666667,NA,97.4000015258789,NA,84.1500015258789,NA,-3.44369888305664,NA,5.42039108276367,NA,9.04069423675537,NA,-2.61452889442444,NA,-0.0350487045943737,NA,0.249788388609886,NA,-3.50487045943737,NA,12.4894194304943,NA,0.5,1,0.66666667,1,1,1,0.33333333,14,NA,0.33333333,NA,0.66666667,NA,97.8377990722656,NA,84.5304489135742,NA,-3.63872003555298,NA,5.7408299446106,NA,8.36606979370117,NA,-3.57034993171692,NA,-0.0350487045943737,NA,0.249788388609886,NA,-3.50487045943737,NA,12.4894194304943,0.5,1,0.66666667,1,1,1,0.33333333,1,103.040489196777,-6.07607126235962,0,0,103.04,1,1,"2024-06-10",0
"Randy Rodriguez",23974,"2024-06-09","@TEX",30,2024,"SFG","A",24,0,0,0,1,0,0,0,0,0,0,0,1.2,6,1,0,0,0,0,0,0,0,0,1,5.40000205993731,0,5.40000205993731,1,0,0,4,1,0,0,0,0,0,0.16666667,0,0.16666667,1.753034646165,0,0.166666666666667,0.600000228881923,0.2,1,1.96647932052595,-1.96647932052595,2.87368471033046,0,51.2675240835855,71.2341537019787,4,0,0.8,0.2,0,0,0,0,9,13,22,-0.0272959414869547,-0.0397159829735756,0.0124200414866209,-0.116999991238117,-0.012149534188211,0.181533336639404,0.259599983692169,0.605199992656708,0.0483999997377396,1,1,0.0627969726920128,-0.213160217219243,0,0,0.63636364,97.42857143,0.36363636,85.125,NA,NA,0.92961198091507,-0.135978817939758,NA,6.64008557796478,-1.69973522424698,NA,0.28571429,0.875,0.5,1,0.71428571,0.81818182,0.36363636,0.16666667,0.09090909,3,1,1,1,3,1,5,0.6,0.2,0.2,0.2,0.6,0.2,0.449311764040754,NA,NA,NA,NA,55.586,62.32847,39.91635,20,48.6915,20,64.60069,49.17479,68.54501,52.51551,55.50089,44.31721,-0.03087,4.03079,NA,NA,NA,103.16,119.3,123.68,86.78,55.38,52.54,105.72,128.8,146.86,101.857272727273,114.038181818182,122.408181818182,0.5,0.13636364,0.36363636,NA,97.4636341441761,96.9333292643229,84.9250030517578,NA,-4.38168993863192,-7.39631271362305,4.34376859664917,NA,9.94642500443892,7.86926523844401,-1.33968448638916,NA,1.02553724125028,-0.0847090892493725,-0.139053996652365,NA,9.32306582954797,-2.82363630831242,-1.73817495815456,NA,0.2,0.75,0.5,1,0.77777778,0.81818182,0.54545455,18.25,NA,0.63636364,NA,0.36363636,NA,97.3621564592634,NA,84.9163513183594,NA,-4.67224284580776,NA,5.09441757202148,NA,8.70080130440848,NA,-2.38791608810425,NA,0.940828152000904,NA,-0.139053996652365,NA,6.72020108572074,NA,-1.73817495815456,0.22222222,0.69230769,0.5,1,0.77777778,0.81818182,0.59090909,5,77.831201171875,-11.1157997131348,0,0,96.4605,2,0.4,"2024-06-09",0
"Randy Rodriguez",23974,"2024-06-05","@ARI",30,2024,"SFG","A",24,0,0,0,1,0,0,0,0,0,0,0,1,5,2,0,0,0,0,0,0,0,0,1,9,0,18,1,0,0,3,1,0,0,0,0,0,0.2,0,0.2,2.00296908401489,0,0.4,2,0.5,1,1.1664797782898,-1.1664797782898,2.67848818451166,0,31.1678441352104,66.5170884121943,3,0,0.75,0.25,0,0,0,0,2,16,18,0.00323999999091029,-0.00126000004820526,0.00450000027194619,0.511000037193298,0.0516161620616913,0.046000000089407,0.0920000001788139,0.0920000001788139,NA,0,1,-0.0133744021877646,0.0838091844619588,0,0,0.55555556,99.4,0.38888889,86.28571429,0.05555556,91,-0.174036294221878,-0.0798371881246567,0.054188709706068,-1.74036294221878,-1.14053125892367,5.4188709706068,0.6,0.69230769,0.66666667,0.66666667,0.77777778,0.75,0.72222222,1,0.16666667,1,1,2,0,3,1,4,0.25,0.25,0.5,0,0.75,0.25,0.281060736335931,NA,80,71.09502,80,80,63.8818,80,NA,NA,NA,66.68077,59.78332,60.42278,80,64.8017,80,-2.22812,0.73491,107.18,146.86,156.34,120.42,131.98,145.38,NA,NA,NA,143.64,85.7,102.04,128.714444444444,114.808888888889,129.134444444444,0.55555556,NA,0.38888889,0.05555556,99.3900024414063,NA,86.2571411132812,91.0999984741211,-4.56922645568848,NA,4.27316229684012,-10.4978675842285,10.0978096008301,NA,-1.31900487627302,2.55559396743774,-0.177741445600986,NA,-0.0827285312116146,0.054773960262537,-1.77741445600986,NA,-1.18183616016592,5.4773960262537,0.42857143,0.81818182,0.66666667,0.66666667,0.77777778,0.75,0.61111111,16.69230769,0.05555556,0.55555556,NA,0.38888889,91.1781005859375,99.4796997070312,NA,86.3092128208705,-10.0454998016357,-4.29956016540527,NA,4.72909109933036,1.43763995170593,9.31063232421875,NA,-2.38860511779785,0.054773960262537,-0.177741445600986,NA,-0.0827285312116146,5.4773960262537,-1.77741445600986,NA,-1.18183616016592,0.5,0.75,0.66666667,0.66666667,0.77777778,0.75,0.66666667,4,97.7415237426758,7.37144374847412,0,0,104.582,2,0.5,"2024-06-05",0
"Randy Rodriguez",23974,"2024-06-03","@ARI",30,2024,"SFG","A",24,0,1,54.0000563264481,1,0,0,0,0,0,0,0,0.1,3,2,2,2,1,0,0,0,0,0,1,27.000028163224,0,54.0000563264481,1,0,0,0,1,1,0,0,0,0,0.33333333,0,0.33333333,2.61817353088578,27.000028163224,0.666666666666667,6.00000625849423,1,0,36.1665142000081,17.83354212644,1.70250346990911,1340.32556309178,910.5302098839,42.9317115654489,0,0.5,0,0.5,0,1,0,0,6,8,14,-0.360499978065491,-0.41865998506546,0.0581600069999695,-1.75999999046326,-0.177777782082558,2.41866660118103,2.26999998092651,2.26999998092651,NA,0,1,-0.134284391999245,-0.0147646658119721,0,1,0.42857143,97.66666667,0.57142857,86,NA,NA,-1.53061902523041,-0.3715980052948,NA,-25.5103170871735,-4.644975066185,NA,0.3,0.75,0.42857143,0.33333333,0.66666667,0.5,0.28571429,NA,0.21428571,0,1,1,1,0,1,2,0,0.5,0.5,0.5,0,0.5,31.5837125998255,NA,NA,NA,NA,48.76407,67.86606,37.26437,NA,NA,NA,80,71.58485,80,80,75.40026,75.62398,-1.86525,1.27922,NA,NA,NA,106.72,85.64,98.16,NA,NA,NA,117.7,106.94,134.12,112.994285714286,97.8114285714286,118.708571428571,0.42857143,NA,0.57142857,NA,97.7833353678385,NA,86,NA,-5.05364354451497,NA,5.08915185928345,NA,10.1669540405273,NA,0.463920682668686,NA,-1.5346649363637,NA,-0.373317133635283,NA,-25.577748939395,NA,-4.66646417044103,NA,0.33333333,0.5,0.42857143,0,0.75,0.5,0.57142857,18,NA,0.42857143,NA,0.57142857,NA,97.6292521158854,NA,85.8292846679688,NA,-4.70887819925944,NA,5.53728246688843,NA,9.05860137939453,NA,-0.718931019306183,NA,-1.5346649363637,NA,-0.373317133635283,NA,-25.577748939395,NA,-4.66646417044103,0.33333333,0.5,0.42857143,0,0.75,0.5,0.57142857,2,87.0196838378906,28.0113334655762,1,0.5,105.684,1,0.5,"2024-06-03",0
"Randy Rodriguez",23974,"2024-06-01","NYY",30,2024,"SFG","H",24,0,0,0,1,0,0,0,0,0,0,0,1,3,1,0,0,0,0,0,0,0,0,1,9,0,9,1,0,0,1,0,1,0,0,0,0,0.33333333,0,0.33333333,1.13839575453556,0,0.333333333333333,1,0.5,1,1.1664797782898,-1.1664797782898,1.1664797782898,0,31.1678441352104,29.9783111930123,1,0.5,0.5,0,0,0,0,0,1,8,9,0.00318599981255829,-0.0020160002168268,0.00520200002938509,0.474000006914139,0.050398726016283,0.0705333352088928,0.0553999990224838,0.0553999990224838,NA,0,1,0.0308560114353895,0.0143141170311374,0,0,0.44444444,98,0.33333333,85,0.22222222,88.5,0.271739602088928,0.281891882419586,0.0334886722266674,6.79349005222321,9.39639608065287,1.67443361133337,0.66666667,0.66666667,0.66666667,0.5,0.75,0.66666667,0.66666667,1,0.22222222,1,0,1,1,1,0,2,0.5,0,0.5,0.5,0.5,0,3.74323430972345,NA,52.70414,54.69583,51.14156,63.75478,58.56197,55.02659,80,42.12595,80,54.12825,39.01393,64.89967,67.50004,49.11868,74.88194,-0.9618,2.63439,91.06,104.96,98.56,113.18,95.52,87.58,98.08,122.08,126.44,98.56,101.76,106.32,101.713333333333,102.648888888889,100.584444444444,0.33333333,0.11111111,0.33333333,0.22222222,98.1333312988281,97.1999969482422,84.7999979654948,88.8000030517578,-4.1682014465332,-7.19569063186646,4.22757339477539,-9.20756340026855,9.24306042989095,7.42692852020264,-0.860268115997314,3.60730218887329,0.235492557287216,0.039364367723465,0.288137227296829,0.0337270088493824,7.84975190957387,3.9364367723465,9.60457424322764,1.68635044246912,0.5,0.71428571,0.66666667,0,0.8,0.66666667,0.77777778,17.83333333,0.22222222,0.44444444,NA,0.33333333,89.6401977539062,98.7435302734375,NA,85.614267985026,-8.90812969207764,-4.6723747253418,NA,4.47445678710938,2.41283988952637,7.93111991882324,NA,-1.55901336669922,0.0337270088493824,0.274856925010681,NA,0.288137227296829,1.68635044246912,6.87142312526703,NA,9.60457424322764,0.5,0.71428571,0.66666667,0,0.8,0.66666667,0.77777778,2,80.7228240966797,-4.63908672332764,0,0,81.6749,0,0,"2024-06-01",0
"Randy Rodriguez",23974,"2024-05-29","PHI",30,2024,"SFG","H",24,0,0,18,1,0,0,0,0,0,0,0,1,8,2,2,2,0,3,0,0,0,0,2,18,27,18,0.66666667,0,0,1,0,2,0,0,0,0,0.25,0.375,-0.125,9.15541658401489,0,0.4,5,0.666666666666667,0.6,8.16647977828979,9.83352022171021,8.16647977828979,446.774721674425,207.040144318469,199.138376363141,1,0.666666666,0.333333333,0,0,0,0,0,16,12,28,-0.0232900008559227,-0.0340400002896786,0.0107499994337559,-1.52600002288818,-0.162254124879837,0.143124997615814,0.120799995958805,0.120799995958805,0.00999999977648258,1,1,-0.132118582725525,-0.0306063167950976,0,0,0.67857143,97.68421053,0.32142857,86.33333333,NA,NA,-0.90795910358429,-0.100502461194992,NA,-4.77873212412784,-1.11669401327769,NA,0.16666667,0.6,0.32142857,0.33333333,0.5,0.44444444,0.35714286,0.5,0.17857143,1,1,1,0,3,0,3,0.33333333,0.33333333,0.33333333,0,1,0,11.8134421896718,NA,NA,NA,NA,41.79975,63.85738,30.93947,23.17124,59.646,20,51.45612,50.21365,47.53066,40.43385,58.17308,30.15985,0.71972,5.15667,NA,NA,NA,120.64,37.48,60.82,99.4,65.44,69.94,100.96,113.52,120.34,110.521428571429,66.9142857142857,81.58,0.5,0.17857143,0.32142857,NA,98.0428553989955,96.8799987792969,86.2222222222222,NA,-4.69930812290737,-8.4885871887207,3.73592885335286,NA,10.2944150652204,6.83583679199219,-0.21333916982015,NA,-1.0572450235486,0.124993059784174,-0.104837384074926,NA,-7.55175016820431,2.49986119568348,-1.16485982305474,NA,0.1875,0.5,0.32142857,0.33333333,0.5,0.44444444,0.42857143,17,NA,0.5,0.17857143,0.32142857,NA,98.5837663922991,97.4331970214844,86.7420654296875,NA,-4.46501077924456,-8.5056640625,4.08170233832465,NA,9.26760973249163,5.78424377441406,-1.43770366244846,NA,-1.0572450235486,0.124993059784174,-0.104837384074926,NA,-7.55175016820431,2.49986119568348,-1.16485982305474,0.1875,0.5,0.32142857,0.33333333,0.5,0.44444444,0.42857143,3,97.4513753255208,8.64033126831055,0,0,106.449,2,0.66666667,"2024-05-29",0
"Randy Rodriguez",23974,"2024-05-27","PHI",30,2024,"SFG","H",24,1,0,0,1,0,0,0,0,0,0,0,2,6,0,0,0,0,0,0,0,0,0,1,4.5,0,0,1,0,0,4,1,0,0,0,0,0,0.16666667,0,0.16666667,1.753034646165,0,0,0,0,1,2.1664797782898,-2.1664797782898,2.92248398140073,0,56.2924584471045,72.413423398336,4,0,0.8,0.2,0,0,3,13.5,3,13,16,0.129312053322792,0,0.129312053322792,0.948000013828278,0.100797444581985,0.866699993610382,1.1881000995636,0.921599984169006,1.31700003147125,1,1,0.149136886000633,6.35919918971772e-05,1,0,0.5,97.25,0.5,84.625,NA,NA,0.920688033103943,0.443788707256317,NA,11.5086004137993,5.54735884070396,NA,0.44444444,1,0.6875,1,0.71428571,0.81818182,0.4375,0.83333333,0.125,2,2,1,1,3,1,5,0.4,0.4,0.2,0.2,0.6,0.2,0.449311764040754,NA,NA,NA,NA,80,40.82817,20,NA,NA,NA,80,20,20,80,20,20,-2.61734,0.15108,NA,NA,NA,124.46,94.58,113.66,NA,NA,NA,98.56,87.96,95.64,111.51,91.27,104.65,0.5,NA,0.5,NA,97.375,NA,84.4875030517578,NA,-2.84184646606445,NA,6.45614004135132,NA,10.3413534164429,NA,-1.57078444957733,NA,0.932026345282793,NA,0.448916487395763,NA,11.6503293160349,NA,5.61145609244704,NA,0.5,0.875,0.6875,1,0.71428571,0.81818182,0.5,17.6,NA,0.5,NA,0.5,NA,97.9073104858398,NA,84.9878845214844,NA,-2.8257257938385,NA,6.43953371047974,NA,9.27425289154053,NA,-2.74481868743896,NA,0.932026345282793,NA,0.448916487395763,NA,11.6503293160349,NA,5.61145609244704,0.5,0.875,0.6875,1,0.71428571,0.81818182,0.5,5,91.5504028320313,5.51356048583984,0,0,104.963,4,0.8,"2024-05-27",0
"Randy Rodriguez",23974,"2024-05-25","@NYM",30,2024,"SFG","A",24,0,0,0,1,0,0,0,0,0,0,0,1.2,6,0,0,0,0,1,0,0,0,0,2,10.8000041198746,5.40000205993731,0,2,0,0,2,1,0,0,0,0,0,0.33333333,0.16666667,0.16666667,3.69039574374473,0,0,0.600000228881923,0,1,2.56647954940787,-2.56647954940787,3.47368493921238,0,66.3422984212921,85.7335933905156,2,0,0.666666666,0.333333333,0,0,1,5.40000205993731,15,18,33,0.0681179910898209,-0.0291160009801388,0.0972339957952499,0.947999954223633,0.103099510073662,0.712371408939362,0.64139997959137,0.938199996948242,2.21560001373291,1,1,0.077620230615139,0.0180012250399113,1,0,0.54545455,97.11111111,0.45454545,85.4,NA,NA,0.0613551512360573,0.925214469432831,NA,0.340861951311429,6.16809646288554,NA,0.14285714,0.5,0.27272727,0,0.83333333,0.55555556,0.36363636,NA,0.12121212,0,1,2,1,2,0,3,0,0.33333333,0.66666667,0.33333333,0.66666667,0,1.32531310234919,NA,NA,NA,NA,52.03512,76.56519,39.03811,20,67.14065,20,67.34424,67.02336,67.49617,50.59027,74.42629,41.00893,0.08874,4.2102,NA,NA,NA,139.4,63.1,98.04,112.56,69.46,83.88,105.14,110.92,113.68,118.947272727273,85.9927272727273,102.574545454545,0.39393939,0.15151515,0.45454545,NA,97.4384577824519,96.5400024414062,85.3666666666667,NA,-4.38725750262921,-8.86352920532227,5.46358846028646,NA,10.6722036508413,6.57899703979492,-0.435003248850505,NA,-0.0726347826421261,0.129467315971851,0.937279429286718,NA,-0.558729097247124,2.58934631943703,6.24852952857812,NA,0.15,0.46153846,0.27272727,0,0.83333333,0.55555556,0.39393939,18.65384615,NA,0.36363636,0.18181818,0.45454545,NA,97.8671671549479,96.9063517252604,85.7101318359375,NA,-3.9835532506307,-8.56828308105469,5.70606384277344,NA,9.57879892985026,5.85172526041667,-1.71853879292806,NA,-0.122804921120405,0.17963745445013,0.937279429286718,NA,-1.02337434267004,2.99395757416884,6.24852952857812,0.16666667,0.4,0.27272727,0,0.83333333,0.55555556,0.45454545,3,95.1148173014323,-8.88647778828939,0,0,104.541,2,0.66666667,"2024-05-25",0
"Randy Rodriguez",23974,"2024-05-23","@PIT",30,2024,"SFG","A",24,0,0,0,1,0,0,0,0,0,1,0,1,3,0,0,0,0,0,0,0,0,0,0,0,0,0,0,0,0,2,1,0,0,0,0,0,0,0,0,4.72206241920756,0,0,0,0,1,3.1664797782898,-3.1664797782898,4.67848818451166,0,81.4170727589986,114.84853560366,2,0,0.666666666,0.333333333,0,0,0,0,2,7,9,0.144706010818481,0,0.144706010818481,0.521000027656555,0.0519182868301868,1.87899994850159,2.49140000343323,2.49140000343323,3.51939988136292,1,1,0.0771000161767006,-8.77677549390027e-05,1,0,0.22222222,97,0.77777778,85.14285714,NA,NA,0.265096247196198,0.408897459506989,NA,13.2548123598099,5.84139227867126,NA,0.2,1,0.55555556,0,1,0.8,0.44444444,0.66666667,0.11111111,2,1,0,1,2,0,3,0.66666667,0.33333333,0,0.33333333,0.66666667,0,1.14550283325363,NA,NA,NA,NA,80,60.25065,80,NA,NA,NA,29.14448,47.66342,26.14349,50.97618,55.67904,48.43784,0.06476,4.17423,NA,NA,NA,99.94,152.46,157.02,NA,NA,NA,98.62,62.2,67.2,98.9133333333333,82.2577777777778,87.16,0.22222222,NA,0.77777778,NA,96.8000030517578,NA,85.0857107979911,NA,-2.8718638420105,NA,4.72912761143276,NA,9.23110103607178,NA,-1.01284660611834,NA,0.268174070864916,NA,0.414069797843695,NA,13.4087035432458,NA,5.9152828263385,NA,0.5,0.57142857,0.55555556,0,1,0.8,0.77777778,17.5,NA,0.22222222,NA,0.77777778,NA,96.849250793457,NA,85.10107421875,NA,-2.62751007080078,NA,4.78751972743443,NA,8.66641044616699,NA,-1.89204951695033,NA,0.268174070864916,NA,0.414069797843695,NA,13.4087035432458,NA,5.9152828263385,0.25,0.8,0.55555556,0,1,0.8,0.55555556,3,85.1805725097656,-5.46537971496582,0,0,93.3093,0,0,"2024-05-23",0
"Randy Rodriguez",23974,"2024-05-22","@PIT",30,2024,"SFG","A",24,0,0,0,1,0,0,0,0,0,0,0,2,6,0,0,0,0,0,0,0,0,0,4,18,0,0,4,0,0,1,0,1,0,0,0,0,0.66666667,0,0.66666667,-0.19260424734144,0,0,0,0,1,-0.833520221710205,0.833520221710205,-0.833520221710205,0,-19.0813844885779,-18.3531359984531,1,0.5,0.5,0,0,0,1,4.5,5,22,27,0.0556540116667747,0,0.0556540116667747,1.04200005531311,0.103836573660374,0.359166651964188,0.468999981880188,0.518999993801117,0.548999965190887,1,1,0.154775530099869,0.000177640976615212,0,0,0.48148148,98.61538462,0.51851852,85.85714286,NA,NA,0.601612985134125,0.902910470962524,NA,4.62779219333942,6.44936050687518,NA,0.5,0.69230769,0.59259259,0.57142857,0.77777778,0.6875,0.48148148,0.83333333,0.18518519,0,2,0,1,1,0,2,0,1,0,0.5,0.5,0,-0.0760687874601583,NA,NA,NA,NA,80,61.21216,80,NA,NA,NA,71.04994,66.36504,61.64415,80,66.10492,80,-2.50796,0.31515,NA,NA,NA,121.72,136.52,154.32,NA,NA,NA,131.9,124.74,142.8,126.998518518519,130.411851851852,148.346666666667,0.48148148,NA,0.51851852,NA,98.5846135066106,NA,85.8928571428571,NA,-3.70972912128155,NA,6.09752600533622,NA,9.33412639911358,NA,-0.759402479444231,NA,0.651020843535662,NA,0.90150323137641,NA,5.00785264258201,NA,6.43930879554578,NA,0.5,0.66666667,0.59259259,0.5,0.8,0.6875,0.55555556,18.76190476,NA,0.48148148,NA,0.51851852,NA,98.5623873197115,NA,85.8406982421875,NA,-3.64491624098558,NA,6.31208910260882,NA,8.64681243896484,NA,-1.85193293435233,NA,0.651020843535662,NA,0.90150323137641,NA,5.00785264258201,NA,6.43930879554578,0.5,0.66666667,0.59259259,0.5,0.7,0.625,0.55555556,2,76.6862030029297,4.03270959854126,0,0,88.0332,0,0,"2024-05-22",0
"Randy Rodriguez",23974,"2024-05-17","COL",30,2024,"SFG","H",24,0,0,0,1,0,0,0,0,0,0,0,1,5,1,0,0,0,1,0,0,0,0,1,9,9,9,1,0,0,2,1,0,0,0,0,0,0.2,0.2,0,5.60764908401489,0,0.25,2,0.333333333333333,1,4.1664797782898,-4.1664797782898,5.67848818451166,0,106.541687070893,139.014259199392,2,0,0.666666666,0.333333333,0,0,0,0,12,18,30,0.00554798962548375,-0.00277001014910638,0.00831799954175949,0.474000006914139,0.050398726016283,0.0722000002861023,0.146200001239777,0.146200001239777,NA,0,1,-0.0235276855528355,0.100369646820136,0,0,0.76666667,98.69565217,0.23333333,84.57142857,NA,NA,-0.209049418568611,0.148073762655258,NA,-0.908910515515701,2.11533946650369,NA,0.27777778,0.75,0.46666667,0.6,1,0.85714286,0.4,0.2,0.06666667,0,3,0,0,3,0,3,0,1,0,0,1,0,2.48238055151836,NA,NA,NA,NA,40.38838,64.25234,33.22131,22.89942,47.3116,29.03833,23.03791,59.02517,20,31.72061,60.66243,24.42575,1.26104,5.96865,NA,NA,NA,131.66,88.12,115.14,112.56,11.72,23.54,119.42,68.74,90.02,128.167333333333,81.0513333333333,106.225333333333,0.73333333,0.03333333,0.23333333,NA,98.6363636363636,98,84.5428553989955,NA,-4.00537109375,-8.90535163879395,5.13348933628627,NA,9.93797094171697,7.55044984817505,-1.39010483877999,NA,-0.181916188448668,-0.0350487045943737,0.149126816540956,NA,-0.826891765675761,-3.50487045943737,2.13038309344224,NA,0.29411765,0.69230769,0.46666667,0.6,1,0.85714286,0.43333333,19.875,NA,0.73333333,0.03333333,0.23333333,NA,98.8589754971591,98.2574996948242,84.7458844866071,NA,-3.73386348377575,-8.6855001449585,5.20816693987165,NA,8.88941886208274,6.05478000640869,-2.70029939923968,NA,-0.181916188448668,-0.0350487045943737,0.149126816540956,NA,-0.826891765675761,-3.50487045943737,2.13038309344224,0.29411765,0.69230769,0.46666667,0.6,1,0.85714286,0.43333333,3,90.1343790690104,-0.29197629292806,0,0,98.7174,1,0.33333333,"2024-05-17",0
"Randy Rodriguez",23974,"2024-05-14","LAD",30,2024,"SFG","H",24,0,0,3,1,0,0,0,0,0,0,0,3,12,3,1,1,0,0,0,0,1,0,5,15,0,9,5,0,0,1,4,2,1,0,0,0,0.41666667,0,0.41666667,1.5017638123605,0,0.25,1,0.428571428571429,0.66666667,-0.166853555043538,3.16685355504354,1.84915765325228,74.4624536124042,-2.33164161398181,46.475716024278,0.25,0.285714285,0.142857142,0.571428571,0.25,0,1,3,13,28,41,-0.0118180010467768,-0.066258005797863,0.0544400028884411,0.385000020265579,0.0409356765449047,0.24278461933136,0.257950007915497,0.546999990940094,0.0553999990224838,1,1,0.0170945078134537,-0.065771401264629,0,0,0.63414634,97.96153846,0.26829268,84.72727273,0.09756098,90.75,0.707167446613312,-0.614725410938263,-0.0850019007921219,2.71987479466658,-5.58841282671148,-2.12504751980305,0.36363636,0.94736842,0.63414634,0.75,0.72222222,0.73076923,0.46341463,0.58333333,0.17073171,1,3,3,1,3,3,7,0.14285714,0.42857143,0.42857143,0.14285714,0.42857143,0.42857143,0.627630902991313,NA,34.25468,64.47516,20.72631,63.08207,68.92648,50.2084,20,68.25974,20,71.55703,53.19807,72.67593,60.94412,64.69668,51.83588,-0.55451,3.24533,98.58,60.58,49.64,130.08,100.1,134.9,115.7,76.14,92.56,113.44,113.84,124.26,121.139512195122,97.5931707317073,119.596585365854,0.53658537,0.09756098,0.26829268,0.09756098,98.0772705078125,96.9499969482422,84.6363636363636,90.625,-3.53501614657315,-8.22632026672363,5.59791599620472,-10.2215404510498,10.3195245916193,7.13771104812622,-1.5901595028964,4.07317924499512,1.28796809539199,-0.491137154400349,-0.61666951701045,-0.0865641906857491,5.85440043359995,-12.2784288600087,-5.60608651827682,-2.16410476714373,0.31578947,0.90909091,0.63414634,0.66666667,0.75,0.73076923,0.53658537,19,0.09756098,0.53658537,0.09756098,0.26829268,90.9414215087891,98.4028098366477,97.2469482421875,84.9332164417614,-9.98152256011963,-3.16539140181108,-8.23143768310547,5.92295213179155,2.6109607219696,9.43908136541193,5.99633502960205,-2.69623825766823,-0.0865641906857491,1.28796809539199,-0.491137154400349,-0.61666951701045,-2.16410476714373,5.85440043359995,-12.2784288600087,-5.60608651827682,0.33333333,0.86956522,0.63414634,0.66666667,0.75,0.73076923,0.56097561,7,95.7098301478795,29.4886866978237,1,0.14285714,102.376,4,0.57142857,"2024-05-14",0
"Randy Rodriguez",23974,"2024-05-09","@COL",30,2024,"SFG","A",24,0,0,3.85714338263694,1,0,0,0,0,0,0,0,2.1,11,4,1,1,0,0,0,0,0,0,4,15.4285735305478,0,15.4285735305478,4,0,0,2,4,1,0,0,0,0,0.36363636,0,0.36363636,1.84084479092264,0,0.363636363636364,1.71428594783864,0.571428571428571,0.75,-0.262092117387485,4.11923550002442,2.32992264641256,95.7374534019983,-4.72447376049274,58.0937499634935,0.5,0.142857142,0.285714285,0.571428571,0,0,0,0,11,35,46,-0.0185720399022102,-0.0430119708180428,0.0244399327784777,-0.323999971151352,-0.0281984284520149,0.13367272913456,0.160600006580353,0.362800002098083,0.0299999993294477,1,1,-0.0365933328866959,-0.102343307536909,0,0,0.63043478,96.96551724,0.32608696,85.8,0.04347826,89,0.193748518824577,-1.18618786334991,0.0197809934616089,0.668098340774405,-7.90791908899943,0.989049673080444,0.52173913,0.65217391,0.58695652,0.83333333,0.93333333,0.88888889,0.5,0.63636364,0.06521739,4,2,1,0,5,2,7,0.57142857,0.28571429,0.14285714,0,0.71428571,0.28571429,0.363755404134795,NA,80,20,20,79.26079,40.59966,20,80,23.40611,20,80,20,20,80,23.23241,20,-2.85634,-0.20742,90.08,67.76,63.5,109.24,115.54,114.82,96.26,100.98,98.6,118.32,100.62,110.82,108.828260869565,105.748695652174,108.110869565217,0.43478261,0.19565217,0.32608696,0.04347826,97.45,95.8222249348958,85.613330078125,88.9000015258789,-2.9423210144043,-6.8631091647678,3.60561752319336,-8.19377899169922,9.11110687255859,5.901123046875,-0.690417416890462,4.78297138214111,-0.174082059413195,0.370913147926331,-1.19857611507177,0.0197252556681633,-0.870410297065973,4.12125719918145,-7.99050743381182,0.986262783408165,0.5,0.64285714,0.58695652,0.77777778,0.94444444,0.88888889,0.60869565,20.45714286,0.04347826,0.43478261,0.19565217,0.32608696,89.6744537353516,98.2871276855469,96.6353217230903,86.395458984375,-7.98322010040283,-2.9933313369751,-6.94808578491211,3.6932866414388,4.44056987762451,8.95878829956055,5.88411119249132,-0.690706316630046,0.0197252556681633,-0.174082059413195,0.370913147926331,-1.19857611507177,0.986262783408165,-0.870410297065973,4.12125719918145,-7.99050743381182,0.55555556,0.60714286,0.58695652,0.8,0.94117647,0.88888889,0.60869565,7,91.4285627092634,19.721919468471,0,0,99.8154,3,0.42857143,"2024-05-09",0
"Randy Rodriguez",23974,"2024-05-04","@PHI",30,2024,"SFG","A",24,0,0,3.85714338263694,1,0,0,0,0,0,0,0,2.1,13,2,4,1,0,2,0,0,0,0,2,7.71428676527388,7.71428676527388,7.71428676527388,1,1,0,1,4,3,0,1,0,0,0.15384615,0.15384615,0,6.14481192168244,0,0.181818181818182,1.71428594783864,0.222222222222222,0,4.02362275220912,-0.166479369572175,6.61563751600916,95.7374534019983,102.952459388871,161.661150912287,0.25,0.375,0.125,0.5,0,0,2,7.71428676527388,19,29,48,-0.00470600603148341,-0.0168679878115654,0.0121619813144207,-1.90199995040894,-0.194777250289917,0.0734153836965561,0.0502666682004929,0.0301999989897013,0.0199999995529652,1,1,-0.00162758177611977,-0.0624735070492754,0,0,0.72916667,97.37142857,0.22916667,84.90909091,0.04166667,90,-0.782574534416199,-0.0220012180507183,-0.0712025240063667,-2.23592724118914,-0.200011073188348,-3.56012620031834,0.27272727,0.66666667,0.39583333,0.88888889,0.9,0.89473684,0.3125,0.61538462,0.04166667,4,3,1,1,4,3,9,0.5,0.375,0.125,0.125,0.5,0.375,6.15071402800427,NA,29.5905,72.14364,20,51.12418,73.10804,42.40471,48.62177,63.20482,43.91091,54.39287,45.26094,56.49597,50.73789,65.93334,44.50708,0.07957,4.19645,103.36,69.38,76.52,123.16,73.02,105.04,111.96,108.46,124.18,111.94,107.98,123.62,118.977021276596,83.3195744680851,109.408510638298,0.64583333,0.08333333,0.22916667,0.04166667,97.4903210055444,96.0749969482422,84.8090875799006,90.1999969482422,-4.32708297237273,-9.21555519104004,5.3246262290261,-10.2596282958984,11.2428086803805,7.88093852996826,-0.162855625152588,1.49400019645691,-0.0244909450411797,0.297828517854214,0.015156265348196,-0.0725650899112225,-0.0790030485199344,7.44571294635534,0.137784230438146,-3.62825449556112,0.18518519,0.71428571,0.41666667,0.8,0.93333333,0.9,0.4375,16.77142857,0.04166667,0.64583333,0.08333333,0.22916667,90.6946563720703,98.0315571446573,96.6115493774414,85.3343727805398,-9.62628936767578,-3.84813247188445,-8.80601692199707,5.75417744029652,-0.392913997173309,9.87328609343498,6.4276123046875,-1.58220273798162,-0.0725650899112225,-0.0244909450411797,0.297828517854214,0.461592495441437,-3.62825449556112,-0.0790030485199344,7.44571294635534,4.19629541310397,0.19230769,0.68181818,0.41666667,0.8,0.93333333,0.9,0.45833333,9,88.3320693969727,26.5805835723877,0,0,104.02,3,0.33333333,"2024-05-04",0
