"PlayerName","playerid","Date","Opp","teamid","season","Team","HomeAway","Age","W","L","ERA","G","GS","QS","CG","ShO","SV","HLD","BS","IP","TBF","H","R","ER","HR","BB","IBB","HBP","WP","BK","SO","K/9","BB/9","H/9","K/BB","IFH%","BUH%","GB","FB","LD","IFFB","IFH","BU","BUH","K%","BB%","K-BB%","SIERA","HR/9","AVG","WHIP","BABIP","LOB%","FIP","E-F","xFIP","ERA-","FIP-","xFIP-","GB/FB","LD%","GB%","FB%","IFFB%","HR/FB","RS","RS/9","Balls","Strikes","Pitches","WPA","-WPA","+WPA","RE24","REW","pLI","inLI","gmLI","exLI","Pulls","Games","WPA/LI","Clutch","SD","MD","FB%1","FBv","SL%","SLv","CH%","CHv","XX%","wFB","wSL","wCH","wFB/C","wSL/C","wCH/C","O-Swing%","Z-Swing%","Swing%","O-Contact%","Z-Contact%","Contact%","Zone%","F-Strike%","SwStr%","Pull","Cent","Oppo","Soft","Med","Hard","bipCount","Pull%","Cent%","Oppo%","Soft%","Med%","Hard%","tERA","pb_o_CH","pb_s_CH","pb_c_CH","pb_o_FF","pb_s_FF","pb_c_FF","pb_o_SI","pb_s_SI","pb_c_SI","pb_o_SL","pb_s_SL","pb_c_SL","pb_overall","pb_stuff","pb_command","pb_xRV100","pb_ERA","sp_s_CH","sp_l_CH","sp_p_CH","sp_s_FF","sp_l_FF","sp_p_FF","sp_s_SI","sp_l_SI","sp_p_SI","sp_s_SL","sp_l_SL","sp_p_SL","sp_stuff","sp_location","sp_pitching","pfxFA%","pfxSI%","pfxSL%","pfxCH%","pfxvFA","pfxvSI","pfxvSL","pfxvCH","pfxFA-X","pfxSI-X","pfxSL-X","pfxCH-X","pfxFA-Z","pfxSI-Z","pfxSL-Z","pfxCH-Z","pfxwFA","pfxwSI","pfxwSL","pfxwCH","pfxwFA/C","pfxwSI/C","pfxwSL/C","pfxwCH/C","pfxO-Swing%","pfxZ-Swing%","pfxSwing%","pfxO-Contact%","pfxZ-Contact%","pfxContact%","pfxZone%","pfxPace","piCH%","piCU%","piFA%","piSI%","piSL%","pivCH","pivCU","pivFA","pivSI","pivSL","piCH-X","piCU-X","piFA-X","piSI-X","piSL-X","piCH-Z","piCU-Z","piFA-Z","piSI-Z","piSL-Z","piwCH","piwCU","piwFA","piwSI","piwSL","piwCH/C","piwCU/C","piwFA/C","piwSI/C","piwSL/C","piO-Swing%","piZ-Swing%","piSwing%","piO-Contact%","piZ-Contact%","piContact%","piZone%","Events","EV","LA","Barrels","Barrel%","maxEV","HardHit","HardHit%","gamedate","dh"
"Seth Martinez",21045,"2024-09-23","SEA",21,2024,"HOU","H",29,0,0,13.5000032186516,1,0,0,0,0,0,0,0,1.1,7,3,2,2,0,0,0,0,0,0,0,0,0,20.2500048279774,0,0,0,2,4,1,1,0,0,0,0,0,0,7.09293316199795,0,0.428571428571429,2.25000053644193,0.428571428571429,0.33333333,3.1664797782898,10.3335234403618,7.70250607842834,340.13007178286,77.6501182634796,189.774161995548,0.5,0.142857142,0.285714285,0.571428571,0.25,0,1,6.75000160932579,2,10,12,-0.0161119978874922,-0.0262199994176626,0.010108002461493,-0.945999979972839,-0.100264966487885,0.113857142627239,0.172666668891907,0.274800002574921,NA,0,1,-0.122297652065754,-0.0192129946596939,0,0,0.25,89.33333333,0.5,78.83333333,0.25,84.66666667,NA,-0.635518670082092,-0.887717664241791,0.266273945569992,-21.1839556694031,-14.7952944040298,8.8757981856664,0.71428571,1,0.83333333,0.8,1,0.9,0.41666667,0.71428571,0.08333333,5,2,0,1,3,3,7,0.71428571,0.28571429,0,0.14285714,0.42857143,0.42857143,2.13620247882805,59.24378,45.99663,78.61387,46.76986,56.7852,50.27663,80,30.88491,46.13324,78.94135,59.59044,80,74.11918,58.52496,79.74506,-1.37302,2.01756,86.38,128.5,108.02,94.76,75.92,84.68,89.92,144.46,94.46,102.78,114.28,128.12,96.2716666666667,113.956666666667,113.05,0.16666667,0.08333333,0.5,0.25,89.5500030517578,89.0999984741211,78.4166666666667,84.5666656494141,-7.64060306549072,-8.48730659484863,7.30324109395345,-6.5085817972819,5.58692646026611,1.1156632900238,4.76698684692383,-1.71492385864258,-0.800582092255354,0.120601363480091,-0.90891320630908,0.26951365545392,-40.0291046127677,12.0601363480091,-15.1485534384847,8.98378851513068,0.71428571,1,0.83333333,0.8,1,0.9,0.41666667,17.2,0.25,NA,0.16666667,0.08333333,0.5,84.6475321451823,NA,89.6948547363281,89.1697006225586,78.53125,-5.56673685709635,NA,-6.45674991607666,-7.72141981124878,8.53555297851562,-2.91099993387858,NA,4.90991020202637,0.154915004968643,3.60144011179606,0.26951365545392,NA,-0.800582092255354,0.120601363480091,-0.90891320630908,8.98378851513068,NA,-40.0291046127677,12.0601363480091,-15.1485534384847,0.71428571,1,0.83333333,0.8,1,0.9,0.41666667,7,87.2102748325893,21.0606929234096,2,0.28571429,105.055,3,0.42857143,"2024-09-23",0
"Seth Martinez",21045,"2024-09-21","LAA",21,2024,"HOU","H",29,0,0,18,1,0,0,0,0,0,0,0,1,7,3,2,2,0,0,0,1,0,0,2,18,0,27,2,0,0,1,0,3,0,0,0,0,0.28571429,0,0.28571429,2.12934133765022,0,0.5,3,0.75,0.5,2.1664797782898,15.8335202217102,2.1664797782898,453.506654252709,52.539302626586,52.0512824543046,1,0.75,0.25,0,0,0,0,0,8,17,25,0.000357999699190259,-0.0131760118529201,0.0135340113192797,-1.52300000190735,-0.161420240998268,0.11911428719759,0.00999999977648258,0.00999999977648258,NA,0,1,-0.143921956419945,0.14692747076766,0,0,0.68,89.94117647,0.16,78.5,0.16,83,NA,-0.242642521858215,-0.537276327610016,-0.105488210916519,-1.42730895210715,-13.4319081902504,-2.63720527291298,0.4,0.2,0.32,0.83333333,1,0.875,0.4,0.57142857,0.04,2,2,0,1,2,1,4,0.5,0.5,0,0.25,0.5,0.25,9.04065499809489,20,39.04668,20,45.61409,57.18748,37.54597,80,63.0107,52.42405,46.06011,70.61069,36.21568,41.78487,55.96463,28.37147,0.63579,5.03078,88.78,58.16,26.8,100.6,71.62,68.8,98.98,126.04,117.54,130.64,71.98,89.92,103.256,78.2312,73.2576,0.52,0.16,0.16,0.16,90.0230806790865,89.0749969482422,78.2249984741211,83.3250045776367,-7.33530954214243,-9.90896701812744,8.45414733886719,-5.68459272384644,6.44786717341496,0.232195854187012,5.97562122344971,0.284656763076782,-0.0403244644403458,-0.211474388837814,-0.545622952282429,-0.107447430491447,-0.31018818800266,-5.28685972094536,-13.6405738070607,-2.68618576228619,0.35714286,0.27272727,0.32,0.8,1,0.875,0.44,19.55555556,0.16,NA,0.52,0.16,0.16,83.4140014648438,NA,90.1056002103365,89.1912231445312,78.2814483642578,-4.64077997207642,NA,-6.49578974797176,-9.18857002258301,9.84729957580566,-0.983556985855103,NA,5.56880833552434,-0.916230738162994,4.72426223754883,-0.107447430491447,NA,-0.0403244644403458,-0.211474388837814,-0.545622952282429,-2.68618576228619,NA,-0.31018818800266,-5.28685972094536,-13.6405738070607,0.35714286,0.27272727,0.32,0.8,1,0.875,0.44,4,89.6479339599609,5.42197942733765,0,0,106.106,1,0.25,"2024-09-21",0
"Seth Martinez",21045,"2024-08-21","BOS",21,2024,"HOU","H",29,0,0,9,1,0,0,0,0,0,0,0,1,4,1,1,1,1,0,0,0,0,0,0,0,0,9,0,0,0,0,4,0,1,0,0,0,0,0,0,13.2527290840149,9,0.25,1,0,1,16.1664797782898,-7.16647977828979,9.21451340317726,226.753327126354,404.090721543098,227.389229439621,0,0,0,1,0.25,0.25,0,0,6,12,18,-0.0318600013852119,-0.0458000004291534,0.0139399990439415,-0.523000001907349,-0.0554319024085999,0.174899995326996,0.273200005292892,0.273200005292892,NA,0,1,-0.234359294176102,0.0521980463976442,0,0,0.66666667,90.25,0.16666667,78.33333333,0.16666667,83,NA,-1.11040198802948,0.351665169000626,0.115327715873718,-9.25334990024567,11.7221723000209,3.84425719579061,0.36363636,0.71428571,0.5,1,1,1,0.38888889,0.75,0,1,2,1,1,2,1,4,0.25,0.5,0.25,0.25,0.5,0.25,12.3908494996748,20,47.4949,20,80,51.24014,80,20,57.04413,20,77.93671,65.26282,72.3457,58.18959,51.88333,58.90957,-0.38338,3.50202,88.96,59.56,37.76,106.26,143.42,140.6,88.46,8.72,1.76000000000001,152.7,136.64,144.5,109.138888888889,113.346666666667,108.683333333333,0.55555556,0.11111111,0.16666667,0.16666667,90.3200012207031,89.3000030517578,78.4666646321615,83.1000010172526,-7.85279159545898,-8.33880996704102,7.07033983866374,-6.75625610351562,5.72041435241699,0.168058902025223,3.09628105163574,-0.752986907958984,-1.04868187755346,-0.0592916384339333,0.338299229741096,0.158510945737362,-10.4868187755346,-2.96458192169666,11.2766409913699,5.2836981912454,0.33333333,0.66666667,0.5,1,1,1,0.5,15.92857143,0.16666667,NA,0.55555556,0.11111111,0.16666667,83.082529703776,NA,90.28837890625,89.2646942138672,78.4135996500651,-6.15256309509277,NA,-6.95421371459961,-8.0691499710083,8.33325004577637,-1.95495335261027,NA,4.87864303588867,-0.744040966033936,1.70595073699951,0.158510945737362,NA,-1.04868187755346,-0.0592916384339333,0.338299229741096,5.2836981912454,NA,-10.4868187755346,-2.96458192169666,11.2766409913699,0.33333333,0.66666667,0.5,1,1,1,0.5,4,86.1148834228516,44.6664886474609,1,0.25,102.662,1,0.25,"2024-08-21",0
"Seth Martinez",21045,"2024-07-30","PIT",21,2024,"HOU","H",29,0,0,0,1,0,0,0,0,0,0,0,0.2,6,2,1,0,0,1,0,0,0,0,1,13.500014081612,13.500014081612,27.000028163224,1,0,0,1,1,2,0,0,0,0,0.16666667,0.16666667,0,5.73367352628778,0,0.4,4.50000469387067,0.5,0.66666667,4.66648134291335,-4.66648134291335,6.93449631797012,0,115.316381007794,170.667945732913,1,0.5,0.25,0.25,0,0,0,0,12,16,28,-0.0353619977831841,-0.0552500002086163,0.0198880005627871,-1.26600003242493,-0.1341812312603,0.441566675901413,0.238999992609024,0.238999992609024,0.370600014925003,1,1,-0.0753521025180817,-0.00473092845565785,0,0,0.5,90.5,0.46428571,79.46153846,0.03571429,84,NA,-0.845567882061005,-0.548093855381012,0.2312992811203,-6.03977058615003,-4.21610657985394,23.12992811203,0.07142857,0.85714286,0.46428571,0,0.91666667,0.84615385,0.5,0.33333333,0.07142857,1,2,1,0,3,1,4,0.25,0.5,0.25,0,0.75,0.25,8.28461157822871,NA,NA,NA,NA,NA,NA,NA,NA,NA,NA,NA,NA,NA,NA,NA,NA,NA,95.88,59.72,167.58,85.38,116.54,96.56,48.12,239.64,210.24,67.42,119.72,118.14,68.1014285714286,146.762142857143,137.535714285714,0.25,0.25,0.46428571,0.03571429,90.8285696847098,89.9857090541295,79.4615384615385,84.1999969482422,-6.9971923828125,-7.84460994175502,7.55248084435096,-3.28305053710938,5.86424963814872,-0.46971675327846,4.42500422551082,1.61008131504059,0.00728597864508629,-0.866462200880051,-0.519886679947376,0.23420649766922,0.104085409215518,-12.3780314411436,-3.99912830728751,23.420649766922,0,0.65,0.46428571,NA,0.84615385,0.84615385,0.71428571,21.18181818,0.03571429,NA,0.25,0.25,0.46428571,84.1230010986328,NA,90.759041922433,89.9166957310268,79.3854323167067,-2.53913998603821,NA,-6.20052446637835,-7.26614870343889,8.54509793795072,0.36259400844574,NA,5.02657318115234,-1.58791814531599,3.00226270235502,0.23420649766922,NA,0.00728597864508629,-0.866462200880051,-0.519886679947376,23.420649766922,NA,0.104085409215518,-12.3780314411436,-3.99912830728751,0,0.65,0.46428571,NA,0.84615385,0.84615385,0.71428571,4,95.5328674316406,11.2321281433105,0,0,102.277,3,0.75,"2024-07-30",0
"Seth Martinez",21045,"2024-07-28","LAD",21,2024,"HOU","H",29,0,0,0,1,0,0,0,0,0,0,0,0.2,3,0,0,0,0,1,0,0,0,0,0,0,13.500014081612,0,0,0,0,0,2,0,1,0,0,0,0,0.33333333,-0.33333333,14.4338401827424,0,0,1.50000156462356,0,1,7.66648447216047,-7.66648447216047,12.202514422274,0,190.648906496422,301.723432731227,0,0,0,1,0.5,0,0,0,8,7,15,0.0276879873126745,-0.0130380038172007,0.0407259911298752,0.256999999284744,0.0272390022873878,0.708133339881897,0.950600028038025,0.950600028038025,0.900600016117096,1,1,0.0222366563975811,0.0168633064954135,0,0,0.73333333,91.45454545,0.2,79.33333333,0.06666667,85,NA,0.301064729690552,-0.000919044017791748,-0.0968978852033615,2.73695208809593,-0.0306348005930583,-9.68978852033615,0,0.8,0.26666667,NA,0.5,0.5,0.33333333,0.33333333,0.13333333,0,0,2,1,1,0,2,0,0,1,0.5,0.5,0,3.8972110300584,20,32.60763,20,33.91463,54.56836,24.84387,NA,NA,NA,61.72951,58.62325,76.77611,24.7871,51.24714,21.11681,1.6918,6.61479,56.78,-74.76,-93.44,104.32,66.28,71.44,NA,NA,NA,113.08,91.26,111.32,102.902666666667,61.8733333333333,68.424,0.73333333,NA,0.2,0.06666667,91.390907981179,NA,79.2333374023438,84.6999969482422,-7.73095911199396,NA,6.48776626586914,-6.79527807235718,6.15299502286044,NA,5.10914484659831,1.53665316104889,0.2839648835361,NA,-0.0013216957449913,-0.0991095378994942,2.58149894123728,NA,-0.0440565248330434,-9.91095378994942,0,0.44444444,0.26666667,NA,0.5,0.5,0.6,15.25,0.06666667,NA,0.73333333,NA,0.2,84.4740982055664,NA,91.1583251953125,NA,78.9917653401693,-6.6153302192688,NA,-6.97162420099432,NA,7.2718931833903,0.305364996194839,NA,5.0286882573908,NA,3.7753267288208,-0.0991095378994942,NA,0.2839648835361,NA,-0.0013216957449913,-9.91095378994942,NA,2.58149894123728,NA,-0.0440565248330434,0,0.5,0.26666667,NA,0.5,0.5,0.53333333,2,79.1228485107422,64.4180908203125,0,0,91.067,0,0,"2024-07-28",0
"Seth Martinez",21045,"2024-07-23","@OAK",21,2024,"HOU","A",29,0,0,9,1,0,0,0,0,0,0,0,2,10,4,2,2,1,0,0,0,0,0,2,9,0,18,2,0,0,2,3,3,0,0,0,0,0.2,0,0.2,3.47286908401489,4.5,0.4,2,0.428571428571429,0.76923077,7.6664797782898,1.3335202217102,3.4344923876226,226.753327126354,190.648788629501,83.5963543856913,0.666666666,0.375,0.25,0.375,0,0.333333333,0,0,11,25,36,-0.0108240200206637,-0.0168280638754368,0.00600404478609562,-1.09400010108948,-0.119956143200397,0.0406000018119812,0.0474000014364719,0.0732000023126602,0,1,1,-0.272290021181107,0.00568855473807967,0,0,0.75,89.7037037,0.16666667,78.83333333,0.08333333,84,NA,-0.246050909161568,-0.844409227371216,-0.855021178722382,-0.911299663561362,-14.0734871228536,-28.5007059574127,0.125,0.75,0.47222222,0.5,0.8,0.76470588,0.55555556,0.6,0.11111111,3,3,2,0,3,5,8,0.375,0.375,0.25,0,0.375,0.625,9.89197339351547,20,39.34015,20,65.04817,54.56464,73.43673,50.92795,45.71214,42.53118,67.32373,62.06236,72.30313,54.56147,48.66665,55.23656,-0.15798,3.84012,64.96,-0.039999999999992,-26.36,101.7,113.72,115.34,78.92,134.92,127.5,115.64,62.44,67.22,92.8782857142857,106.908571428571,103.857714285714,0.36111111,0.38888889,0.16666667,0.08333333,90.1538461538462,89.1285749162946,78.7999979654948,83.8666687011719,-7.19166095440204,-8.63323974609375,6.16931978861491,-7.20549201965332,5.89111504187951,-0.0468593793255942,4.4800287882487,-0.217614710330963,-0.692572109401226,0.485720548778772,-0.838147979229689,-0.864642895758152,-5.32747776462482,3.46943249127695,-13.9691329871615,-28.8214298586051,0.07142857,0.72727273,0.47222222,1,0.75,0.76470588,0.61111111,18.11538462,0.08333333,NA,0.36111111,0.38888889,0.16666667,84.4408976236979,NA,90.751962515024,89.7235456194196,79.3741149902344,-6.09959983825684,NA,-5.88709141657903,-7.5574335370745,7.84644190470378,-1.43769613901774,NA,5.08836834247296,-1.06275456292289,3.17869281768799,-0.864642895758152,NA,-0.692572109401226,0.485720548778772,-0.838147979229689,-28.8214298586051,NA,-5.32747776462482,3.46943249127695,-13.9691329871615,0.07142857,0.72727273,0.47222222,1,0.75,0.76470588,0.61111111,8,97.6200714111328,18.7152404785156,1,0.125,103.642,6,0.75,"2024-07-23",0
"Seth Martinez",21045,"2024-07-21","@SEA",21,2024,"HOU","A",29,0,0,13.5000032186516,1,0,0,0,0,0,0,0,1.1,6,3,2,2,1,1,0,0,0,0,1,6.75000160932579,6.75000160932579,20.2500048279774,1,0,0,1,1,2,0,0,0,0,0.16666667,0.16666667,0,5.73367352628778,6.75000160932579,0.6,3.00000071525591,0.666666666666667,0.76923077,13.6664822816855,-0.166479063033886,5.05048653213841,340.13007178286,341.313745313171,123.798361175099,1,0.5,0.25,0.25,0,1,2,13.5000032186516,9,16,25,-0.210326015949249,-0.229685992002487,0.0193599853664637,-2.36899995803833,-0.269051671028137,0.463828563690186,0.358733355998993,0.731800019741058,0.192200005054474,1,1,-0.122323624789715,-0.331132743390613,0,1,0.52,90.15384615,0.4,79,0.08,84,NA,0.189335852861404,-1.70871424674988,-0.0580911040306091,1.45642963739542,-17.0871424674988,-2.90455520153046,0.375,0.55555556,0.44,0.83333333,0.8,0.81818182,0.36,1,0.08,2,1,1,0,2,2,4,0.5,0.25,0.25,0,0.5,0.5,25.3812118686915,20,45.72852,27.90263,55.76594,50.96142,59.34508,24.91851,71.46236,20,80,60.73235,80,63.92018,58.90282,67.98265,-0.7394,2.96799,94.36,88.84,54.98,118.1,93.86,85.44,92.7,-4.96000000000001,10.8,108.74,122.94,132.76,108.3928,89.2792,89.9888,0.36,0.16,0.4,0.08,90.4111124674479,89.4250030517578,78.9599975585938,84.1999969482422,-6.629517449273,-8.4792537689209,6.8935920715332,-5.73459720611572,6.29726197984484,0.226420864462852,4.38657112121582,-0.997425198554993,-0.437482841312885,0.628751628100872,-1.71663946285844,-0.0591252744197845,-4.86092045903206,15.7187907025218,-17.1663946285844,-2.95626372098923,0.25,0.61538462,0.44,0.66666667,0.875,0.81818182,0.52,17.05555556,0.08,NA,0.36,0.16,0.4,84.067497253418,NA,90.2914564344618,89.2947998046875,78.8136108398437,-5.69227027893066,NA,-5.95996559990777,-7.76376724243164,8.32272872924805,-1.61096251010895,NA,6.01892768012153,-0.485040634870529,3.91774749755859,-0.0591252744197845,NA,-0.437482841312885,0.628751628100872,-1.71663946285844,-2.95626372098923,NA,-4.86092045903206,15.7187907025218,-17.1663946285844,0.25,0.61538462,0.44,0.66666667,0.875,0.81818182,0.52,4,93.2736663818359,17.0663108825684,0,0,101.988,2,0.5,"2024-07-21",0
"Seth Martinez",21045,"2024-07-14","TEX",21,2024,"HOU","H",29,0,0,0,1,0,0,0,0,0,0,0,1,3,0,0,0,0,0,0,0,0,0,1,9,0,0,1,0,0,2,0,0,0,0,0,0,0.33333333,0,0.33333333,-0.694826464786218,0,0,0,0,1,1.1664797782898,-1.1664797782898,1.1664797782898,0,27.4284869896923,27.173712862954,2,0,1,0,0,0,1,9,1,7,8,0.00714399991557002,0,0.00714399991557002,0.476999998092651,0.0505564361810684,0.0949333310127258,0.121599994599819,0.121599994599819,NA,0,1,0.0755405202507973,-0.000287710311869013,0,0,0.375,91.66666667,0.375,79.66666667,0.25,85,NA,0.290079355239868,0.0540259703993797,0.346377730369568,9.66931184132894,1.80086567997932,17.3188865184784,0.8,0.66666667,0.75,0.25,1,0.5,0.375,1,0.375,0,2,0,0,1,1,2,0,1,0,0,0.5,0.5,-0.215139263503894,80,65.14066,80,43.56242,51.40835,46.35265,NA,NA,NA,68.60643,58.37108,65.23219,70.89572,61.30367,72.1705,-1.17276,2.31795,107.22,127.72,130.52,93.62,100.02,102.68,NA,NA,NA,98.72,111.64,116.36,98.9325,111.3025,114.77,0.375,NA,0.375,0.25,91.3666687011719,NA,79.4333343505859,85.0500030517578,-7.87470626831055,NA,5.90392557779948,-8.09370422363281,5.06373246510824,NA,4.4367634455363,-2.70242214202881,0.293756578117609,NA,0.0544858016073704,0.350456550717354,9.79188593725364,NA,1.81619338691235,17.5228275358677,0.66666667,0.8,0.75,0,0.75,0.5,0.625,13.4,0.25,NA,0.375,NA,0.375,85.0473022460938,NA,91.3908284505208,NA,79.4368693033854,-7.92334461212158,NA,-7.41754976908366,NA,6.74771372477214,-4.2052698135376,NA,4.12782351175944,NA,3.00778325398763,0.350456550717354,NA,0.293756578117609,NA,0.0544858016073704,17.5228275358677,NA,9.79188593725364,NA,1.81619338691235,0.75,0.75,0.75,0,1,0.5,0.5,2,94.7088012695312,3.43157958984375,0,0,106.297,1,0.5,"2024-07-14",0
"Seth Martinez",21045,"2024-07-13","TEX",21,2024,"HOU","H",29,0,0,0,1,0,0,0,0,0,0,0,0.2,5,1,0,0,0,2,0,0,0,0,1,13.500014081612,27.000028163224,13.500014081612,0.5,0,0,1,1,0,0,0,0,0,0.2,0.4,-0.2,10.4768090840149,0,0.333333333333333,4.50000469387067,0.5,1,9.16648603678403,-9.16648603678403,11.4345010118408,0,228.315169240736,282.617125666085,1,0,0.5,0.5,0,0,0,0,11,10,21,-0.035886000841856,-0.159016013145447,0.123130023479462,-0.265999972820282,-0.0281928945332766,2.55748009681702,1.8374000787735,1.8374000787735,5.66519975662231,1,1,-0.0311070177704096,0.0170752366877263,0,0,0.52380952,91.72727273,0.33333333,80.14285714,0.14285714,85.66666667,NA,-0.226409286260605,-0.323037475347519,-0.00869514048099518,-2.05826623873277,-4.61482107639313,-0.289838016033173,0,0.55555556,0.23809524,NA,0.8,0.8,0.42857143,0.8,0.04761905,1,0,1,1,1,0,2,0.5,0,0.5,0.5,0.5,0,6.05900727106173,74.61491,49.47072,73.1409,42.19157,55.44205,36.20974,80,46.69193,80,40.44339,71.24209,42.66655,52.45993,60.83497,53.66925,-0.02742,4.03596,86.92,118.58,110.18,93.72,72.54,74.06,113.52,139.08,140.26,117.88,42.2,63.84,102.687619047619,75.3409523809524,82.1180952380952,0.42857143,0.0952381,0.33333333,0.14285714,91.7333306206597,91,80.1571393694196,85.5,-8.04317728678385,-9.91856956481934,6.95357404436384,-7.01100921630859,6.17372131347656,0.383726388216019,5.51593562534877,-0.890107790629069,-0.321122035384178,0.0682137757539749,-0.331186711788177,-0.00912149995565414,-3.56802261537976,3.41068878769875,-4.73123873983111,-0.304049998521805,0,0.5,0.23809524,NA,0.8,0.8,0.47619048,17.875,0.14285714,NA,0.42857143,0.0952381,0.33333333,85.3797302246094,NA,91.5863444010417,90.8995971679688,80.0215890066964,-6.52220662434896,NA,-7.32045237223307,-9.27179527282715,8.16051592145647,-2.43432458241781,NA,5.18627463446723,-0.946954488754272,3.94508280072893,-0.00912149995565414,NA,-0.321122035384178,0.0682137757539749,-0.331186711788177,-0.304049998521805,NA,-3.56802261537976,3.41068878769875,-4.73123873983111,0,0.55555556,0.23809524,NA,0.6,0.6,0.42857143,2,80.0441589355469,23.3100204467773,0,0,88.6546,0,0,"2024-07-13",0
"Seth Martinez",21045,"2024-07-05","@MIN",21,2024,"HOU","A",29,0,0,0,1,0,0,0,0,0,0,0,1.1,5,1,0,0,0,0,0,0,0,0,1,6.75000160932579,0,6.75000160932579,1,0,0,1,1,0,0,0,2,0,0.2,0,0.2,3.29696908401489,0,0.2,0.750000178813977,0.25,1,1.66647942066184,-1.66647942066184,2.80048599569648,0,39.9838858278095,67.8238162491883,1,0,0.5,0.5,0,0,0,0,1,7,8,0.0847639888525009,-0.0750080049037933,0.159771993756294,0.707000076770782,0.0741090178489685,1.38823997974396,1.01999998092651,0.920000016689301,1.16999995708466,1,1,0.0358987599611282,0.0251598394808317,1,0,0.875,90.42857143,NA,NA,0.125,85,NA,0.837488889694214,NA,-0.723715543746948,11.9641269956316,NA,-72.3715543746948,0.5,0.75,0.625,1,0.66666667,0.8,0.5,0.8,0.125,2,1,1,0,2,2,4,0.5,0.25,0.25,0,0.5,0.5,0.185624796909954,50.57409,43.46536,58.46731,78.92016,52.03728,73.90065,70.24159,70.4652,64.48976,NA,NA,NA,78.76224,52.95294,77.2397,-1.66148,1.58487,87.06,146.4,144.14,103.78,126.1,119.66,96.44,155.08,158.06,NA,NA,NA,99.2942857142857,137.28,134.128571428571,0.5,0.375,NA,0.125,91,89.8333333333333,NA,84.6999969482422,-7.90531396865845,-8.80594253540039,NA,-5.57462024688721,5.39693689346313,0.124760121107101,NA,-0.771744549274445,0.447570942342281,0.401088714599609,NA,-0.730484664440155,11.189273558557,13.369623819987,NA,-73.0484664440155,0.5,0.66666667,0.625,1,0.75,0.8,0.75,17,0.125,NA,0.5,0.375,NA,84.5419006347656,NA,90.8368988037109,89.6532999674479,NA,-4.79050016403198,NA,-7.16983509063721,-8.24483680725098,NA,-1.38183999061584,NA,4.99305009841919,-0.439556280771891,NA,-0.730484664440155,NA,0.447570942342281,0.401088714599609,NA,-73.0484664440155,NA,11.189273558557,13.369623819987,NA,0.5,0.66666667,0.625,1,0.75,0.8,0.75,4,97.0280456542969,7.80891513824463,1,0.25,102.555,1,0.25,"2024-07-05",0
"Seth Martinez",21045,"2024-07-02","@TOR",21,2024,"HOU","A",29,0,0,0,1,0,0,0,0,0,0,0,2,6,0,0,0,0,0,0,0,0,0,2,9,0,0,2,0,0,0,3,1,1,0,0,0,0.33333333,0,0.33333333,3.39811797690317,0,0,0,0,1,1.1664797782898,-1.1664797782898,3.4344923876226,0,27.4284869896923,83.5963543856913,0,0.25,0,0.75,0.333333333,0,1,4.5,11,22,33,0.0510459914803505,0,0.0510459914803505,0.958000004291534,0.101215004920959,0.341233342885971,0.445999979972839,0.381000012159348,NA,0,1,0.14942193031311,0.000170694629782114,0,0,0.3030303,90.7,0.51515152,79.41176471,0.18181818,84.33333333,NA,0.411810308694839,1.04499804973602,0.0700018405914307,4.11810308694839,6.14704735138837,1.16669734319051,0.23809524,0.83333333,0.45454545,1,0.9,0.93333333,0.36363636,0.66666667,0.03030303,2,1,1,2,1,1,4,0.5,0.25,0.25,0.5,0.25,0.25,0.65432219665596,34.4156,58.14694,42.02079,68.89973,48.32203,69.46166,80,76.41268,79.95566,71.72488,67.23346,63.79975,67.05245,66.07137,64.23354,-0.93399,2.67611,102.24,63.98,64.04,98.32,150.74,145.62,92.04,134.3,134.68,123.92,130.66,137.32,112.030303030303,124.12303030303,126.18,0.27272727,0.03030303,0.51515152,0.18181818,90.6000027126736,89,79.2705867991728,84.2333323160807,-6.55550172593859,-8.51718044281006,7.63497206744026,-6.53224500020345,5.62436294555664,-0.345758438110352,4.0496166453642,-1.01019128163656,0.419246751815081,0.039364367723465,1.04096226394176,0.0694219172000885,4.65829724238978,3.9364367723465,6.12330743495156,1.15703195333481,0.25,0.64705882,0.45454545,1,0.90909091,0.93333333,0.51515152,15.44444444,0.18181818,NA,0.27272727,0.03030303,0.51515152,84.1100667317708,NA,90.4532741970486,88.8460006713867,79.1457088694853,-5.95874659220378,NA,-5.85566118028429,-8.12703990936279,8.90018867043888,-2.21683041254679,NA,4.96448686387804,-1.30182003974915,2.90838667925666,0.0694219172000885,NA,0.419246751815081,0.039364367723465,1.04096226394176,1.15703195333481,NA,4.65829724238978,3.9364367723465,6.12330743495156,0.1875,0.70588235,0.45454545,0.66666667,1,0.93333333,0.51515152,4,88.3737182617188,44.6492576599121,0,0,102.591,1,0.25,"2024-07-02",0
"Seth Martinez",21045,"2024-06-30","@NYM",21,2024,"HOU","A",29,0,0,18,1,0,0,0,0,0,0,0,1,6,3,2,2,0,0,0,0,0,0,2,18,0,27,2,0,0,1,1,2,0,0,0,0,0.33333333,0,0.33333333,1.87828464271067,0,0.5,3,0.75,0.33333333,-0.833520221710205,18.8335202217102,0.678488184511662,453.506654252709,-22.7931442840951,15.0336680287444,1,0.5,0.25,0.25,0,0,0,0,5,13,18,-0.0858379974961281,-0.220255985856056,0.134417980909348,-1.54100000858307,-0.167591080069542,1.25740003585815,0.680800020694733,0.680800020694733,1.48820006847382,1,1,-0.116763032972813,0.0484967731921335,0,1,0.38888889,91.42857143,0.55555556,79.7,0.05555556,86,NA,-1.29009902477264,0.116153404116631,-0.0238054171204567,-18.4299860681806,1.16153404116631,-2.38054171204567,0.28571429,0.72727273,0.55555556,0,0.875,0.7,0.61111111,0.83333333,0.16666667,1,2,1,0,3,1,4,0.25,0.5,0.25,0,0.75,0.25,3.64568230606589,21.27364,63.63703,20,20,53.85561,25.11268,80,63.45528,80,76.61379,58.76527,67.0382,60.18429,61.95424,55.17779,-0.5073,3.31614,93.38,60.66,55.28,93.54,67.14,62.34,89.44,122.94,123.34,104.28,140.66,148.58,99.0422222222222,113.824444444444,116.636666666667,0.27777778,0.11111111,0.55555556,0.05555556,91.6400024414063,90.3500061035156,79.5599975585938,85.6999969482422,-6.42764587402344,-7.85191345214844,6.52807769775391,-9.84792232513428,5.66189422607422,0.772050619125366,4.04347610473633,-2.74396443367004,-0.580478560179472,-0.726169019937515,0.11981749907136,-0.0242429338395596,-11.6095712035894,-36.3084509968758,1.1981749907136,-2.42429338395596,0.375,0.7,0.55555556,0.33333333,0.85714286,0.7,0.55555556,19.66666667,0.05555556,NA,0.27777778,0.11111111,0.55555556,85.5960998535156,NA,91.5623962402344,90.2446975708008,79.4678894042969,-9.89780044555664,NA,-6.24352607727051,-7.73156499862671,7.08457412719727,-4.02356004714966,NA,5.34265213012695,0.257477551698685,3.44041290283203,-0.0242429338395596,NA,-0.580478560179472,-0.726169019937515,0.11981749907136,-2.42429338395596,NA,-11.6095712035894,-36.3084509968758,1.1981749907136,0.375,0.7,0.55555556,0.33333333,0.85714286,0.7,0.55555556,4,94.7566070556641,21.7990989685059,0,0,108.039,2,0.5,"2024-06-30",0
"Seth Martinez",21045,"2024-06-29","@NYM",21,2024,"HOU","A",29,1,0,0,1,0,0,0,0,0,0,0,1,3,0,0,0,0,0,0,0,0,0,1,9,0,0,1,0,0,0,2,0,1,0,0,0,0.33333333,0,0.33333333,4.45139575020756,0,0,0,0,1,1.1664797782898,-1.1664797782898,4.19049659073353,0,27.4284869896923,102.403901559937,0,0,0,1,0.5,0,3,27,4,6,10,0.0205879844725132,0,0.0205879844725132,0.458999991416931,0.0499184317886829,0.277933329343796,0.363000005483627,0.363000005483627,2.45040011405945,1,1,0.0738667249679565,0.00020853804969484,0,0,0.5,90.4,0.4,79.5,0.1,84,NA,0.213028430938721,0.604865789413452,-0.0344077162444592,4.26056861877441,15.1216447353363,-3.44077162444592,0.33333333,0.5,0.4,0.5,1,0.75,0.4,0.66666667,0.1,1,0,1,1,1,0,2,0.5,0,0.5,0.5,0.5,0,-1.49377651054231,80,45.14162,80,NA,NA,NA,62.54468,54.56404,37.73158,75.17988,59.53136,67.37608,77.56458,57.55185,58.69323,-1.58707,1.69649,97.02,126.82,126.58,NA,NA,NA,100.48,109.56,126.3,115.34,118.58,137.9,106.078,114.894,130.968,NA,0.5,0.4,0.1,NA,90.1800048828125,79.4499969482422,84.1999969482422,NA,-8.62836151123047,6.21037006378174,-6.28119277954102,NA,-0.638576889038086,5.19591617584229,-2.74623346328735,NA,0.257459629327059,0.594549104571342,-0.0350487045943737,NA,5.14919258654118,14.8637276142836,-3.50487045943737,0.2,0.6,0.4,0,1,0.75,0.5,14.42857143,0.1,NA,NA,0.5,0.4,84.1930999755859,NA,NA,90.1430969238281,79.3806457519531,-6.13358020782471,NA,NA,-8.49429168701172,6.59790515899658,-3.77202010154724,NA,NA,-1.61601238250732,4.40850257873535,-0.0350487045943737,NA,NA,0.257459629327059,0.594549104571342,-3.50487045943737,NA,NA,5.14919258654118,14.8637276142836,0.2,0.6,0.4,0,1,0.75,0.5,2,81.7683563232422,58.0609741210938,0,0,84.5023,0,0,"2024-06-29",0
"Seth Martinez",21045,"2024-06-25","COL",21,2024,"HOU","H",29,0,0,27.000028163224,1,0,0,0,0,0,0,0,0.1,4,2,1,1,0,0,0,1,0,0,1,27.000028163224,0,54.0000563264481,1,0,0,1,0,1,0,0,0,0,0.25,0,0.25,2.16704158401489,0,0.666666666666667,6.00000625849423,1,0.66666667,6.16648290753691,20.8335452556871,6.16648290753691,680.260690946258,152.982643752108,151.56163866777,1,0.5,0.5,0,0,0,0,0,10,12,22,-0.0505839809775352,-0.061869990080595,0.011286006309092,-1.67499995231628,-0.177530467510223,0.429399996995926,0.249000012874603,0.249000012874603,1.26639997959137,1,1,-0.131047815084457,0.013246274955394,0,0,0.54545455,90.33333333,0.27272727,80.5,0.18181818,84.75,NA,-0.344574093818665,-0.100309684872627,-0.560162663459778,-2.8714507818222,-1.67182808121045,-14.0040665864944,0.26666667,0.71428571,0.40909091,0.5,0.8,0.66666667,0.31818182,0.75,0.13636364,0,1,1,1,1,0,2,0,0.5,0.5,0.5,0.5,0,7.9080643517239,80,61.03046,80,66.96046,44.9349,80,20,47.00309,20,20,58.78797,20,23.93524,52.69542,20,1.74472,6.69417,69.72,183.56,161.66,106.08,99.22,94.84,97.34,-98.18,-102.58,116.82,34.26,40.6,100.411818181818,51.9745454545454,47.3281818181818,0.31818182,0.22727273,0.27272727,0.18181818,90.5142822265625,89.9599975585938,80.4333343505859,84.6999969482422,-8.85193034580776,-9.37038955688477,3.92257912953695,-9.37335300445557,5.73373304094587,0.809906101226807,4.4541056950887,-1.35862767696381,-0.107843052595854,-0.244907256215811,-0.103105034679174,-0.568544175475836,-1.54061503708363,-4.89814512431622,-1.71841724465291,-14.2136043868959,0.23076923,0.66666667,0.40909091,0.66666667,0.66666667,0.66666667,0.40909091,19,0.18181818,0.04545455,0.31818182,0.22727273,0.22727273,84.7708740234375,79.4149017333984,90.6062709263393,90.0471374511719,80.6906188964844,-8.6560697555542,5.23358011245728,-8.01784297398159,-8.93888626098633,5.12375602722168,-2.77848410606384,-5.0002498626709,4.88350023542132,-0.0832006692886353,4.85947799682617,-0.568544175475836,-0.0897959321737289,-0.107843052595854,-0.244907256215811,-0.0133091025054455,-14.2136043868959,-8.97959321737289,-1.54061503708363,-4.89814512431622,-0.26618205010891,0.23076923,0.66666667,0.40909091,0.66666667,0.66666667,0.66666667,0.40909091,2,71.3507843017578,9.08714485168457,0,0,76.8957,0,0,"2024-06-25",0
"Seth Martinez",21045,"2024-06-15","DET",21,2024,"HOU","H",29,0,0,0,1,0,0,0,0,0,0,0,1,5,2,0,0,0,0,0,0,0,0,2,18,0,18,2,0,0,0,1,2,1,0,0,0,0.4,0,0.4,1.53488908401489,0,0.4,2,0.666666666666667,1,-0.833520221710205,0.833520221710205,0.678488184511662,0,-22.7931442840951,15.0336680287444,0,0.666666666,0,0.333333333,1,0,5,45,4,14,18,0.000158000009832904,-0.000115999937406741,0.00027399993268773,0.476999998092651,0.0505564399063587,0.00431999983265996,0.00579999992623925,0.00579999992623925,0.0257999990135431,1,1,0.0357999913394451,0.000774086427501965,0,0,0.44444444,90.25,0.38888889,80.14285714,0.16666667,84,NA,-0.303114831447601,0.4479840695858,-0.284116894006729,-3.78893539309502,6.39977242265429,-9.47056313355764,0.41666667,0.66666667,0.5,0.8,0.75,0.77777778,0.33333333,0.6,0.11111111,0,0,3,2,1,0,3,0,0,1,0.66666667,0.33333333,0,3.2582141021233,76.23316,63.97034,80,80,45.65719,80,80,57.46073,77.65561,63.33367,63.72412,58.48795,80,60.5269,80,-1.92862,1.18416,100.2,119.22,107.18,90.16,144.58,132.4,92.44,133.26,137.58,122.44,108.42,116.48,104.766666666667,124.404444444444,122.868888888889,0.27777778,0.16666667,0.38888889,0.16666667,90.5200012207031,89.5,80.1428571428571,84.3666687011719,-7.78279418945313,-9.29828643798828,4.69140842982701,-8.87701543172201,5.28157043457031,0.434367020924886,5.23670741489955,-1.74845806757609,-0.363069783896208,0.0544858016073704,0.45266942307353,-0.306658238172531,-7.26139567792416,1.81619338691235,6.46670604390757,-10.2219412724177,0.5,0.5,0.5,0.75,0.8,0.77777778,0.55555556,18,0.16666667,NA,0.27777778,0.16666667,0.38888889,84.4305013020833,NA,90.593017578125,89.5829060872396,80.2017996651786,-8.39814631144206,NA,-7.1857177734375,-8.80574671427409,5.78329413277762,-3.04270998636881,NA,4.41872787475586,-0.740593910217285,3.98062869480678,-0.306658238172531,NA,-0.363069783896208,0.0544858016073704,0.45266942307353,-10.2219412724177,NA,-7.26139567792416,1.81619338691235,6.46670604390757,0.5,0.5,0.5,0.75,0.8,0.77777778,0.55555556,3,71.8045654296875,40.707026163737,0,0,77.9277,0,0,"2024-06-15",0
"Seth Martinez",21045,"2024-06-12","@SFG",21,2024,"HOU","A",29,0,0,0,1,0,0,0,0,0,0,0,2,9,1,0,0,0,1,0,0,0,1,1,4.5,4.5,4.5,1,0.25,0,4,2,1,0,1,0,0,0.11111111,0.11111111,0,5.13238340553324,0,0.125,1,0.142857142857143,1,3.6664797782898,-3.6664797782898,5.17848818451166,0,90.2055260819265,126.982731189822,2,0.142857142,0.571428571,0.285714285,0,0,2,9,13,23,36,0.0386720225214958,-0.0331140160560608,0.0717860385775566,0.948000013828278,0.100797452032566,0.407539993524551,0.339300006628036,0.20160000026226,0.377000004053116,1,1,0.0324117615818977,0.0624795942014853,0,0,0.69444444,89.76,0.16666667,79.66666667,0.13888889,84.4,NA,0.0143354013562202,-0.174982666969299,0.348316639661789,0.057341605424881,-2.91637778282166,6.96633279323578,0.42307692,0.8,0.52777778,0.72727273,1,0.84210526,0.27777778,0.55555556,0.08333333,6,0,1,2,4,1,7,0.85714286,0,0.14285714,0.28571429,0.57142857,0.14285714,3.39704651019791,47.61444,53.36945,52.94042,48.48413,51.14993,53.98308,40.46066,62.89991,31.91485,48.07409,58.76374,45.0604,44.94796,54.98473,44.6324,0.43928,4.73601,90.78,97.58,91.3,99.98,90.48,87.58,93.86,61.98,67.34,118.56,110.38,106.18,99.7588888888889,85.2827777777778,84.45,0.36111111,0.33333333,0.16666667,0.13888889,90.3076923076923,89.0083312988281,79.6666666666667,84.2599975585938,-6.50770451472356,-7.57131640116374,5.3106517791748,-7.50834274291992,5.80242626483624,-0.146505524714788,2.76418209075928,-1.18790616989136,-0.284525584429502,0.293067842721939,-0.179651770740747,0.352234933525324,-2.1886583417654,2.44223202268283,-2.99419617901246,7.04469867050648,0.40909091,0.71428571,0.52777778,0.66666667,1,0.84210526,0.38888889,18.37037037,0.13888889,NA,0.36111111,0.33333333,0.16666667,85.2455017089844,NA,91.2829965444712,89.9876302083333,80.6311798095703,-7.65640029907227,NA,-6.13728156456581,-7.63562901814779,5.46144866943359,-1.69006519317627,NA,5.44024012638972,-0.552936395009359,2.15201854705811,0.352234933525324,NA,-0.284525584429502,0.293067842721939,-0.179651770740747,7.04469867050648,NA,-2.1886583417654,2.44223202268283,-2.99419617901246,0.38095238,0.73333333,0.52777778,0.625,1,0.84210526,0.41666667,7,86.5083705357143,9.71496255057199,1,0.14285714,104.024,3,0.42857143,"2024-06-12",0
"Seth Martinez",21045,"2024-06-10","@SFG",21,2024,"HOU","A",29,0,0,0,1,0,0,0,0,0,0,0,0.1,1,0,0,0,0,0,0,0,0,0,0,0,0,0,0,0,0,1,0,0,0,0,0,0,0,0,0,-1.18327091598511,0,0,0,0,1,3.1664797782898,-3.1664797782898,3.1664797782898,0,77.6501182634796,76.9288520456552,1,0,1,0,0,0,1,27.000028163224,0,2,2,0.0371959879994392,0,0.0371959879994392,0.34799998998642,0.0370015949010849,1.38160002231598,0.69080001115799,1.38160002231598,1.50539994239807,1,1,0.0269223991781473,5.02396641649527e-10,0,0,0.5,89,0.5,78,NA,NA,NA,0.173169538378716,0.0389156937599182,NA,17.3169538378716,3.89156937599182,NA,NA,0.5,0.5,NA,1,1,1,1,0,0,1,0,0,1,0,1,0,1,0,0,1,0,1.36082251936522,NA,NA,NA,NA,NA,NA,47.24547,54.48337,44.95331,80,51.73525,80,80,54.81748,80,-3.01742,-0.44904,NA,NA,NA,NA,NA,NA,88.34,82.62,69.52,95.74,167.06,170.08,92.04,124.84,119.8,NA,0.5,0.5,NA,NA,88.5999984741211,78,NA,NA,-5.98092699050903,7.07253456115723,NA,NA,-0.318418502807617,1.98490035533905,NA,NA,0.175375327467918,0.039364367723465,NA,NA,17.5375327467918,3.9364367723465,NA,NA,0.5,0.5,NA,1,1,1,18,NA,NA,NA,0.5,0.5,NA,NA,NA,89.0366973876953,78.4061965942383,NA,NA,NA,-5.57209014892578,7.36594009399414,NA,NA,NA,-0.884244978427887,1.46856999397278,NA,NA,NA,0.175375327467918,0.039364367723465,NA,NA,NA,17.5375327467918,3.9364367723465,NA,0.5,0.5,NA,1,1,1,1,102.457695007324,-16.9402389526367,0,0,102.458,1,1,"2024-06-10",0
"Seth Martinez",21045,"2024-06-09","@LAA",21,2024,"HOU","A",29,0,0,13.500014081612,1,0,0,0,0,0,1,0,0.2,3,1,1,1,0,0,0,0,0,0,2,27.000028163224,0,13.500014081612,2,0,0,1,0,0,0,0,0,0,0.66666667,0,0.66666667,-0.412826469756885,0,0.333333333333333,1.50000156462356,1,0,-2.83352648020443,16.3335405618165,-2.83352648020443,340.130345473129,-73.0149327137772,-72.3367211985741,1,0,1,0,0,0,0,0,7,8,15,0.0227760076522827,-0.0546819977462292,0.0774580091238022,0.18299999833107,0.0185692571103573,1.30414998531342,1.05839991569519,1.05839991569519,1.13699996471405,1,1,-0.0060253543779254,0.0234896091866307,0,0,0.6,90.22222222,0.2,78,0.2,84.33333333,NA,0.320338547229767,0.362719863653183,-0.614386200904846,3.55931719144185,12.0906621217728,-20.4795400301615,0.14285714,0.625,0.4,0,0.8,0.66666667,0.53333333,0.33333333,0.13333333,1,0,0,0,0,1,1,1,0,0,0,0,1,-1.57926491591731,20,59.57863,20.87056,80,48.66449,80,65.48163,54.01034,60.17892,80,59.92388,80,72.57533,55.46105,77.90998,-1.27711,2.16143,88.58,44.34,37.04,99.72,203.7,213.18,107.08,119.32,127.64,97.52,150.52,155.82,99.996,127.44,132.264,0.2,0.4,0.2,0.2,90.7333374023438,89.9000040690104,78.0333353678385,84.1666666666667,-7.53375244140625,-8.91783014933268,7.28895314534505,-8.85460662841797,5.23494752248128,-0.960172176361084,3.88338088989258,-2.60533078511556,0.339123878628016,-0.0154185108840466,0.367973286658525,-0.624449402093887,11.3041292876005,-0.256975181400776,12.2657762219508,-20.8149800697962,0,0.66666667,0.4,NA,0.66666667,0.66666667,0.6,18.16666667,0.2,NA,0.2,0.4,0.2,84.4278361002604,NA,91.0002644856771,90.1210632324219,78.2763671875,-8.56721687316895,NA,-6.75962003072103,-8.54268328348796,8.1732603708903,-3.81438000996908,NA,4.53610992431641,-1.83568668365479,2.71195697784424,-0.624449402093887,NA,0.339123878628016,-0.0154185108840466,0.367973286658525,-20.8149800697962,NA,11.3041292876005,-0.256975181400776,12.2657762219508,0,0.66666667,0.4,NA,0.66666667,0.66666667,0.6,1,102.851280212402,3.18367099761963,0,0,102.851,1,1,"2024-06-09",0
"Seth Martinez",21045,"2024-06-04","STL",21,2024,"HOU","H",29,0,0,9,1,0,0,0,0,0,1,0,1,5,2,1,1,1,0,0,0,0,0,0,0,0,18,0,0,0,2,3,0,0,0,0,0,0,0,0,6.69112908401489,9,0.4,2,0.25,1,16.1664797782898,-7.16647977828979,7.70250499695539,226.753327126354,404.090721543098,189.77413509113,0.666666666,0,0.4,0.6,0,0.333333333,0,0,6,12,18,-0.0298919808119535,-0.104977980256081,0.0750859975814819,-0.613999962806702,-0.0650768429040909,0.863319993019104,0.831466674804688,0.713200032711029,1.47740006446838,1,1,-0.0638919994235039,0.0292675484045732,0,0,0.66666667,90.33333333,0.27777778,79.2,0.05555556,84,NA,-1.6635183095932,0.119464382529259,0.0495179928839207,-13.8626525799433,2.38928765058517,4.95179928839207,0.2,0.625,0.38888889,1,1,1,0.44444444,0.4,0,3,2,0,1,1,3,5,0.6,0.4,0,0.2,0.2,0.6,11.2960052061725,80,46.69037,80,56.0204,52.51849,54.05083,80,63.66092,39.027,20,59.40971,20,51.90673,54.72947,43.97628,0.00695,4.08752,79.96,151.72,142.38,107.32,98.06,108.72,95.62,119.92,124.2,96.6,67.34,68.14,100.872222222222,96.1511111111111,101.897777777778,0.5,0.16666667,0.27777778,0.05555556,90.477776421441,89.5999959309896,79.0599975585938,84.0999984741211,-7.76452467176649,-8.71216583251953,7.00870513916016,-8.81107234954834,5.88539801703559,-0.307388067245483,4.62842292785645,-0.633892118930817,-0.833703216165304,-0.789612576365471,0.120399352163076,0.0501701384782791,-9.26336906850338,-26.3204192121824,2.40798704326153,5.01701384782791,0.25,0.5,0.38888889,1,1,1,0.55555556,15.69230769,0.05555556,NA,0.5,0.16666667,0.27777778,84.1662979125977,NA,90.5164659288194,89.6456705729167,79.1160827636719,-8.32526016235352,NA,-6.9364865620931,-8.38062985738119,7.64055633544922,-1.57586002349854,NA,5.0224978129069,-1.47346862157186,3.41099586486816,0.0501701384782791,NA,-0.833703216165304,-0.789612576365471,0.120399352163076,5.01701384782791,NA,-9.26336906850338,-26.3204192121824,2.40798704326153,0.25,0.5,0.38888889,1,1,1,0.55555556,5,98.9299697875977,17.6025295257568,1,0.2,106.949,3,0.6,"2024-06-04",0
"Seth Martinez",21045,"2024-06-03","STL",21,2024,"HOU","H",29,0,0,0,1,0,0,0,0,0,0,0,1,3,0,0,0,0,0,0,0,0,0,1,9,0,0,1,0,0,2,0,0,0,0,0,0,0.33333333,0,0.33333333,-0.694826464786218,0,0,0,0,1,1.1664797782898,-1.1664797782898,1.1664797782898,0,27.4284869896923,27.173712862954,2,0,1,0,0,0,0,0,5,9,14,0.052753996104002,0,0.052753996104002,0.476999998092651,0.0505564361810684,0.708133339881897,0.950600028038025,0.950600028038025,0.866400003433228,1,1,0.0745665282011032,-6.92645744529707e-05,0,0,0.35714286,89.8,0.57142857,79,0.07142857,84,NA,0.404468804597855,0.236496239900589,0.0495179928839207,8.08937609195709,2.95620299875736,4.95179928839207,0.25,1,0.35714286,1,0,0.6,0.14285714,0.33333333,0.14285714,0,1,1,1,1,0,2,0,0.5,0.5,0.5,0.5,0,-0.215139263503894,42.91433,58.60059,54.64398,20,38.38957,20,38.5822,32.38665,25.88413,52.10354,61.70119,49.62621,37.18263,56.11247,32.60122,0.92171,5.45966,87.24,98.26,93.9,133.44,25.48,25.26,75.36,172.5,157.44,117.46,90.84,104.28,112.711428571429,89.03,94.2,0.21428571,0.14285714,0.57142857,0.07142857,90.3333333333333,88.9499969482422,79.0625,83.5999984741211,-7.13217798868815,-9.41358947753906,6.74888801574707,-7.72278594970703,5.99196751912435,0.563165068626404,4.71991777420044,-2.5869505405426,0.164302200078964,0.245279643684626,0.238946966826916,0.0501701384782791,5.47674000263214,12.2639821842313,2.98683708533645,5.01701384782791,0.25,0.5,0.35714286,1,0.33333333,0.6,0.42857143,15.09090909,0.07142857,NA,0.21428571,0.14285714,0.57142857,83.7755966186523,NA,90.4679972330729,89.0693054199219,79.1980743408203,-7.32968997955322,NA,-6.14381345113118,-8.96477508544922,7.72019863128662,-3.62767004966736,NA,5.30002657572428,-0.436854511499405,3.5377938747406,0.0501701384782791,NA,0.164302200078964,0.245279643684626,0.238946966826916,5.01701384782791,NA,5.47674000263214,12.2639821842313,2.98683708533645,0.25,0.5,0.35714286,1,0.33333333,0.6,0.42857143,2,50.9573631286621,-45.641242980957,0,0,76.8631,0,0,"2024-06-03",0
"Seth Martinez",21045,"2024-05-31","MIN",21,2024,"HOU","H",29,0,0,0,1,0,0,0,0,0,0,0,2,6,0,0,0,0,0,0,0,0,0,0,0,0,0,0,0,0,2,4,0,0,0,0,0,0,0,0,7.34739574882223,0,0,0,0,1,3.1664797782898,-3.1664797782898,6.19049659073353,0,77.6501182634796,152.159040742638,0.5,0,0.333333333,0.666666666,0,0,0,0,8,11,19,0.0320979990065098,0,0.0320979990065098,1.40900003910065,0.149337574839592,0.277233332395554,0.308466672897339,0.547399997711182,0.121599994599819,1,1,0.135012164711952,-0.0192324396364959,0,0,0.57894737,90.45454545,0.31578947,80,0.10526316,85.5,NA,0.960132300853729,0.559830069541931,-0.096498891711235,8.72847546230663,9.33050115903218,-4.82494458556175,0.25,0.71428571,0.42105263,0.66666667,1,0.875,0.36842105,0.5,0.05263158,2,4,0,2,2,2,6,0.33333333,0.66666667,0,0.33333333,0.33333333,0.33333333,0.971726486036784,24.64125,61.80607,20,67.648,55.23237,76.60696,26.2279,57.56154,28.2984,65.3612,59.37982,60.35608,44.72299,59.19427,38.42121,0.45325,4.75697,87.28,59.32,46.96,84.82,96.98,101.62,101.18,84.72,86.14,93.66,109.48,115.44,94.7589473684211,91.801052631579,93.7126315789474,0.15789474,0.42105263,0.31578947,0.10526316,91,89.9875030517578,79.8166656494141,85.3499984741211,-7.68085606892904,-9.24821472167969,5.84286244710286,-10.3625679016113,5.97532272338867,0.385846197605133,5.10588010152181,-2.06249094009399,0.681211583316326,0.333392340689898,0.566567275673151,-0.0984223820269108,22.7070527772109,4.16740425862372,9.44278792788585,-4.92111910134554,0.2,0.66666667,0.42105263,0.5,1,0.875,0.47368421,15.69230769,0.10526316,NA,0.15789474,0.42105263,0.31578947,85.5238037109375,NA,91.1175638834635,90.1422271728516,79.9542643229167,-9.88249492645264,NA,-7.22093327840169,-8.82737255096436,6.63495508829753,-3.78229522705078,NA,5.04041989644368,-0.702641308307648,3.91985321044922,-0.0984223820269108,NA,0.681211583316326,0.333392340689898,0.566567275673151,-4.92111910134554,NA,22.7070527772109,4.16740425862372,9.44278792788585,0.2,0.66666667,0.42105263,0.5,1,0.875,0.47368421,6,87.093994140625,17.1195538838704,0,0,99.918,2,0.33333333,"2024-05-31",0
"Seth Martinez",21045,"2024-05-25","@OAK",21,2024,"HOU","A",29,0,0,0,1,0,0,0,0,0,0,0,1,4,0,0,0,0,1,0,0,0,0,0,0,9,0,0,0,0,1,1,0,1,0,1,0,0,0.25,-0.25,9.77622908401489,0,0,1,0,1,6.1664797782898,-6.1664797782898,7.67848818451166,0,152.982565174161,189.176655168198,1,0,0.5,0.5,1,0,0,0,5,4,9,0.0119000002741814,-0.00797598343342543,0.0198759846389294,0.453000009059906,0.0496710538864136,0.253499984741211,0.204800009727478,0.204800009727478,NA,0,1,0.035799115896225,0.0111436887999159,0,0,0.75,89.5,0.125,79,0.125,84,0.11111111,0.668202638626099,-0.0620911717414856,-0.0344077162444592,11.1367106437683,-6.20911717414856,-3.44077162444592,0.2,0.66666667,0.375,1,1,1,0.375,0.5,0,1,1,1,1,1,1,3,0.33333333,0.33333333,0.33333333,0.33333333,0.33333333,0.33333333,2.64895075233836,20,50.84533,20,59.35762,56.07517,56.89062,80,62.0155,80,80,56.76006,80,65.56298,54.61228,65.44502,-0.84146,2.8149,80,34.24,22.1,85.38,20,29.56,88.84,134.54,128.02,90.4,139.9,152.44,86.2,65.4025,68.6025,0.5,0.25,0.125,0.125,90.0750045776367,88.8000030517578,78.6999969482422,84.4000015258789,-9.47118282318115,-9.93942356109619,7.04302501678467,-7.0887565612793,5.53876495361328,0.835221886634827,3.04315400123596,-1.55515396595001,0.0742555893957615,0.58132603764534,-0.0633736774325371,-0.0350487045943737,1.85638973489404,29.066301882267,-6.33736774325371,-3.50487045943737,0.25,0.5,0.375,1,1,1,0.5,14,0.125,NA,NA,0.75,0.125,84.8375015258789,NA,NA,90.1120808919271,79.1492004394531,-6.3592700958252,NA,NA,-8.47396850585938,8.34934043884277,-2.92941999435425,NA,NA,2.83928902943929,1.63314998149872,-0.0350487045943737,NA,NA,0.694945994764566,-0.0633736774325371,-3.50487045943737,NA,NA,11.5824332460761,-6.33736774325371,0.2,0.66666667,0.375,1,1,1,0.375,3,82.4687042236328,31.0020961761475,0,0,102.518,1,0.33333333,"2024-05-25",0
"Seth Martinez",21045,"2024-05-22","LAA",21,2024,"HOU","H",29,0,0,0,1,0,0,0,0,0,0,0,1,3,0,0,0,0,1,0,0,0,0,0,0,9,0,0,0,0,1,1,0,0,0,0,0,0,0.33333333,-0.33333333,11.7253957421829,0,0,1,0,1,6.1664797782898,-6.1664797782898,7.67848818451166,0,152.982565174161,189.176655168198,1,0,0.5,0.5,0,0,0,0,7,9,16,0.0488020107150078,-0.0232339948415756,0.0720360055565834,0.476999998092651,0.0505564399063587,0.886933326721191,0.866400003433228,0.866400003433228,0.626399993896484,1,1,0.0329276695847511,0.022095644169191,0,0,0.5625,90.88888889,0.25,78.25,0.1875,85,NA,1.10188388824463,-0.245903253555298,-0.135322988033295,12.2431543138292,-6.14758133888245,-4.51076626777649,0.22222222,0.71428571,0.4375,1,1,1,0.4375,1,0,0,1,1,0,2,0,2,0,0.5,0.5,0,1,0,6.18892318224435,20,46.2995,20,40.60571,47.91375,26.10913,80,62.85002,80,20,67.73362,20,20,53.24709,20,2.66298,8.07156,83.78,40.16,5.07999999999998,108.08,49.68,42.14,92.28,163.2,160.94,102.66,-15.58,-15.08,101.18125,38.675,28.31125,0.5,0.0625,0.25,0.1875,91.0250015258789,89.5,78.0999984741211,84.7999979654948,-8.85842800140381,-8.83134841918945,8.15410423278809,-6.50504811604818,6.41133594512939,-0.0772370100021362,4.96192026138306,0.288907965024312,0.320978257805109,0.79871141910553,-0.252090986818075,-0.138118088245392,4.01222822256386,79.871141910553,-6.30227467045188,-4.6039362748464,0.25,0.625,0.4375,1,1,1,0.5,14.38461538,0.1875,NA,0.5,0.0625,0.25,85.0782979329427,NA,91.3030014038086,89.7511978149414,78.3684005737305,-6.33421007792155,NA,-8.3119945526123,-8.11466026306152,8.73400211334229,-0.810234387715658,NA,5.32783365249634,-1.27025997638702,3.55067753791809,-0.138118088245392,NA,0.320978257805109,0.79871141910553,-0.252090986818075,-4.6039362748464,NA,4.01222822256386,79.871141910553,-6.30227467045188,0.25,0.625,0.4375,1,1,1,0.5,2,93.6880798339844,6.66980457305908,0,0,101.24,1,0.5,"2024-05-22",0
"Seth Martinez",21045,"2024-05-20","LAA",21,2024,"HOU","H",29,0,0,0,1,0,0,0,0,0,0,0,1,3,0,0,0,0,0,0,0,0,0,0,0,0,0,0,0,0,1,2,0,1,0,0,0,0,0,0,7.34739574882223,0,0,0,0,1,3.1664797782898,-3.1664797782898,6.19049659073353,0,77.6501182634796,152.159040742638,0.5,0,0.333333333,0.666666666,0.5,0,0,0,6,9,15,0.0187619961798191,0,0.0187619961798191,0.476999998092651,0.0505564361810684,0.248466670513153,0.328999996185303,0.328999996185303,0.238999992609024,1,1,0.0756776332855225,-0.000166514868431167,0,0,0.46666667,90.28571429,0.4,79.16666667,0.13333333,84.5,NA,0.262620031833649,0.268709421157837,0.180402234196663,3.7517147404807,4.47849035263062,9.02011170983315,0.25,0.71428571,0.46666667,0.5,1,0.85714286,0.46666667,0.33333333,0.06666667,2,0,1,2,0,1,3,0.66666667,0,0.33333333,0.66666667,0,0.33333333,-0.138746217205466,51.52943,60.98094,59.46066,20,64.77539,20,74.98894,34.22454,76.09541,79.68523,73.81596,66.31053,69.32428,59.51522,65.10619,-1.07513,2.4644,99.28,140.1,138.78,102.88,-18.94,-8.85999999999999,103.44,161.98,166.48,122.62,103.96,128.24,110.52,123.793333333333,135.801333333333,0.06666667,0.4,0.4,0.13333333,91.1999969482422,90.0999959309896,79.0166676839193,84.3500061035156,-9.91254329681396,-10.1861356099447,6.69349161783854,-9.17776203155518,7.78360176086426,0.876105864842733,5.20362790425618,-0.71505731344223,-0.0483221560716629,0.314779464155436,0.271108631044626,0.182702708989382,-4.83221560716629,5.24632440259059,4.5184771840771,9.13513544946909,0.14285714,0.75,0.46666667,1,0.83333333,0.85714286,0.53333333,16.16666667,0.13333333,NA,0.06666667,0.4,0.4,84.6743011474609,NA,91.5101013183594,90.3844807942708,79.2916310628255,-8.89825439453125,NA,-8.37421035766602,-9.61624526977539,7.33424186706543,-1.93783497810364,NA,6.92617988586426,-0.229126989841461,4.13275337219238,0.182702708989382,NA,-0.0483221560716629,0.314779464155436,0.271108631044626,9.13513544946909,NA,-4.83221560716629,5.24632440259059,4.5184771840771,0.14285714,0.75,0.46666667,1,0.83333333,0.85714286,0.53333333,3,85.4278971354167,37.8909098307292,0,0,108.712,1,0.33333333,"2024-05-20",0
"Seth Martinez",21045,"2024-05-18","MIL",21,2024,"HOU","H",29,0,0,0,1,0,0,0,0,0,0,0,2.1,9,2,0,0,0,1,0,0,0,0,0,0,3.85714338263694,7.71428676527388,0,0,0,4,2,2,1,0,0,0,0,0.11111111,-0.11111111,6.66623525604161,0,0.25,1.28571446087898,0.25,1,4.45219423916877,-4.45219423916877,5.7482016210688,0,109.9354570523,141.1558168549,2,0.25,0.5,0.25,0.5,0,1,3.85714338263694,13,20,33,0.073353998363018,-0.0535899959504604,0.126943990588188,1.05299997329712,0.111605726182461,0.573218166828156,0.508875012397766,0.227399989962578,0.460599988698959,1,1,0.0435115545988083,0.084457171111535,1,0,0.51515152,90.58823529,0.18181818,79,0.3030303,85.3,NA,0.319038897752762,0.016790796071291,0.0663580968976021,1.87669939854566,0.279846601188183,0.663580968976021,0.15,0.76923077,0.39393939,0.66666667,0.9,0.84615385,0.39393939,0.55555556,0.06060606,5,2,1,3,3,2,8,0.625,0.25,0.125,0.375,0.375,0.25,5.45441670218269,35.23455,62.53604,29.99375,37.96403,50.82668,41.68974,44.63647,54.91208,43.03715,50.90332,64.8102,39.65483,34.41585,59.03885,31.89148,1.0936,5.71749,81.26,90.48,77.42,99.72,69.2,71.06,93.02,89.5,91.6,120.82,98.12,101.94,97.150303030303,83.3672727272727,81.0915151515152,0.39393939,0.12121212,0.18181818,0.3030303,90.6384652944712,90.1750030517578,79.2833353678385,85.2099975585938,-8.11522205059345,-8.95584392547607,5.25661277770996,-8.80722122192383,5.95892157921424,0.633124232292175,4.66292222340902,-1.73342971801758,0.057474996894598,0.269225496798754,0.0401434488594532,0.065088476985693,0.442115360727677,6.73063741996884,0.669057480990887,0.65088476985693,0.1875,0.64705882,0.42424242,0.66666667,0.90909091,0.85714286,0.51515152,15.5,0.3030303,0.03030303,0.39393939,0.12121212,0.15151515,85.4795166015625,78.5018005371094,90.9077430138221,90.4321746826172,79.7741821289062,-8.21718673706055,5.11840009689331,-7.3936274601863,-8.55805969238281,6.08647613525391,-3.09549350738525,-3.96833992004395,5.06632643479567,-0.373998999595642,5.00812797546387,0.065088476985693,0.141648322343826,0.057474996894598,0.269225496798754,-0.101504873484373,0.65088476985693,14.1648322343826,0.442115360727677,6.73063741996884,-2.03009746968746,0.17647059,0.6875,0.42424242,0.66666667,0.90909091,0.85714286,0.48484848,8,87.9819488525391,8.26852130889893,0,0,98.6836,2,0.25,"2024-05-18",0
"Seth Martinez",21045,"2024-05-15","OAK",21,2024,"HOU","H",29,0,0,0,1,0,0,0,0,1,0,0,2,7,0,0,0,0,2,0,0,0,0,1,4.5,9,0,0.5,0.333333333,0,3,1,0,0,1,0,0,0.14285714,0.28571429,-0.14285714,7.89697397794899,0,0,1,0,1,5.1664797782898,-5.1664797782898,5.92248398140073,0,127.871749537267,145.491538402602,3,0,0.75,0.25,0,0,0,0,14,16,30,0.070922002196312,-0.0901760309934616,0.161098033189774,0.953999996185303,0.101112887263298,0.941142857074738,0.779299974441528,0.842199981212616,NA,0,1,-0.0260343663394451,0.10139168501129,1,0,0.5,90.93333333,0.23333333,79.14285714,0.26666667,85.25,NA,0.665305018424988,-0.157397091388702,0.513230204582214,4.43536678949992,-2.24852987698146,6.41537755727768,0.2,0.8,0.4,1,0.875,0.91666667,0.33333333,0.28571429,0.03333333,3,0,1,0,3,1,4,0.75,0,0.25,0,0.75,0.25,4.30069454431456,44.6971,56.38279,42.34205,60.84068,49.63226,79.52709,59.60881,53.27945,44.11139,30.03872,62.40052,30.37279,47.96077,56.61968,50.10216,0.2521,4.45524,87.44,94.02,77.6,91.96,103.22,103.3,110.52,111.02,116.16,113.76,65.5,78.28,99.5533333333333,93.5253333333333,93.1806666666667,0.3,0.2,0.23333333,0.26666667,91.1555582682292,90.1833292643229,79.1000017438616,85.1875,-8.02781338161892,-9.12458292643229,6.7727791922433,-8.61047554016113,6.15910932752821,0.439967155456543,5.19540023803711,-0.899761617183685,0.0115852393209934,0.658378385007381,-0.161469098180532,0.522284802049398,0.128724881344371,10.9729730834564,-2.30670140257903,6.52856002561748,0.17647059,0.69230769,0.4,1,0.88888889,0.91666667,0.43333333,16.95652174,0.26666667,NA,0.3,0.2,0.23333333,85.3980331420898,NA,91.372077094184,90.408935546875,79.2972586495536,-8.08785724639893,NA,-7.18580457899306,-8.64862696329753,7.60948017665318,-2.08150315284729,NA,5.33412339952257,-0.44168217976888,4.20880290440151,0.522284802049398,NA,0.0115852393209934,0.658378385007381,-0.161469098180532,6.52856002561748,NA,0.128724881344371,10.9729730834564,-2.30670140257903,0.1875,0.64285714,0.4,1,0.88888889,0.91666667,0.46666667,4,87.6261138916016,4.28791427612305,0,0,101.309,1,0.25,"2024-05-15",0
"Seth Martinez",21045,"2024-05-12","@DET",21,2024,"HOU","A",29,0,0,13.5,1,0,0,0,0,0,0,0,2,11,4,3,3,1,1,0,0,0,1,2,9,4.5,18,2,0,0,2,3,3,0,0,0,0,0.18181818,0.09090909,0.09090909,4.57074561092882,4.5,0.4,2.5,0.428571428571429,0.55555556,9.16647977828979,4.33352022171021,4.9344923876226,340.129990689532,228.315012084842,120.912708772717,0.666666666,0.375,0.25,0.375,0,0.333333333,1,4.5,14,38,52,0.00172000005841255,-0.0023199999704957,0.00404000002890825,-2.03999996185303,-0.215189874172211,0.0178999993950129,0.0231999978423119,0.0363999977707863,NA,0,1,-0.000661123369354755,0.0967505153551312,0,0,0.48076923,90.28,0.38461538,79.5,0.13461538,84.42857143,NA,0.644829154014587,-2.06116318702698,-0.843063592910767,2.57931661605835,-10.3058159351349,-12.043765613011,0.38709677,0.61904762,0.48076923,0.83333333,0.76923077,0.8,0.40384615,0.63636364,0.09615385,5,3,0,1,4,3,8,0.625,0.375,0,0.125,0.5,0.375,11.2664535487181,62.53806,43.35702,62.63107,59.30675,55.17353,58.95013,60.48416,53.05861,49.15491,63.64084,64.22956,54.62366,65.15217,58.74434,59.12226,-0.81594,2.85318,87.3,115.3,94.34,111.66,106.76,108.82,99.42,101.14,87.36,122.6,107.86,113.98,110.47,107.36,105.141153846154,0.30769231,0.17307692,0.38461538,0.13461538,90.625,89.7111138237847,79.575,84.6142839704241,-6.34427213668823,-8.49535963270399,6.69465713500977,-7.72722898210798,5.39553689956665,-0.247130314509074,3.89717140197754,0.0965423243386405,0.165724258869886,0.52452152594924,-2.07385264709592,-0.845844246447086,1.03577661793679,5.82801695499155,-10.3692632354796,-12.0834892349584,0.44,0.51851852,0.48076923,0.81818182,0.78571429,0.8,0.51923077,16.56097561,0.13461538,NA,0.30769231,0.17307692,0.38461538,84.9946027483259,NA,91.0104446411133,90.0619099934896,79.9329895019531,-7.43468257359096,NA,-5.86637926101685,-8.33801862928602,7.24711380004883,-0.660508973257882,NA,5.14429950714111,-0.924166043599447,3.31582298278809,-0.845844246447086,NA,0.165724258869886,0.52452152594924,-2.07385264709592,-12.0834892349584,NA,1.03577661793679,5.82801695499155,-10.3692632354796,0.40740741,0.56,0.48076923,0.81818182,0.78571429,0.8,0.48076923,8,91.4622192382812,14.9852523803711,1,0.125,108.956,4,0.5,"2024-05-12",0
"Seth Martinez",21045,"2024-05-07","@NYY",21,2024,"HOU","A",29,0,0,0,1,0,0,0,0,0,0,0,1,5,1,0,0,0,2,0,0,0,0,1,9,18,9,0.5,0,0,2,0,0,0,0,0,0,0.2,0.4,-0.2,9.91016908401489,0,0.333333333333333,3,0.5,1,7.1664797782898,-7.1664797782898,7.1664797782898,0,178.093380811054,176.439130411058,2,0,1,0,0,0,2,18,10,10,20,8.39638742036186e-05,0,8.39638742036186e-05,0.49099999666214,0.0509864948689938,0,0,0,NA,0,1,0,NA,0,0,0.6,90.16666667,0.35,79,0.05,86,NA,-0.216544732451439,0.19961804151535,-0.0238054171204567,-1.80453943709532,2.85168630736215,-2.38054171204567,0.26666667,0.6,0.35,0.75,1,0.85714286,0.25,0.8,0.05,1,1,0,0,0,2,2,0.5,0.5,0,0,0,1,6.34863907699779,36.19938,49.52295,20,20,62.22866,20,26.63543,43.61773,20,59.70443,63.50165,66.90355,30.73092,52.63797,20,1.32253,6.06089,91.84,100.68,95.2,62.04,-309.8,-286.98,78.44,60.52,47.54,113.8,101.52,112.56,90.666,58.362,55.954,0.05,0.55,0.35,0.05,90.5999984741211,90.0818204012784,79.0714285714286,85.8000030517578,-6.74789047241211,-8.64762739701704,7.28644670758929,-7.71590805053711,6.71662569046021,0.338256402449174,4.80964551653181,-2.42851209640503,-0.189685046672821,-0.0343116782605648,0.200970124453306,-0.0242429338395596,-18.9685046672821,-0.311924347823316,2.87100177790437,-2.42429338395596,0.16666667,0.625,0.35,0.5,1,0.85714286,0.4,18.26666667,0.05,NA,0.05,0.55,0.35,85.9786987304688,NA,90.7766036987305,90.2668900923295,79.2484392438616,-7.74116992950439,NA,-6.49219989776611,-8.79092823375355,7.43539428710938,-3.83202004432678,NA,6.35914993286133,-0.562231540679932,3.83911432538714,-0.0242429338395596,NA,-0.189685046672821,-0.0343116782605648,0.200970124453306,-2.42429338395596,NA,-18.9685046672821,-0.311924347823316,2.87100177790437,0.16666667,0.625,0.35,0.5,1,0.85714286,0.4,2,96.4054412841797,3.04812169075012,0,0,102.677,1,0.5,"2024-05-07",0
"Seth Martinez",21045,"2024-05-05","SEA",21,2024,"HOU","H",29,0,0,0,1,0,0,0,0,0,0,0,0.2,2,0,0,0,0,0,0,1,0,0,0,0,0,0,0,0,0,1,0,0,0,0,0,0,0,0,0,3.65572908401489,0,0,0,0,1,7.66648447216047,-7.66648447216047,7.66648447216047,0,190.648906496422,188.878031978827,1,0,1,0,0,0,0,0,6,5,11,0.0384940057992935,-0.0257699955254793,0.0642639994621277,0.501999974250793,0.0532061494886875,1.160600066185,0.44530001282692,0.890600025653839,0.634800016880035,1,1,0.0159854665398598,0.0171818638100574,0,0,0.27272727,89.66666667,0.63636364,80,0.09090909,83,NA,-0.0322868339717388,0.784760475158691,-0.311166435480118,-1.07622779905796,11.2108639308384,-31.1166435480118,0,0.8,0.36363636,NA,1,1,0.45454545,0.5,0,0,1,0,0,1,0,1,0,1,0,0,1,0,11.8621949068692,20,64.67104,20,20,50.69978,20,43.33721,47.46457,49.83524,68.90051,71.73869,63.81506,20,71.97628,20,2.76077,8.21825,79.12,-483.76,-473.68,85.36,22.64,23.3,90.42,136.52,146.54,108.12,136.56,156.84,100.196363636364,69.8036363636364,85.5072727272727,0.09090909,0.18181818,0.63636364,0.09090909,90.1999969482422,89.6999969482422,79.9428536551339,83.4000015258789,-10.2605905532837,-10.727237701416,5.34556525094168,-8.27840042114258,6.62904453277588,2.4022970199585,5.61775534493583,-1.25402855873108,-0.0350487045943737,0.00184798240661621,0.798711407929659,-0.317998617887497,-3.50487045943737,0.0923991203308105,11.4101629704237,-31.7998617887497,0,0.8,0.36363636,NA,1,1,0.45454545,22.88888889,0.09090909,NA,0.09090909,0.18181818,0.63636364,83.6410980224609,NA,90.4460983276367,89.9561996459961,80.2054007393973,-8.53765964508057,NA,-9.27241992950439,-10.1299896240234,6.07408850533622,-2.00650000572205,NA,5.65221977233887,1.23367404937744,4.49446569170271,-0.317998617887497,NA,-0.0350487045943737,0.00184798240661621,0.798711407929659,-31.7998617887497,NA,-3.50487045943737,0.0923991203308105,11.4101629704237,0,0.8,0.36363636,NA,1,1,0.45454545,1,97.2614288330078,3.41375422477722,0,0,97.2614,1,1,"2024-05-05",0
"Seth Martinez",21045,"2024-05-03","SEA",21,2024,"HOU","H",29,1,0,0,1,0,0,0,0,0,0,0,1,3,0,0,0,0,0,0,0,0,0,0,0,0,0,0,0,0,2,1,0,0,0,0,0,0,0,0,4.72206241920756,0,0,0,0,1,3.1664797782898,-3.1664797782898,4.67848818451166,0,77.6501182634796,114.543946394147,2,0,0.666666666,0.333333333,0,0,4,36,0,5,5,0.0322160013020039,0,0.0322160013020039,0.476999998092651,0.0505564361810684,0.429533332586288,0.570599973201752,0.570599973201752,1.4164000749588,1,1,0.0749800652265549,2.22660431191263e-05,0,0,NA,NA,0.6,78.66666667,0.4,86.5,NA,NA,0.461908459663391,0.212085232138634,NA,15.3969486554464,10.6042616069317,1,1,1,0.66666667,1,0.8,0.4,1,0.2,1,2,0,1,2,0,3,0.33333333,0.66666667,0,0.33333333,0.66666667,0,1.1617408024918,54.00577,68.67721,50.85608,NA,NA,NA,NA,NA,NA,80,32.07026,80,73.45113,54.91457,75.15647,-1.33152,2.07981,87.56,112.9,101.32,NA,NA,NA,NA,NA,NA,111.42,139.1,155.84,101.876,128.62,134.032,NA,NA,0.6,0.4,NA,NA,78.7000020345052,86.3000030517578,NA,NA,6.4739507039388,-9.89068222045898,NA,NA,5.80606651306152,-2.98069858551025,NA,NA,0.467504158616066,0.214739695191383,NA,NA,15.5834719538689,10.7369847595692,1,1,1,0.5,1,0.8,0.6,14,0.4,NA,NA,NA,0.6,86.766845703125,NA,NA,NA,79.1943003336589,-9.26619911193848,NA,NA,NA,6.81469345092773,-4.43058013916016,NA,NA,NA,4.67305660247803,0.214739695191383,NA,NA,NA,0.467504158616066,10.7369847595692,NA,NA,NA,15.5834719538689,1,1,1,0.5,1,0.8,0.6,3,74.3073527018229,2.99631055196126,0,0,94.3147,0,0,"2024-05-03",0
"Seth Martinez",21045,"2024-05-02","CLE",21,2024,"HOU","H",29,0,0,0,1,0,0,0,0,0,0,0,2,9,3,0,0,0,0,0,0,0,0,0,0,0,13.5,0,0,0,2,4,3,0,0,0,0,0,0,0,6.78835871264793,0,0.333333333333333,1.5,0.333333333333333,1,3.1664797782898,-3.1664797782898,6.19049659073353,0,77.6501182634796,152.159040742638,0.5,0.333333333,0.222222222,0.444444444,0,0,0,0,12,16,28,0.007560009136796,-0.0100859757512808,0.0176459848880768,0.953999996185303,0.101112879812717,0.103822216391563,0.0965999960899353,0.127399995923042,NA,0,1,-0.000632884504739195,0.0734497574202968,0,0,0.5,91.28571429,0.32142857,79.11111111,0.17857143,85.2,NA,0.291190773248672,-0.288305521011353,-0.227712899446487,2.07993409463338,-3.20339467790392,-4.55425798892975,0.15384615,0.73333333,0.46428571,0.5,0.81818182,0.76923077,0.53571429,0.33333333,0.10714286,1,7,1,2,3,4,9,0.11111111,0.77777778,0.11111111,0.22222222,0.33333333,0.44444444,5.6910264714836,20,50.17889,20,42.13175,54.26973,44.85136,NA,NA,NA,60.42654,58.01037,56.39055,34.60286,55.91505,32.78509,1.08198,5.70006,75.34,28.54,14.48,89.92,106.82,109.68,NA,NA,NA,106.28,99.84,107.48,92.575,90.5978571428572,91.9728571428572,0.5,NA,0.32142857,0.17857143,91.1928536551339,NA,79.2666693793403,85.2400024414062,-7.80086626325335,NA,6.50237401326497,-8.23255004882813,6.64843259538923,NA,4.45264434814453,0.408904695510864,0.336179133504629,NA,-0.290446653962135,-0.232911963015795,2.40127952503307,NA,-3.22718504402373,-4.6582392603159,0.08333333,0.75,0.46428571,1,0.75,0.76923077,0.57142857,15.42105263,0.17857143,NA,0.5,NA,0.32142857,85.5748779296875,NA,91.5241960797991,NA,79.5650092230903,-7.52434158325195,NA,-7.21049172537667,NA,7.03705342610677,-1.21131944656372,NA,5.56177793230329,NA,3.16681883070204,-0.232911963015795,NA,0.336179133504629,NA,-0.290446653962135,-4.6582392603159,NA,2.40127952503307,NA,-3.22718504402373,0,0.72222222,0.46428571,NA,0.76923077,0.76923077,0.64285714,9,92.6390516493056,21.9544796413845,1,0.11111111,105.789,6,0.66666667,"2024-05-02",0
"Seth Martinez",21045,"2024-04-27","@COL",21,2024,"HOU","A",29,0,0,0,1,0,0,0,0,0,1,0,0.1,2,0,0,0,0,1,0,0,0,0,1,27.000028163224,27.000028163224,0,1,0,0,0,0,0,0,0,0,0,0.5,0.5,0,10.1952290840149,0,0,3.00000312924711,0,1,6.16648290753691,-6.16648290753691,6.16648290753691,0,152.982643752108,151.56163866777,0,0,0,0,0,0,0,0,4,7,11,0.0449599958956242,-0.0309639982879162,0.0759239941835403,0.574000000953674,0.0499564819037914,2.11759996414185,0.749599993228912,1.49919998645782,0.862399995326996,1,1,0.00709631619974971,0.0141352651456174,0,0,0.45454545,91,0.54545455,79.5,NA,NA,NA,-0.177949801087379,0.130336254835129,NA,-3.55899602174759,2.17227091391881,NA,0.5,1,0.63636364,0.5,1,0.71428571,0.27272727,0.5,0.18181818,0,0,0,0,0,0,0,NA,NA,NA,NA,NA,NA,5.84211417907336,NA,NA,NA,NA,NA,NA,35.72435,32.49718,34.86279,51.23216,34.65826,52.29688,38.14585,30.6032,36.02762,0.86187,5.3699,NA,NA,NA,109.16,99.82,76.12,82.6,-56.36,-48.84,111.92,81.52,89.04,105.836363636364,61.4418181818182,60.4472727272727,0.27272727,0.18181818,0.54545455,NA,91.3333333333333,90.4000015258789,79.2666625976562,NA,-4.9111811319987,-7.45263767242432,4.95148309071859,NA,4.21704737345378,1.16250002384186,1.37455383936564,NA,0.054773960262537,-0.238007202744484,0.130457486957312,NA,1.8257986754179,-11.9003601372242,2.17429144928853,NA,0.4,0.83333333,0.63636364,0.5,0.8,0.71428571,0.54545455,20.55555556,NA,NA,0.27272727,0.18181818,0.54545455,NA,NA,91.25,90.2874526977539,79.1248168945312,NA,NA,-4.96720663706462,-7.43599987030029,5.57102521260579,NA,NA,5.47191365559896,1.94027996063232,2.76000150044759,NA,NA,0.054773960262537,-0.238007202744484,0.130457486957312,NA,NA,1.8257986754179,-11.9003601372242,2.17429144928853,0.5,0.8,0.63636364,0.66666667,0.75,0.71428571,0.45454545,0,NA,NA,0,NA,NA,0,NA,"2024-04-27",0
"Seth Martinez",21045,"2024-04-25","@CHC",21,2024,"HOU","A",29,0,0,0,1,0,0,0,0,0,0,0,1,4,0,0,0,0,0,0,1,0,0,0,0,0,0,0,0,0,1,2,0,0,0,0,0,0,0,0,6.91672908401489,0,0,0,0,1,6.1664797782898,-6.1664797782898,9.19049659073353,0,152.982565174161,226.79174951669,0.5,0,0.333333333,0.666666666,0,0,0,0,2,7,9,0.0126000009477139,-0.00639599561691284,0.0189959965646267,0.468999981880188,0.0502679497003555,0.208320006728172,0.213200002908707,0.213200002908707,NA,0,1,0.0365746952593327,0.0239091783042615,0,0,0.11111111,92,0.55555556,78.8,0.33333333,85.66666667,NA,0,0.19510892033577,0.173169538378716,0,3.90217840671539,5.77231794595718,0,0.71428571,0.55555556,NA,0.8,0.8,0.77777778,0.75,0.11111111,1,1,1,0,3,0,3,0.33333333,0.33333333,0.33333333,0,1,0,4.35983771376837,51.40985,64.02566,59.19096,20.54727,30.00821,29.42822,NA,NA,NA,20,57.91734,20,20,64.75762,20,2.32527,7.565,98.7,83.02,70.1,107.6,-19.02,-56.24,NA,NA,NA,107.38,35.56,49.06,104.511111111111,45.3155555555556,44.3733333333333,0.11111111,NA,0.55555556,0.33333333,91.5,NA,78.3599975585937,85.5333353678385,-7.86935329437256,NA,7.2255859375,-8.98616218566895,5.28722143173218,NA,4.32792053222656,-2.36357561747233,0,NA,0.193693950772285,0.175375331193209,0,NA,3.87387901544571,5.84584437310696,0,0.71428571,0.55555556,NA,0.8,0.8,0.77777778,14.8,0.33333333,NA,0.11111111,NA,0.55555556,86.0299987792969,NA,92.0606002807617,NA,78.8840576171875,-8.439453125,NA,-7.11634016036987,NA,7.88969573974609,-3.73679669698079,NA,4.29927015304565,NA,3.1900218963623,0.175375331193209,NA,0,NA,0.193693950772285,5.84584437310696,NA,0,NA,3.87387901544571,0,0.71428571,0.55555556,NA,0.8,0.8,0.77777778,3,87.7594401041667,37.1357879638672,0,0,90.2688,0,0,"2024-04-25",0
"Seth Martinez",21045,"2024-04-23","@CHC",21,2024,"HOU","A",29,0,0,4.5,1,0,0,0,0,0,0,0,2,8,1,1,1,1,1,0,0,0,0,3,13.5,4.5,4.5,3,0,0,1,3,0,0,0,0,0,0.375,0.125,0.25,3.04497908401489,4.5,0.142857142857143,1,0,1,8.16647977828979,-3.66647977828979,3.9344923876226,113.376663563177,203.204196447948,96.0351391813666,0.333333333,0,0.25,0.75,0,0.333333333,0,0,17,25,42,0.000408015155699104,-0.00747199542820454,0.0078800106421113,-0.0620000213384628,-0.00664523057639599,0.0511999987065792,0.071600005030632,0.098800003528595,NA,0,1,-0.0134774344041944,0.0214464806152575,0,0,0.54761905,91.2173913,0.26190476,79.09090909,0.19047619,85.125,NA,0.392484188079834,-0.988409459590912,0.382262319326401,1.70645299165145,-8.98554054173556,4.77827899158001,0.43333333,0.91666667,0.57142857,0.46153846,0.72727273,0.58333333,0.28571429,0.75,0.23809524,0,2,2,1,2,1,4,0,0.5,0.5,0.25,0.5,0.25,6.7060281191592,59.78529,50.7352,55.80152,41.86614,46.71426,34.286,80,50.32106,69.97356,80,64.64986,80,61.23828,52.43833,54.86609,-0.57278,3.21792,85.06,105.68,85.66,107.72,92.58,90.9,110.18,161.88,146.1,116.94,137.8,148.84,105.994285714286,111.868571428571,109.019523809524,0.47619048,0.07142857,0.26190476,0.19047619,91.35,89.9666646321615,78.9909113103693,85.0500030517578,-6.06512336730957,-9.36290613810221,6.22481120716442,-8.21818351745605,6.18151779174805,1.12643273671468,4.33514855124734,0.706405460834503,0.480966575443745,-0.0885098874568939,-0.984282691031694,0.386089734733105,2.40483287721872,-2.95032958189646,-8.9480244639245,4.82612168416381,0.38461538,0.875,0.57142857,0.4,0.71428571,0.58333333,0.38095238,15.32352941,0.19047619,NA,0.47619048,0.07142857,0.26190476,85.5719146728516,NA,91.88955078125,90.4876708984375,79.5175614790483,-7.38990259170532,NA,-5.28361015319824,-8.75969696044922,7.41069100119851,-0.531809449195862,NA,5.41817893981934,0.091278334458669,3.06892915205522,0.386089734733105,NA,0.480966575443745,-0.0885098874568939,-0.984282691031694,4.82612168416381,NA,2.40483287721872,-2.95032958189646,-8.9480244639245,0.31818182,0.85,0.57142857,0.42857143,0.64705882,0.58333333,0.47619048,4,84.5095367431641,4.96433448791504,1,0.25,98.9394,1,0.25,"2024-04-23",0
"Seth Martinez",21045,"2024-04-20","@WSN",21,2024,"HOU","A",29,0,1,0,1,0,0,0,0,0,0,0,0,1,1,1,0,0,0,0,0,0,0,0,0,0,9,0,0,0,0,1,0,0,0,0,0,0,0,0,NA,0,1,1,1,0,3.1664797782898,-3.1664797782898,4.67848818451166,0,77.6501182634796,114.543946394147,0,0,0,1,0,0,0,0,0,1,1,-0.190971985459328,-0.190971985459328,0,-0.760000050067902,-0.0789200440049171,2.59439992904663,2.59439992904663,2.59439992904663,NA,0,1,-0.0736093074083328,-1.36523954641365e-09,0,1,1,90,NA,NA,NA,NA,NA,-0.463952898979187,NA,NA,-46.3952898979187,NA,NA,1,NA,1,1,NA,1,NA,1,0,0,0,1,0,0,1,1,0,0,1,0,0,1,0.790173885343686,NA,NA,NA,NA,NA,NA,80,53.3506,80,NA,NA,NA,80,47.78146,80,-3.28425,-0.84928,NA,NA,NA,NA,NA,NA,94.36,144.8,146.2,NA,NA,NA,94.36,144.8,146.2,NA,1,NA,NA,NA,89.5999984741211,NA,NA,NA,-8.32468509674072,NA,NA,NA,-0.284796118736267,NA,NA,NA,-0.47120988368988,NA,NA,NA,-47.120988368988,NA,NA,1,NA,1,1,NA,1,0,NA,NA,NA,NA,1,NA,NA,NA,NA,90.1544036865234,NA,NA,NA,NA,-7.47283983230591,NA,NA,NA,NA,-1.2530699968338,NA,NA,NA,NA,-0.47120988368988,NA,NA,NA,NA,-47.120988368988,NA,1,NA,1,1,NA,1,0,1,99.9685211181641,21.2168102264404,0,0,99.9685,1,1,"2024-04-20",0
"Seth Martinez",21045,"2024-04-17","ATL",21,2024,"HOU","H",29,0,1,0,1,0,0,0,0,0,0,0,1,5,1,1,0,0,1,1,0,0,0,2,18,9,9,2,0,0,1,0,1,0,0,0,0,0.4,0.2,0.2,3.64632908401489,0,0.25,2,0.5,0.5,2.1664797782898,-2.1664797782898,2.1664797782898,0,52.539302626586,52.0512824543046,1,0.5,0.5,0,0,0,0,0,7,10,17,-0.0646679997444153,-0.324936062097549,0.260268032550812,0.0829999446868896,0.00879703089594841,3.33371996879578,2.66939997673035,2.66939997673035,NA,0,1,0.0492777228355408,-0.068675872755066,0,1,0.76470588,91.53846154,0.23529412,79.75,NA,NA,0.23529412,0.315377950668335,-0.019517794251442,NA,2.42598423591027,-0.487944856286049,NA,0.18181818,0.66666667,0.35294118,0.5,1,0.83333333,0.35294118,0.4,0.05882353,1,0,1,0,1,1,2,0.5,0,0.5,0,0.5,0.5,4.46618109821845,NA,NA,NA,56.05394,48.54092,55.86218,52.27356,60.19038,34.3594,44.90016,59.3574,43.49395,54.69175,51.59644,47.94163,-0.16607,3.82799,NA,NA,NA,117.36,134.66,148.08,96.22,118.9,127.9,108.96,62.9,71.64,110.409411764706,114.067058823529,125.345882352941,0.52941176,0.23529412,0.23529412,NA,91.7555541992188,91,79.75,NA,-8.83534834120009,-10.218071937561,5.21188402175903,NA,6.50426483154297,1.29502129554749,4.36056137084961,NA,0.488420814275742,-0.12791171297431,-0.0210170969367027,NA,5.42689793639713,-3.19779282435775,-0.525427423417568,NA,0,0.75,0.35294118,NA,0.83333333,0.83333333,0.47058824,19.69230769,NA,NA,0.47058824,0.29411765,0.23529412,NA,NA,92.2552871704102,91.39423828125,80.1655502319336,NA,NA,-7.48110008239746,-9.24243392944336,6.44686508178711,NA,NA,5.64514017105103,0.64678840637207,3.0344250202179,NA,NA,0.422478169202805,-0.0619690679013729,-0.0210170969367027,NA,NA,5.28097711503506,-1.23938135802746,-0.525427423417568,0,0.66666667,0.35294118,NA,0.83333333,0.83333333,0.52941176,2,99.3318328857422,6.68328380584717,0,0,100.855,2,1,"2024-04-17",0
"Seth Martinez",21045,"2024-04-15","ATL",21,2024,"HOU","H",29,0,0,0,1,0,0,0,0,0,0,0,1,4,1,0,0,0,0,0,0,0,0,2,18,0,9,2,0,0,1,1,0,0,0,0,0,0.5,0,0.5,0.562229084014893,0,0.25,1,0.5,1,-0.833520221710205,0.833520221710205,0.678488184511662,0,-22.7931442840951,15.0336680287444,1,0,0.5,0.5,0,0,0,0,4,11,15,0.0510100200772285,-0.0443899817764759,0.0953999981284142,0.476999998092651,0.050556443631649,1.050950050354,0.923200011253357,0.923200011253357,0.949000000953674,1,1,0.0145571008324623,0.033979953863949,0,0,0.33333333,91.4,0.26666667,80,0.4,85.5,NA,-0.543837785720825,0.0824104025959969,0.448014497756958,-10.8767557144165,2.06026006489992,7.4669082959493,0.44444444,0.83333333,0.6,0.25,0.8,0.55555556,0.4,0.75,0.26666667,2,0,0,0,1,1,2,1,0,0,0,0.5,0.5,-1.01969054514711,58.0424,66.78401,61.75531,80,46.03537,80,69.43012,72.55935,41.25832,80,69.82874,79.13042,80,69.68699,80,-2.0344,1.02549,93.4,104.06,103.34,101.2,167.16,152.26,107.88,126.44,145.88,116.92,105.4,134.86,103.162666666667,120.021333333333,127.201333333333,0.2,0.13333333,0.26666667,0.4,91.6333312988281,91.25,79.625,85.4166666666667,-7.9118480682373,-10.0116558074951,7.95340871810913,-8.34707578023275,5.78993606567383,0.445919901132584,4.40552473068237,-2.1520209312439,0.264737524092197,-0.813855543732643,0.0833352096378803,0.453428208827972,8.82458413640658,-40.6927771866322,2.08338024094701,7.55713681379954,0.375,0.85714286,0.6,0.33333333,0.66666667,0.55555556,0.46666667,16.36363636,0.4,NA,0.2,0.13333333,0.26666667,85.6579182942708,NA,91.8846333821615,91.4867477416992,79.8796234130859,-7.62510808308919,NA,-6.94675699869792,-9.14698028564453,9.14382553100586,-3.39683659871419,NA,5.04918988545736,-0.708403944969177,3.19233012199402,0.453428208827972,NA,0.264737524092197,-0.813855543732643,0.0833352096378803,7.55713681379954,NA,8.82458413640658,-40.6927771866322,2.08338024094701,0.42857143,0.75,0.6,0.33333333,0.66666667,0.55555556,0.53333333,2,86.6819915771484,13.7215623855591,0,0,98.2532,1,0.5,"2024-04-15",0
"Seth Martinez",21045,"2024-04-14","TEX",21,2024,"HOU","H",29,0,0,40.5000422448361,1,0,0,0,0,0,0,0,0.2,5,3,3,3,1,0,0,0,0,0,0,0,0,40.5000422448361,0,0,0,1,3,1,0,0,0,0,0,0,0,7.74112908401489,13.500014081612,0.6,4.50000469387067,0.5,0,22.666500118396,17.83354212644,9.97052470346011,1020.39103641939,567.311533939564,246.196953174255,0.333333333,0.2,0.2,0.6,0,0.333333333,0,0,7,14,21,-0.00110000371932983,-0.0116439713165164,0.0105439675971866,-2.62199997901917,-0.277901411056519,0.153919994831085,0.0657999962568283,0.0657999962568283,0.131599992513657,1,1,-0.0919224917888641,0.0847758977382536,0,0,0.66666667,90.78571429,0.19047619,79.75,0.14285714,85.33333333,NA,0.652488648891449,-1.93397486209869,-0.55717933177948,4.66063320636749,-48.3493715524673,-18.5726443926493,0.27272727,0.7,0.47619048,1,0.85714286,0.9,0.47619048,0.8,0.04761905,2,1,2,2,2,1,5,0.4,0.2,0.4,0.4,0.4,0.2,16.4113144710151,20,62.23304,20,80,51.89084,80,48.62684,35.56077,51.92576,80,70.53539,80,59.38028,48.84991,65.0697,-0.45735,3.39107,95.98,65.46,54.86,93.2,177.42,177.94,99,113.4,99.46,130.02,127.66,138.52,103.372380952381,121.461904761905,115.477142857143,0.19047619,0.47619048,0.19047619,0.14285714,91.6500015258789,90.4799987792969,79.6999969482422,85.1666666666667,-8.38418865203857,-9.26186599731445,6.35378980636597,-10.2513135274251,5.91781711578369,0.836887073516846,4.70349264144897,-1.67609659830729,0.452303424477577,0.207941528409719,-1.94328949972987,-0.565514542162418,11.3075856119394,2.07941528409719,-48.5822374932468,-18.8504847387473,0.11111111,0.75,0.47619048,1,0.88888889,0.9,0.57142857,17.875,0.14285714,NA,0.19047619,0.47619048,0.19047619,85.5596720377604,NA,92.0547027587891,90.8923522949219,80.0911712646484,-9.49748039245605,NA,-7.28487253189087,-8.47165298461914,7.59488010406494,-2.9085267384847,NA,5.07575273513794,-0.150995886325836,3.62452507019043,-0.565514542162418,NA,0.452303424477577,0.207941528409719,-1.94328949972987,-18.8504847387473,NA,11.3075856119394,2.07941528409719,-48.5822374932468,0.125,0.69230769,0.47619048,1,0.88888889,0.9,0.61904762,5,85.7166015625,28.5547729492188,0,0,98.5982,2,0.4,"2024-04-14",0
"Seth Martinez",21045,"2024-04-11","@KCR",21,2024,"HOU","A",29,0,0,0,1,0,0,0,0,0,0,0,2.1,7,0,0,0,0,0,0,0,0,0,1,3.85714338263694,0,0,1,0,0,4,2,0,0,0,0,0,0.14285714,0,0.14285714,3.15672909693732,0,0,0,0,1,2.30933680437048,-2.30933680437048,3.6053441862705,0,56.1265590709328,87.8467318963619,2,0,0.666666666,0.333333333,0,0,1,3.85714338263694,7,18,25,0.00735402246937156,0,0.00735402246937156,1.8639999628067,0.182476758956909,0.0438857153058052,0.0630500018596649,0.158600002527237,0.0361999981105328,1,1,0.179110333323479,-0.0115382106378365,0,0,0.6,89.66666667,0.4,77.1,NA,NA,NA,1.06939458847046,0.544905364513397,NA,7.12929725646973,5.44905364513397,NA,0.53333333,0.5,0.52,0.5,1,0.69230769,0.4,0.71428571,0.16,3,2,1,0,4,2,6,0.5,0.33333333,0.16666667,0,0.66666667,0.33333333,0.504275183006651,NA,NA,NA,59.53828,56.93292,74.87637,72.29245,46.58309,77.71533,46.08298,61.57566,43.60496,65.14353,55.03695,72.6202,-0.8154,2.85399,NA,NA,NA,90.28,100.12,101.18,93.52,128.5,115.34,102.56,115.36,114.56,96.6176,118.7032,112.7624,0.16,0.44,0.4,NA,90.3000030517578,89.2636385830966,77.1799987792969,NA,-6.07492351531982,-8.53967631946911,6.82419509887695,NA,4.9040675163269,0.640259309248491,1.7369649887085,NA,0.490407526493073,0.59131982550025,0.551979944109917,NA,12.2601881623268,5.375634777275,5.51979944109917,NA,0.45454545,0.57142857,0.52,0.4,0.75,0.61538462,0.56,14.55555556,NA,NA,0.16,0.44,0.4,NA,NA,90.5808029174805,89.532753684304,77.4332214355469,NA,NA,-5.81317520141602,-8.32696810635653,7.24728164672852,NA,NA,4.40974760055542,-0.0222886936231093,0.962510013580322,NA,NA,0.490407526493073,0.59131982550025,0.551979944109917,NA,NA,12.2601881623268,5.375634777275,5.51979944109917,0.45454545,0.57142857,0.52,0.4,0.75,0.61538462,0.56,6,91.5823364257812,1.20002524058024,1,0.16666667,106.458,3,0.5,"2024-04-11",0
"Seth Martinez",21045,"2024-04-08","@TEX",21,2024,"HOU","A",29,1,0,0,1,0,0,0,0,0,0,0,3.2,11,1,0,0,0,0,0,0,0,0,2,4.9090917603045,0,2.45454588015225,2,0,0,5,3,1,0,0,0,0,0.18181818,0,0.18181818,3.10557207100719,0,0.0909090909090909,0.272727320016916,0.111111111111111,1,2.07557049822213,-2.07557049822213,3.31266849963795,0,50.2564964551241,80.5656721344643,1.666666666,0.111111111,0.555555555,0.333333333,0,0,8,19.636367041218,9,23,32,0.224131986498833,-0.0310999751091003,0.255231976509094,3.03299999237061,0.31495326757431,0.842218160629272,0.975546658039093,1.28839993476868,0.518799960613251,1,1,0.244233220815659,0.0218878354334373,1,0,0.46875,89.8,0.375,78,0.15625,84.4,NA,2.11339449882507,0.29891312122345,0.155447885394096,14.0892966588338,2.49094267686208,3.10895770788193,0.22222222,0.71428571,0.4375,0.75,0.8,0.78571429,0.4375,0.63636364,0.09375,3,2,4,0,6,3,9,0.33333333,0.22222222,0.44444444,0,0.66666667,0.33333333,1.30065198857123,80,41.28557,80,76.06477,62.74395,80,71.75338,48.44546,67.81487,40.93049,59.03048,42.98959,69.97402,55.60857,76.21958,-1.1155,2.40384,90.2,172.02,157.74,110.5,126.66,131.38,83.98,118.32,106.12,108.16,94.54,107.08,98.163125,119.09625,118.4925,0.15625,0.3125,0.375,0.15625,90.1599975585937,89.5200012207031,78.0583343505859,84.3400024414063,-7.34159317016602,-9.68028259277344,6.69528579711914,-8.03220977783203,6.14664764404297,0.636922693252563,3.11275736490885,-0.377790570259094,0.998109765350819,1.14531019330025,0.301620714366436,0.156289711594582,19.9621953070164,11.4531019330025,2.51350595305363,3.12579423189163,0.30769231,0.52631579,0.4375,0.75,0.8,0.78571429,0.59375,16.42857143,0.15625,NA,0.15625,0.3125,0.375,84.5412963867188,NA,90.3701599121094,89.7389892578125,78.2804870605469,-6.97123413085937,NA,-6.20765190124512,-8.69231796264648,8.06203015645345,-1.51222400665283,NA,5.38432998657227,-0.32382538318634,2.1345640818278,0.156289711594582,NA,0.998109765350819,1.14531019330025,0.301620714366436,3.12579423189163,NA,19.9621953070164,11.4531019330025,2.51350595305363,0.30769231,0.52631579,0.4375,0.75,0.8,0.78571429,0.59375,9,90.4261474609375,13.272104051378,0,0,99.7702,4,0.44444444,"2024-04-08",0
"Seth Martinez",21045,"2024-04-05","@TEX",21,2024,"HOU","A",29,0,0,0,1,0,0,0,0,0,0,0,1,4,1,0,0,0,0,0,0,0,0,0,0,0,9,0,0.5,0,2,1,1,0,1,0,0,0,0,0,5.15272908401489,0,0.25,1,0.25,1,3.1664797782898,-3.1664797782898,4.67848818451166,0,77.6501182634796,114.543946394147,2,0.25,0.5,0.25,0,0,2,18,7,10,17,0,-8.40139400679618e-05,8.40139400679618e-05,0.49099999666214,0.0509864985942841,0,0,0,0,1,1,0,NA,0,0,0.47058824,91,0.23529412,78.75,0.29411765,85,NA,-0.099270761013031,0.153503865003586,0.235161393880844,-1.24088451266289,3.83759662508965,4.70322787761688,0.11111111,0.75,0.41176471,1,1,1,0.47058824,0.5,0,0,3,1,2,2,0,4,0,0.75,0.25,0.5,0.5,0,4.51179617809411,56.29362,63.67607,62.06948,20,48.00701,20,NA,NA,NA,80,59.21646,80,37.47486,57.07619,35.45394,0.90355,5.43242,91.98,133.64,119.5,97.5,54.14,44.74,NA,NA,NA,96.88,169.46,180.8,95.7305882352941,104.656470588235,98.7423529411765,0.47058824,NA,0.23529412,0.29411765,90.9875030517578,NA,78.7750015258789,85.1599975585937,-8.39270782470703,NA,4.34350347518921,-9.32931137084961,5.56344795227051,NA,2.75060057640076,-1.42616186141968,-0.101617697626352,NA,0.155304253101349,0.237583745270967,-1.2702212203294,NA,3.88260632753372,4.75167490541935,0,0.7,0.41176471,NA,1,1,0.58823529,18.15384615,0.29411765,NA,0.47058824,NA,0.23529412,85.1243774414063,NA,90.973876953125,NA,78.7532272338867,-8.59387817382813,NA,-7.55766487121582,NA,5.41365003585815,-2.34906806945801,NA,4.79908609390259,NA,2.0844554901123,0.237583745270967,NA,-0.101617697626352,NA,0.155304253101349,4.75167490541935,NA,-1.2702212203294,NA,3.88260632753372,0,0.7,0.41176471,NA,1,1,0.58823529,4,75.8121795654297,2.59933733940125,0,0,87.0379,0,0,"2024-04-05",0
"Seth Martinez",21045,"2024-04-03","TOR",21,2024,"HOU","H",29,0,0,0,1,0,0,0,0,0,0,0,1,3,0,0,0,0,0,0,0,0,0,0,0,0,0,0,0,0,1,2,0,1,0,0,0,0,0,0,7.34739574882223,0,0,0,0,1,3.1664797782898,-3.1664797782898,6.19049659073353,0,77.6501182634796,152.159040742638,0.5,0,0.333333333,0.666666666,0.5,0,1,9,4,5,9,0.0300260037183762,0,0.0300260037183762,0.476999998092651,0.0505564361810684,0.395666658878326,0.610599994659424,0.610599994659424,0.328999996185303,1,1,0.0764096677303314,-0.000522546476554975,0,0,0.66666667,90.33333333,0.33333333,78,NA,NA,NA,0.751539945602417,-0.022280789911747,NA,12.5256657600403,-0.742692997058233,NA,0,0.6,0.33333333,NA,1,1,0.55555556,NA,0,1,0,2,1,1,1,3,0.33333333,0,0.66666667,0.33333333,0.33333333,0.33333333,-0.138746217205466,NA,NA,NA,80,73.46357,80,54.88711,53.8793,43.90573,34.3435,70.45198,41.59392,62.06315,64.73908,60.55167,-0.62403,3.14105,NA,NA,NA,93.32,149.56,156.7,116.54,92.84,102.06,127.74,84.96,95.06,112.533333333333,109.12,117.94,0.33333333,0.33333333,0.33333333,NA,90.4666646321615,90.2000020345052,78.2333323160807,NA,-8.1335391998291,-9.55536715189616,6.98409907023112,NA,6.32719230651855,-0.00643246372540792,5.9871088663737,NA,0.310734424740076,0.432491112500429,-0.0229568891227245,NA,10.3578141580025,14.416370416681,-0.765229637424151,NA,0,0.6,0.33333333,NA,1,1,0.55555556,13.5,NA,NA,0.22222222,0.44444444,0.33333333,NA,NA,90.9832458496094,90.6313247680664,78.6364339192708,NA,NA,-6.52713489532471,-8.87621784210205,7.74066988627116,NA,NA,6.80883502960205,-0.133768975734711,4.90557320912679,NA,NA,0.34578312933445,0.397442407906055,-0.0229568891227245,NA,NA,17.2891564667225,9.93606019765139,-0.765229637424151,0,0.6,0.33333333,NA,1,1,0.55555556,3,78.8923950195312,34.1963653564453,0,0,104.001,1,0.33333333,"2024-04-03",0
"Seth Martinez",21045,"2024-03-30","NYY",21,2024,"HOU","H",29,0,0,0,1,0,0,0,0,0,0,0,1,3,1,0,0,0,0,0,0,0,0,0,0,0,9,0,0,0,3,0,0,0,0,0,0,0,0,0,-1.18327091598511,0,0.333333333333333,1,0.333333333333333,1,3.1664797782898,-3.1664797782898,3.1664797782898,0,77.6501182634796,76.9288520456552,3,0,1,0,0,0,1,9,5,6,11,0.0684240236878395,-0.0528560020029545,0.121280029416084,0.477000027894974,0.0505564399063587,1.32733333110809,1.27419996261597,1.27419996261597,1.21320009231567,1,1,0.0340041220188141,0.0175458708007871,1,0,0.63636364,90.14285714,0.27272727,79,0.09090909,85,NA,-0.140136361122131,-0.0728156045079231,0.745844781398773,-2.00194801603045,-2.42718681693077,74.5844781398773,0.25,0.33333333,0.27272727,1,1,1,0.27272727,0.33333333,0,3,0,0,0,1,2,3,1,0,0,0,0.33333333,0.66666667,1.36082251936522,80,43.73404,80,46.2043,56.32116,49.26572,80,48.75914,80,20,64.91686,25.21138,59.86353,55.84058,64.91673,-0.48737,3.34604,89.52,169.48,159.84,110.32,59.46,70.22,84.48,204.48,216.86,118.94,45.78,68.72,106.081818181818,92.0981818181818,104.62,0.45454545,0.18181818,0.27272727,0.09090909,90.5599975585938,89.0500030517578,78.9333343505859,85.0999984741211,-7.0048698425293,-9.37142848968506,7.96479670206706,-6.83683252334595,5.90302658081055,0.556384742259979,3.51509157816569,-0.154390409588814,-0.0391663946211338,-0.103264898061752,-0.0746744982898235,0.759347081184387,-0.783327892422676,-5.16324490308762,-2.48914994299412,75.9347081184387,0.16666667,0.4,0.27272727,1,1,1,0.45454545,15.5,0.09090909,NA,0.45454545,0.18181818,0.27272727,85.5885009765625,NA,91.0237976074219,89.5097045898438,79.4221343994141,-6.08453989028931,NA,-6.2479621887207,-8.96844005584717,8.95560010274251,-1.02748000621796,NA,5.00327606201172,-0.362167000770569,2.25949001312256,0.759347081184387,NA,-0.0391663946211338,-0.103264898061752,-0.0746744982898235,75.9347081184387,NA,-0.783327892422676,-5.16324490308762,-2.48914994299412,0.16666667,0.4,0.27272727,1,1,1,0.45454545,3,88.2838338216146,-5.12980588277181,0,0,100.305,1,0.33333333,"2024-03-30",0
"Seth Martinez",21045,"2024-03-28","NYY",21,2024,"HOU","H",29,0,0,0,1,0,0,0,0,0,0,0,0.1,2,0,0,0,0,1,0,0,0,0,0,0,27.000028163224,0,0,0,0,1,0,0,0,0,0,0,0,0.5,-0.5,15.4342290840149,0,0,3.00000312924711,0,1,12.1664891660311,-12.1664891660311,12.1664891660311,0,303.647694729365,300.827211911999,1,0,1,0,0,0,0,0,7,2,9,-0.00972798466682434,-0.115474000573158,0.105746015906334,-0.257000029087067,-0.0272390022873878,4.05140018463135,1.9293999671936,3.85879993438721,1.45420002937317,1,1,-0.00500825559720397,0.00260711420817836,0,0,0.55555556,89.8,0.33333333,78.66666667,0.11111111,84,NA,-0.0351463258266449,-0.0192974396049976,-0.04739710688591,-0.702926516532898,-0.643247986833255,-4.739710688591,0,1,0.22222222,NA,1,1,0.22222222,NA,0,1,0,0,0,0,1,1,1,0,0,0,0,1,11.8621949068692,20,59.18098,20,20,55.54489,20,20,67.0595,20,36.08235,63.87149,44.15579,20,62.68346,20,4.04354,10.1424,77.36,32.58,14.52,77.96,-19.74,-3.44,101,15,11.18,111.4,70.78,88.06,94.16,23.9666666666667,32.3044444444444,0.33333333,0.22222222,0.33333333,0.11111111,90.0999959309896,89.4499969482422,78.5666707356771,84.0999984741211,-8.86178461710612,-10.5267496109009,6.46404457092285,-10.0633602142334,7.02193196614583,1.71221852302551,5.71654446919759,0.424394100904465,0.148109890520573,-0.187116079032421,-0.0199272707104683,-0.0483221560716629,4.93699635068575,-9.35580395162106,-0.66424235701561,-4.83221560716629,0,1,0.22222222,NA,1,1,0.22222222,20.14285714,0.11111111,NA,0.33333333,0.22222222,0.33333333,84.3943023681641,NA,90.4173685709635,89.7653961181641,78.857899983724,-9.93811988830566,NA,-7.85055351257324,-9.88360977172852,7.39304987589518,-0.714004993438721,NA,5.92072359720866,0.543516278266907,4.78167343139648,-0.0483221560716629,NA,0.148109890520573,-0.187116079032421,-0.0199272707104683,-4.83221560716629,NA,4.93699635068575,-9.35580395162106,-0.66424235701561,0,1,0.22222222,NA,1,1,0.22222222,1,98.9110260009766,-10.2459373474121,0,0,98.911,1,1,"2024-03-28",0
