"PlayerName","playerid","Date","Opp","teamid","season","Team","HomeAway","Age","W","L","ERA","G","GS","QS","CG","ShO","SV","HLD","BS","IP","TBF","H","R","ER","HR","BB","IBB","HBP","WP","BK","SO","K/9","BB/9","H/9","K/BB","IFH%","BUH%","GB","FB","LD","IFFB","IFH","BU","BUH","K%","BB%","K-BB%","SIERA","HR/9","AVG","WHIP","BABIP","LOB%","FIP","E-F","xFIP","ERA-","FIP-","xFIP-","GB/FB","LD%","GB%","FB%","IFFB%","HR/FB","RS","RS/9","Balls","Strikes","Pitches","WPA","-WPA","+WPA","RE24","REW","pLI","inLI","gmLI","exLI","Pulls","Games","WPA/LI","Clutch","SD","MD","FB%1","FBv","CT%","CTv","CB%","CBv","SF%","SFv","XX%","wFB","wCT","wCB","wSF","wFB/C","wCT/C","wCB/C","wSF/C","O-Swing%","Z-Swing%","Swing%","O-Contact%","Z-Contact%","Contact%","Zone%","F-Strike%","SwStr%","Pull","Cent","Oppo","Soft","Med","Hard","bipCount","Pull%","Cent%","Oppo%","Soft%","Med%","Hard%","tERA","GSv2","pb_o_CU","pb_s_CU","pb_c_CU","pb_o_FF","pb_s_FF","pb_c_FF","pb_o_FC","pb_s_FC","pb_c_FC","pb_o_FS","pb_s_FS","pb_c_FS","pb_overall","pb_stuff","pb_command","pb_xRV100","pb_ERA","sp_s_CU","sp_l_CU","sp_p_CU","sp_s_FF","sp_l_FF","sp_p_FF","sp_s_FC","sp_l_FC","sp_p_FC","sp_s_FS","sp_l_FS","sp_p_FS","sp_stuff","sp_location","sp_pitching","pfxFA%","pfxFC%","pfxFS%","pfxCU%","pfxvFA","pfxvFC","pfxvFS","pfxvCU","pfxFA-X","pfxFC-X","pfxFS-X","pfxCU-X","pfxFA-Z","pfxFC-Z","pfxFS-Z","pfxCU-Z","pfxwFA","pfxwFC","pfxwFS","pfxwCU","pfxwFA/C","pfxwFC/C","pfxwFS/C","pfxwCU/C","pfxO-Swing%","pfxZ-Swing%","pfxSwing%","pfxO-Contact%","pfxZ-Contact%","pfxContact%","pfxZone%","pfxPace","piCU%","piFA%","piFC%","piFS%","piXX%","pivCU","pivFA","pivFC","pivFS","pivXX","piCU-X","piFA-X","piFC-X","piFS-X","piXX-X","piCU-Z","piFA-Z","piFC-Z","piFS-Z","piXX-Z","piwCU","piwFA","piwFC","piwFS","piwXX","piwCU/C","piwFA/C","piwFC/C","piwFS/C","piwXX/C","piO-Swing%","piZ-Swing%","piSwing%","piO-Contact%","piZ-Contact%","piContact%","piZone%","Events","EV","LA","Barrels","Barrel%","maxEV","HardHit","HardHit%","gamedate","dh"
"Taj Bradley",22543,"2024-09-27","@BOS",12,2024,"TBR","A",23,1,0,0,1,1,1,0,0,0,0,0,6,22,3,0,0,0,1,0,1,0,0,7,10.5,1.5,4.5,7,0,0,8,4,1,1,0,0,0,0.31818182,0.04545455,0.27272727,2.53238610750019,0,0.15,0.666666666666667,0.230769230769231,1,1.83314644495646,-1.83314644495646,2.84115204910437,0,45.0215826945596,68.8354888228488,2,0.076923076,0.615384615,0.307692307,0.25,0,2,3,22,49,71,0.368439972400665,-0.213840037584305,0.582280039787292,3.28200006484985,0.316184967756271,1.11763632297516,1.05666673183441,0.870000004768372,1.58200001716614,1,1,0.255660057067871,0.0739999269776317,0,0,0.47887324,96.61764706,0.33802817,91.70833333,0.01408451,81,0.16901408,92.33333333,NA,-0.165717571973801,1.04656481742859,-0.0344077162444592,1.47597372531891,-0.487404623452355,4.36068673928579,-3.44077162444592,12.2997810443242,0.3902439,0.8,0.56338028,0.5625,0.875,0.75,0.42253521,0.63636364,0.14084507,6,3,4,2,3,8,13,0.46153846,0.23076923,0.30769231,0.15384615,0.23076923,0.61538462,0.916811281544082,74,20,44.39442,20,59.35647,61.94419,51.39647,34.93001,53.67138,43.08801,69.45102,49.55616,73.62085,52.79176,56.95683,51.74716,-0.04803,4.00505,92.98,37.46,36.4,109.88,92.02,106.82,106.18,83.24,91.66,117.94,116.66,122.84,109.753521126761,92.4481690140845,103.411267605634,0.47887324,0.33802817,0.16901408,0.01408451,96.6588278377757,91.5916646321615,92.3333333333333,80.5999984741211,-3.79595318962546,1.20473861694336,-7.17567443847656,4.6528115272522,10.9282127829159,4.06641356150309,4.06066417694092,-7.63522052764893,-0.189376290887594,1.05312335118651,1.48606387525797,-0.0350487045943737,-0.556989090845865,4.38801396327714,12.3838656271497,-3.50487045943737,0.33333333,0.8,0.56338028,0.5,0.85714286,0.75,0.49295775,18.71428571,0.01408451,0.47887324,0.33802817,0.16901408,NA,80.8684997558594,96.9564711626838,91.8633219401042,92.6009724934896,NA,5.36999988555908,-3.43126656027401,1.74208243687948,-6.91197331746419,NA,-9.37298965454102,9.81252602969899,2.79405943552653,2.53933016459147,NA,-0.0350487045943737,-0.189376290887594,1.05312335118651,1.48606387525797,NA,-3.50487045943737,-0.556989090845865,4.38801396327714,12.3838656271497,NA,0.33333333,0.8,0.56338028,0.5,0.85714286,0.75,0.49295775,13,91.8319467397837,6.61679546649639,1,0.07692308,112.02,7,0.53846154,"2024-09-27",0
"Taj Bradley",22543,"2024-09-21","TOR",12,2024,"TBR","H",23,1,0,1.8,1,1,0,0,0,0,0,0,5,23,6,1,1,0,2,0,0,0,0,4,7.2,3.6,10.8,2,0.125,0,8,3,6,0,1,0,0,0.17391304,0.08695652,0.08695652,4.41038314506098,0,0.285714285714286,1.6,0.352941176470588,0.875,2.7664797782898,-0.966479778289795,3.67368482202292,46.5046635717358,68.9107210195186,89.5468808182099,2.666666666,0.352941176,0.470588235,0.176470588,0,0,3,5.4,36,67,103,0.163629993796349,-0.277938067913055,0.441568046808243,1.26020002365112,0.138407453894615,1.09858334064484,0.908240020275116,0.870000004768372,1.1956000328064,1,1,0.0619883164763451,0.0869580472108218,0,0,0.5631068,96.62068966,0.21359223,91.54545455,0.04854369,80.2,0.17475728,91.55555556,NA,1.65309381484985,-0.311307370662689,-0.391140520572662,-0.816285073757172,2.85016174974113,-1.41503350301222,-7.82281041145325,-4.53491707642873,0.28846154,0.78431373,0.53398058,0.73333333,0.825,0.8,0.49514563,0.60869565,0.10679612,4,8,5,2,12,3,17,0.23529412,0.47058824,0.29411765,0.11764706,0.70588235,0.17647059,4.93172901882867,54,54.89388,44.23108,59.93983,66.70137,62.23242,57.65661,34.2752,55.22203,46.06968,59.95478,59.83645,64.11844,59.81284,59.06299,57.4206,-0.48422,3.35076,91.8,122.84,113.7,119.8,100.16,120.04,108.68,73.5,76.3,111.72,104.76,120.9,114.65359223301,96.3704854368932,110.54,0.5631068,0.21359223,0.17475728,0.04854369,96.5310311153017,91.4545454545455,91.4555528428819,80.1,-4.04240259630927,0.863128141923384,-6.8957396613227,3.29066581726074,11.3257793558055,3.88390974564986,3.48937373691135,-10.0285598754883,1.66732413694263,-0.320606127381325,-0.831092868000269,-0.376262694597244,2.87469678783211,-1.45730057900602,-4.61718260000149,-7.52525389194489,0.27659574,0.75,0.53398058,0.61538462,0.85714286,0.8,0.54368932,19.83544304,0.04854369,0.5631068,0.21359223,0.17475728,NA,79.8666015625,96.2718127020474,91.1879605379972,91.1890123155382,NA,4.27086410522461,-3.35746686211948,1.79948303916238,-6.244691212972,NA,-12.3792602539062,9.9975428087958,2.29624730890447,1.8447937435574,NA,-0.376262694597244,1.66732413694263,-0.320606127381325,-0.831092868000269,NA,-7.52525389194489,2.87469678783211,-1.45730057900602,-4.61718260000149,NA,0.2826087,0.73684211,0.53398058,0.61538462,0.85714286,0.8,0.55339806,17,88.6325755399816,-0.340811729431152,0,0,102.161,5,0.29411765,"2024-09-21",0
"Taj Bradley",22543,"2024-09-15","@CLE",12,2024,"TBR","A",23,0,1,4.15384645857051,1,1,0,0,0,0,0,0,4.1,21,5,2,2,0,3,0,0,0,0,6,12.4615393757115,6.23076968785577,10.3846161464263,2,0.333333333,0,3,6,3,0,1,0,0,0.28571429,0.14285714,0.14285714,4.42658622174904,0,0.277777777777778,1.8461539815869,0.416666666666667,0.75,2.47417203519471,1.6796744233758,4.56772228969923,107.318462269149,61.4289566178167,111.788360137602,0.5,0.25,0.25,0.5,0,0,0,0,39,60,99,0.00450798776000738,-0.361503958702087,0.366011947393417,0.248000040650368,0.0261603407561779,1.12290906906128,0.84552001953125,0.870000004768372,1.81159996986389,1,1,-0.0384497120976448,0.0424642738143615,0,0,0.3030303,96.43333333,0.26262626,91.53846154,0.09090909,79.88888889,0.34343434,91.02941176,NA,-0.134154707193375,-1.40908420085907,-0.0720879882574081,1.03660547733307,-0.447182357311249,-5.41955461868873,-0.800977647304535,3.04883963921491,0.35820896,0.8125,0.50505051,0.66666667,0.80769231,0.74,0.32323232,0.71428571,0.13131313,6,3,3,2,6,4,12,0.5,0.25,0.25,0.16666667,0.5,0.33333333,3.06819336579639,49,37.86917,40.53347,49.02165,43.47307,53.64911,40.71836,74.31893,56.03802,75.50314,49.72316,59.52642,38.52356,50.32377,57.12941,47.35744,0.1053,4.23504,117.04,82.02,76.1,112.66,61.94,66.84,111.86,127.86,139.4,111.8,73.96,90.16,112.560408163265,85.320612244898,94.7936734693877,0.3030303,0.26262626,0.34343434,0.09090909,96.336669921875,91.469228891226,90.9823572495404,79.7666693793403,-3.76603444417318,1.29062403165377,-5.63525255988626,3.61209318372938,10.2976094563802,3.82192758413462,2.66574769861558,-8.84706624348958,-0.141497951000929,-1.42881884425879,1.04279739037156,-0.0745437853038311,-0.471659836669763,-5.49545709330302,3.06705114815165,-0.828264281153679,0.33333333,0.80555556,0.50505051,0.61904762,0.82758621,0.74,0.36363636,21.33333333,0.09090909,0.3030303,0.26262626,0.34343434,NA,79.8483683268229,96.4333170572917,91.5570068359375,91.0730052274816,NA,4.10973230997721,-3.41353581746419,1.89813657907339,-5.27893694709329,NA,-10.2973276774089,9.37713114420573,2.85844568105844,1.57190536050236,NA,-0.0745437853038311,-0.141497951000929,-1.42881884425879,1.04279739037156,NA,-0.828264281153679,-0.471659836669763,-5.49545709330302,3.06705114815165,NA,0.33333333,0.76923077,0.50505051,0.6,0.83333333,0.74,0.39393939,12,85.4387919108073,21.2044003804525,0,0,109.309,4,0.33333333,"2024-09-15",0
"Taj Bradley",22543,"2024-09-10","@PHI",12,2024,"TBR","A",23,0,0,4.5,1,1,1,0,0,0,0,0,6,26,6,4,3,2,2,0,0,0,0,6,9,3,9,3,0,0,8,8,2,1,0,0,0,0.23076923,0.07692308,0.15384615,4.05084150826708,3,0.25,1.33333333333333,0.25,0.76923077,6.49981311162313,-1.99981311162313,4.18249098658562,116.261658929339,164.467274319355,102.204741585627,1,0.111111111,0.444444444,0.444444444,0.125,0.25,4,6,27,63,90,-0.140773966908455,-0.55239200592041,0.411618053913116,-0.99399995803833,-0.101792104542255,0.854061543941498,0.923533320426941,0.870000004768372,1.51020002365112,1,1,-0.13645501434803,-0.0283738178445335,0,0,0.26666667,96.5,0.43333333,91.38461538,0.02222222,81.5,0.27777778,91.72,NA,-2.5475869178772,0.342562139034271,-0.0344077162444592,0.469596743583679,-10.614945491155,0.878364459062234,-1.72038581222296,1.87838697433472,0.42553191,0.69767442,0.55555556,0.5,0.93333333,0.76,0.47777778,0.61538462,0.13333333,7,7,4,2,9,7,18,0.38888889,0.38888889,0.22222222,0.11111111,0.5,0.38888889,5.25083068408538,41,20.18371,48.38728,20,80,52.40942,80,42.93188,43.14832,27.62407,67.31921,49.1116,69.18072,61.4464,50.0071,51.03514,-0.58571,3.19853,104.88,92.56,86.54,106.48,122.92,132.82,108.74,95.12,101.6,112.08,122.8,133.26,108.979333333333,110.165333333333,118.385111111111,0.26666667,0.43333333,0.27777778,0.02222222,96.4749959309896,91.2384627904647,91.64400390625,81.4000015258789,-3.75095748901367,1.36816572531676,-6.63357238769531,3.15767288208008,10.9170811971029,3.75659570938502,3.83933135986328,-8.51651763916016,-2.52499514073133,0.342593643814325,0.47572173923254,-0.0350487045943737,-10.5208130863806,0.878445240549552,1.90288695693016,-1.75243522971869,0.42553191,0.69767442,0.55555556,0.5,0.93333333,0.76,0.47777778,17.796875,0.02222222,0.26666667,0.43333333,0.27777778,NA,81.0187530517578,96.0995483398438,90.8368514623397,91.24310546875,NA,3.23065996170044,-3.53267510732015,1.80784176557492,-6.6306201171875,NA,-10.1190395355225,9.88532702128092,2.24048047188001,2.49152267456055,NA,-0.0350487045943737,-2.52499514073133,0.342593643814325,0.47572173923254,NA,-1.75243522971869,-10.5208130863806,0.878445240549552,1.90288695693016,NA,0.44444444,0.66666667,0.55555556,0.55,0.9,0.76,0.5,18,93.1789347330729,12.6288223266602,4,0.22222222,113.933,9,0.5,"2024-09-10",0
"Taj Bradley",22543,"2024-09-05","MIN",12,2024,"TBR","H",23,0,1,5.14285714285714,1,1,0,0,0,0,0,0,7,27,6,4,4,2,1,0,0,1,0,10,12.8571428571429,1.28571428571429,7.71428571428571,10,0,0,8,5,3,1,0,0,0,0.37037037,0.03703704,0.33333333,2.12329012941333,2.57142857142857,0.230769230769231,1,0.285714285714286,0.71428571,4.45219406400408,0.690663078853063,1.81791435416256,132.870467347816,112.057430035006,43.3798218584406,1.6,0.1875,0.5,0.3125,0.2,0.4,3,3.85714285714286,32,69,101,-0.134997934103012,-0.437673985958099,0.302676051855087,-0.835800111293793,-0.0917957201600075,0.653842866420746,0.674171447753906,0.870000004768372,0.831200003623962,1,1,0.0382091626524925,-0.24467762936838,0,0,0.41,97,0.37,90.78378378,0.05,80.6,0.17,92.11764706,0.00990099,-1.37992143630981,2.20084571838379,-0.00640716403722763,-0.556851267814636,-3.36566203978004,5.94823167130754,-0.128143280744553,-3.27559569302727,0.36666667,0.675,0.49,0.40909091,0.77777778,0.6122449,0.4,0.55555556,0.18811881,6,6,4,2,11,3,16,0.375,0.375,0.25,0.125,0.6875,0.1875,4.22282873499652,53,28.56586,50.85208,41.04522,56.08204,68.74892,44.52357,64.02174,68.1776,63.22549,66.89426,47.18033,70.75089,60.37368,64.01431,58.65691,-0.51907,3.29849,108.18,61.3,69.06,117.98,91.98,112.36,114.26,104.4,120.62,95.02,126.9,123.88,112.2104,100.9778,115.2096,0.41,0.37,0.17,0.05,96.9658560403963,90.745948585304,92.0999971277573,80.5799987792969,-4.19192467666254,2.10874176025391,-7.07886325611788,3.18424224853516,11.5301245712652,3.27664246430268,5.83731842041016,-9.82212066650391,-1.40487771108747,2.22612160071731,-0.547506518661976,-0.00782480835914612,-3.42653100265235,6.01654486680353,-3.22062658036456,-0.156496167182922,0.39622642,0.59574468,0.49,0.38095238,0.78571429,0.6122449,0.47,16.87837838,0.05,0.41,0.37,0.17,NA,80.2684997558594,96.6523675685976,90.4177839949324,91.7650577320772,NA,4.05432014465332,-3.59546307819646,2.95603076831715,-6.48684827019187,NA,-12.3056396484375,9.97507830363948,1.4216190028835,3.89140409581801,NA,-0.00782480835914612,-1.40487771108747,2.22612160071731,-0.547506518661976,NA,-0.156496167182922,-3.42653100265235,6.01654486680353,-3.22062658036456,NA,0.40384615,0.58333333,0.49,0.38095238,0.78571429,0.6122449,0.48,16,92.2447052001953,14.4527263641357,1,0.0625,105.338,6,0.375,"2024-09-05",0
"Taj Bradley",22543,"2024-08-30","SDP",12,2024,"TBR","H",23,0,1,30.8571470610955,1,1,0,0,0,0,0,0,2.1,17,8,8,8,1,2,0,0,1,0,2,7.71428676527388,7.71428676527388,30.8571470610955,1,0,0,2,5,6,0,0,0,0,0.11764706,0.11764706,0,6.37134846167709,3.85714338263694,0.533333333333333,4.2857148695966,0.583333333333333,0.23255814,9.5950520826847,21.2620949784108,7.26364120695917,797.222912699901,243.691479957027,178.856270614375,0.4,0.461538461,0.153846153,0.384615384,0,0.2,4,15.4285735305478,24,47,71,-0.435407966375351,-0.537559986114502,0.102151989936829,-6.49880027770996,-0.713761687278748,0.883126318454742,0.614666700363159,0.870000004768372,1.05979990959167,1,1,-0.437895536422729,-0.0551346873137906,0,0,0.46478873,96.12121212,0.14084507,91.3,0.1971831,79.07142857,0.1971831,91.64285714,NA,-0.574042975902557,-0.38845431804657,-0.043900053948164,-2.67436599731445,-1.73952416940169,-3.8845431804657,-0.313571813915457,-19.1026142665318,0.38888889,0.62857143,0.50704225,0.71428571,0.86363636,0.80555556,0.49295775,0.76470588,0.09859155,3,6,4,0,5,8,13,0.23076923,0.46153846,0.30769231,0,0.38461538,0.61538462,12.0689335607132,5,26.39872,44.51687,45.69708,79.06081,68.73333,68.86131,74.84529,50.03692,80,80,76.22739,80,72.81385,63.60745,75.2687,-1.29193,2.1392,104.32,73.2,67.62,121.28,102.34,124.96,103.18,130.62,124.16,120.36,96.38,119.04,115.205070422535,99.4019718309859,112.373521126761,0.46478873,0.14084507,0.1971831,0.1971831,96.10302734375,91.2799987792969,91.471426827567,78.9571446010045,-4.16601053873698,1.16278953552246,-8.06560025896345,4.26932988848005,12.1790669759115,4.42884559631348,4.08076122828892,-11.0191737583705,-0.569142401218414,-0.389906890690327,-2.71686942130327,-0.0478870719671249,-1.7246739430861,-3.89906890690327,-19.4062101521662,-0.342050514050892,0.36666667,0.6097561,0.50704225,0.63636364,0.88,0.80555556,0.57746479,19.44444444,0.1971831,0.46478873,0.14084507,0.1971831,NA,79.2901088169643,96.4358132102273,91.6203369140625,91.8026471819196,NA,5.00075585501535,-3.61704924612334,1.90417938232422,-7.66770662580218,NA,-12.9392787388393,10.5557140003551,2.73595905303955,2.46278245108468,NA,-0.0478870719671249,-0.569142401218414,-0.389906890690327,-2.71686942130327,NA,-0.342050514050892,-1.7246739430861,-3.89906890690327,-19.4062101521662,NA,0.39285714,0.58139535,0.50704225,0.63636364,0.88,0.80555556,0.6056338,13,96.8788499098558,16.2561187744141,2,0.15384615,107.672,10,0.76923077,"2024-08-30",0
"Taj Bradley",22543,"2024-08-24","@LAD",12,2024,"TBR","A",23,0,0,7.5,1,1,0,0,0,0,0,0,6,25,7,6,5,2,0,0,0,0,0,5,7.5,0,10.5,5,0.142857142,0,7,8,4,1,1,0,0,0.2,0,0.2,3.72252108401489,3,0.28,1.16666666666667,0.277777777777778,0.23809524,5.83314644495646,1.66685355504354,3.51582431991895,193.769431548899,147.403604087241,85.6196951913929,0.875,0.210526315,0.368421052,0.421052631,0.125,0.25,5,7.5,36,63,99,-0.459339946508408,-0.776419937610626,0.317079991102219,-3.13199996948242,-0.331428587436676,0.886560022830963,0.822000026702881,0.698000013828278,0.726000010967255,1,1,-0.162056133151054,-0.356058754368511,0,0,0.4040404,97.3,0.19191919,90.78947368,0.14141414,80.64285714,0.26262626,91.96153846,NA,2.93769454956055,0.221749186515808,-2.12003397941589,-2.38700461387634,7.34423637390137,1.16710098166215,-15.1430998529707,-9.18078697644747,0.18518519,0.71111111,0.42424242,0.6,0.84375,0.78571429,0.45454545,0.68,0.09090909,8,4,7,1,7,11,20,0.42105263,0.21052632,0.36842105,0.05263158,0.36842105,0.57894737,5.96876727962637,36,31.48834,43.97327,31.43364,75.37811,58.47101,73.56026,20,69.30987,27.79984,62.00083,54.35728,65.95058,54.94253,56.7241,54.39199,-0.18165,3.80462,111.98,75.36,78.88,101.66,118.84,127.6,124.28,50.26,67.64,113.9,107.64,124.06,110.767142857143,96.3610204081633,108.075918367347,0.4040404,0.19191919,0.26262626,0.14141414,97.2349975585937,90.8105276007401,91.9653883713942,80.6214250837054,-3.39363059997559,2.11880392777292,-6.42185739370493,2.95526586260114,10.1058975219727,2.47170639038086,3.06298329279973,-8.9902948651995,3.02206397801638,0.22870784252882,-2.40207535028458,-2.13419812172651,7.55515994504094,1.20372548699379,-9.23875134724837,-15.2442722980465,0.19148936,0.65384615,0.43434343,0.55555556,0.85294118,0.79069767,0.52525253,17.02702703,0.14141414,0.4040404,0.19191919,0.26262626,NA,80.3035975864955,96.9267700195312,90.4756437602796,91.6506817157452,NA,3.4792663029262,-2.92575397491455,2.71814426622893,-6.14732478215144,NA,-10.6897626604353,9.14664459228516,1.20385149905556,1.84948921203613,NA,-2.13419812172651,3.44745323807001,0.22870784252882,-2.40207535028458,NA,-15.2442722980465,8.61863309517503,1.20372548699379,-9.23875134724837,NA,0.19565217,0.64150943,0.43434343,0.55555556,0.85294118,0.79069767,0.53535354,20,90.8438977693257,23.2007815712377,2,0.1,102.717,6,0.3,"2024-08-24",0
"Taj Bradley",22543,"2024-08-19","@OAK",12,2024,"TBR","A",23,0,1,4.5,1,1,1,0,0,0,0,0,6,24,5,3,3,1,3,0,0,0,0,2,3,4.5,7.5,0.66666667,0,0,7,8,3,2,0,1,0,0.08333333,0.125,-0.04166667,6.66862492111244,1.5,0.238095238095238,1.33333333333333,0.222222222222222,0.75757576,6.1664797782898,-1.6664797782898,6.01582431991895,116.261658929339,155.935439203298,147.813619169769,0.875,0.166666666,0.388888888,0.444444444,0.25,0.125,0,0,36,53,89,-0.111819997429848,-0.342148035764694,0.230328038334846,-0.281999945640564,-0.0309210568666458,0.590366661548615,0.564199984073639,0.870000004768372,0.184799998998642,1,1,-0.0590089149773121,-0.130398795032139,0,0,0.37078652,96.42424242,0.21348315,91.10526316,0.11235955,79.5,0.30337079,91.74074074,NA,-1.56124436855316,0.233354195952415,0.125146508216858,1.37168335914612,-4.73104354107019,1.22817997869692,1.25146508216858,5.08030873757821,0.29090909,0.76470588,0.47191011,0.5,0.84615385,0.71428571,0.38202247,0.66666667,0.13483146,8,5,6,2,6,11,19,0.42105263,0.26315789,0.31578947,0.10526316,0.31578947,0.57894737,5.92846714446009,46,28.78415,41.81769,27.69779,62.80769,62.35086,57.40653,25.97831,52.70564,38.0724,36.98621,48.81032,52.31941,40.28293,54.20009,43.42254,0.7291,5.17074,82.12,79.6,67.5,103.28,98.06,106.78,105.22,72.34,76.32,89.18,91.92,86.28,96.9461363636364,88.8175,89.7961363636364,0.37078652,0.21348315,0.30337079,0.11235955,96.3545439749053,91.0368395353618,91.6555537471065,79.3400024414063,-4.34119854551373,1.37712398328279,-7.6320405183015,2.27507705688477,11.0054256554806,3.40939210590563,5.84314812554253,-9.77933807373047,-1.55897104367614,0.233016453683376,1.39494158327579,0.124769870191813,-4.72415467780648,1.22640238780724,5.16645030842887,1.24769870191813,0.27083333,0.70731707,0.47191011,0.38461538,0.86206897,0.71428571,0.46067416,17.90769231,0.11235955,0.37078652,0.21348315,0.30337079,NA,79.5746276855469,96.6014293323864,91.2662417763158,91.8731825086806,NA,3.52157096862793,-3.268322800145,2.68800715396279,-6.57454992223669,NA,-11.5716400146484,9.45251557321259,1.68873977661133,4.06110579879196,NA,0.124769870191813,-1.55897104367614,0.233016453683376,1.39494158327579,NA,1.24769870191813,-4.72415467780648,1.22640238780724,5.16645030842887,NA,0.25,0.73170732,0.47191011,0.41666667,0.83333333,0.71428571,0.46067416,19,96.2873806423611,21.3738081190321,2,0.10526316,109.293,13,0.68421053,"2024-08-19",0
"Taj Bradley",22543,"2024-08-12","HOU",12,2024,"TBR","H",23,0,1,12.4615393757115,1,1,0,0,0,0,0,0,4.1,24,8,6,6,2,2,0,1,0,0,6,12.4615393757115,4.15384645857051,16.6153858342821,3,0,0,7,5,3,0,0,0,0,0.25,0.08333333,0.16666667,3.8192360248662,4.15384645857051,0.380952380952381,2.30769247698362,0.461538461538462,0.6097561,8.47417247535212,3.98736690035942,4.21879724728181,321.955386807446,215.001999972891,103.107953112698,1.4,0.2,0.466666666,0.333333333,0,0.4,1,2.07692322928526,32,61,93,-0.318744003772736,-0.525125980377197,0.2063819617033,-4.24780035018921,-0.466534852981567,0.657541692256927,0.621640026569366,0.870000004768372,0.751200020313263,1,1,-0.326108306646347,-0.158642709944993,0,0,0.3655914,96.58823529,0.19354839,91,0.21505376,79.1,0.22580645,91.42857143,NA,-0.636431992053986,-0.477026551961899,-0.105203464627266,-2.48916530609131,-1.87185880015878,-2.65014751089944,-0.52601732313633,-11.8531681242443,0.39285714,0.72972973,0.52688172,0.59090909,0.85185185,0.73469388,0.39784946,0.58333333,0.13978495,7,5,3,1,10,4,15,0.46666667,0.33333333,0.2,0.06666667,0.66666667,0.26666667,7.52089722677024,21,57.5642,43.88873,57.98375,42.28676,68.78509,23.72141,61.13284,58.92447,67.97505,30.3862,61.1374,34.90115,42.25986,59.98475,37.48121,0.60628,4.98651,96.26,118.54,105.64,117.04,65.02,86.22,105.24,116.16,120.92,113.64,67.96,83.78,109.519569892473,87.0916129032258,96.5615053763441,0.3655914,0.19354839,0.22580645,0.21505376,96.5029440487132,90.9333360460069,91.3380940755208,78.975,-3.4635882658117,1.35503599378798,-7.55968075706845,3.34891662597656,11.7832937801585,3.15178320142958,4.56273033505394,-10.0851051330566,-0.61138778924942,-0.425515685230494,-2.5135784894228,-0.0839913263916969,-1.79819938014535,-2.3639760290583,-11.9694213782038,-0.419956631958485,0.36734694,0.70454545,0.52688172,0.61111111,0.80645161,0.73469388,0.47311828,17.20289855,0.21505376,0.3655914,0.19354839,0.22580645,NA,78.9176513671875,96.4637379365809,90.8644205729167,91.2705543154762,NA,4.20093154907227,-2.6600554971134,2.10750283135308,-6.99805850074405,NA,-12.2249298095703,10.5361902573529,1.69406403435601,2.90999330793108,NA,-0.0839913263916969,-0.61138778924942,-0.425515685230494,-2.5135784894228,NA,-0.419956631958485,-1.79819938014535,-2.3639760290583,-11.9694213782038,NA,0.34042553,0.7173913,0.52688172,0.5625,0.81818182,0.73469388,0.49462366,15,89.4514729817708,5.05345611572266,1,0.06666667,106.608,6,0.4,"2024-08-12",0
"Taj Bradley",22543,"2024-08-07","@STL",12,2024,"TBR","A",23,0,1,9.64285845659235,1,1,0,0,0,0,0,0,4.2,26,9,5,5,0,3,0,0,0,0,3,5.78571507395541,5.78571507395541,17.3571452218662,1,0.222222222,0,9,7,4,0,2,0,0,0.11538462,0.11538462,0,5.8937527540993,0,0.391304347826087,2.57142892175796,0.45,0.58333333,3.80933700872929,5.83352144786307,6.07734992705432,249.132160218719,95.6031788386108,149.34422674293,1.285714285,0.2,0.45,0.35,0,0,1,1.92857169131847,37,55,92,-0.316551953554153,-0.623095989227295,0.306544035673141,-3.17700004577637,-0.335126608610153,0.893569231033325,0.682080030441284,0.870000004768372,0.464800000190735,1,1,-0.243319794535637,-0.11093586082986,0,0,0.45652174,95.47619048,0.19565217,91.05555556,0.0326087,77.33333333,0.31521739,90.89655172,NA,-0.656209230422974,-1.30350720882416,-0.042889129370451,-0.740845322608948,-1.56240292957851,-7.24170671568976,-1.4296376456817,-2.55463904347913,0.17021277,0.75555556,0.45652174,0.375,0.91176471,0.80952381,0.48913043,0.57692308,0.08695652,10,6,4,3,8,9,20,0.5,0.3,0.2,0.15,0.4,0.45,3.94354298435346,31,20,43.6486,20,55.45632,54.50494,51.63667,35.53913,48.98664,52.5053,34.74351,46.7591,46.81084,40.31116,50.45606,45.60238,0.72734,5.1681,84.6,57.26,54.72,96.18,81.86,87.62,101.5,92.8,89.82,94.78,75.14,73.2,96.4019565217391,81.08,82.4321739130435,0.45652174,0.19565217,0.31521739,0.0326087,95.4214274088542,91.022223578559,90.8103448275862,77.3333333333333,-3.89373597644624,1.31349531809489,-6.64993917530981,1.85421625773112,10.5995105561756,4.08677715725369,4.76398915257947,-9.0887565612793,-0.665294792503119,-1.32208284363151,-0.714255291968584,-0.0440064929425716,-1.58403522024552,-7.3449046868417,-2.46294928265029,-1.46688309808572,0.11111111,0.67857143,0.45652174,0.25,0.86842105,0.80952381,0.60869565,18.15384615,0.0326087,0.45652174,0.19565217,0.31521739,NA,77.5756683349609,95.6682942708333,91.2564968532986,91.0487271012931,NA,1.87263933817546,-3.73353177025205,1.66928757561578,-6.5584743105132,NA,-10.4998734792074,9.70827956426711,2.90823449028863,3.64014934671336,NA,-0.0440064929425716,-0.665294792503119,-1.32208284363151,-0.714255291968584,NA,-1.46688309808572,-1.58403522024552,-7.3449046868417,-2.46294928265029,NA,0.11428571,0.66666667,0.45652174,0.25,0.86842105,0.80952381,0.61956522,20,93.5507446289062,4.30761871337891,3,0.15,111.017,11,0.55,"2024-08-07",0
"Taj Bradley",22543,"2024-07-31","MIA",12,2024,"TBR","H",23,0,1,7.2,1,1,0,0,0,0,0,0,5,20,4,4,4,2,1,0,0,1,0,6,10.8,1.8,7.2,6,0,0,4,8,1,1,0,0,0,0.3,0.05,0.25,3.30614908401489,3.6,0.210526315789474,1,0.181818181818182,0.45454545,6.56647977828979,0.633520221710206,3.78569322824478,186.018654286943,166.173641342566,92.3333777388106,0.5,0.076923076,0.307692307,0.615384615,0.125,0.25,2,3.6,32,62,94,-0.262343943119049,-0.504679918289185,0.242336004972458,-1.73979997634888,-0.191081821918488,0.845095217227936,0.834519982337952,0.870000004768372,0.608400046825409,1,1,-0.0810774713754654,-0.229353753143334,0,0,0.37234043,95.88571429,0.22340426,89.76190476,0.06382979,79.83333333,0.34042553,90.125,NA,-0.701779007911682,-0.474083632230759,0.380117028951645,-0.106563434004784,-2.00508287974766,-2.25754110586076,6.33528381586075,-0.333010731264949,0.35714286,0.68421053,0.4893617,0.65,0.80769231,0.73913043,0.40425532,0.55,0.12765957,6,4,3,1,8,4,13,0.46153846,0.30769231,0.23076923,0.07692308,0.61538462,0.30769231,5.01023284795476,41,80,40.09518,80,36.16569,56.44089,28.14781,27.22091,52.92771,37.0951,55.11244,61.55961,59.54296,41.21776,58.57394,40.99196,0.67102,5.08362,94.44,150.36,133.78,111.48,71.04,81.2,98.66,69.08,70.42,104.48,103.42,116.16,105.145319148936,86.688085106383,94.0491489361702,0.37234043,0.22340426,0.34042553,0.06382979,95.8428571428571,89.7238130115327,90.0437469482422,79.7333323160807,-3.90678187779018,1.28506142752511,-7.85864162445068,3.26828543345133,11.0226370675223,4.19646199544271,3.64449691772461,-9.29222806294759,-0.697514567524195,-0.457399755716324,-0.110331170260906,0.384404845535755,-1.99289876435484,-2.17809407483964,-0.344784907065332,6.40674742559592,0.38,0.61363636,0.4893617,0.57894737,0.85185185,0.73913043,0.46808511,15.97297297,0.06382979,0.37234043,0.22340426,0.34042553,NA,79.8087005615234,95.9417201450893,89.8052978515625,90.1257858276367,NA,4.16302490234375,-3.10510711669922,2.43477194649833,-7.05162143707275,NA,-11.3826497395833,9.64383021763393,2.40414210728237,1.90824782848358,NA,0.384404845535755,-0.697514567524195,-0.457399755716324,-0.110331170260906,NA,6.40674742559592,-1.99289876435484,-2.17809407483964,-0.344784907065332,NA,0.38,0.61363636,0.4893617,0.57894737,0.85185185,0.73913043,0.46808511,13,88.2711838942308,22.1805372971755,1,0.07692308,107.778,5,0.38461538,"2024-07-31",0
"Taj Bradley",22543,"2024-07-25","@TOR",12,2024,"TBR","A",23,1,0,0,1,1,1,0,0,0,0,0,6,21,2,0,0,0,1,0,0,0,0,7,10.5,1.5,3,7,0.142857142,0,7,5,1,2,1,0,0,0.33333333,0.04761905,0.28571429,2.57112137133589,0,0.1,0.5,0.153846153846154,1,1.33314644495646,-1.33314644495646,2.59315345014135,0,32.2238300204743,62.6658864185887,1.4,0.076923076,0.538461538,0.384615384,0.4,0,12,18,27,56,83,0.258448004722595,-0.108566015958786,0.367014020681381,2.87400007247925,0.303645014762878,0.855000019073486,0.822799980640411,0.923799991607666,0.0162000004202127,1,1,0.323949158191681,-0.0216707968383557,0,0,0.43373494,95.47222222,0.1686747,89.14285714,0.09638554,77.625,0.30120482,90.28,NA,1.63555765151978,-0.242910116910934,0.0536888763308525,1.3983690738678,4.54321569866604,-1.73507226364953,0.671110954135656,5.59347629547119,0.31914894,0.72222222,0.4939759,0.66666667,0.76923077,0.73170732,0.43373494,0.57142857,0.13253012,5,5,3,3,5,5,13,0.38461538,0.38461538,0.23076923,0.23076923,0.38461538,0.38461538,0.243014133994531,76,20,42.33068,22.96179,62.9843,64.25179,58.26924,48.95474,53.7992,59.20788,69.46453,59.01595,74.73339,57.77133,60.05979,61.03089,-0.35739,3.54101,80.98,85.38,69.96,113.78,95.84,113.9,101.04,108.8,107.92,95.02,115.8,119.88,102.819036144578,103.029879518072,110.45734939759,0.43373494,0.1686747,0.30120482,0.09638554,95.4444444444444,89.1428571428571,90.167998046875,77.6875,-4.53982459174262,1.77844061170306,-7.96572509765625,3.70469856262207,12.0108922322591,3.4593573978969,5.16556213378906,-11.1304111480713,1.65068332850933,-0.244940981268883,1.39613169059157,0.0534716248512268,4.58523146808147,-1.74957843763488,5.58452676236629,0.668395310640335,0.28947368,0.66666667,0.4939759,0.72727273,0.73333333,0.73170732,0.54216867,16.87096774,0.09638554,0.43373494,0.1686747,0.30120482,NA,77.6050338745117,95.364983452691,89.0453491210938,90.07015625,NA,4.93070268630981,-3.64857864379883,2.86329650878906,-7.20668212890625,NA,-13.231575012207,10.6544537014431,1.82553059714181,3.60966003417969,NA,0.0534716248512268,1.65068332850933,-0.244940981268883,1.39613169059157,NA,0.668395310640335,4.58523146808147,-1.74957843763488,5.58452676236629,NA,0.33333333,0.63636364,0.4939759,0.61538462,0.78571429,0.73170732,0.53012048,13,86.1898756760817,12.4239771916316,0,0,108.953,2,0.15384615,"2024-07-25",0
"Taj Bradley",22543,"2024-07-20","@NYY",12,2024,"TBR","A",23,1,0,0,1,1,1,0,0,0,0,0,7,23,1,0,0,0,2,0,0,0,0,5,6.42857142857143,2.57142857142857,1.28571428571429,2.5,0.076923076,0,13,2,1,0,1,0,0,0.2173913,0.08695652,0.13043478,2.82788976032607,0,0.0476190476190476,0.428571428571429,0.0625,1,2.59505120686122,-2.59505120686122,3.0270536086389,0,64.5229201026894,73.4602678073096,6.5,0.0625,0.8125,0.125,0,0,8,10.2857142857143,37,62,99,0.229480013251305,-0.142820000648499,0.372300028800964,3.43700003623962,0.356905519962311,0.631339132785797,0.618742883205414,0.870000004768372,0.0383999980986118,1,1,0.368074148893356,-0.00459277836794747,0,0,0.46464646,97.19565217,0.2020202,90.9,0.08080808,79.875,0.25252525,91.72,NA,1.96031105518341,1.48586988449097,0.120232701301575,0.121209397912025,4.26154577213785,7.42934942245483,1.50290876626968,0.484837591648102,0.25423729,0.775,0.46464646,0.66666667,0.90322581,0.82608696,0.4040404,0.47826087,0.08080808,11,4,1,0,12,4,16,0.6875,0.25,0.0625,0,0.75,0.25,1.60046783800418,80,20,43.95239,20,65.35127,55.31332,61.31967,25.34959,64.70113,39.25964,51.23223,48.5026,60.44902,48.36702,53.25519,49.56441,0.22686,4.41738,99.76,73.6,76.7,101.94,110.1,116.36,107.68,85.32,101.1,91.24,115.34,111.44,100.221414141414,103.467676767677,108.829898989899,0.46464646,0.2020202,0.25252525,0.08080808,97.1260827105978,90.9349975585938,91.60400390625,79.9375,-3.32483739438264,2.3990104675293,-6.35232543945312,3.96933746337891,9.9244968580163,2.92069511413574,4.98530853271484,-9.32296562194824,1.98943568766117,1.53568556159735,0.116010759025812,0.120651859790087,4.32486019056776,7.67842780798674,0.464043036103249,1.50814824737608,0.25454545,0.72727273,0.46464646,0.64285714,0.90625,0.82608696,0.44444444,16.88157895,0.08080808,0.46464646,0.2020202,0.25252525,NA,79.7580261230469,96.9657353940217,90.7477966308594,91.435654296875,NA,3.90568614006042,-3.16621697467306,2.74272899627686,-6.32244873046875,NA,-10.4969053268433,9.12630164104959,1.81334991455078,3.81224029541016,NA,0.120651859790087,1.98943568766117,1.53568556159735,0.116010759025812,NA,1.50814824737608,4.32486019056776,7.67842780798674,0.464043036103249,NA,0.25925926,0.71111111,0.46464646,0.64285714,0.90625,0.82608696,0.45454545,16,92.1201248168945,-2.24714946746826,1,0.0625,107.847,7,0.4375,"2024-07-20",0
"Taj Bradley",22543,"2024-07-12","CLE",12,2024,"TBR","H",23,1,0,0,1,1,1,0,0,0,0,0,7,27,5,0,0,0,2,0,0,0,0,8,10.2857142857143,2.57142857142857,6.42857142857143,4,0,0,6,8,3,1,0,0,0,0.2962963,0.07407407,0.22222222,3.35655487506984,0,0.2,1,0.294117647058824,1,1.73790834971837,-1.73790834971837,3.46591795682907,0,42.5839155185433,84.3781461705733,0.75,0.176470588,0.352941176,0.470588235,0.125,0,2,2.57142857142857,28,69,97,0.401047974824905,-0.267208009958267,0.668255984783173,3.16420006752014,0.347523331642151,1.17137777805328,1.10140001773834,0.870000004768372,1.38119995594025,1,1,0.228749230504036,0.113623642141208,0,0,0.39175258,96.42105263,0.21649485,90.0952381,0.08247423,79,0.30927835,91.3,NA,-0.867171883583069,2.38238501548767,0.473428577184677,0.578333854675293,-2.28203127258702,11.3446905499413,5.91785721480846,1.92777951558431,0.40740741,0.74418605,0.55670103,0.63636364,0.84375,0.75925926,0.44329897,0.7037037,0.13402062,6,5,6,1,13,3,17,0.35294118,0.29411765,0.35294118,0.05882353,0.76470588,0.17647059,1.5618755870289,75,47.29211,45.91611,46.37502,55.53024,61.74563,41.75849,73.60056,63.5087,75.67637,53.68965,50.96542,60.32861,57.20358,57.98033,55.72026,-0.32212,3.59391,89.04,100.3,91.84,108.66,83.22,96.52,112.02,107.96,120.56,103.04,92.5,95.4,106.031134020619,92.8548453608247,100.992164948454,0.39175258,0.21649485,0.30927835,0.08247423,96.3289473684211,89.9761904761905,91.2666666666667,78.8874969482422,-4.00623281378495,2.08848299298968,-6.73909200032552,4.18257713317871,11.1416409141139,2.81588545299712,4.32547200520833,-10.4355945587158,-0.843437843024731,2.39784114062786,0.578436192125082,0.500941332429647,-2.21957327111771,11.418291145847,1.92812064041694,6.26176665537059,0.36170213,0.74,0.55670103,0.52941176,0.86486486,0.75925926,0.51546392,18.05714286,0.08247423,0.39175258,0.21649485,0.30927835,NA,78.7733459472656,96.252884714227,89.8636823381696,91.1619384765625,NA,4.83694267272949,-3.26490944310238,2.88527243477958,-6.22191619873047,NA,-12.2931127548218,9.81995753238076,1.32266880217053,2.74450276692708,NA,0.500941332429647,-0.843437843024731,2.39784114062786,0.578436192125082,NA,6.26176665537059,-2.21957327111771,11.418291145847,1.92812064041694,NA,0.36734694,0.77083333,0.56701031,0.55555556,0.83783784,0.74545455,0.49484536,17,84.8397144990809,14.1505369298598,0,0,101.026,2,0.11764706,"2024-07-12",0
"Taj Bradley",22543,"2024-07-06","@TEX",12,2024,"TBR","A",23,0,0,1.5,1,1,1,0,0,0,0,0,6,24,5,2,1,0,2,0,0,0,0,5,7.5,3,7.5,2.5,0,0,8,7,2,0,0,0,0,0.20833333,0.08333333,0.125,4.34811276528063,0,0.227272727272727,1.16666666666667,0.294117647058824,0.71428571,2.49981311162313,-0.999813111623129,4.26382291888197,38.7538863097798,62.0852529266732,104.228082391328,1.142857142,0.117647058,0.470588235,0.411764705,0,0,3,4.5,33,46,79,0.0121999941766262,-0.347339987754822,0.359539985656738,0.945999979972839,0.0982346832752228,0.799279987812042,0.705466687679291,0.870000004768372,1.9099999666214,1,1,0.174853652715683,-0.159589922405079,0,0,0.37974684,95.76666667,0.24050633,90.47368421,0.11392405,79.55555556,0.26582278,91.42857143,NA,-0.295470774173737,0.980688214302063,0.0484014376997948,1.03219139575958,-0.984902580579122,5.16151691737928,0.537793752219942,4.91519712266468,0.25531915,0.71875,0.44303797,0.58333333,0.91304348,0.8,0.40506329,0.66666667,0.08860759,7,7,3,1,9,7,17,0.41176471,0.41176471,0.17647059,0.05882353,0.52941176,0.41176471,1.95369129008361,60,45.4335,43.309,58.168,30.96011,52.74346,20,64.62625,51.73718,67.86632,36.3346,53.8988,35.72145,36.81219,51.66709,34.69846,0.94472,5.49417,89.68,90.06,82.48,101.72,65.34,69.64,95.26,118.66,125.92,93.74,63.5,65.06,96.673417721519,80.4908860759494,83.4210126582279,0.37974684,0.24050633,0.26582278,0.11392405,95.7533365885417,90.4631604646382,91.4285714285714,79.6666666666667,-3.43319905598958,1.70165232608193,-6.59759012858073,2.31828117370605,10.3572560628255,3.58349288137336,4.18936120896112,-10.0439843071832,-0.267807889729738,0.992844313383102,1.08503694459796,0.0474290326237679,-0.892692965765794,5.22549638622685,5.16684259332362,0.526989251375198,0.20930233,0.69444444,0.43037975,0.55555556,0.92,0.82352941,0.4556962,16.10909091,0.11392405,0.37974684,0.24050633,0.26582278,NA,79.6722751193576,95.7841471354167,90.4745258532072,91.4346633184524,NA,3.09907446967231,-2.76828460693359,2.54026955052426,-6.06421806698754,NA,-11.808233473036,9.27493591308594,2.18111439755088,2.68749745686849,NA,0.0474290326237679,-0.267807889729738,0.992844313383102,1.08503694459796,NA,0.526989251375198,-0.892692965765794,5.22549638622685,5.16684259332362,NA,0.20930233,0.69444444,0.43037975,0.55555556,0.92,0.82352941,0.4556962,17,93.0829467773438,14.2063474655151,1,0.05882353,107.909,5,0.29411765,"2024-07-06",0
"Taj Bradley",22543,"2024-06-30","WSN",12,2024,"TBR","H",23,1,0,0,1,1,0,0,0,0,0,0,5.2,22,3,0,0,0,2,0,0,0,0,11,17.4705901954415,3.17647094462574,4.7647064169386,5.5,0,0,5,2,2,1,0,0,0,0.5,0.09090909,0.40909091,1.74379725530107,0,0.15,0.882353040173816,0.333333333333333,1,0.342950049733585,-0.342950049733585,0.876600135332877,0,6.87925289080811,19.9622118721774,2.5,0.222222222,0.555555555,0.222222222,0.5,0,4,6.35294188925147,32,67,99,0.207634001970291,-0.149019986391068,0.356653988361359,2.24720001220703,0.246809437870979,0.791730463504791,0.773233354091644,0.870000004768372,1.0511999130249,1,1,0.21173632144928,0.0505170735396508,0,0,0.46464646,96.32608696,0.22222222,90.59090909,0.04040404,78.5,0.27272727,90.92592593,NA,1.78437328338623,0.108887866139412,-0.140017956495285,0.559737026691437,3.87907235518746,0.494944846088236,-3.50044891238213,2.07310009885717,0.45,0.79487179,0.58585859,0.40740741,0.87096774,0.65517241,0.39393939,0.59090909,0.2020202,5,1,3,2,3,4,9,0.55555556,0.11111111,0.33333333,0.22222222,0.33333333,0.44444444,0.566508941314544,74,20,45.84084,20,67.46151,61.50561,53.50649,24.18902,60.83918,36.88867,62.27913,59.42041,56.0738,54.19926,61.26284,44.84603,-0.13547,3.87389,87.46,53.3,45.54,117.28,97.92,115.86,114.62,71.18,76.22,119.7,96.9,112.88,116.14404040404,89.8967676767677,103.397171717172,0.46464646,0.22222222,0.27272727,0.04040404,96.2434825067935,90.5681818181818,90.8888888888889,78.5,-3.62239207392154,2.14289769259366,-6.67329293710214,4.18906784057617,11.2593436863111,3.03429412841797,3.21167246500651,-10.6530160903931,1.82326385378838,0.0938281677663326,0.562732812017202,-0.14266249909997,3.96361707345299,0.426491671665148,2.08419560006371,-3.56656247749925,0.40740741,0.8,0.58585859,0.40909091,0.80555556,0.65517241,0.45454545,17.51948052,0.04040404,0.46464646,0.22222222,0.27272727,NA,78.4890747070312,96.2417204483696,90.5543379350142,90.870361328125,NA,5.05019760131836,-2.89355501921281,3.09857108376243,-6.08196964970341,NA,-12.4295501708984,9.99809265136719,1.26795135844838,1.65116514983001,NA,-0.14266249909997,1.82326385378838,0.0938281677663326,0.562732812017202,NA,-3.56656247749925,3.96361707345299,0.426491671665148,2.08419560006371,NA,0.43137255,0.75,0.58585859,0.40909091,0.80555556,0.65517241,0.48484848,9,87.8681504991319,13.4010882907444,0,0,101.589,4,0.44444444,"2024-06-30",0
"Taj Bradley",22543,"2024-06-24","SEA",12,2024,"TBR","H",23,0,0,1.68750010058284,1,1,0,0,0,0,0,0,5.1,22,2,1,1,1,4,0,0,0,0,8,13.5000008046628,6.75000040233138,3.37500020116569,2,0,0,5,5,0,0,0,0,0,0.36363636,0.18181818,0.18181818,4.10916709325924,1.68750010058284,0.111111111111111,1.12500006705523,0.111111111111111,1,4.85397987887264,-3.1664797782898,3.83398769890937,43.598124697153,122.341341008293,93.5348267936463,1,0,0.5,0.5,0,0.2,1,1.68750010058284,34,54,88,0.120427988469601,-0.270976006984711,0.39140397310257,1.23220002651215,0.135332226753235,0.941681802272797,1.06666672229767,0.870000004768372,1.77859997749329,1,1,0.0485169366002083,0.0793691372083135,0,0,0.46590909,96.51219512,0.14772727,91.69230769,0.03409091,78.33333333,0.35227273,90.80645161,NA,0.253559470176697,-0.153460741043091,0.0692989826202393,0.6560378074646,0.618437732138285,-1.18046723879301,2.30996608734131,2.11625099182129,0.30769231,0.66666667,0.45454545,0.625,0.875,0.775,0.40909091,0.72727273,0.10227273,6,3,1,3,3,4,10,0.6,0.3,0.1,0.3,0.3,0.4,3.46555788927762,58,57.25086,48.30772,55.69781,59.9514,66.14654,55.95339,20,56.90947,30.21209,49.99209,68.16909,50.43499,47.58337,68.48144,45.79973,0.27555,4.49042,91.88,82.64,81.2,116.82,84.88,104.88,104.86,61.2,72.3,129.34,76.7,104.62,118.613409090909,78.4238636363636,99.1681818181818,0.46590909,0.14772727,0.35227273,0.03409091,96.5414622237043,91.6307654747596,90.7645145539314,78.1666666666667,-4.08359174030583,0.721114892225999,-6.86586343088458,4.01466051737467,11.5328994378811,4.93920076810397,2.33919106760333,-11.0163192749023,0.264024060219526,-0.157934192568064,0.654215235263109,0.0698953941464424,0.643961122486649,-1.21487840436972,2.11037172665519,2.32984647154808,0.3255814,0.57777778,0.45454545,0.64285714,0.84615385,0.775,0.51136364,18.6969697,0.03409091,0.46590909,0.14772727,0.35227273,NA,78.2681681315104,96.6263874333079,91.705557016226,90.8274555821573,NA,4.83959007263184,-3.50219875428735,1.75076939509465,-6.31551336473034,NA,-12.7102991739909,10.0673202886814,3.08719224196214,0.835045106949345,NA,0.0698953941464424,0.264024060219526,-0.157934192568064,0.654215235263109,NA,2.32984647154808,0.643961122486649,-1.21487840436972,2.11037172665519,NA,0.31818182,0.59090909,0.45454545,0.64285714,0.84615385,0.775,0.5,10,90.7167907714844,12.6130043029785,3,0.3,110.119,5,0.5,"2024-06-24",0
"Taj Bradley",22543,"2024-06-19","@MIN",12,2024,"TBR","A",23,0,0,3,1,1,1,0,0,0,0,0,6,26,7,2,2,1,2,0,0,0,0,3,4.5,3,10.5,1.5,0,0,8,8,5,1,0,0,0,0.11538462,0.07692308,0.03846154,5.51190363436218,1.5,0.291666666666667,1.5,0.3,0.92105263,5.33314644495646,-2.33314644495646,5.18249098658562,77.5077726195596,134.605851413156,127.082311176977,1,0.238095238,0.38095238,0.38095238,0.125,0.125,2,3,41,63,104,0.0318919979035854,-0.495968014001846,0.5278599858284,0.903999984264374,0.0947589054703712,1.04807686805725,0.988133311271667,0.870000004768372,1.50720000267029,1,1,-0.163337707519531,0.193766771336865,0,0,0.44230769,96.15217391,0.23076923,91.29166667,0.01923077,77.5,0.30769231,89.6875,NA,1.2518298625946,-1.17649793624878,-0.498360604047775,-0.0785307139158249,2.72136926651001,-4.90207473436991,-24.9180302023888,-0.245408480986953,0.21428571,0.79166667,0.48076923,0.83333333,0.84210526,0.84,0.46153846,0.5,0.07692308,7,10,4,2,10,9,21,0.33333333,0.47619048,0.19047619,0.0952381,0.47619048,0.42857143,5.83919582421659,48,31.92303,46.9576,26.39834,55.42268,56.33736,51.25312,26.55861,50.44615,35.85504,46.73323,57.29993,44.79938,44.11185,56.8029,40.08987,0.49122,4.81392,88.52,87.98,85.98,108.9,84.92,96.82,91.18,80.54,81.38,103.7,85.76,100.92,102.648461538462,84.1844230769231,94.1615384615385,0.43269231,0.24038462,0.30769231,0.01923077,96.2,91.25599609375,89.5500030517578,77.8500061035156,-3.85624593098958,0.738827743530273,-5.63424301147461,3.49448108673096,10.8140245225694,5.694140625,2.75894975662231,-8.93986701965332,1.26143852621317,-1.09651642292738,0.0574831813573837,-0.506258588284254,2.80319672491815,-4.38606569170952,0.179634941741824,-25.3129294142127,0.18,0.75925926,0.48076923,0.77777778,0.85365854,0.84,0.51923077,17.98717949,0.01923077,0.43269231,0.24038462,0.30769231,NA,77.6494522094727,96.0252387152778,91.069599609375,89.343376159668,NA,3.8671600818634,-3.53301832411024,1.36147979736328,-5.42691612243652,NA,-9.96752548217773,10.0570638020833,4.75651275634766,1.80326414108276,NA,-0.506258588284254,1.26143852621317,-1.09651642292738,0.0574831813573837,NA,-25.3129294142127,2.80319672491815,-4.38606569170952,0.179634941741824,NA,0.2,0.74074074,0.48076923,0.8,0.85,0.84,0.51923077,21,91.2608003162202,15.8463730585007,2,0.0952381,108.679,10,0.47619048,"2024-06-19",0
"Taj Bradley",22543,"2024-06-13","CHC",12,2024,"TBR","H",23,1,0,0,1,1,1,0,0,0,0,0,7,27,3,2,0,0,2,0,0,1,0,11,14.1428571428571,2.57142857142857,3.85714285714286,5.5,0,0.333333333,7,3,1,0,0,3,1,0.40740741,0.07407407,0.33333333,2.16769890813448,0,0.12,0.714285714285714,0.214285714285714,0.6,0.88076549257551,-0.88076549257551,1.52876909524202,0,20.6449109343972,36.1865905576359,2.333333333,0.09090909,0.636363636,0.272727272,0,0,3,3.85714285714286,38,66,104,0.0341539829969406,-0.314492046833038,0.348646014928818,1.16419994831085,0.127863809466362,0.893165528774261,0.886885762214661,0.870000004768372,2.13420009613037,1,1,0.207610756158829,-0.169371502743158,0,0,0.50485437,96.44230769,0.05825243,91.16666667,0.0776699,77.875,0.3592233,90.27027027,0.00961538,0.77879011631012,-0.228301644325256,-0.0945243835449219,1.82817995548248,1.49767330059638,-3.80502740542094,-1.18155479431152,4.94102690670941,0.36065574,0.71428571,0.50485437,0.72727273,0.7,0.71153846,0.40776699,0.7037037,0.14423077,4,5,5,0,11,3,14,0.28571429,0.35714286,0.35714286,0,0.78571429,0.21428571,0.515357518383133,76,20,50.7304,20,59.15093,62.39444,46.70532,20,47.6542,20,47.59322,72.97399,41.20909,41.33904,67.97052,28.22127,0.66348,5.07231,89.46,55.44,52.38,114.14,92.34,107.12,96.18,21.96,22.16,127.18,64.38,92.36,115.766138613861,75.270297029703,92.4760396039604,0.50485437,0.05825243,0.3592233,0.0776699,96.375,91.2666625976562,90.2297297297297,77.8000030517578,-4.07472727848933,2.47037426630656,-6.15014854637352,3.92867302894592,11.2238476092999,5.58085250854492,2.35632468558647,-10.8702487945557,1.90259615704417,-0.232746791094542,1.83298436924815,-0.097010038793087,3.65883876354649,-3.87911318490903,4.95401180877879,-1.21262548491359,0.33962264,0.68,0.50485437,0.66666667,0.70588235,0.69230769,0.48543689,17.15789474,0.07692308,0.5,0.05769231,0.35576923,0.00961538,77.8762969970703,96.4585899939904,91.3386027018229,90.2835660367399,48.6323013305664,4.70005989074707,-3.36163828923152,3.53849665323893,-5.37970795502534,-1.66000998020172,-12.5858249664307,9.80641937255859,3.94430001576742,0.720270002210462,6.45462989807129,-0.097010038793087,1.90259615704417,-0.232746791094542,1.83298436924815,-0.0350487045943737,-1.21262548491359,3.65883876354649,-3.87911318490903,4.95401180877879,-3.50487045943737,0.34615385,0.65384615,0.5,0.66666667,0.70588235,0.69230769,0.5,14,92.2467373934659,2.25745738636364,0,0,104.784,4,0.28571429,"2024-06-13",0
"Taj Bradley",22543,"2024-06-08","BAL",12,2024,"TBR","H",23,0,1,1.8,1,1,0,0,0,0,0,0,5,19,3,1,1,1,1,0,0,0,0,7,12.6,1.8,5.4,7,0,0,2,6,3,0,0,0,0,0.36842105,0.05263158,0.31578947,2.62454348465208,1.8,0.166666666666667,0.8,0.2,1,3.5664797782898,-1.76647977828979,2.78088986575604,46.5046635717358,89.387125298055,67.3363121628738,0.333333333,0.272727272,0.181818181,0.545454545,0,0.166666666,0,0,33,66,99,0.109584003686905,-0.198532029986382,0.308116048574448,1.26020002365112,0.138407468795776,0.807421028614044,0.955120027065277,0.870000004768372,0.927000045776367,1,1,0.14536452293396,-0.00964350526984456,0,0,0.53535354,97,0.16161616,90.875,0.08080808,79.375,0.22222222,90.86363636,NA,1.43378829956055,0.19761061668396,0.0364818871021271,-0.269498646259308,2.70526094256707,1.23506635427475,0.456023588776588,-1.22499384663322,0.4137931,0.85365854,0.5959596,0.66666667,0.74285714,0.71186441,0.41414141,0.57894737,0.17171717,5,5,1,0,7,4,11,0.45454545,0.45454545,0.09090909,0,0.63636364,0.36363636,4.11008206908465,59,27.21121,53.39555,20,61.63924,58.0808,48.31121,42.18919,71.81364,54.25446,50.69414,73.82575,38.53648,52.71928,63.84169,40.21809,-0.04353,4.0118,96.04,75.42,73.32,119.58,95.82,107.66,110.94,86.3,105.98,124.76,75.48,115,117.410612244898,88.0342857142857,106.230204081633,0.53535354,0.16161616,0.22222222,0.08080808,96.9603755159198,90.8062515258789,90.7954545454545,79.0374984741211,-3.17857533580852,3.17406392097473,-6.49854694713246,4.61850738525391,10.4373583523732,3.51457929611206,2.43780916387385,-11.2962503433228,1.44594917073846,0.196025297045708,-0.256013605743647,0.0356889106333256,2.72820598252539,1.22515810653567,-1.16369820792567,0.44611138291657,0.32608696,0.83018868,0.5959596,0.6,0.75,0.71186441,0.53535354,18.45,0.08080808,0.53535354,0.16161616,0.22222222,NA,79.025260925293,96.9450913915094,90.7678604125977,90.7700916637074,NA,5.02669143676758,-2.63068864930351,3.85381889343262,-6.04504880038175,NA,-13.1497373580933,9.3095012160967,2.08844017982483,1.06916505640203,NA,0.0356889106333256,1.44594917073846,0.196025297045708,-0.256013605743647,NA,0.44611138291657,2.72820598252539,1.22515810653567,-1.16369820792567,NA,0.26190476,0.84210526,0.5959596,0.54545455,0.75,0.71186441,0.57575758,11,87.5514859286222,25.8843744451349,0,0,98.818,2,0.18181818,"2024-06-08",0
"Taj Bradley",22543,"2024-06-01","@BAL",12,2024,"TBR","A",23,0,1,24.3000023174288,1,1,0,0,0,0,0,0,3.1,22,9,9,9,4,3,0,0,0,0,3,8.10000077247627,8.10000077247627,24.3000023174288,1,0.142857142,0,7,8,1,0,1,0,0,0.13636364,0.13636364,0,6.08435511607163,10.8000010299684,0.473684210526316,3.60000034332279,0.416666666666667,0.46875,19.6664813518526,4.63352096557624,7.69530038512426,627.813018091348,501.474801679734,189.594901858922,0.875,0.0625,0.4375,0.5,0,0.5,5,13.5000012874604,30,49,79,-0.75053995847702,-0.977819979190826,0.227280020713806,-7.37799978256226,-0.793333351612091,1.03263640403748,0.861500024795532,0.870000004768372,0.175999999046326,1,1,-0.918265223503113,0.191446029891009,0,0,0.2278481,96.16666667,0.26582278,91.52380952,0.16455696,78.53846154,0.34177215,90.03703704,NA,-4.77815341949463,-1.09884667396545,-1.44575881958008,0.341715514659882,-26.5452967749702,-5.23260320935931,-11.1212216890775,1.26561301725882,0.31818182,0.8,0.53164557,0.64285714,0.89285714,0.80952381,0.44303797,0.63636364,0.10126582,3,10,3,1,5,10,16,0.1875,0.625,0.1875,0.0625,0.3125,0.625,13.6930561814804,-13,46.31976,50.36403,52.99306,58.29458,51.57879,60.61398,43.94579,44.83365,31.36119,38.82816,47.32564,42.30381,42.30567,49.38679,37.04139,0.60343,4.98224,103.84,97.66,89.8,106.8,73.66,80.78,102.1,92.92,103.94,113.5,67.26,84.3,107.353417721519,80.5417721518987,89.6237974683544,0.2278481,0.26582278,0.34177215,0.16455696,96.3555569118924,91.5428583054316,89.9962926793982,78.469228891226,-3.02738825480143,3.45642235165551,-5.01379055447049,3.97203240027794,10.6061079237196,5.02969542003813,2.74650517216435,-9.9121833214393,-4.8135590441525,-1.09968634322286,0.347491934895515,-1.44849351420999,-26.7419946897361,-5.23660163439455,1.28700716627969,-11.1422578016153,0.31428571,0.70454545,0.53164557,0.54545455,0.90322581,0.80952381,0.55696203,19.07017544,0.16455696,0.2278481,0.26582278,0.34177215,NA,78.1658325195312,96.0757310655382,91.234857468378,89.6895887586806,NA,4.34591087928185,-2.75516615973579,3.980345589774,-4.73308958830657,NA,-12.0363288292518,9.43876732720269,3.80923897879464,1.28838249489113,NA,-1.44849351420999,-4.8135590441525,-1.09968634322286,0.347491934895515,NA,-11.1422578016153,-26.7419946897361,-5.23660163439455,1.28700716627969,NA,0.31428571,0.70454545,0.53164557,0.54545455,0.90322581,0.80952381,0.55696203,16,97.1732330322266,11.7949781417847,4,0.25,107.41,10,0.625,"2024-06-01",0
"Taj Bradley",22543,"2024-05-26","KCR",12,2024,"TBR","H",23,0,0,0,1,1,0,0,0,0,0,0,5,19,1,0,0,0,3,0,0,0,0,6,10.8,5.4,1.8,2,0,0,3,5,2,2,0,0,0,0.31578947,0.15789474,0.15789474,4.25715290079126,0,0.0625,0.8,0.1,1,2.5664797782898,-2.5664797782898,4.07848818451166,0,63.7916199498845,99.6174046393364,0.6,0.2,0.3,0.5,0.4,0,0,0,34,61,95,0.268891960382462,-0.107445999979973,0.376337975263596,2.26020002365112,0.24823722243309,1.00226318836212,1.01200008392334,0.870000004768372,1.3400000333786,1,1,0.241102293133736,0.0271824882537554,0,0,0.42105263,96.025,0.13684211,90.69230769,0.12631579,78.75,0.31578947,90.16666667,NA,1.18186211585999,0.233278766274452,0.155803516507149,0.756394982337952,2.95465528964996,1.79445204826502,1.29836263755957,2.52131660779317,0.32258065,0.78787879,0.48421053,0.55,0.96153846,0.7826087,0.34736842,0.63157895,0.10526316,3,4,3,3,6,1,10,0.3,0.4,0.3,0.3,0.6,0.1,2.13422351029705,67,20,46.19355,39.67251,60.45127,60.87045,47.86844,54.55651,56.65422,55.86896,38.30319,66.09171,43.64032,43.39429,61.84023,41.65099,0.5358,4.88079,92.08,65.26,55.9,119.6,99.76,117.58,99.46,103.54,100,111.46,50.72,69.46,110.797263157895,80.4330526315789,92.1873684210526,0.42105263,0.13684211,0.31578947,0.12631579,95.9950012207031,90.515380859375,90.113330078125,78.7749989827474,-3.37771759033203,3.31880217332106,-5.97379506429036,2.37191200256348,11.2532150268555,4.54027733435998,2.65901412963867,-10.1647288004557,1.2775333635509,0.234387703239918,0.74431961029768,0.155753295868635,3.19383340887725,1.80298233261475,2.48106536765893,1.29794413223863,0.30612245,0.67391304,0.48421053,0.6,0.87096774,0.7826087,0.48421053,17.60526316,0.12631579,0.42105263,0.13684211,0.31578947,NA,78.7703094482422,95.9923950195312,90.4993802584135,90.0873697916667,NA,3.128693262736,-2.76972064971924,4.12554755577674,-5.35345611572266,NA,-12.0265998840332,10.0800140380859,3.04318970900316,1.24399045308431,NA,0.155753295868635,1.2775333635509,0.234387703239918,0.74431961029768,NA,1.29794413223863,3.19383340887725,1.80298233261475,2.48106536765893,NA,0.33333333,0.60377358,0.48421053,0.5,0.90625,0.7826087,0.55789474,10,81.1754760742188,21.9320770263672,1,0.1,104.646,1,0.1,"2024-05-26",0
"Taj Bradley",22543,"2024-05-20","BOS",12,2024,"TBR","H",23,0,1,6.42857142857143,1,1,0,0,0,0,0,0,7,27,6,5,5,2,0,0,0,0,0,10,12.8571428571429,0,7.71428571428571,10,0.2,0,5,9,3,2,1,0,0,0.37037037,0,0.37037037,2.07449177587694,2.57142857142857,0.222222222222222,0.857142857142857,0.266666666666667,0.3125,4.02362263543265,2.40494879313878,2.25334772914648,166.088084184771,101.087927742933,54.2123459469998,0.555555555,0.176470588,0.294117647,0.529411764,0.222222222,0.222222222,0,0,27,65,92,-0.232280015945435,-0.459701985120773,0.2274219840765,-1.83580005168915,-0.201625481247902,0.529749989509583,0.643428564071655,0.870000004768372,0.051400002092123,1,1,0.0300476383417845,-0.468518654000451,0,0,0.38043478,96.02857143,0.34782609,90.84375,0.08695652,78.25,0.18478261,89.94117647,NA,-1.94376349449158,1.15585625171661,-0.0286978967487812,0.501283586025238,-5.55360998426165,3.61205078661442,-0.358723709359765,2.94872697661905,0.41304348,0.73913043,0.57608696,0.36842105,0.70588235,0.58490566,0.5,0.62962963,0.23913043,3,9,5,3,5,9,17,0.17647059,0.52941176,0.29411765,0.17647059,0.29411765,0.52941176,3.44058920269479,52,22.03628,48.68201,23.65607,70.17641,55.44431,65.87844,36.22078,57.87323,47.14854,73.63114,68.87031,64.06677,56.28977,59.11574,55.09722,-0.26535,3.67907,91.76,65.8,60.04,107.32,116.3,120.88,100.74,76.56,82.64,131.7,120.36,149.76,108.265054945055,99.0810989010989,107.89978021978,0.38043478,0.34782609,0.18478261,0.08695652,96.0142857142857,90.71875,89.8941147748162,78.2375030517578,-3.69204973493304,3.0724995136261,-6.06817492316751,3.51964616775513,10.8471313476562,5.43085289001465,2.30063382317038,-10.7079696655273,-1.8439207971096,1.13809360936284,0.579642832279205,-0.0302067548036575,-5.26834513459887,3.55654252925888,3.40966371928944,-0.377584435045719,0.37209302,0.75510204,0.57608696,0.375,0.67567568,0.58490566,0.5326087,16.47692308,0.08695652,0.38043478,0.34782609,0.18478261,NA,78.2395401000977,95.992919921875,90.6790618896484,89.8543916590073,NA,4.02676391601562,-3.31244964599609,3.7825984954834,-5.73844640395221,NA,-12.7160129547119,9.59780796595982,3.87610864639282,0.766518705031451,NA,-0.0302067548036575,-1.8439207971096,1.13809360936284,0.579642832279205,NA,-0.377584435045719,-5.26834513459887,3.55654252925888,3.40966371928944,NA,0.37209302,0.75510204,0.57608696,0.3125,0.7027027,0.58490566,0.5326087,17,91.9461239085478,23.291363884421,3,0.17647059,105.745,8,0.47058824,"2024-05-20",0
"Taj Bradley",22543,"2024-05-15","@BOS",12,2024,"TBR","A",23,1,0,3.6,1,1,0,0,0,0,0,0,5,20,4,2,2,1,1,0,1,0,0,6,10.8,1.8,7.2,6,0.2,0,5,5,2,0,1,0,0,0.3,0.05,0.25,3.00450908401489,1.8,0.222222222222222,1,0.272727272727273,0.86956522,4.56647977828979,-0.966479778289794,3.47848818451166,93.0093271434715,114.982630646225,84.690862884526,1,0.166666666,0.416666666,0.416666666,0,0.2,4,7.2,32,51,83,0.0248280242085457,-0.284539997577667,0.309368014335632,0.73499995470047,0.0708092376589775,0.900059998035431,0.881760001182556,0.870000004768372,1.40520000457764,1,1,0.0575501061975956,-0.0299652515626401,0,0,0.48192771,95.35,0.20481928,89.94117647,0.08433735,78.28571429,0.22891566,90.26315789,NA,-0.833181858062744,0.668762028217316,0.218876838684082,0.101373173296452,-2.08295464515686,3.93389428363127,3.12681198120117,0.533543017349745,0.27659574,0.77777778,0.4939759,0.46153846,0.89285714,0.75609756,0.43373494,0.5,0.12048193,5,6,1,1,4,7,12,0.41666667,0.5,0.08333333,0.08333333,0.33333333,0.58333333,4.33300886703775,53,20,39.68417,20,30.77601,47.40955,22.22965,29.08956,58.75515,38.08047,68.04734,60.67593,63.85447,33.00553,50.78221,28.13401,1.18121,5.84891,90.52,62.32,43.34,98.8,74.6,69.28,104.24,71.2,74.44,118.5,107.6,122.86,103.725542168675,80.4221686746988,80.4144578313253,0.48192771,0.20481928,0.22891566,0.08433735,95.2974975585937,89.9176456227022,90.2578960217928,78.3428606305804,-3.43915061950684,3.29438355389763,-5.84093395032381,3.50036348615374,10.4109893798828,4.02267141903148,2.45254436292146,-9.95422145298549,-0.828824557363987,0.68194692209363,0.087759654968977,0.221191503107548,-2.07206139340997,4.0114524829037,0.461892920889352,3.15987861582211,0.23255814,0.775,0.4939759,0.4,0.87096774,0.75609756,0.48192771,18.84126984,0.08433735,0.48192771,0.20481928,0.22891566,NA,78.5589861188616,95.52392578125,90.1156867532169,90.4620425575658,NA,3.49933161054339,-3.34616088867188,3.56486286836512,-5.85493067691201,NA,-11.3723427908761,9.53150634765625,2.88055285285501,1.16690826416016,NA,0.221191503107548,-0.828824557363987,0.68194692209363,0.087759654968977,NA,3.15987861582211,-2.07206139340997,4.0114524829037,0.461892920889352,NA,0.26190476,0.73170732,0.4939759,0.45454545,0.86666667,0.75609756,0.4939759,12,91.4206746419271,8.67344856262207,4,0.33333333,104.23,7,0.58333333,"2024-05-15",0
"Taj Bradley",22543,"2024-05-10","NYY",12,2024,"TBR","H",23,0,1,1.5,1,1,1,0,0,0,0,0,6,24,4,1,1,0,2,0,0,0,0,7,10.5,3,6,3.5,0,0,3,6,6,0,0,0,0,0.29166667,0.08333333,0.20833333,3.58058846275239,0,0.181818181818182,1,0.266666666666667,0.83333333,1.83314644495646,-0.333146444956462,3.34515485117833,38.7538863097798,45.0215826945596,81.3738536056793,0.5,0.4,0.2,0.4,0,0,0,0,34,59,93,0.159926012158394,-0.263054072856903,0.422980099916458,1.71220004558563,0.188050523400307,0.952225029468536,0.950433373451233,0.870000004768372,0.919800043106079,1,1,0.191781356930733,-0.0238315475798348,0,0,0.35483871,97.3030303,0.25806452,91.375,0.19354839,79.61111111,0.19354839,91.05555556,NA,0.19545567035675,1.05892515182495,0.267087370157242,0.55449378490448,0.592289910171971,4.41218813260396,1.48381872309579,3.08052102724711,0.30188679,0.65,0.4516129,0.6875,0.88461538,0.80952381,0.43010753,0.75,0.08602151,6,3,6,0,10,5,15,0.4,0.2,0.4,0,0.66666667,0.33333333,3.76028698598536,67,32.90692,50.75824,26.04709,51.74673,66.01373,35.12384,69.30909,65.81006,69.49427,78.77779,74.83288,69.57054,57.03615,65.96366,48.07045,-0.31172,3.60951,97.06,70.44,72.06,119.1,85.06,105.24,103.46,118.98,126.64,120.1,107.58,128.22,110.991612903226,95.3425806451613,108.788387096774,0.35483871,0.25806452,0.19354839,0.19354839,97.2696940104167,91.3250020345052,91.1833360460069,79.5888875325521,-3.46342583858606,3.32177225748698,-5.64127180311415,4.10748587714301,11.4235423694957,4.29566160837809,2.62814034356011,-10.0722969902886,0.232137087732553,1.07204194739461,0.556377295404673,0.265406653285027,0.703445720401677,4.46684144747754,3.0909849744704,1.47448140713904,0.33333333,0.5952381,0.4516129,0.64705882,0.92,0.80952381,0.4516129,18.53623188,0.19354839,0.35483871,0.25806452,0.19354839,NA,79.6029188368056,97.2964385061553,91.3220825195312,91.1781751844618,NA,4.44416936238607,-3.11724876635002,3.82828617095947,-5.2733514573839,NA,-12.1800003051758,10.1852851636482,2.68356927235921,1.06368181440565,NA,0.265406653285027,0.232137087732553,1.07204194739461,0.556377295404673,NA,1.47448140713904,0.703445720401677,4.46684144747754,3.0909849744704,NA,0.32,0.60465116,0.4516129,0.625,0.92307692,0.80952381,0.46236559,15,96.3713053385417,15.3686533610026,2,0.13333333,116.362,7,0.46666667,"2024-05-10",0
