"PlayerName","playerid","Date","Opp","teamid","season","Team","HomeAway","Age","W","L","ERA","G","GS","QS","CG","ShO","SV","HLD","BS","IP","TBF","H","R","ER","HR","BB","IBB","HBP","WP","BK","SO","K/9","BB/9","H/9","K/BB","IFH%","BUH%","GB","FB","LD","IFFB","IFH","BU","BUH","K%","BB%","K-BB%","SIERA","HR/9","AVG","WHIP","BABIP","LOB%","FIP","E-F","xFIP","ERA-","FIP-","xFIP-","GB/FB","LD%","GB%","FB%","IFFB%","HR/FB","RS","RS/9","Balls","Strikes","Pitches","WPA","-WPA","+WPA","RE24","REW","pLI","inLI","gmLI","exLI","Pulls","Games","WPA/LI","Clutch","SD","MD","FB%1","FBv","SL%","SLv","CB%","CBv","XX%","wFB","wSL","wCB","wFB/C","wSL/C","wCB/C","O-Swing%","Z-Swing%","Swing%","O-Contact%","Z-Contact%","Contact%","Zone%","F-Strike%","SwStr%","Pull","Cent","Oppo","Soft","Med","Hard","bipCount","Pull%","Cent%","Oppo%","Soft%","Med%","Hard%","tERA","GSv2","pb_o_CU","pb_s_CU","pb_c_CU","pb_o_FF","pb_s_FF","pb_c_FF","pb_o_SI","pb_s_SI","pb_c_SI","pb_o_SL","pb_s_SL","pb_c_SL","pb_overall","pb_stuff","pb_command","pb_xRV100","pb_ERA","sp_s_CU","sp_l_CU","sp_p_CU","sp_s_FF","sp_l_FF","sp_p_FF","sp_s_SI","sp_l_SI","sp_p_SI","sp_s_SL","sp_l_SL","sp_p_SL","sp_stuff","sp_location","sp_pitching","pfxFA%","pfxSI%","pfxSL%","pfxCU%","pfxvFA","pfxvSI","pfxvSL","pfxvCU","pfxFA-X","pfxSI-X","pfxSL-X","pfxCU-X","pfxFA-Z","pfxSI-Z","pfxSL-Z","pfxCU-Z","pfxwFA","pfxwSI","pfxwSL","pfxwCU","pfxwFA/C","pfxwSI/C","pfxwSL/C","pfxwCU/C","pfxO-Swing%","pfxZ-Swing%","pfxSwing%","pfxO-Contact%","pfxZ-Contact%","pfxContact%","pfxZone%","pfxPace","piCU%","piFA%","piSI%","piSL%","pivCU","pivFA","pivSI","pivSL","piCU-X","piFA-X","piSI-X","piSL-X","piCU-Z","piFA-Z","piSI-Z","piSL-Z","piwCU","piwFA","piwSI","piwSL","piwCU/C","piwFA/C","piwSI/C","piwSL/C","piO-Swing%","piZ-Swing%","piSwing%","piO-Contact%","piZ-Contact%","piContact%","piZone%","Events","EV","LA","Barrels","Barrel%","maxEV","HardHit","HardHit%","gamedate","dh"
"Tyler Glasnow",14374,"2024-08-11","PIT",22,2024,"LAD","H",30,0,0,2.57142857142857,1,1,1,0,0,0,0,0,7,26,5,2,2,1,1,0,0,0,0,4,5.14285714285714,1.28571428571429,6.42857142857143,4,0.076923076,0,13,7,1,1,1,0,0,0.15384615,0.03846154,0.11538462,4.00798352944253,1.28571428571429,0.2,0.857142857142857,0.2,0.86956522,4.30933692114694,-1.73790834971837,3.96420247022595,63.6454529939229,104.326492316327,97.5873044638506,1.857142857,0.047619047,0.619047619,0.333333333,0.142857142,0.142857142,4,5.14285714285714,37,61,98,0.243040025234222,-0.304940015077591,0.547980010509491,1.3458000421524,0.142412692308426,0.938000023365021,1.01828575134277,0.870000004768372,1.41799998283386,1,1,0.13156270980835,0.127541788251608,0,0,0.35714286,95.97142857,0.43877551,89.51162791,0.20408163,83.3,NA,-0.63026487827301,1.23434746265411,0.436094433069229,-1.80075679506574,2.87057549454445,2.18047216534615,0.19148936,0.64705882,0.42857143,0.44444444,0.81818182,0.73809524,0.52040816,0.53846154,0.1122449,9,8,4,3,10,8,21,0.42857143,0.38095238,0.19047619,0.14285714,0.47619048,0.38095238,2.81380456625128,62,20,68.18849,20,41.19183,63.14105,30.64381,59.06544,75.99791,56.34351,49.22272,55.5487,51.72701,37.56901,64.13891,31.86345,0.8977,5.42364,96.52,31.9,36.5,99.98,97.8,102.24,111.3,102.84,123.54,81.9,118.02,114.54,91.9183673469388,93.4802040816326,95.3073469387755,0.30927835,0.05154639,0.43298969,0.20618557,95.9333333333333,95.7599975585938,89.4595249720982,83.2049987792969,-0.751065381368001,-7.36892700195312,0.845861344110398,3.09101657867432,8.16907348632813,7.12795486450195,0.529905001322428,-6.87636108398438,1.51134200394154,-0.609071131795645,1.17680056020617,0.435912191867828,5.03780667980512,-12.1814226359129,2.80190609572899,2.17956095933914,0.1627907,0.62962963,0.42268041,0.14285714,0.85294118,0.73170732,0.55670103,18.01428571,0.20408163,0.28571429,0.07142857,0.43877551,83.2048522949219,95.9576677594866,95.773202078683,89.4905523255814,3.33346061706543,-0.137035259178707,-6.15241459437779,1.35954843565475,-8.26308746337891,7.28633771623884,6.74028832571847,-0.450588847315589,0.435912191867828,-0.291366338729858,-0.321257945150137,1.24501433596015,2.17956095933914,-1.04059406689235,-4.58939921643053,2.89538217665151,0.15909091,0.64814815,0.42857143,0.14285714,0.85714286,0.73809524,0.55102041,21,90.0218139648437,-0.738594341278076,2,0.0952381,111.066,10,0.47619048,"2024-08-11",0
"Tyler Glasnow",14374,"2024-08-05","PHI",22,2024,"LAD","H",30,1,0,4.5,1,1,1,0,0,0,0,0,6,23,5,3,3,0,0,0,0,1,0,9,13.5,0,7.5,9,0.142857142,0,7,5,2,0,1,0,0,0.39130435,0,0.39130435,1.66827351483135,0,0.217391304347826,0.833333333333333,0.357142857142857,0.4,0.166479778289796,4.3335202217102,1.42648678347468,111.379542739365,5.72472274788937,36.2615686132646,1.4,0.142857142,0.5,0.357142857,0,0,4,6,29,62,91,-0.0155999399721622,-0.411159992218018,0.395560055971146,-0.132200077176094,-0.0139894215390086,1.02741670608521,0.974333345890045,0.870000004768372,1.73000001907349,1,1,0.0949288532137871,-0.110112507401778,0,0,0.43956044,95.9,0.40659341,89.54054054,0.15384615,83.35714286,NA,0.527846276760101,1.03085243701935,-0.309540033340454,1.31961569190025,2.78608766761986,-2.2110002381461,0.41818182,0.69444444,0.52747253,0.47826087,0.84,0.66666667,0.3956044,0.60869565,0.17582418,5,4,5,2,7,5,14,0.35714286,0.28571429,0.35714286,0.14285714,0.5,0.35714286,0.272575069884255,66,55.82794,70.39517,45.42184,75.25333,68.73009,67.49274,NA,NA,NA,69.72399,67.45718,71.23772,74.48312,72.63116,69.85898,-1.39563,1.98365,93.52,106.16,105.56,110.54,121.96,136.74,NA,NA,NA,84.36,128.12,128.16,96.8665217391304,122.088695652174,128.157173913043,0.42857143,NA,0.41758242,0.15384615,95.9333308293269,NA,89.5394736842105,83.2928553989955,1.11290643154046,NA,0.743966905694259,3.27628108433315,6.57442533052885,NA,-1.02433786894146,-7.94446345738002,0.568840984255075,NA,1.02662302926183,-0.327779699116945,1.45856662629507,NA,2.70163955068902,-2.34128356512104,0.36585366,0.66,0.52747253,0.46666667,0.75757576,0.66666667,0.54945055,18.29850746,0.15384615,0.43956044,NA,0.40659341,83.4298531668527,95.9959533691406,NA,89.5570761190878,3.66073662894113,1.62008743286133,NA,1.3396865226127,-9.44892338344029,5.71253890991211,NA,-2.17180221145217,-0.327779699116945,0.533792279660702,NA,1.0616717338562,-2.34128356512104,1.33448069915175,NA,2.86938306447622,0.36842105,0.64150943,0.52747253,0.42857143,0.76470588,0.66666667,0.58241758,14,88.1155918666295,6.27664402553013,1,0.07142857,103.787,6,0.42857143,"2024-08-05",0
"Tyler Glasnow",14374,"2024-07-30","@SDP",22,2024,"LAD","A",30,0,0,3.85714285714286,1,1,1,0,0,0,0,0,7,27,6,3,3,1,1,0,0,0,0,8,10.2857142857143,1.28571428571429,7.71428571428571,8,0.142857142,0,7,9,2,2,1,0,0,0.2962963,0.03703704,0.25925926,2.98902126780286,1.28571428571429,0.230769230769231,1,0.294117647058824,0.71428571,3.1664797782898,0.690663078853062,3.25334772914648,95.4681794908843,77.1260041595167,80.4089852742081,0.777777777,0.111111111,0.388888888,0.5,0.222222222,0.111111111,5,6.42857142857143,41,61,102,0.164910033345222,-0.355070024728775,0.519980072975159,0.199000060558319,0.0217130444943905,0.95638519525528,0.995457112789154,0.540999948978424,1.62419998645782,1,1,0.0332385450601578,0.139192013425437,0,0,0.48039216,96.16326531,0.29411765,89.73333333,0.2254902,83.04347826,NA,-1.14775669574738,1.38747656345367,0.695472717285156,-2.34236060356607,4.62492187817891,3.02379442297894,0.22641509,0.67346939,0.44117647,0.41666667,0.84848485,0.73333333,0.48039216,0.55555556,0.11764706,6,9,3,4,9,5,18,0.33333333,0.5,0.16666667,0.22222222,0.5,0.27777778,2.20686697516867,61,34.71554,61.2026,26.47721,56.85086,64.59838,42.04936,54.51204,72.15955,47.58077,57.51341,66.93552,61.59071,52.02701,66.56814,43.87679,-0.00052,4.07631,104.42,79.1,87.98,107.94,91.14,106.2,113.8,82.42,97.58,98.86,113.72,122.92,105.509803921569,93.5274509803922,105.488039215686,0.30392157,0.17647059,0.29411765,0.2254902,96.090324155746,96.3666653103299,89.75,82.9043499490489,-1.20382555069462,-7.52814059787326,0.62356383005778,2.70042286748471,9.8914056593372,8.29985215928819,0.417163213094076,-6.59964254628057,0.446321412920952,-1.60794805362821,1.40109364315867,0.678262632340193,1.43974649329339,-8.93304474237892,4.67031214386225,2.94896796669649,0.14893617,0.69090909,0.44117647,0.14285714,0.84210526,0.73333333,0.53921569,17.53333333,0.2254902,0.30392157,0.17647059,0.29411765,82.7409508746603,95.9444068170363,96.2300482855903,89.5872639973958,3.89513861614725,-0.293040644737982,-6.70282957288954,1.71658083597819,-8.74824855638587,8.74586929813508,7.0485716925727,-1.12841364542643,0.678262632340193,0.446321412920952,-1.60794805362821,1.40109364315867,2.94896796669649,1.43974649329339,-8.93304474237892,4.67031214386225,0.14285714,0.71698113,0.44117647,0.14285714,0.84210526,0.73333333,0.51960784,18,86.6088324652778,18.6805979410807,1,0.05555556,108.304,7,0.38888889,"2024-07-30",0
"Tyler Glasnow",14374,"2024-07-24","SFG",22,2024,"LAD","H",30,0,1,3.6,1,1,0,0,0,0,0,0,5,21,4,2,2,1,4,0,0,0,0,4,7.2,7.2,7.2,1,0,0,6,3,4,1,0,0,0,0.19047619,0.19047619,0,6.03073135027939,1.8,0.235294117647059,1.6,0.25,0.90909091,6.56647977828979,-2.96647977828979,4.87368482202291,89.103634191492,158.047456426028,119.565603592573,2,0.307692307,0.461538461,0.23076923,0.333333333,0.333333333,1,1.8,39,52,91,-0.0050799548625946,-0.499860048294067,0.494780093431473,0.389799982309341,0.0412486717104912,1.23269557952881,0.988399982452393,0.870000004768372,0.950000047683716,1,1,-0.0946983993053436,0.0905773860179135,0,0,0.63736264,96.93103448,0.13186813,90.41666667,0.23076923,83.76190476,NA,-0.740068972110748,0.252388775348663,0.453685820102692,-1.27598098639784,2.10323979457219,2.16040866715567,0.25,0.64102564,0.41758242,0.76923077,0.8,0.78947368,0.42857143,0.38095238,0.08791209,4,6,3,3,7,3,13,0.30769231,0.46153846,0.23076923,0.23076923,0.53846154,0.23076923,8.46690490813147,46,53.53996,69.46319,46.62332,64.16563,63.79841,46.63041,63.82884,61.53885,60.9286,20,74.77673,20,54.03651,64.73549,44.86939,-0.12536,3.88905,93.38,115.32,111.92,104.36,91.78,105.16,130.02,106.36,131.94,87.4,60.96,60.96,106.639120879121,97.1536263736264,108.248571428571,0.35164835,0.28571429,0.13186813,0.23076923,96.8468780517578,96.8923058143029,90.2666625976562,83.6904761904762,-0.594774723052979,-6.62608924278846,0.309114396572113,2.37245487031482,10.0365304946899,8.97507124680739,1.30413230260213,-5.6576661609468,-1.00821665674448,0.293067410588264,0.254762977361679,0.444071538746357,-3.1506770523265,1.1271823484164,2.12302481134733,2.11462637498265,0.25,0.57446809,0.41758242,0.72727273,0.81481481,0.78947368,0.51648352,19.4,0.23076923,0.36263736,0.27472527,0.13186813,83.6949288504464,96.8926151160038,96.892099609375,90.2769266764323,3.11954280308315,-0.173785657593698,-6.24617126464844,1.10249845186869,-7.39795430501302,9.12119085138494,7.93119873046875,0.102485676606496,0.444071538746357,-0.958046518266201,0.242897272109985,0.254762977361679,2.11462637498265,-2.90317126747334,0.971589088439941,2.12302481134733,0.26086957,0.57777778,0.41758242,0.66666667,0.84615385,0.78947368,0.49450549,13,85.3482947716346,14.9045551006611,1,0.07692308,105.679,5,0.38461538,"2024-07-24",0
"Tyler Glasnow",14374,"2024-07-05","MIL",22,2024,"LAD","H",30,0,0,7.5,1,1,0,0,0,0,0,0,6,24,3,5,5,1,2,0,0,0,0,7,10.5,3,4.5,3.5,0.222222222,0,9,5,1,0,2,0,0,0.29166667,0.08333333,0.20833333,3.24582283767848,1.5,0.136363636363636,0.833333333333333,0.142857142857143,0,3.99981311162313,3.50018688837687,3.09315345014135,185.632571232275,96.9596934405242,76.5377746061524,1.8,0.066666666,0.6,0.333333333,0,0.2,4,6,32,66,98,-0.278999924659729,-0.631640017032623,0.352640092372894,-2.13220000267029,-0.22562962770462,1.10319995880127,0.96399998664856,0.870000004768372,0.952000021934509,1,1,0.174395531415939,-0.427296125214808,0,0,0.47959184,97,0.29591837,89.89655172,0.2244898,83.95454545,NA,-0.937473654747009,1.07106232643127,0.838078558444977,-1.99462479733406,3.69331836700439,3.80944799293171,0.31481481,0.61363636,0.44897959,0.64705882,0.7037037,0.68181818,0.44897959,0.75,0.14285714,5,7,3,3,8,4,15,0.33333333,0.46666667,0.2,0.2,0.53333333,0.26666667,2.99607884669703,52,37.12113,68.40123,39.15774,55.39852,60.04779,61.57963,33.69372,61.49817,33.59428,76.28437,69.96736,74.44023,53.79901,66.30331,55.74519,-0.11061,3.91118,128.68,79,102.78,112.44,87.02,104.68,117.14,57.92,70.44,104.14,133.94,144.78,114.540816326531,93.4622448979592,109.481428571429,0.28571429,0.19387755,0.29591837,0.2244898,96.8642839704241,97.152632863898,89.7931034482759,83.872725053267,-1.05029542105538,-6.25806306537829,0.518847925909634,1.33880043029785,9.83824702671596,8.47909545898438,0.641140378754714,-6.24430153586648,-0.0970480926334858,-0.805818259716034,1.08121044561267,0.888804260641336,-0.346600330833878,-4.24114873534755,3.728311881423,4.04001936655153,0.33333333,0.59090909,0.44897959,0.66666667,0.69230769,0.68181818,0.44897959,18.41891892,0.21428571,0.28571429,0.19387755,0.30612245,83.6231340680804,96.821524483817,97.1122982627467,89.6638020833333,2.07985432942708,-0.561512061527797,-5.73310209575452,1.24999834696452,-7.95554678780692,8.74942125592913,7.40966877184416,-0.768880653381348,0.692676071077585,-0.0970480926334858,-0.805818259716034,1.27733863517642,3.29845748132183,-0.346600330833878,-4.24114873534755,4.25779545058807,0.33333333,0.59090909,0.44897959,0.66666667,0.69230769,0.68181818,0.44897959,15,86.8800211588542,-3.99249496459961,1,0.06666667,106.115,6,0.4,"2024-07-05",0
"Tyler Glasnow",14374,"2024-06-29","@SFG",22,2024,"LAD","A",30,0,0,15,1,1,0,0,0,0,0,0,3,17,7,5,5,0,2,0,0,0,0,1,3,6,21,0.5,0.166666666,0,6,5,3,0,1,0,0,0.05882353,0.11764706,-0.05882353,6.75691593003923,0,0.466666666666667,3,0.5,0.44444444,4.49981311162313,10.5001868883769,7.01982712199291,371.26514246455,108.859907009129,171.428685210758,1.2,0.214285714,0.428571428,0.357142857,0,0,6,18,22,39,61,-0.409803986549377,-0.676374077796936,0.266570061445236,-3.57800006866455,-0.380435943603516,1.25405561923981,0.958200037479401,0.870000004768372,1.19460010528564,1,1,-0.278626352548599,-0.0481565909366311,0,0,0.57377049,96.4,0.24590164,89.8,0.18032787,83.63636364,NA,-1.6058247089386,-1.03277730941772,-0.519097685813904,-4.58807059696742,-6.88518206278483,-4.71906987103549,0.35294118,0.77777778,0.54098361,0.58333333,0.9047619,0.78787879,0.44262295,0.52941176,0.1147541,5,6,3,2,6,6,14,0.35714286,0.42857143,0.21428571,0.14285714,0.42857143,0.42857143,4.77542940541667,26,55.85714,63.05365,45.10852,45.69428,65.76655,25.6105,42.54798,68.05384,39.88731,55.04506,56.29483,61.48534,48.84377,62.8929,38.89597,0.19724,4.37295,115.42,91.26,108.44,108.36,67.24,76.52,107.04,98.14,109.54,99.86,106.78,116.8,107.326557377049,86.36,97.5940983606557,0.37704918,0.19672131,0.24590164,0.18032787,96.399997877038,96.3333333333333,89.8600016276042,83.7000011097301,-0.676549455393916,-6.3756955464681,1.21712354024251,1.4808292388916,10.2689421280571,8.89782079060872,1.25325190226237,-5.45107026533647,-1.54277816042304,-0.0866746380925179,-1.0413338765502,-0.502346210181713,-6.70773113227409,-0.722288650770982,-6.94222584366798,-4.56678372892466,0.28571429,0.75757576,0.54098361,0.5,0.88,0.78787879,0.54098361,20.45454545,0.18032787,0.37704918,0.19672131,0.24590164,83.9986794211648,96.7049507472826,96.6475219726562,90.1586018880208,1.91169669411399,-0.328650329423987,-6.01130676269531,1.68271230061849,-7.19392186945135,9.12613445779552,7.79698435465495,0.0902334292729696,-0.502346210181713,-1.54277816042304,-0.0866746380925179,-1.0413338765502,-4.56678372892466,-6.70773113227409,-0.722288650770982,-6.94222584366798,0.2962963,0.73529412,0.54098361,0.5,0.88,0.78787879,0.55737705,14,88.6682913643973,9.9688230242048,1,0.07142857,114.148,3,0.21428571,"2024-06-29",0
"Tyler Glasnow",14374,"2024-06-22","LAA",22,2024,"LAD","H",30,1,0,1.28571428571429,1,1,1,0,0,0,0,0,7,24,2,2,1,1,0,0,0,0,0,10,12.8571428571429,0,2.57142857142857,10,0,0,6,6,1,2,0,0,0,0.41666667,0,0.41666667,1.523742978168,1.28571428571429,0.0833333333333333,0.285714285714286,0.0769230769230769,0,2.1664797782898,-0.880765492575509,1.60534412647997,31.8227264969614,53.3255770223076,40.5837857273974,1,0.076923076,0.461538461,0.461538461,0.333333333,0.166666666,7,9,23,51,74,0.16768005490303,-0.100559949874878,0.268240004777908,1.34579992294312,0.142412707209587,0.540000021457672,0.61599999666214,0.870000004768372,0.25,1,1,0.212119430303574,0.0983991775483226,0,0,0.54054054,95.925,0.2027027,89.4,0.25675676,82.21052632,NA,1.79524433612823,-0.188467234373093,1.04636645317078,4.48811084032059,-1.25644822915395,5.50719185879356,0.2972973,0.56756757,0.43243243,0.54545455,0.80952381,0.71875,0.5,0.66666667,0.12162162,6,5,2,4,6,3,14,0.46153846,0.38461538,0.15384615,0.30769231,0.46153846,0.23076923,1.18582011453809,76,58.23532,63.12011,48.97948,71.12623,64.88551,65.3542,80,56.17139,80,58.47469,56.37088,64.46311,72.85141,60.25082,71.13613,-1.29426,2.1357,99.72,123.64,128.24,106.48,102.84,113.66,117.94,148.58,160.22,93.86,118.54,124.4,104.168219178082,119.625205479452,127.953150684932,0.36486486,0.17567568,0.2027027,0.25675676,95.7777777777778,95.9923095703125,89.386669921875,82.1631566097862,-0.922311358981662,-6.68602224496695,1.15024833679199,1.56690657766242,10.3070588288484,8.55945469782903,2.03172213236491,-6.43609619140625,1.33829470351338,0.479115050286055,-0.174274802207947,1.03453673049808,4.95664705004957,3.6855003868158,-1.16183201471965,5.44493016051619,0.27272727,0.58536585,0.44594595,0.44444444,0.83333333,0.72727273,0.55405405,17.48979592,0.25675676,0.36486486,0.17567568,0.2027027,82.2634984066612,95.9042064525463,96.1308030348558,89.4961751302083,2.14688933523078,-0.493241486725984,-6.20231334979718,1.91620635986328,-8.26572297748766,9.17255655924479,7.37647540752704,0.774690119425456,1.03453673049808,1.72995697334409,0.479115050286055,-0.174274802207947,5.44493016051619,6.40724804942255,3.6855003868158,-1.16183201471965,0.32352941,0.55,0.44594595,0.45454545,0.86363636,0.72727273,0.54054054,14,82.4757361778846,14.7558006873498,2,0.14285714,106.275,2,0.14285714,"2024-06-22",0
"Tyler Glasnow",14374,"2024-06-16","KCR",22,2024,"LAD","H",30,1,0,0,1,1,1,0,0,0,0,0,7,24,3,0,0,0,1,0,0,0,0,9,11.5714285714286,1.28571428571429,3.85714285714286,9,0,0,11,2,1,0,0,0,0,0.375,0.04166667,0.33333333,1.45210928505139,0,0.130434782608696,0.571428571428571,0.214285714285714,1,1.02362263543265,-1.02362263543265,1.45562503721033,0,26.1250888654972,36.9657155991025,5.5,0.071428571,0.785714285,0.142857142,0,0,3,3.85714285714286,23,62,85,0.403420060873032,-0.161699995398521,0.565120041370392,3.34579992294312,0.354052901268005,1.12951993942261,1.07914280891418,0.870000004768372,0.843999981880188,1,1,0.352914422750473,0.00424621407657894,0,0,0.50588235,96.30232558,0.2,88.82352941,0.29411765,82.64,NA,2.46004962921143,-0.490206867456436,1.71737706661224,5.7210456493289,-2.88356980856727,6.86950826644897,0.425,0.68888889,0.56470588,0.41176471,0.90322581,0.72916667,0.52941176,0.75,0.15294118,4,8,2,1,8,5,14,0.28571429,0.57142857,0.14285714,0.07142857,0.57142857,0.35714286,0.340356378152388,83,50.64707,60.71898,56.7565,74.14554,60.93865,64.75148,53.86817,60.0455,49.67072,42.97263,61.52431,48.94647,59.02766,59.63215,57.96628,-0.43544,3.42393,106.92,88.82,98.72,103.74,121.72,129.2,117.82,93.64,100.4,105.84,72.78,86.88,107.58,97.3002352941177,106.688941176471,0.31764706,0.18823529,0.2,0.29411765,95.8962944878472,96.8125,88.6764705882353,82.55599609375,-0.389951953181514,-6.54216623306274,0.475309203652775,1.57688903808594,9.18837879322193,8.38873100280762,-0.231167049968944,-6.61068969726562,1.2096615806222,1.32392064854503,-0.461055796593428,1.71400390565395,4.4802280763785,8.27450405340642,-2.71209292113781,6.85601562261581,0.44444444,0.65306122,0.56470588,0.375,0.90625,0.72916667,0.57647059,19.39344262,0.29411765,0.32941176,0.17647059,0.2,82.731953125,96.1566162109375,96.9716471354167,88.860258214614,2.22556579589844,0.0601098707744053,-6.11197865804036,1.14830207824707,-8.19703491210938,8.19086837768555,6.87822977701823,-1.36791767793543,1.71400390565395,1.24902594834566,1.28455628082156,-0.461055796593428,6.85601562261581,4.46080695837736,8.56370853881041,-2.71209292113781,0.45714286,0.64,0.56470588,0.3125,0.9375,0.72916667,0.58823529,14,92.4184006911058,-1.00224531613863,1,0.07142857,107.601,6,0.42857143,"2024-06-16",0
"Tyler Glasnow",14374,"2024-06-09","@NYY",22,2024,"LAD","A",30,0,1,7.5,1,1,0,0,0,0,0,0,6,26,8,5,5,2,1,0,0,2,0,12,18,1.5,12,12,0.4,0,5,5,3,0,2,0,0,0.46153846,0.03846154,0.42307692,1.48619062234105,3,0.32,1.5,0.545454545454545,0.64516129,3.99981311162313,3.50018688837687,0.926486783474684,185.632571232275,96.9596934405242,24.1787068153982,1,0.23076923,0.384615384,0.384615384,0,0.4,3,4.5,33,71,104,-0.416104048490524,-0.854911983013153,0.438807964324951,-2.05399990081787,-0.213291808962822,1.07902073860168,1.01893329620361,0.870000004768372,0.391999989748001,1,1,-0.0996530205011368,-0.285978166745327,0,0,0.45192308,97.23404255,0.36538462,90.47368421,0.18269231,83.63157895,NA,-2.73022174835205,0.591951072216034,-0.00939227640628815,-5.80898244330224,1.55776597951588,-0.049433033717306,0.39285714,0.60416667,0.49038462,0.36363636,0.79310345,0.60784314,0.46153846,0.69230769,0.19230769,7,4,2,1,7,5,13,0.53846154,0.30769231,0.15384615,0.07692308,0.53846154,0.38461538,4.09504887104139,43,64.07343,79.15165,66.76152,55.56605,63.81218,49.03714,63.61446,74.19903,68.59606,69.89974,70.91516,71.33433,65.53348,73.26088,65.76062,-0.83963,2.81765,126.94,85.38,122.48,114.82,93.82,109.86,107.12,85.68,105.34,106.34,133.2,144.1,113.269423076923,105.9625,124.285192307692,0.36538462,0.08653846,0.36538462,0.18269231,97.2447381270559,96.7333306206597,90.4052605879934,83.5631553248355,-0.656676041452508,-6.98722712198893,0.676508602343108,2.91157029804431,9.46596486944901,7.9150390625,-0.70242294512297,-7.80383461400082,-2.81020953506231,0.116404019296169,0.59141094237566,-0.00863794982433319,-7.39528825016398,1.29337799217966,1.55634458519911,-0.04546289381228,0.36538462,0.61538462,0.49038462,0.21052632,0.8125,0.58823529,0.5,17.31168831,0.18269231,0.36538462,0.08653846,0.36538462,83.008101613898,96.6924727590461,96.1835327148438,89.8459087171053,3.36213242380243,-0.311483282791941,-6.75084855821398,1.18528305856805,-9.43213452790913,8.57795153166118,7.1015633477105,-1.94596722251491,-0.00863794982433319,-2.81020953506231,0.116404019296169,0.59141094237566,-0.04546289381228,-7.39528825016398,1.29337799217966,1.55634458519911,0.3877551,0.58181818,0.49038462,0.21052632,0.8125,0.58823529,0.52884615,13,96.8310171274038,7.86560762845553,3,0.23076923,107.685,9,0.69230769,"2024-06-09",0
"Tyler Glasnow",14374,"2024-06-04","@PIT",22,2024,"LAD","A",30,0,1,1.5,1,1,1,0,0,0,0,0,6,24,3,1,1,1,2,0,0,1,0,9,13.5,3,4.5,4.5,0,0,9,3,1,1,0,0,0,0.375,0.08333333,0.29166667,2.33466657985389,1.5,0.136363636363636,0.833333333333333,0.166666666666667,1,3.33314644495646,-1.83314644495646,1.92248398140073,37.126514246455,81.0927420157182,48.2476998026033,3,0.076923076,0.692307692,0.23076923,0.333333333,0.333333333,0,0,36,61,97,0.180578023195267,-0.232547968626022,0.413125991821289,2.12599992752075,0.211858496069908,0.864637017250061,0.885699987411499,0.870000004768372,0.768999993801117,1,1,0.167021527886391,0.0418268322839696,0,0,0.53608247,96.84615385,0.25773196,90.6,0.20618557,83.35,NA,-0.700224757194519,0.805841326713562,0.861291348934174,-1.34658607152792,3.22336530685425,4.30645674467087,0.3559322,0.5,0.41237113,0.38095238,0.94736842,0.65,0.39175258,0.75,0.1443299,7,5,1,2,8,3,13,0.53846154,0.38461538,0.07692308,0.15384615,0.61538462,0.23076923,2.4142254141673,66,63.83461,69.39052,53.14223,65.4259,66.77232,59.79606,65.14729,69.04249,71.25831,34.13863,77.02563,31.06567,58.86886,71.59268,53.88679,-0.42558,3.43872,109.5,115.4,132,110.68,96.8,110.88,99.68,116.76,119.88,100.44,81.12,85.24,106.323298969072,99.2688659793814,109.832577319588,0.40206186,0.13402062,0.25773196,0.20618557,96.7589768629808,96.7923114483173,90.487998046875,83.1849975585938,-0.234203216357109,-5.92330521803636,0.331380348205566,2.3142671585083,9.42227798853165,7.92836468036358,-0.455387229919434,-7.42246017456055,-0.26880219206214,-0.432320430874825,0.787486951798201,0.834463123232126,-0.689236389902922,-3.32554177596019,3.1499478071928,4.17231561616063,0.34615385,0.48888889,0.41237113,0.44444444,0.86363636,0.675,0.46391753,19.44444444,0.20618557,0.40206186,0.13402062,0.25773196,82.958447265625,96.5382111378205,96.5745474008413,90.261865234375,2.4001033782959,-0.0087776291064727,-5.66054300161508,0.704658126831055,-9.07639846801758,8.45599365234375,6.92064021183894,-1.83017929077148,0.834463123232126,-0.26880219206214,-0.432320430874825,0.787486951798201,4.17231561616063,-0.689236389902922,-3.32554177596019,3.1499478071928,0.33333333,0.5,0.41237113,0.41176471,0.86956522,0.675,0.4742268,13,89.0693922776442,4.97688293457031,1,0.07692308,110.513,5,0.38461538,"2024-06-04",0
"Tyler Glasnow",14374,"2024-05-28","@NYM",22,2024,"LAD","A",30,0,0,2.57142857142857,1,1,1,0,0,0,0,0,7,25,2,2,2,1,4,0,0,0,0,8,10.2857142857143,5.14285714285714,2.57142857142857,2,0,0,5,7,0,1,0,1,0,0.32,0.16,0.16,4.22169068401489,1.28571428571429,0.0952380952380952,0.857142857142857,0.0833333333333333,0.86956522,4.45219406400408,-1.88076549257551,4.10705961308309,63.6454529939229,107.726553335928,101.039550691812,0.714285714,0,0.416666666,0.583333333,0.142857142,0.142857142,1,1.28571428571429,37,56,93,0.0106400232762098,-0.319697976112366,0.330338001251221,1.21300005912781,0.131919503211975,0.657144010066986,0.671714305877686,0.870000004768372,0.492999970912933,1,1,0.172575488686562,-0.156384177325259,0,0,0.64130435,96.06779661,0.31521739,89.48275862,0.04347826,84,0.01075269,3.47033619880676,0.727846562862396,-1.31953418254852,5.88192576068943,2.50981573400826,-32.9883545637131,0.29090909,0.81081081,0.5,0.4375,0.86666667,0.7173913,0.40217391,0.48,0.13978495,5,5,3,2,9,2,13,0.38461538,0.38461538,0.23076923,0.15384615,0.69230769,0.15384615,3.1155606854159,66,78.9503,73.60981,80,52.57371,63.01445,43.92023,80,70.73286,80,47.75928,75.16811,57.52829,59.56301,69.02225,60.61983,-0.4687,3.37404,135.64,121.28,154.12,104.48,87.14,99.98,104.32,115.16,118.6,101.72,96.48,106.42,104.949130434783,94.3095652173913,106.185434782609,0.55434783,0.08695652,0.31521739,0.04347826,96.0176451439951,96.2750015258789,89.551724137931,83.75,-0.993300120035807,-6.50191164016724,0.381307141534213,2.63783240318298,9.70331767961091,9.01463413238525,0.244217461553113,-5.97263717651367,2.05609912797809,1.43467714637518,0.771816529333591,-1.32045748829842,4.03156691760409,17.9334643296897,2.66143630804687,-33.0114372074604,0.28888889,0.70212766,0.5,0.46153846,0.81818182,0.7173913,0.51086957,18.17647059,0.04347826,0.55434783,0.08695652,0.31521739,83.8966751098633,96.1692995557598,96.4229507446289,89.6945295662716,2.96727252006531,-0.675017113779105,-6.16127109527588,0.828968245407631,-7.28277492523193,8.73319917566636,8.09899711608887,-0.916115267523404,-1.32045748829842,2.09255597367883,1.43467714637518,0.771816529333591,-33.0114372074604,4.10305092878201,17.9334643296897,2.66143630804687,0.26190476,0.7,0.5,0.36363636,0.82857143,0.7173913,0.54347826,13,86.5343424479167,18.9187253316243,1,0.07692308,103.403,4,0.30769231,"2024-05-28",1
"Tyler Glasnow",14374,"2024-05-22","ARI",22,2024,"LAD","H",30,0,1,5.4,1,1,0,0,0,0,0,0,5,21,4,3,3,0,1,0,0,1,1,6,10.8,1.8,7.2,6,0.333333333,0,6,6,2,1,2,0,0,0.28571429,0.04761905,0.23809524,3.12883112619009,0,0.2,1,0.285714285714286,0.4,1.3664797782898,4.03352022171021,3.18088986575603,133.655451287238,34.2852353125403,78.6579885751772,1,0.142857142,0.428571428,0.428571428,0.166666666,0,0,0,34,61,95,-0.111840017139912,-0.467559963464737,0.355719953775406,-0.610200047492981,-0.064571425318718,1.00365221500397,1.01200008392334,0.870000004768372,0.406000018119812,1,1,0.0159157421439886,-0.127348781864296,0,0,0.50526316,96.125,0.29473684,88.89285714,0.2,83.05263158,NA,1.44520282745361,-1.58472287654877,0.712910592556,3.01083922386169,-5.65972455910274,3.75216101345263,0.38297872,0.70833333,0.54736842,0.33333333,0.85294118,0.67307692,0.50526316,0.76190476,0.17894737,4,8,2,2,10,2,14,0.28571429,0.57142857,0.14285714,0.14285714,0.71428571,0.14285714,1.13074971893591,57,51.2516,78.67481,41.81705,72.64289,62.41703,69.61267,35.80775,50.69328,37.46445,55.3413,75.75894,50.47725,64.05563,71.22039,57.61047,-0.74781,2.95538,109.06,84.66,101.04,106.18,125.36,133.3,124.26,-22.8,-33.06,98.76,116.66,119.84,104.949684210526,111.536631578947,119.378526315789,0.47368421,0.03157895,0.29473684,0.2,96.1844401041667,95.5666707356771,88.778573172433,83.0421078330592,-0.881837378607856,-6.09875742594401,0.223047426768712,0.789382432636462,9.75154147677951,9.07142512003581,-0.914517743246896,-8.03599307411595,2.05208185687661,-0.614529248327017,-1.62047553062439,0.698401015251875,4.56018190417025,-20.4843082775672,-5.78741260937282,3.67579481711513,0.33333333,0.74,0.54736842,0.13333333,0.89189189,0.67307692,0.52631579,20.21621622,0.2,0.48421053,0.02105263,0.29473684,83.1212479440789,96.2427394701087,96.0281524658203,88.8537161690848,1.65967489543714,-0.193079989889394,-6.04296493530273,1.15855693817139,-9.73891408819901,8.58186937415081,6.97355508804321,-2.40346881321498,0.698401015251875,2.01703315228224,-0.579480543732643,-1.62047553062439,3.67579481711513,4.38485467887443,-28.9740271866322,-5.78741260937282,0.33333333,0.76595745,0.54736842,0.1875,0.88888889,0.67307692,0.49473684,14,91.1885114397321,21.4221910749163,0,0,105.461,8,0.57142857,"2024-05-22",0
"Tyler Glasnow",14374,"2024-05-16","CIN",22,2024,"LAD","H",30,0,1,7.2,1,1,0,0,0,0,0,0,5,23,6,4,4,1,1,0,0,1,0,8,14.4,1.8,10.8,8,0,0,5,4,5,0,0,0,0,0.34782609,0.04347826,0.30434783,2.45074987893387,1.8,0.272727272727273,1.4,0.384615384615385,0.53571429,3.1664797782898,4.03352022171021,1.77608650326729,178.207268382984,77.1260041595167,44.7098988109182,1.25,0.357142857,0.357142857,0.285714285,0,0.25,0,0,27,65,92,-0.193140000104904,-0.506019949913025,0.312879979610443,-1.61020016670227,-0.170391529798508,0.722068965435028,0.628399968147278,0.870000004768372,0.239999994635582,1,1,-0.175489872694016,-0.0919915028398883,0,0,0.52173913,96.04166667,0.27173913,88.32,0.20652174,83.78947368,NA,-1.30744731426239,0.278176993131638,-0.0460846535861492,-2.72384857137998,1.11270797252655,-0.242550808348154,0.375,0.72727273,0.54347826,0.55555556,0.875,0.76,0.47826087,0.7826087,0.13043478,7,5,2,0,8,6,14,0.5,0.35714286,0.14285714,0,0.57142857,0.42857143,4.71363227821822,46,34.93129,80,30.40496,59.3349,65.07934,50.43162,80,73.92484,77.04924,41.09708,78.94054,46.03806,50.69199,76.19644,45.51861,0.08242,4.20072,133.26,65.52,97.04,110.26,99.2,114,92.7,143.04,152.94,103.22,80.86,92.22,111.951739130435,90.1197826086957,107.11847826087,0.45652174,0.06521739,0.27173913,0.20652174,95.9690464564732,96.1833292643229,88.25599609375,83.773681640625,-0.591581934974307,-7.16699727376302,0.526392097473145,-0.438531925803737,10.0579637799944,8.32645034790039,-0.206090068817139,-6.98842901932566,-1.0577881000936,-0.255491629242897,0.843713961541653,-0.0966431573033333,-2.51854309546096,-4.25819382071495,3.37485584616661,-0.508648196333333,0.36585366,0.68627451,0.54347826,0.46666667,0.88571429,0.76,0.55434783,17.89705882,0.20652174,0.4673913,0.05434783,0.27173913,83.8770109477796,96.0935796693314,96.3232177734375,88.3596875,0.147438475960179,-0.0679368861885958,-7.18526153564453,1.16908088684082,-8.46367203561883,9.03646282817042,6.94662170410156,-1.13413299560547,-0.0966431573033333,-1.01842373237014,-0.294855996966362,0.843713961541653,-0.508648196333333,-2.36842728458172,-5.89711993932724,3.37485584616661,0.36585366,0.68627451,0.54347826,0.46666667,0.88571429,0.76,0.55434783,14,92.4078630719866,14.5709522792271,1,0.07142857,107.504,6,0.42857143,"2024-05-16",0
"Tyler Glasnow",14374,"2024-05-10","@SDP",22,2024,"LAD","A",30,0,0,1.28571428571429,1,1,1,0,0,0,0,0,7,22,1,1,1,1,2,0,0,0,0,10,12.8571428571429,2.57142857142857,1.28571428571429,5,0,0,7,2,1,0,0,0,0,0.45454545,0.09090909,0.36363636,1.91608858081175,1.28571428571429,0.05,0.428571428571429,0,1,3.02362263543265,-1.73790834971837,1.59848218006747,31.8227264969614,73.7259431399154,40.4179618270643,3.5,0.1,0.7,0.2,0,0.5,1,1.28571428571429,31,68,99,0.185288026928902,-0.181584045290947,0.366872072219849,2.19900012016296,0.239934533834457,0.674436390399933,0.841371417045593,0.870000004768372,1.78659999370575,1,1,0.253770142793655,0.0209600312692063,0,0,0.5959596,96.55932203,0.27272727,89.77777778,0.13131313,85.15384615,NA,2.55407166481018,0.670304536819458,0.537747502326965,4.328935025102,2.48260939562762,4.13651924866896,0.33333333,0.76470588,0.55555556,0.625,0.87179487,0.8,0.51515152,0.68181818,0.11111111,4,4,2,2,4,4,10,0.4,0.4,0.2,0.2,0.4,0.4,2.47695530033465,77,55.55551,80,62.2273,68.83328,67.78301,59.99937,80,64.3485,80,59.41277,77.85522,60.58775,70.89503,77.27539,69.72238,-1.17272,2.31801,129.26,80.6,106.54,113.58,99.38,117.72,122.78,75.1,89.12,128.4,112.34,131.02,120.973131313131,97.3355555555555,116.08202020202,0.45454545,0.14141414,0.28282828,0.12121212,96.5466688368056,96.2857142857143,89.5607125418527,84.9083353678385,-0.461791441175673,-6.7921633039202,0.0293736904859543,-0.341820995012919,10.1411783854167,9.00919342041016,-0.831865446908133,-7.18770472208659,0.859226137399673,1.74381895363331,0.6632797755301,0.543647214770317,1.90939141644372,12.4558496688093,2.36885634117893,4.53039345641931,0.29787234,0.78846154,0.55555556,0.5,0.90243902,0.8,0.52525253,19.05194805,0.12121212,0.45454545,0.14141414,0.28282828,85.3043060302734,96.7535047743056,96.4846452985491,89.6688755580357,0.40736182530721,0.225324779086643,-6.15659986223493,0.807239191872733,-8.87262980143229,8.8538581000434,7.76989582606724,-2.25881235940116,0.578695919364691,0.859226137399673,1.74381895363331,0.628231070935726,4.82246599470576,1.90939141644372,12.4558496688093,2.24368239619902,0.29545455,0.76363636,0.55555556,0.46153846,0.9047619,0.8,0.55555556,10,88.2012512207031,-8.86001663208008,1,0.1,105.037,4,0.4,"2024-05-10",0
"Tyler Glasnow",14374,"2024-05-04","ATL",22,2024,"LAD","H",30,1,0,2.57142857142857,1,1,1,0,0,0,0,0,7,27,5,2,2,0,1,0,0,1,0,10,12.8571428571429,1.28571428571429,6.42857142857143,10,0,0,8,6,2,1,0,0,0,0.37037037,0.03703704,0.33333333,2.16519685095098,0,0.192307692307692,0.857142857142857,0.3125,0.66666667,0.737908349718367,1.8335202217102,2.03391555505139,63.6454529939229,19.3249668262946,50.9405244112828,1.333333333,0.125,0.5,0.375,0.166666666,0,10,12.8571428571429,35,61,96,0.144199967384338,-0.176239997148514,0.320439964532852,1.34579992294312,0.142412692308426,0.618206918239594,0.620285749435425,0.870000004768372,0.0259999986737967,1,1,0.194792568683624,0.0384626135698554,0,0,0.59375,96.24561404,0.26041667,90.2,0.14583333,84.5,NA,1.03885364532471,-0.221314609050751,0.805742025375366,1.82255025495563,-0.885258436203003,5.75530018125262,0.30769231,0.63636364,0.45833333,0.5625,0.75,0.68181818,0.45833333,0.51851852,0.14583333,4,9,3,2,10,4,16,0.25,0.5625,0.1875,0.125,0.625,0.25,0.454196493988887,74,50.33626,80,43.93129,57.60337,62.83972,50.02336,29.67915,73.19802,27.23255,39.41075,70.86831,41.83497,50.38373,69.66152,44.97899,0.10157,4.22945,120.76,92.14,118.96,100.28,100.4,105.76,98.26,66.16,78.1,107.1,90.34,103.3,104.9375,94.7922916666667,105.60375,0.54166667,0.05208333,0.26041667,0.14583333,96.1884577824519,96.6,90.207998046875,84.5071411132812,-0.403359853304349,-6.28593444824219,0.615859413146973,-0.998541355133057,8.63650806133564,8.90136871337891,0.477938117980957,-6.77755791800363,0.716228518635035,0.337727442383766,-0.229902699589729,0.844816137105227,1.37736253583661,6.75454884767532,-0.919610798358917,6.03440097932305,0.27083333,0.64583333,0.45833333,0.38461538,0.80645161,0.68181818,0.5,16.86956522,0.14583333,0.54166667,0.05208333,0.26041667,84.4842965262277,96.1578369140625,96.5690795898438,90.164697265625,-0.329839706420898,0.229996204376221,-5.76450424194336,1.31335433959961,-8.42717688424247,7.7870594904973,7.61484832763672,-0.671300354003906,0.844816137105227,0.716228518635035,0.337727442383766,-0.229902699589729,6.03440097932305,1.37736253583661,6.75454884767532,-0.919610798358917,0.27083333,0.64583333,0.45833333,0.38461538,0.80645161,0.68181818,0.5,16,92.3746490478516,8.47024440765381,1,0.0625,108.169,7,0.4375,"2024-05-04",0
"Tyler Glasnow",14374,"2024-04-27","@TOR",22,2024,"LAD","A",30,1,0,1.5,1,1,1,0,0,0,0,0,6,24,2,1,1,0,3,0,0,0,0,9,13.5,4.5,3,3,0,0,3,5,3,0,0,0,0,0.375,0.125,0.25,3.17254158380935,0,0.0952380952380952,0.833333333333333,0.166666666666667,0.8,1.6664797782898,-0.166479778289796,2.92648678347468,37.126514246455,41.425363453703,72.5101540068636,0.6,0.272727272,0.272727272,0.454545454,0,0,4,6,39,56,95,0.131264016032219,-0.194772005081177,0.326036036014557,1.2700001001358,0.134178563952446,0.696683347225189,0.789771437644958,0.923799991607666,1.72339999675751,1,1,0.177554696798325,0.0108580398560373,0,0,0.71578947,96.48529412,0.12631579,91.33333333,0.15789474,84.93333333,NA,1.5334233045578,-0.139431998133659,0.343131363391876,2.25503427140853,-1.16193331778049,2.28754242261251,0.2,0.62222222,0.4,0.4,0.85714286,0.73684211,0.47368421,0.58333333,0.10526316,6,2,3,2,5,4,12,0.54545455,0.18181818,0.27272727,0.18181818,0.45454545,0.36363636,2.27575313924467,72,47.41391,80,43.26104,64.57129,64.08892,51.02983,55.88167,77.25463,66.18349,48.36738,58.05493,53.1704,61.53049,65.67109,51.19684,-0.59094,3.19068,137.74,86.42,115.86,110.6,91.52,104.64,111.38,81.18,106.88,97.34,120.94,132.68,113.254680851064,94.241914893617,110.057659574468,0.68421053,0.03157895,0.12631579,0.15789474,96.3692307692308,97,91.4583333333333,84.8600016276042,-0.903787583571214,-6.08394495646159,1.15408802032471,0.192222118377686,10.315615609976,10.1386858622233,2.53680976231893,-5.06213175455729,1.38284843787551,0.154342081397772,-0.139519732445478,0.344902351498604,2.12745913519309,5.14473604659239,-1.16266443704565,2.29934900999069,0.1627907,0.61538462,0.41052632,0.42857143,0.8125,0.74358974,0.54736842,17.84507042,0.15789474,0.69473684,0.02105263,0.12631579,84.5587809244792,96.068388967803,97.3309020996094,91.1583455403646,0.999144681294759,-0.296438130465421,-6.59944534301758,1.97281980514526,-7.28725128173828,9.00126971620502,8.26648998260498,0.876280546188354,0.344902351498604,2.02292385324836,-0.0984223820269108,-0.139519732445478,2.29934900999069,3.06503614128539,-4.92111910134554,-1.16266443704565,0.13953488,0.63461538,0.41052632,0.33333333,0.81818182,0.74358974,0.54736842,12,92.3885331587358,18.0817011052912,1,0.08333333,117.572,5,0.41666667,"2024-04-27",0
"Tyler Glasnow",14374,"2024-04-21","NYM",22,2024,"LAD","H",30,1,0,0,1,1,1,0,0,0,0,0,8,29,7,0,0,0,0,0,0,1,0,10,11.25,0,7.875,10,0,0,11,3,5,0,0,0,0,0.34482759,0,0.34482759,1.62023562858315,0,0.241379310344828,0.875,0.368421052631579,1,0.666479778289795,-0.666479778289795,1.233482930623,0,17.6249363164939,31.5974908523392,3.666666666,0.263157894,0.578947368,0.157894736,0,0,10,11.25,31,70,101,0.266099959611893,-0.056640051305294,0.322740018367767,3.82379984855652,0.404634922742844,0.450812488794327,0.625,0.870000004768372,0,1,1,0.406554669141769,0.183712828379345,0,0,0.55445545,96.32142857,0.17821782,90.88888889,0.26732673,84.18518519,NA,1.81749749183655,-0.284652650356293,0.584490597248077,3.24553123542241,-1.58140361309052,2.16477998980769,0.24444444,0.67857143,0.48514851,0.27272727,0.89473684,0.75510204,0.55445545,0.79310345,0.11881188,6,5,8,3,10,6,19,0.31578947,0.26315789,0.42105263,0.15789474,0.52631579,0.31578947,1.48640565484033,84,36.95081,65.88811,38.14454,73.51726,63.4485,68.98875,NA,NA,NA,68.14043,57.95644,76.354,65.01788,62.24007,64.25792,-0.80759,2.86571,108.52,81.44,90.02,99.1,116.24,121.78,NA,NA,NA,95.52,128.62,130.78,100.980198019802,109.143366336634,114.893663366337,0.55445545,NA,0.17821782,0.26732673,96.3250034877232,NA,90.9222208658854,84.174072265625,-0.99308477129255,NA,1.44765959845649,1.90401275069625,8.80952344621931,NA,2.69844796922472,-5.68892641420718,1.83997098729014,NA,-0.29252615198493,0.617227073758841,3.28566247730383,NA,-1.62514528880517,2.28602619910682,0.24390244,0.65,0.48514851,0.3,0.87179487,0.75510204,0.59405941,17.28571429,0.26732673,0.55445545,NA,0.17821782,84.3825593171296,96.5447562081473,NA,91.1221177842882,2.45168134901259,-0.524958746773856,NA,2.01891114976671,-7.05958048502604,7.96788188389369,NA,1.76556650797526,0.617227073758841,1.83997098729014,NA,-0.29252615198493,2.28602619910682,3.28566247730383,NA,-1.62514528880517,0.23076923,0.64516129,0.48514851,0.22222222,0.875,0.75510204,0.61386139,19,90.2108218544408,4.32590886166221,0,0,103.603,8,0.42105263,"2024-04-21",0
"Tyler Glasnow",14374,"2024-04-15","WSN",22,2024,"LAD","H",30,0,1,10.8,1,1,0,0,0,0,0,0,5,25,8,6,6,2,2,0,0,1,0,5,9,3.6,14.4,2.5,0,0,6,6,6,0,0,0,0,0.2,0.08,0.12,4.45297388401489,3.6,0.347826086956522,2,0.375,0.55555556,7.5664797782898,3.23352022171021,4.18088986575603,267.310902574476,181.847883563237,102.82371217091,1,0.333333333,0.333333333,0.333333333,0,0.333333333,2,3.6,34,60,94,-0.392359972000122,-0.828440010547638,0.436080008745193,-3.61019992828369,-0.382031738758087,1.04007685184479,0.929199993610382,0.870000004768372,0.239999994635582,1,1,-0.309672713279724,-0.0675686139396943,0,0,0.5,96.23404255,0.35106383,90.45454545,0.14893617,84.42857143,NA,-3.05937170982361,-0.784893155097961,0.0769744366407394,-6.509301510263,-2.37846410635746,0.54981740457671,0.31372549,0.69767442,0.4893617,0.5625,0.86666667,0.76086957,0.45744681,0.72,0.11702128,5,9,4,6,7,5,18,0.27777778,0.5,0.22222222,0.33333333,0.38888889,0.27777778,9.16380743380669,25,20,75.30927,20,70.07764,63.57113,62.24373,NA,NA,NA,52.98157,64.75272,62.50445,58.14067,67.83046,55.14773,-0.38034,3.50658,134.94,60.52,81.82,103.72,98.56,105.42,NA,NA,NA,107.12,109.92,117.84,109.563404255319,96.8825531914894,106.265319148936,0.5,NA,0.35106383,0.14893617,96.2085064827128,NA,90.39697265625,84.4428536551339,-0.256400717065689,NA,1.26426141912287,-0.143291558538164,10.0722156281167,NA,1.6798403190844,-5.04650388445173,-3.04209202900529,NA,-0.745022926479578,0.0761063508689404,-6.47253623192615,NA,-2.2576452317563,0.543616791921003,0.31111111,0.65306122,0.4893617,0.5,0.875,0.76086957,0.5212766,19.46376812,0.14893617,0.5,NA,0.35106383,84.9281180245536,96.7133269614362,NA,90.8925411339962,0.399026359830584,0.239589792616824,NA,1.92034449721828,-6.95312445504325,8.74881111307347,NA,0.288764895814838,0.0761063508689404,-3.04209202900529,NA,-0.745022926479578,0.543616791921003,-6.47253623192615,NA,-2.2576452317563,0.29787234,0.68085106,0.4893617,0.5,0.875,0.76086957,0.5,18,86.6077813042535,1.97785101996528,3,0.16666667,106.576,7,0.38888889,"2024-04-15",0
"Tyler Glasnow",14374,"2024-04-09","@MIN",22,2024,"LAD","A",30,1,0,0,1,1,1,0,0,0,0,0,7,24,3,0,0,0,0,0,0,0,0,14,18,0,3.85714285714286,14,0,0,5,3,2,0,0,0,0,0.58333333,0,0.58333333,0.48666658552456,0,0.125,0.428571428571429,0.3,1,-0.833520221710205,0.833520221710205,-0.185516619043691,0,-18.0757043893197,-2.69366004737515,1.666666666,0.2,0.5,0.3,0,0,6,7.71428571428571,23,65,88,0.241891995072365,-0.0427560061216354,0.284648001194,3.38800001144409,0.355136275291443,0.496100008487701,0.656685709953308,0.870000004768372,0.151600003242493,1,1,0.371680498123169,0.11590666360606,0,0,0.51136364,96.2,0.31818182,91.25,0.17045455,84.86666667,NA,2.03625440597534,1.50241410732269,-0.256356775760651,4.52500979105631,5.36576466900962,-1.70904517173767,0.34090909,0.63636364,0.48863636,0.26666667,0.75,0.58139535,0.5,0.625,0.20454545,4,4,2,2,4,4,10,0.4,0.4,0.2,0.2,0.4,0.4,-0.561321070588354,90,42.32931,80,41.40332,77.74113,66.78667,73.80158,NA,NA,NA,53.77084,60.20773,63.67929,67.76361,70.63014,68.82039,-0.97818,2.60982,130.52,57.16,83.84,111.06,115.3,126.86,NA,NA,NA,106.46,112.18,124.72,112.987586206897,104.307586206897,118.778620689655,0.51136364,NA,0.31818182,0.17045455,96.1711154513889,NA,91.2535749162946,84.7066650390625,0.0876811451382107,NA,2.01681504930769,1.99766731262207,10.0321492513021,NA,2.64006478445871,-6.11209767659505,2.09390950948,NA,1.60318274796009,-0.258734796196222,4.65313224328889,NA,5.72565267128604,-1.72489864130815,0.30555556,0.61538462,0.48863636,0.27272727,0.6875,0.58139535,0.59090909,17.5625,0.17045455,0.51136364,NA,0.31818182,84.88291015625,96.3249782986111,NA,91.4046194893973,2.64856872558594,0.580242114596897,NA,2.66722079685756,-8.15399983723958,8.59909396701389,NA,1.14349378858294,-0.258734796196222,2.09390950948,NA,1.60318274796009,-1.72489864130815,4.65313224328889,NA,5.72565267128604,0.31428571,0.60377358,0.48863636,0.27272727,0.6875,0.58139535,0.60227273,10,86.2342712402344,10.6238914489746,0,0,101.669,3,0.3,"2024-04-09",0
"Tyler Glasnow",14374,"2024-04-03","SFG",22,2024,"LAD","H",30,1,0,4.5,1,1,1,0,0,0,0,0,6,24,4,3,3,1,2,0,0,2,0,7,10.5,3,6,3.5,0,0,9,4,2,0,0,0,0,0.29166667,0.08333333,0.20833333,3.15163012859027,1.5,0.181818181818182,1,0.214285714285714,0.65217391,3.99981311162313,0.500186888376871,2.84115204910437,111.379542739365,96.9596934405242,70.4479784029554,2.25,0.133333333,0.6,0.266666666,0,0.25,4,6,33,67,100,0.00701998360455036,-0.450959980487823,0.45797997713089,-0.132200047373772,-0.0139894150197506,1.03261542320251,0.941666662693024,0.870000004768372,1.73000001907349,1,1,0.015302243642509,-0.00850398802205849,0,0,0.62,96.38709677,0.16,91.375,0.22,84.5,NA,1.5263044834137,-0.91547954082489,-0.0700434818863869,2.4617814248608,-5.72174713015556,-0.31837946311994,0.23913043,0.68518519,0.48,0.54545455,0.86486486,0.79166667,0.54,0.66666667,0.1,10,2,3,3,9,3,15,0.66666667,0.13333333,0.2,0.2,0.6,0.2,3.6005044015158,56,40.87932,72.97019,32.48764,65.64137,64.80414,60.66719,NA,NA,NA,39.5738,55.37261,44.50229,56.8022,64.43142,51.8475,-0.29718,3.63132,126.64,90.48,107.4,108.14,104.46,112.44,NA,NA,NA,101.38,99.7,101.82,111.1284,100.6228,109.632,0.62,NA,0.16,0.22,96.348388671875,NA,91.4749984741211,84.3681807084517,-0.940757197718466,NA,1.74579107761383,0.0789231766353954,10.2521834834929,NA,2.73612451553345,-5.2353910966353,1.53833582252264,NA,-0.912055119872093,-0.0745713077485561,2.48118681052039,NA,-5.70034449920058,-0.338960489766164,0.23404255,0.69811321,0.48,0.54545455,0.86486486,0.79166667,0.53,19.40789474,0.22,0.62,NA,0.16,84.6745383522727,96.6678978704637,NA,91.7784118652344,0.392863533713601,-0.619660900485131,NA,2.26697611808777,-7.1911093971946,9.04516995337702,NA,1.39049410820007,-0.0745713077485561,1.53833582252264,NA,-0.912055119872093,-0.338960489766164,2.48118681052039,NA,-5.70034449920058,0.23913043,0.68518519,0.48,0.54545455,0.86486486,0.79166667,0.54,15,88.7770036969866,1.54964141845703,1,0.06666667,106.458,6,0.4,"2024-04-03",0
"Tyler Glasnow",14374,"2024-03-28","STL",22,2024,"LAD","H",30,1,0,1.5,1,1,1,0,0,0,0,0,6,22,2,1,1,1,1,0,0,0,0,5,7.5,1.5,3,5,0.333333333,0,3,10,3,1,1,0,0,0.22727273,0.04545455,0.18181818,4.54169395900643,1.5,0.0952380952380952,0.5,0.0666666666666667,1,4.1664797782898,-2.6664797782898,4.51982712199291,37.126514246455,100.926431296726,111.014376221426,0.3,0.1875,0.1875,0.625,0.1,0.1,6,9,34,47,81,0.198600009083748,-0.102379992604256,0.300980001688004,1.86779999732971,0.197650790214539,0.622608721256256,0.744000017642975,0.870000004768372,0.330000013113022,1,1,0.237988919019699,0.0809915293797816,0,0,0.54320988,96.47727273,0.34567901,90.75,0.11111111,85,NA,0.751244306564331,0.515348672866821,0.794109523296356,1.70737342400984,1.84053097452436,8.82343914773729,0.28571429,0.875,0.51851852,0.35714286,0.85714286,0.69047619,0.39506173,0.54545455,0.16049383,4,8,4,3,9,4,16,0.25,0.5,0.25,0.1875,0.5625,0.25,3.9526127551081,66,48.93758,74.56572,31.70299,72.47901,63.57366,68.23078,40.31435,45.52942,41.17871,22.17842,63.01347,24.36491,53.31277,65.68733,48.00968,-0.0804,3.95649,108.66,129.6,133.68,103.54,125.1,136.04,95.6,102.64,103.66,98.08,75.36,81.1,102.061927710843,108.266987951807,116.469879518072,0.51851852,0.02469136,0.34567901,0.11111111,96.4214274088542,96.0999984741211,90.7392839704241,84.8555569118924,-1.13018662588937,-5.17940664291382,0.615239007132394,0.00141474604606628,9.21351042247954,8.02650833129883,0.73267023903983,-5.25807232326931,0.703152041882277,0.0337270088493824,0.546602085232735,0.780128963291645,1.67417152829113,1.68635044246912,1.95215030440262,8.66809959212939,0.31818182,0.75675676,0.51851852,0.35714286,0.85714286,0.69047619,0.45679012,18.13559322,0.11111111,0.51851852,0.02469136,0.34567901,85.2424791124132,96.7961716424851,96.4770965576172,91.1060616629464,0.720107131534153,-0.502699624924433,-4.67727518081665,1.40578038351876,-6.93197207980686,8.05997067406064,6.98595523834229,-0.400606495993478,0.780128963291645,0.703152041882277,0.0337270088493824,0.546602085232735,8.66809959212939,1.67417152829113,1.68635044246912,1.95215030440262,0.34090909,0.72972973,0.51851852,0.4,0.85185185,0.69047619,0.45679012,16,89.6064605712891,31.2441635131836,2,0.125,110.274,5,0.3125,"2024-03-28",0
"Tyler Glasnow",14374,"2024-03-20","@SDP",22,2024,"LAD","A",30,0,0,3.6,1,1,0,0,0,0,0,0,5,20,2,2,2,0,4,0,0,1,0,3,5.4,7.2,3.6,0.75,0,1,6,4,2,0,0,1,1,0.15,0.2,-0.05,6.78845908401489,0,0.125,1.2,0.153846153846154,0.66666667,4.3664797782898,-0.766479778289795,5.57608650326729,89.103634191492,105.686516724168,136.539648474703,1.5,0.166666666,0.5,0.333333333,0,0,1,1.8,30,47,77,-0.0330360047519207,-0.344870030879974,0.311834007501602,0.284999996423721,0.0310965590178967,1.09020948410034,0.931760013103485,0.870000004768372,0.790999948978424,1,1,0.0936546474695206,-0.123957084967744,0,0,0.54545455,96.38095238,0.32467532,90.84,0.12987013,85.2,NA,0.726020574569702,1.20374512672424,-0.137130737304688,1.72862041564215,4.81498050689697,-1.37130737304688,0.37777778,0.625,0.48051948,0.52941176,0.8,0.67567568,0.41558442,0.65,0.15584416,3,6,4,2,9,2,13,0.23076923,0.46153846,0.30769231,0.15384615,0.69230769,0.15384615,4.47251462879122,55,26.06186,77.24685,20,63.92352,64.35566,51.25542,20,34.17133,20,56.46937,53.60482,61.16952,54.4883,62.39656,47.16369,-0.15343,3.84695,129.56,77.92,98.7,114.86,104.92,123.74,98.14,42.36,31.96,106.34,101.76,115.08,113.351428571429,97.9501298701299,114.100519480519,0.50649351,0.03896104,0.32467532,0.12987013,96.3282063802083,96.1666666666667,90.852001953125,85.0700012207031,-1.02807392218174,-7.04186375935872,1.16457794189453,-1.04818115234375,10.8316822541066,9.81884574890137,2.15076858520508,-5.05673599243164,0.952598411589861,-0.18821831420064,1.28090635314584,-0.140592463314533,2.44256002971759,-6.27394380668799,5.12362541258335,-1.40592463314533,0.27027027,0.675,0.48051948,0.4,0.77777778,0.67567568,0.51948052,17.92857143,0.12987013,0.50649351,0.03896104,0.32467532,85.5964965820312,96.8786120292468,96.726064046224,91.339169921875,-0.0414789915084839,-0.242461571326623,-6.06742986043294,2.07546279907227,-7.62128982543945,9.342040233123,7.8100471496582,0.688026351928711,-0.140592463314533,0.952598411589861,-0.18821831420064,1.28090635314584,-1.40592463314533,2.44256002971759,-6.27394380668799,5.12362541258335,0.27027027,0.675,0.48051948,0.4,0.77777778,0.67567568,0.51948052,13,84.9552103678385,10.8790995279948,1,0.07692308,110.142,4,0.30769231,"2024-03-20",0
