"PlayerName","playerid","Date","Opp","teamid","season","Team","HomeAway","Age","W","L","ERA","G","GS","QS","CG","ShO","SV","HLD","BS","IP","TBF","H","R","ER","HR","BB","IBB","HBP","WP","BK","SO","K/9","BB/9","H/9","K/BB","IFH%","BUH%","GB","FB","LD","IFFB","IFH","BU","BUH","K%","BB%","K-BB%","SIERA","HR/9","AVG","WHIP","BABIP","LOB%","FIP","E-F","xFIP","ERA-","FIP-","xFIP-","GB/FB","LD%","GB%","FB%","IFFB%","HR/FB","RS","RS/9","Balls","Strikes","Pitches","WPA","-WPA","+WPA","RE24","REW","pLI","inLI","gmLI","exLI","Pulls","Games","WPA/LI","Clutch","SD","MD","FB%1","FBv","SL%","SLv","CB%","CBv","SF%","SFv","XX%","wFB","wSL","wCB","wSF","wFB/C","wSL/C","wCB/C","wSF/C","O-Swing%","Z-Swing%","Swing%","O-Contact%","Z-Contact%","Contact%","Zone%","F-Strike%","SwStr%","Pull","Cent","Oppo","Soft","Med","Hard","bipCount","Pull%","Cent%","Oppo%","Soft%","Med%","Hard%","tERA","GSv2","pb_o_CH","pb_s_CH","pb_c_CH","pb_o_CU","pb_s_CU","pb_c_CU","pb_o_FF","pb_s_FF","pb_c_FF","pb_o_SL","pb_s_SL","pb_c_SL","pb_o_FS","pb_s_FS","pb_c_FS","pb_overall","pb_stuff","pb_command","pb_xRV100","pb_ERA","sp_s_CH","sp_l_CH","sp_p_CH","sp_s_CU","sp_l_CU","sp_p_CU","sp_s_FF","sp_l_FF","sp_p_FF","sp_s_SL","sp_l_SL","sp_p_SL","sp_s_FS","sp_l_FS","sp_p_FS","sp_stuff","sp_location","sp_pitching","pfxFA%","pfxFS%","pfxSL%","pfxCU%","pfxCH%","pfxvFA","pfxvFS","pfxvSL","pfxvCU","pfxvCH","pfxFA-X","pfxFS-X","pfxSL-X","pfxCU-X","pfxCH-X","pfxFA-Z","pfxFS-Z","pfxSL-Z","pfxCU-Z","pfxCH-Z","pfxwFA","pfxwFS","pfxwSL","pfxwCU","pfxwCH","pfxwFA/C","pfxwFS/C","pfxwSL/C","pfxwCU/C","pfxwCH/C","pfxO-Swing%","pfxZ-Swing%","pfxSwing%","pfxO-Contact%","pfxZ-Contact%","pfxContact%","pfxZone%","pfxPace","piCH%","piCU%","piFA%","piSL%","pivCH","pivCU","pivFA","pivSL","piCH-X","piCU-X","piFA-X","piSL-X","piCH-Z","piCU-Z","piFA-Z","piSL-Z","piwCH","piwCU","piwFA","piwSL","piwCH/C","piwCU/C","piwFA/C","piwSL/C","piO-Swing%","piZ-Swing%","piSwing%","piO-Contact%","piZ-Contact%","piContact%","piZone%","Events","EV","LA","Barrels","Barrel%","maxEV","HardHit","HardHit%","gamedate","dh"
"Xzavion Curry",25595,"2024-09-28","@TOR",20,2024,"MIA","A",25,1,0,1.8,1,1,0,0,0,0,0,0,5,17,2,1,1,1,1,0,0,0,0,1,1.8,1.8,3.6,1,0,0,5,7,3,0,0,0,0,0.05882353,0.05882353,0,6.37405434298156,1.8,0.125,0.6,0.0714285714285714,1,5.96647977828979,-4.1664797782898,5.48329154700041,42.6237307717268,145.925841859412,134.297191210479,0.714285714,0.2,0.333333333,0.466666666,0,0.142857142,5,9,23,42,65,0.20072203874588,-0.167315989732742,0.368038028478622,1.39499998092651,0.147385105490685,0.889388918876648,1.10828006267548,0.910000026226044,0.709600031375885,1,1,0.136001348495483,0.0896839894772498,0,0,0.55384615,92.30555556,0.24615385,83.4375,0.18461538,73.58333333,0.01538462,84,NA,0.539666473865509,0.261961549520493,1.06513547897339,-0.04739710688591,1.4990735385153,1.63725968450308,8.8761289914449,-4.739710688591,0.28947368,0.59259259,0.41538462,0.90909091,0.9375,0.92592593,0.41538462,0.70588235,0.03076923,4,6,5,4,6,5,15,0.26666667,0.4,0.33333333,0.26666667,0.4,0.33333333,7.32739431696712,56,20,45.05543,20,54.82777,41.68477,47.2908,39.92066,36.80418,43.09846,67.59524,27.78359,80,NA,NA,NA,45.69824,29.40506,53.04161,0.39266,4.66608,93.62,-5.06,-5.66000000000001,93.24,107.16,101,74.3,99.24,74.46,107.28,138.6,122.84,NA,NA,NA,86.2878787878788,107.039090909091,88.5384848484849,0.55384615,NA,0.24615385,0.18461538,0.01538462,92.2166680230035,NA,83.3375015258789,73.5499979654948,84.3000030517578,-2.59026442633735,NA,3.79060029983521,6.27715873718262,-6.15087032318115,10.495357937283,NA,-0.159612908959389,-7.62957700093587,6.21282577514648,0.54009160399437,NA,0.327847022563219,1.07781839370728,-0.0483221560716629,1.50025445553992,NA,2.04904389102012,8.98181994756063,-4.83221560716629,0.25,0.57575758,0.41538462,0.875,0.94736842,0.92592593,0.50769231,18.93478261,0.01538462,0.18461538,0.55384615,0.24615385,84.1128005981445,73.3135426839193,91.994391547309,83.109992980957,-6.23696994781494,6.81258646647135,-2.27098168267144,4.44145393371582,5.57470989227295,-9.366912206014,9.55743916829427,-1.44441497325897,-0.0483221560716629,1.07781839370728,0.54009160399437,0.327847022563219,-4.83221560716629,8.98181994756063,1.50025445553992,2.04904389102012,0.24242424,0.59375,0.41538462,0.875,0.94736842,0.92592593,0.49230769,15,83.4815185546875,23.0329650878906,0,0,95.9035,2,0.13333333,"2024-09-28",0
"Xzavion Curry",25595,"2024-09-22","ATL",20,2024,"MIA","H",25,0,0,9,1,0,0,0,0,0,0,0,1,4,1,1,1,1,0,0,0,0,0,0,0,0,9,0,0,0,2,2,0,0,0,0,0,0,0,0,6.03472908401489,9,0.25,1,0,1,16.1664797782898,-7.16647977828979,6.19049659073353,213.118653858634,392.335266985734,151.387312822842,1,0,0.5,0.5,0,0.5,2,18,3,8,11,-0.0794399902224541,-0.126939997076988,0.0475000068545341,-0.477999985218048,-0.0475621894001961,0.644500017166138,0.986000001430511,0.986000001430511,1.54399991035461,1,1,-0.0949596092104912,-0.0282987121340934,0,1,0.45454545,91.2,0.27272727,83.33333333,0.27272727,72.66666667,NA,NA,NA,-1.21728086471558,0.318301051855087,0.162567242980003,NA,-24.3456172943115,10.6100350618362,5.41890809933344,NA,0.4,1,0.72727273,0.5,1,0.875,0.54545455,0.75,0.09090909,3,0,1,0,2,2,4,0.75,0,0.25,0,0.5,0.5,15.4386750634935,NA,NA,NA,NA,34.18957,33.83201,20,28.83848,33.12904,37.56964,64.65553,21.62557,74.16192,NA,NA,NA,35.36971,22.71332,39.36573,1.03434,5.6286,NA,NA,NA,105.1,87,91,75.6,91.9,70.9,91.34,106.02,116.64,NA,NA,NA,87.9381818181818,94.4145454545454,88.8563636363636,0.45454545,NA,0.27272727,0.27272727,NA,90.9599975585938,NA,83.1666666666667,72.7000020345052,NA,-3.24724235534668,NA,2.56539805730184,6.40280850728353,NA,11.0866622924805,NA,1.842848777771,-6.5112419128418,NA,-1.21631183847785,NA,0.322317838668823,0.164569545537233,NA,-24.326236769557,NA,10.7439279556274,5.48565151790778,NA,0.4,1,0.72727273,0.5,1,0.875,0.54545455,19.14285714,NA,0.27272727,0.45454545,0.27272727,NA,72.6033986409505,90.8720825195312,83.0675354003906,NA,7.57937304178874,-2.41784210205078,3.5128132502238,NA,-8.63197008768717,9.66191024780273,0.36592698097229,NA,0.164569545537233,-1.21631183847785,0.322317838668823,NA,5.48565151790778,-24.326236769557,10.7439279556274,0.4,1,0.72727273,0.5,1,0.875,0.54545455,4,87.5064315795898,14.217812538147,1,0.25,102.231,1,0.25,"2024-09-22",0
"Xzavion Curry",25595,"2024-09-21","ATL",20,2024,"MIA","H",25,0,0,0,1,0,0,0,0,0,0,0,0.1,1,0,0,0,0,0,0,0,0,0,1,27.000028163224,0,0,1,0,0,0,0,0,0,0,0,0,1,0,1,-0.337270915985107,0,0,0,0,1,-2.83352648020443,2.83352648020443,-2.83352648020443,0,-66.6628329703524,-66.6847344309602,0,0,0,0,0,0,0,0,0,3,3,0.00303999637253582,0,0.00303999637253582,0.108999997377396,0.0108457710593939,0.118000000715256,0.0590000003576279,0.118000000715256,0.141999989748001,1,1,0.0257626809179783,4.90464543978497e-11,0,0,NA,NA,0.66666667,84,0.33333333,71,NA,NA,NA,NA,0.227396890521049,0.0389156937599182,NA,NA,11.3698445260525,3.89156937599182,NA,0,1,0.66666667,NA,1,1,0.66666667,1,0,0,0,0,0,0,0,0,NA,NA,NA,NA,NA,NA,-2.86451356943607,NA,NA,NA,NA,80,33.03538,80,NA,NA,NA,80,24.21257,80,NA,NA,NA,80,25.64276,80,-3.1133,-0.59286,NA,NA,NA,101.94,105.28,113.3,NA,NA,NA,107.5,141.26,129.9,NA,NA,NA,105.646666666667,129.266666666667,124.366666666667,NA,NA,0.66666667,0.33333333,NA,NA,NA,83.8000030517578,71.4000015258789,NA,NA,NA,3.93145608901978,7.03684997558594,NA,NA,NA,1.34473824501038,-5.95836067199707,NA,NA,NA,0.229855183511972,0.039364367723465,NA,NA,NA,11.4927591755986,3.9364367723465,NA,NA,0.66666667,0.66666667,NA,1,1,1,25,NA,0.33333333,NA,0.66666667,NA,71.3159027099609,NA,83.7023468017578,NA,8.35404968261719,NA,4.90859985351562,NA,-7.75232982635498,NA,-0.237010478973389,NA,0.039364367723465,NA,0.229855183511972,NA,3.9364367723465,NA,11.4927591755986,NA,0.66666667,0.66666667,NA,1,1,1,0,NA,NA,0,NA,NA,0,NA,"2024-09-21",0
"Xzavion Curry",25595,"2024-09-18","LAD",20,2024,"MIA","H",25,0,0,0,1,0,0,0,0,0,0,0,2.2,8,0,0,0,0,0,0,0,0,0,3,10.1250024139887,0,0,3,0,0,1,1,3,0,0,0,0,0.375,0,0.375,1.50163533401489,0,0,0,0,1,0.916479241847864,-0.916479241847864,1.48348252936518,0,23.9290056758558,37.638912054587,1,0.6,0.2,0.2,0,0,3,10.1250024139887,10,22,32,0.0198199991136789,0,0.0198199991136789,1.74300003051758,0.17343282699585,0.0907500013709068,0.103749997913837,0.171999990940094,0.275999993085861,1,1,0.209472253918648,0.00892993687220486,0,0,0.4375,92,0.28125,84.66666667,0.25,73.375,0.03125,86,NA,0.689926385879517,0.838348209857941,0.591346204280853,-0.0373910665512085,4.92804561342512,9.31498010953267,7.39182755351067,-3.73910665512085,0.38888889,0.85714286,0.59375,0.71428571,0.75,0.73684211,0.4375,0.5,0.15625,3,1,1,2,0,3,5,0.6,0.2,0.2,0.4,0,0.6,4.17467829274867,NA,20,31.23343,20,23.83725,38.24347,25.20378,48.90467,35.5933,53.01953,55.1466,24.54228,68.17791,NA,NA,NA,39.52455,26.92441,46.67855,0.77621,5.24141,105.94,66.32,49.84,99.32,91.42,76.7,79.4,124.84,93.94,100.94,90.58,90.66,NA,NA,NA,91.7793939393939,103.692727272727,86.2406060606061,0.4375,NA,0.28125,0.25,0.03125,92.0428553989955,NA,84.5,73.5374984741211,86,-3.00067302158901,NA,2.74675962660048,5.70853662490845,-6.86415672302246,10.9258891514369,NA,1.6863932079739,-6.94514274597168,4.15819406509399,0.697825819253922,NA,0.891008224338293,0.597978558391333,-0.0380783230066299,4.98447013752801,NA,9.90009138153659,7.47473197989166,-3.80783230066299,0.35294118,0.86666667,0.59375,0.66666667,0.76923077,0.73684211,0.46875,19.30434783,0.03125,0.25,0.4375,0.28125,85.793701171875,73.3667526245117,91.8751918247768,84.3457438151042,-6.62392997741699,6.74642753601074,-2.22736276899065,3.60803010728624,2.68052005767822,-9.30503749847412,9.43726239885603,-0.0313005910979377,-0.0380783230066299,0.597978558391333,0.697825819253922,0.891008224338293,-3.80783230066299,7.47473197989166,4.98447013752801,9.90009138153659,0.41176471,0.8,0.59375,0.57142857,0.83333333,0.73684211,0.46875,5,87.5174011230469,21.7681350708008,1,0.2,109.253,2,0.4,"2024-09-18",0
"Xzavion Curry",25595,"2024-09-11","@PIT",20,2024,"MIA","A",25,0,0,0,1,0,0,0,0,0,0,0,4.2,16,2,0,0,0,0,0,0,0,0,3,5.78571507395541,0,3.85714338263694,3,0,0,4,7,2,2,0,0,0,0.1875,0,0.1875,3.86925642776489,0,0.125,0.42857148695966,0.153846153846154,1,1.88076531741082,-1.88076531741082,4.14877823573585,0,47.2240230814229,102.047711395634,0.571428571,0.153846153,0.307692307,0.538461538,0.285714285,0,0,0,23,36,59,0.112328000366688,-0.0179840102791786,0.130312010645866,2.66400003433228,0.265470862388611,0.345800012350082,0.397108316421509,0.711399972438812,0.335200011730194,1,1,0.269898802042007,0.0549363522522287,1,0,0.42372881,91.72,0.27118644,84.4375,0.28813559,73.52941176,0.01694915,88,NA,0.347783237695694,1.54368829727173,0.615993976593018,-0.0238054171204567,1.39113295078278,9.6480518579483,3.62349397995893,-2.38054171204567,0.35135135,0.72727273,0.49152542,0.69230769,0.8125,0.75862069,0.37288136,0.5,0.11864407,2,5,6,5,3,5,13,0.15384615,0.38461538,0.46153846,0.38461538,0.23076923,0.38461538,1.13725134826153,NA,20,33.18117,63.56129,54.94912,39.52782,60.63716,30.97901,35.85079,35.49434,46.49197,27.44062,57.59261,NA,NA,NA,37.46132,28.46192,48.0962,0.90439,5.43368,73.28,87.26,59.4,85.7,124.94,116.12,77.44,105.9,82,98.86,112.4,109.44,NA,NA,NA,85.5583050847458,112.832881355932,98.8894915254237,0.42372881,NA,0.27118644,0.28813559,0.01694915,91.672001953125,NA,84.2937469482422,73.4529383042279,87.5,-2.23074157714844,NA,3.55602598190308,5.7495413387523,-7.57296180725098,10.5195715332031,NA,0.65187132358551,-6.78123878030216,8.07021331787109,0.348181985318661,NA,1.54409785568714,0.609675232321024,-0.0242429338395596,1.39272794127464,NA,9.65061159804463,3.58632489600602,-2.42429338395596,0.22580645,0.78571429,0.49152542,0.57142857,0.81818182,0.75862069,0.47457627,19.02325581,0.01694915,0.28813559,0.42372881,0.27118644,87.3539962768555,73.3057143267463,91.54818359375,84.1565170288086,-7.15561008453369,6.1554978314568,-1.89181335449219,4.05115985870361,6.42307996749878,-8.30954248764936,9.35654052734375,-0.696157097816467,-0.0242429338395596,0.609675232321024,0.348181985318661,1.54409785568714,-2.42429338395596,3.58632489600602,1.39272794127464,9.65061159804463,0.28571429,0.67741935,0.49152542,0.625,0.80952381,0.75862069,0.52542373,13,84.5964918870192,27.7022306002103,1,0.07692308,104.361,5,0.38461538,"2024-09-11",0
"Xzavion Curry",25595,"2024-09-06","PHI",20,2024,"MIA","H",25,0,0,36,1,0,0,0,0,0,0,0,1,8,4,4,4,1,1,0,0,0,0,2,18,9,36,2,0,0,0,4,1,0,0,0,0,0.25,0.125,0.125,5.52710408401489,9,0.571428571428571,5,0.75,0.27777778,15.1664797782898,20.8335202217102,8.21451340317726,852.474615434536,368.177480208643,200.299143665473,0,0.2,0,0.8,0,0.25,0,0,8,19,27,-0.00161999987903982,-0.00257999985478818,0.000960000033956021,-3.4779999256134,-0.346069663763046,0.0117499995976686,0.0139999995008111,0.0139999995008111,0.00999999977648258,1,1,-0.0658571273088455,-0.0720152075430853,0,0,0.59259259,91.4375,0.18518519,83.4,0.22222222,73.16666667,NA,NA,NA,-1.11619353294373,-0.883440256118774,-1.2166200876236,NA,-6.97620958089828,-17.6688051223755,-20.2770014603933,NA,0.5,0.66666667,0.55555556,0.88888889,1,0.93333333,0.33333333,0.875,0.03703704,1,3,1,0,1,4,5,0.2,0.6,0.2,0,0.2,0.8,10.3819409785503,NA,NA,NA,NA,64.37654,40.22889,67.27663,43.76224,36.40068,51.86058,50.30481,29.07922,66.00918,NA,NA,NA,47.579,28.40454,60.0959,0.27582,4.49082,NA,NA,NA,82.88,139.64,103.16,82.02,90.54,67.34,109.92,137.78,130.02,NA,NA,NA,87.3777777777778,110.199259259259,86.9074074074074,0.59259259,NA,0.18518519,0.22222222,NA,91.3312530517578,NA,83.5200012207031,73.0666656494141,NA,-2.1622474193573,NA,3.79117240905762,6.95969518025716,NA,10.7639532089233,NA,0.348785495758057,-6.27716318766276,NA,-1.12994604557753,NA,-0.893407613039017,-1.21570650115609,NA,-7.06216278485954,NA,-17.8681522607803,-20.2617750192682,NA,0.55555556,0.55555556,0.55555556,0.9,1,0.93333333,0.33333333,20.26315789,NA,0.22222222,0.59259259,0.18518519,NA,73.5315653483073,91.8234405517578,83.9762573242188,NA,7.22830454508464,-1.72950971126556,4.52338180541992,NA,-8.03863143920898,9.20942306518555,-1.58565063476562,NA,-1.21570650115609,-1.12994604557753,-0.893407613039017,NA,-20.2617750192682,-7.06216278485954,-17.8681522607803,0.52941176,0.6,0.55555556,0.88888889,1,0.93333333,0.37037037,5,101.493121337891,23.4515762329102,3,0.6,108.719,4,0.8,"2024-09-06",0
"Xzavion Curry",25595,"2024-09-05","PHI",20,2024,"MIA","H",25,0,0,0,1,0,0,0,0,0,0,0,1,3,0,0,0,0,0,0,0,0,0,1,9,0,0,1,0,0,0,2,0,1,0,0,0,0.33333333,0,0.33333333,4.45139575020756,0,0,0,0,1,1.1664797782898,-1.1664797782898,4.19049659073353,0,29.9684653293782,103.055865631376,0,0,0,1,0.5,0,1,9,5,8,13,0.008500000461936,0,0.008500000461936,0.522000014781952,0.0519402995705605,0.109333328902721,0.141999989748001,0.141999989748001,0.141999989748001,1,1,0.077578954398632,0.000164955415902321,0,0,0.38461538,91.8,0.38461538,82,0.23076923,73.33333333,NA,NA,NA,0.0975206792354584,0.37418395280838,0.311781853437424,NA,1.95041358470917,7.4836790561676,10.3927284479141,NA,0.3,0.66666667,0.38461538,0.33333333,1,0.6,0.23076923,1,0.15384615,1,0,1,1,1,0,2,0.5,0,0.5,0.5,0.5,0,-1.54386628695456,NA,NA,NA,NA,20,38.54179,20,55.4296,37.83942,67.42687,20,26.45863,23.70905,NA,NA,NA,20,29.01222,20,2.65047,8.0528,NA,NA,NA,88.76,-50.14,-52.92,63.12,112.84,86.24,98.26,60.24,48.3,NA,NA,NA,82.5523076923077,54.9984615384615,39.5338461538462,0.38461538,NA,0.38461538,0.23076923,NA,91.6200012207031,NA,81.9400024414062,73.1333312988281,NA,-3.29585304260254,NA,3.62059898376465,7.61366653442383,NA,10.0972831726074,NA,-0.43173131942749,-5.75754547119141,NA,0.0984566435217857,NA,0.366345673799515,0.298589572310448,NA,1.96913287043571,NA,7.3269134759903,9.95298574368159,NA,0.33333333,0.5,0.38461538,0.33333333,1,0.6,0.30769231,18.7,NA,0.23076923,0.38461538,0.38461538,NA,73.6841328938802,92.1656616210937,82.4745788574219,NA,7.68093999226888,-2.95465202331543,4.21324996948242,NA,-7.45469029744466,8.5745979309082,-2.37479095458984,NA,0.298589572310448,0.0984566435217857,0.366345673799515,NA,9.95298574368159,1.96913287043571,7.3269134759903,0.33333333,0.5,0.38461538,0.33333333,1,0.6,0.30769231,2,85.3685455322266,58.0800933837891,0,0,101.046,1,0.5,"2024-09-05",0
"Xzavion Curry",25595,"2024-09-01","@SFG",20,2024,"MIA","A",25,1,0,0,1,0,0,0,0,0,0,0,1.2,5,0,0,0,0,0,0,0,0,0,2,10.8000041198746,0,0,2,0,0,1,2,0,0,0,0,0,0.4,0,0.4,1.53488908401489,0,0,0,0,1,0.766478862762102,-0.766478862762102,2.58088964237113,0,20.3053285014193,64.1585490194796,0.5,0,0.333333333,0.666666666,0,0,3,16.2000061798119,10,18,28,0.0745140016078949,-0.0442100018262863,0.118724003434181,0.621999979019165,0.0661350339651108,1.44472002983093,1.91193342208862,2.58660006523132,1.5077999830246,1,1,0.0853776559233665,-0.0338008797526819,1,0,0.42857143,91.41666667,0.17857143,82.6,0.28571429,72.875,0.10714286,84.33333333,NA,0.544703423976898,0.207493871450424,0.213061586022377,0.0897516310214996,4.53919519980749,4.14987742900848,2.66326982527971,2.99172103404999,0.26666667,0.84615385,0.53571429,0.25,0.81818182,0.66666667,0.46428571,0.6,0.17857143,2,0,1,0,2,1,3,0.66666667,0,0.33333333,0,0.66666667,0.33333333,-0.696522585554202,NA,NA,NA,NA,34.07049,43.50654,32.742,20,24.45022,20,63.02659,26.37951,80,20,34.64254,20,20,24.37038,23.69519,2.02035,7.10762,NA,NA,NA,108.46,69.48,71.24,65.88,120.46,88.62,119.46,143.52,131.08,89.1,39.5,29.02,90.1014285714286,101.337857142857,84.8507142857143,0.42857143,0.10714286,0.17857143,0.28571429,NA,91.3250020345052,84.2000020345052,82.7200012207031,72.7249984741211,NA,-2.5141027768453,-4.43616485595703,4.18769035339355,7.37561273574829,NA,9.24217987060547,7.11092631022135,-0.574556159973145,-7.27679777145386,NA,0.533979218453169,0.0898950584232807,0.20996356382966,0.222075764089823,NA,4.44982682044307,2.99650194744269,4.19927127659321,2.77594705112278,NA,0.28571429,0.78571429,0.53571429,0.25,0.81818182,0.66666667,0.5,20.86956522,0.10714286,0.28571429,0.42857143,0.17857143,84.2158660888672,72.7824478149414,91.3841552734375,82.7540161132813,-4.27567323048909,7.67483997344971,-2.17630132039388,4.61362609863281,5.35248311360677,-8.94008731842041,8.09356753031413,-1.90166893005371,0.0898950584232807,0.222075764089823,0.533979218453169,0.20996356382966,2.99650194744269,2.77594705112278,4.44982682044307,4.19927127659321,0.33333333,0.76923077,0.53571429,0.4,0.8,0.66666667,0.46428571,3,93.3771464029948,24.8995691935221,0,0,105.781,1,0.33333333,"2024-09-01",0
"Xzavion Curry",25595,"2024-08-31","@SFG",20,2024,"MIA","A",25,0,0,0,1,0,0,0,0,0,1,0,0.2,2,0,0,0,0,0,0,0,0,0,0,0,0,0,0,0,0,0,2,0,1,0,0,0,0,0,0,13.2527290840149,0,0,0,0,1,3.1664797782898,-3.1664797782898,7.70250972840334,0,78.284038883559,187.926204380887,0,0,0,1,0.5,0,1,13.500014081612,2,4,6,0.154507994651794,0,0.154507994651794,0.875,0.0930356234312057,3.26289987564087,1.75220000743866,3.50440001487732,1.5077999830246,1,1,0.0475713722407818,-0.000218403856654649,1,0,0.66666667,90.25,0.16666667,84,0.16666667,74,NA,NA,NA,0.299341231584549,-0.0344077162444592,0.234712973237038,NA,7.48353078961372,-3.44077162444592,23.4712973237038,NA,0,0.5,0.33333333,NA,1,1,0.66666667,0.5,0,0,0,2,1,1,0,2,0,0,1,0.5,0.5,0,-0.826354051488726,NA,NA,NA,NA,46.23154,34.16567,30.57239,52.47107,30.60319,62.64124,20,36.65908,20,NA,NA,NA,29.53676,23.43128,32.04216,1.39672,6.17217,NA,NA,NA,89.18,109.9,108.36,69.92,121.68,99.54,90.04,7.24000000000001,10.62,NA,NA,NA,76.4833333333333,100.643333333333,86.19,0.66666667,NA,0.16666667,0.16666667,NA,90.2249984741211,NA,83.9000015258789,73.9000015258789,NA,-2.54275131225586,NA,2.70684671401978,5.51050710678101,NA,10.0788316726685,NA,4.103675365448,-4.32033252716064,NA,0.302934605628252,NA,-0.0350487045943737,0.237643033266068,NA,7.5733651407063,NA,-3.50487045943737,23.7643033266068,NA,0,0.5,0.33333333,NA,1,1,0.66666667,21,NA,0.16666667,0.66666667,0.16666667,NA,74.0908966064453,90.3655014038086,83.9999008178711,NA,5.78931999206543,-2.27729320526123,3.36435008049011,NA,-5.80802011489868,9.06005001068115,2.09295010566711,NA,0.237643033266068,0.302934605628252,-0.0350487045943737,NA,23.7643033266068,7.5733651407063,-3.50487045943737,0,0.5,0.33333333,NA,1,1,0.66666667,2,81.8986282348633,49.9867324829102,0,0,89.5909,0,0,"2024-08-31",0
"Xzavion Curry",25595,"2024-08-03","BAL",5,2024,"CLE","H",25,0,0,12,1,0,0,0,0,0,0,0,3,16,6,4,4,0,1,1,0,1,0,2,6,3,18,2,0,0,1,5,7,1,0,0,0,0.125,0.0625,0.0625,5.49544783401489,0,0.4,2.33333333333333,0.461538461538462,0.42857143,2.83314644495646,9.16685355504354,5.35316045532624,301.436406036884,69.5214027737017,131.328152762691,0.2,0.538461538,0.076923076,0.384615384,0.2,0,2,6,14,35,49,-0.16694800555706,-0.250247985124588,0.083299994468689,-2.55999994277954,-0.270042181015015,0.425647050142288,0.649599969387054,0.954800009727478,NA,0,1,-0.152352750301361,-0.23986894018434,0,1,0.51020408,91.24,0.34693878,84.47058824,0.10204082,72.4,0.04081633,83.5,0.06122449,0.16468334197998,-1.46033215522766,-0.839928090572357,0.115895204246044,0.658733367919922,-8.59018914839801,-16.7985618114471,5.79476021230221,0.22727273,0.92592593,0.6122449,0.6,0.96,0.9,0.55102041,0.5625,0.06122449,4,6,3,2,8,3,13,0.30769231,0.46153846,0.23076923,0.15384615,0.61538462,0.23076923,7.84344310079126,NA,NA,NA,NA,35.91644,39.57752,44.45353,45.81706,39.46082,58.36053,59.65391,31.61841,77.21636,NA,NA,NA,49.73623,32.51542,68.69917,0.1418,4.28979,NA,NA,NA,88.06,98.86,90.96,75.74,113.76,95.12,95.7,117.5,107.44,98.76,85.74,65.96,84.8616326530612,112.393469387755,97.7795918367347,0.51020408,0.04081633,0.34693878,0.10204082,NA,91.12,83.1999969482422,84.3352912454044,72.4799987792969,NA,-3.23127197265625,-3.25370645523071,3.39580692964442,6.83820190429688,NA,10.3057983398438,5.83783769607544,1.03001695520738,-7.23900604248047,NA,0.149372726678848,0.139481667429209,-1.4710682593286,-0.848904214799404,NA,0.597490906715393,6.97408337146044,-8.65334270193296,-16.9780842959881,NA,0.16666667,0.87096774,0.6122449,0.33333333,0.96296296,0.9,0.63265306,19.76470588,0.04081633,0.10204082,0.51020408,0.34693878,83.4181976318359,72.7136962890625,91.375419921875,84.5905618106618,-2.73798990249634,7.3195182800293,-2.77665008544922,4.00546848072725,4.01423978805542,-8.47806396484375,9.187197265625,-0.205328169990988,0.139481667429209,-0.848904214799404,0.149372726678848,-1.4710682593286,6.97408337146044,-16.9780842959881,0.597490906715393,-8.65334270193296,0.35,0.79310345,0.6122449,0.71428571,0.95652174,0.9,0.59183673,13,89.5654954176683,29.5147118201623,0,0,110.173,4,0.30769231,"2024-08-03",0
"Xzavion Curry",25595,"2024-07-23","DET",5,2024,"CLE","H",25,0,0,4.15384645857051,1,1,0,0,0,0,0,0,4.1,18,4,2,2,1,1,0,0,0,0,1,2.07692322928526,2.07692322928526,8.30769291714103,1,0,0,3,12,1,0,0,0,0,0.05555556,0.05555556,0,8.22336180470023,2.07692322928526,0.235294117647059,1.15384623849181,0.2,0.83333333,6.39724924606686,-2.24340278749635,7.58434953499719,104.343378975045,159.330980022351,186.834714363666,0.25,0.0625,0.1875,0.75,0,0.083333333,2,4.15384645857051,22,40,62,-0.0845840126276016,-0.358151942491531,0.273567944765091,-0.25600004196167,-0.0270042102783918,0.839755535125732,1.02471995353699,0.870000004768372,1.68159997463226,1,1,-0.00337488646619022,-0.0973496804935706,0,0,0.66129032,91.63414634,0.30645161,84.78947368,0.03225806,74.5,NA,NA,NA,-0.869186162948608,0.37915974855423,0.00450797751545906,NA,-2.11996625109417,1.99557762396963,0.225398875772953,NA,0.22580645,0.70967742,0.46774194,1,0.86363636,0.89655172,0.5,0.55555556,0.0483871,4,7,5,1,10,5,16,0.25,0.4375,0.3125,0.0625,0.625,0.3125,4.59593758698063,44,NA,NA,NA,33.50755,37.78705,37.57293,48.44406,40.27306,57.16958,44.02175,31.74689,50.76971,NA,NA,NA,45.79145,32.56,57.20833,0.38687,4.6574,NA,NA,NA,85.72,77.82,70.94,83.54,102.92,88.1,92.66,104,103,NA,NA,NA,86.4051612903226,102.441290322581,92.1125806451613,0.66129032,NA,0.30645161,0.03225806,NA,91.5341439596037,NA,84.7315802323191,74.3499984741211,NA,-3.07953122767006,NA,3.01460225958573,5.91142606735229,NA,11.1476559522675,NA,1.66114395543149,-5.94829416275024,NA,-0.867992706596851,NA,0.427146948873997,0.00431566312909126,NA,-2.11705538194354,NA,2.24814183617893,0.215783156454563,NA,0.15384615,0.69444444,0.46774194,1,0.88,0.89655172,0.58064516,18.18181818,NA,0.03225806,0.66129032,0.30645161,NA,74.3076934814453,91.4967547160823,84.6717657791941,NA,6.65109491348267,-2.69841394191835,3.55222481175473,NA,-7.56936502456665,10.2009910025248,0.646632646259509,NA,0.00431566312909126,-0.867992706596851,0.427146948873997,NA,0.215783156454563,-2.11705538194354,2.24814183617893,0.20689655,0.6969697,0.46774194,1,0.86956522,0.89655172,0.53225806,16,91.1982650756836,30.4723739624023,3,0.1875,104.907,7,0.4375,"2024-07-23",0
"Xzavion Curry",25595,"2024-07-12","@TBR",5,2024,"CLE","A",25,0,0,0,1,0,0,0,0,0,0,0,1.2,6,1,0,0,0,0,0,0,0,0,3,16.2000061798119,0,5.40000205993731,3,0,0,0,2,1,0,0,0,0,0.5,0,0.5,1.01572908301473,0,0.166666666666667,0.600000228881923,0.333333333333333,1,-0.433521595001745,0.433521595001745,1.38088918460728,0,-12.7933036340145,32.5076977896574,0,0.333333333,0,0.666666666,0,0,0,0,7,14,21,0.069487988948822,-0.00612598657608032,0.0756139755249023,1.96000003814697,0.215266332030296,0.4932000041008,0.475133329629898,1.01699995994568,NA,0,1,0.0764113739132881,0.0644807355170682,1,0,0.57142857,92.5,0.38095238,84.875,0.04761905,74,NA,NA,NA,0.917276620864868,-0.342407941818237,-0.0344077162444592,NA,7.64397184054057,-4.28009927272797,-3.44077162444592,NA,0.3,0.63636364,0.47619048,0.66666667,0.71428571,0.7,0.52380952,0.83333333,0.14285714,0,2,1,0,1,2,3,0,0.66666667,0.33333333,0,0.33333333,0.66666667,0.5298851356388,NA,NA,NA,NA,20,44.81413,20,63.73626,59.84938,60.60067,51.94314,36.13858,56.43405,NA,NA,NA,58.29009,48.9236,58.53248,-0.38962,3.49266,NA,NA,NA,81.94,60.88,51.66,86.06,117.04,113.64,99.74,111.1,108.98,NA,NA,NA,91.0752380952381,112.102857142857,108.913333333333,0.57142857,NA,0.38095238,0.04761905,NA,92.5416666666667,NA,84.9124984741211,74,NA,-2.83213996887207,NA,3.40776300430298,7.42155647277832,NA,12.153200785319,NA,1.88142740726471,-7.20754671096802,NA,0.970389995723963,NA,-0.345475547015667,-0.0350487045943737,NA,8.08658329769969,NA,-4.31844433769584,-3.50487045943737,NA,0.22222222,0.66666667,0.47619048,0.5,0.75,0.7,0.57142857,19.06666667,NA,0.04761905,0.57142857,0.38095238,NA,73.8557968139648,92.466796875,84.8095092773438,NA,8.48579025268555,-2.04911263783773,4.19146490097046,NA,-9.32149982452393,10.5206368764242,0.255045861005783,NA,-0.0350487045943737,0.970389995723963,-0.345475547015667,NA,-3.50487045943737,8.08658329769969,-4.31844433769584,0.3,0.63636364,0.47619048,0.33333333,0.85714286,0.7,0.52380952,3,98.6792500813802,26.2724914550781,1,0.33333333,106.046,2,0.66666667,"2024-07-12",0
"Xzavion Curry",25595,"2024-06-26","@BAL",5,2024,"CLE","A",25,0,1,6,1,0,0,0,0,0,0,0,3,12,3,2,2,2,0,0,0,0,0,1,3,0,9,1,0,0,1,7,3,1,0,0,0,0.08333333,0,0.08333333,6.96928464509417,6,0.25,1,0.111111111111111,1,11.1664797782898,-5.1664797782898,6.02783272614082,150.718203018442,279.50781043444,148.112359131235,0.142857142,0.272727272,0.09090909,0.636363636,0.142857142,0.285714285,0,0,15,35,50,-0.157680034637451,-0.301000028848648,0.143320009112358,-0.598999977111816,-0.0644086003303528,0.692999958992004,1.10599994659424,1.31400001049042,NA,0,1,-0.0812850892543793,-0.146247441724126,0,1,0.44,93.68181818,0.52,86.5,0.04,75,NA,NA,NA,0.260608613491058,0.0160052999854088,-1.29260313510895,NA,1.18458460677754,0.0615588460977261,-64.6301567554474,NA,0.34615385,0.75,0.54,0.77777778,0.94444444,0.88888889,0.48,0.5,0.06,3,4,4,2,5,4,11,0.27272727,0.36363636,0.36363636,0.18181818,0.45454545,0.36363636,13.6405312913823,NA,NA,NA,NA,61.15391,43.69099,56.24086,38.45269,50.13707,33.10052,55.82108,40.3011,65.82788,NA,NA,NA,48.07316,44.72559,52.52282,0.24512,4.44477,NA,NA,NA,113.62,72.3,61.3,93.56,99.62,89.7,100.04,114.54,111.12,NA,NA,NA,97.6848979591837,106.117142857143,99.469387755102,0.44,NA,0.52,0.04,NA,93.5181773792614,NA,86.4115365835337,74.6999969482422,NA,-2.7052414634011,NA,2.86115118173453,6.73691654205322,NA,11.0157609419389,NA,2.08154693016639,-6.56447315216064,NA,0.261581193655729,NA,0.031800951808691,-1.25019496679306,NA,1.18900542570786,NA,0.12231135311035,-62.509748339653,NA,0.30434783,0.74074074,0.54,0.71428571,0.95,0.88888889,0.54,19.28947368,NA,0.04,0.44,0.52,NA,74.5346069335938,93.3681640625,86.2422720102163,NA,7.24041986465454,-2.2966589494185,3.45982507558969,NA,-8.22091484069824,9.95667474920099,0.778422575730544,NA,-1.25019496679306,0.261581193655729,0.031800951808691,NA,-62.509748339653,1.18900542570786,0.12231135311035,0.34782609,0.7037037,0.54,0.75,0.94736842,0.88888889,0.54,11,85.4767012162642,32.4242747913707,1,0.09090909,108.667,3,0.27272727,"2024-06-26",0
"Xzavion Curry",25595,"2024-05-27","@COL",5,2024,"CLE","A",25,0,1,16.2000015449525,1,1,0,0,0,0,0,0,3.1,19,6,7,6,1,2,0,0,0,0,3,8.10000077247627,5.40000051498418,16.2000015449525,1.5,0,0,3,9,2,0,0,0,0,0.15789474,0.10526316,0.05263158,6.11096453998534,2.70000025749209,0.352941176470588,2.40000022888186,0.384615384615385,0.15151515,7.06648015022281,9.13352139472972,7.24890286441904,406.939186958539,176.194507237462,178.489616472172,0.333333333,0.142857142,0.214285714,0.642857142,0,0.111111111,4,10.8000010299684,23,51,74,-0.488467991352081,-0.773895978927612,0.285427987575531,-4.82399988174438,-0.419843345880508,1.27749478816986,0.954100012779236,0.916800022125244,0.38960000872612,1,1,-0.220622077584267,-0.161741902195143,0,0,0.45945946,92.88235294,0.44594595,85.18181818,0.09459459,76.28571429,NA,NA,NA,-1.97854542732239,-0.270519018173218,-0.933257341384888,NA,-5.81925125683055,-0.819754600524902,-13.3322477340698,NA,0.36585366,0.75757576,0.54054054,0.73333333,0.96,0.875,0.44594595,0.57894737,0.06756757,5,6,3,0,9,5,14,0.35714286,0.42857143,0.21428571,0,0.64285714,0.35714286,5.5336055483711,19,NA,NA,NA,58.97779,20,20,61.94243,29.75999,20,79.81415,20,20,NA,NA,NA,74.10257,20,20,-1.37199,2.01911,NA,NA,NA,106.9,63.02,40.76,71.04,104.36,78.68,98.52,88.12,86.96,NA,NA,NA,86.6867567567568,93.2072972972973,78.7854054054054,0.45945946,NA,0.44594595,0.09459459,NA,92.788236730239,NA,85.1606075402462,76.1714303152902,NA,-2.14662013334386,NA,2.54787907455907,4.59029878888811,NA,9.4645601160386,NA,0.688534303144975,-5.19961275373186,NA,-0.926878437399864,NA,-0.284226354211569,-0.928744666278362,NA,-2.72611305117607,NA,-0.861291982459299,-13.2677809468337,NA,0.32432432,0.75675676,0.54054054,0.83333333,0.89285714,0.875,0.5,19.70909091,NA,0.09459459,0.45945946,0.44594595,NA,76.4332013811384,93.0654655905331,85.408447265625,NA,5.12844739641462,-1.69773752549115,3.13338239265211,NA,-5.70575714111328,8.97163929658778,0.15002796866677,NA,-0.928744666278362,-0.926878437399864,-0.284226354211569,NA,-13.2677809468337,-2.72611305117607,-0.861291982459299,0.30555556,0.76315789,0.54054054,0.90909091,0.86206897,0.875,0.51351351,14,93.3190220424107,28.6992906842913,1,0.07142857,108.663,9,0.64285714,"2024-05-27",0
"Xzavion Curry",25595,"2024-05-21","NYM",5,2024,"CLE","H",25,0,0,4.15384645857051,1,1,0,0,0,0,0,0,4.1,19,7,2,2,1,0,0,0,0,0,2,4.15384645857051,0,14.5384626049968,2,0.142857142,0,7,6,4,1,1,0,0,0.10526316,0,0.10526316,4.76357951359995,2.07692322928526,0.368421052631579,1.61538473388853,0.375,0.89285714,5.24340300757505,-1.08955654900454,4.33695304200086,104.343378975045,130.255936828701,106.047382118443,1.166666666,0.235294117,0.411764705,0.352941176,0.166666666,0.166666666,3,6.23076968785577,22,44,66,-0.0625240430235863,-0.403896003961563,0.341371953487396,-0.480000019073486,-0.0506329014897346,1.06282103061676,0.907519996166229,0.870000004768372,2.87319993972778,1,1,-0.0941228121519089,0.0352944288000069,0,0,0.48484848,93.5,0.37878788,85.84,0.10606061,75.57142857,0.03030303,89.5,NA,-1.64830541610718,-0.228306666016579,0.339336365461349,0.263530910015106,-5.15095442533493,-0.913226664066315,4.84766236373356,13.1765455007553,0.1875,0.73529412,0.46969697,0.83333333,0.8,0.80645161,0.51515152,0.68421053,0.09090909,8,7,2,1,9,7,17,0.47058824,0.41176471,0.11764706,0.05882353,0.52941176,0.41176471,5.73195383593356,41,66.00753,33.89762,80,80,36.60828,80,63.69588,40.67309,71.72719,65.64667,33.2853,79.86314,NA,NA,NA,70.34839,33.67559,80,-1.13876,2.36895,90.7,145.62,128.72,111.12,137.74,132.06,80.56,134.26,114.24,98.42,119.86,122.18,NA,NA,NA,90.8736363636364,129.518787878788,119.576363636364,0.48484848,NA,0.37878788,0.10606061,0.03030303,93.4656219482422,NA,85.787998046875,75.7428588867188,89.3999938964844,-2.77046203613281,NA,3.13294738769531,6.20372554234096,-7.09146738052368,10.513973236084,NA,1.42085235595703,-5.87731715611049,5.49992227554321,-1.66883125528693,NA,-0.170575968921185,0.34263401478529,0.308977767825127,-5.21509767277166,NA,-0.682303875684738,4.89477163978985,15.4488883912563,0.18518519,0.66666667,0.46969697,0.8,0.80769231,0.80645161,0.59090909,19.82978723,0.03030303,0.10606061,0.48484848,0.37878788,89.0761489868164,75.4127458844866,93.1472854614258,85.44654296875,-6.74366474151611,6.87828608921596,-2.40436553955078,3.83718444824219,3.93884491920471,-7.6365716116769,9.51841354370117,-0.00248502820730209,0.308977767825127,0.34263401478529,-1.66883125528693,-0.170575968921185,15.4488883912563,4.89477163978985,-5.21509767277166,-0.682303875684738,0.19230769,0.65,0.46969697,0.8,0.80769231,0.80645161,0.60606061,17,92.7744571461397,14.8268423641429,1,0.05882353,110.987,10,0.58823529,"2024-05-21",0
"Xzavion Curry",25595,"2024-04-15","@BOS",5,2024,"CLE","A",25,0,0,0,1,1,0,0,0,0,0,0,5,18,2,0,0,0,1,0,0,0,0,3,5.4,1.8,3.6,3,0,0,4,8,2,0,0,0,0,0.16666667,0.05555556,0.11111111,5.09710563027179,0,0.117647058823529,0.6,0.142857142857143,1,2.5664797782898,-2.5664797782898,4.98569322824478,0,62.8018377285581,122.186461248431,0.5,0.142857142,0.285714285,0.571428571,0,0,0,0,25,48,73,0.290399998426437,-0.093299999833107,0.383699983358383,2.73499989509583,0.263487488031387,0.959515810012817,1.00399994850159,0.870000004768372,1.32000005245209,1,1,0.283075392246246,0.0195772533860942,0,0,0.45205479,91.48484848,0.4109589,83.5,0.08219178,75.83333333,0.05479452,87.5,NA,1.63806569576263,0.411381989717484,0.106797769665718,0.236469596624374,4.96383544170495,1.37127329905828,1.77996282776197,5.91173991560936,0.25641026,0.76470588,0.49315068,0.8,0.80769231,0.80555556,0.46575342,0.55555556,0.09589041,4,10,0,1,4,9,14,0.28571429,0.71428571,0,0.07142857,0.28571429,0.64285714,2.1482144066002,66,21.48106,36.18871,20,21.13577,33.51802,24.09759,50.41199,40.51012,60.59221,39.49436,35.98469,46.12562,NA,NA,NA,39.49015,35.23389,47.52599,0.77835,5.24462,86.96,68.7,53.84,113.08,84.18,68.18,80.76,109.38,88.78,105.86,95.82,97.06,NA,NA,NA,94.17,99.935,89.0575,0.45205479,NA,0.4109589,0.08219178,0.05479452,91.4939408735795,NA,83.4666666666667,75.5833333333333,87.4250030517578,-2.46530521277225,NA,3.20694122314453,4.22253322601318,-8.3579740524292,11.2783933697325,NA,2.15674591064453,-5.60954284667969,6.56588792800903,1.69735825061798,NA,0.399231884628534,0.107885647565126,0.23934068903327,5.14350985035752,NA,1.33077294876178,1.79809412608544,5.98351722583175,0.20588235,0.74358974,0.49315068,0.71428571,0.82758621,0.80555556,0.53424658,21.41818182,0.05479452,0.08219178,0.45205479,0.4109589,87.9333724975586,76.0905354817708,92.0025227864583,83.9575764973958,-8.0999698638916,4.97240670522054,-1.92777610547615,3.79273325602214,5.11900234222412,-7.80915832519531,9.84716796875,0.566651852925618,0.23934068903327,0.107885647565126,1.69735825061798,0.399231884628534,5.98351722583175,1.79809412608544,5.14350985035752,1.33077294876178,0.20588235,0.74358974,0.49315068,0.71428571,0.82758621,0.80555556,0.53424658,14,94.1246773856027,18.9729766845703,2,0.14285714,105.454,8,0.57142857,"2024-04-15",0
