"PlayerName","playerid","Date","Opp","teamid","season","Team","HomeAway","Age","W","L","ERA","G","GS","QS","CG","ShO","SV","HLD","BS","IP","TBF","H","R","ER","HR","BB","IBB","HBP","WP","BK","SO","K/9","BB/9","H/9","K/BB","IFH%","BUH%","GB","FB","LD","IFFB","IFH","BU","BUH","K%","BB%","K-BB%","SIERA","HR/9","AVG","WHIP","BABIP","LOB%","FIP","E-F","xFIP","ERA-","FIP-","xFIP-","GB/FB","LD%","GB%","FB%","IFFB%","HR/FB","RS","RS/9","Balls","Strikes","Pitches","WPA","-WPA","+WPA","RE24","REW","pLI","inLI","gmLI","exLI","Pulls","Games","WPA/LI","Clutch","SD","MD","FB%1","FBv","SL%","SLv","CT%","CTv","CB%","CBv","CH%","CHv","XX%","wFB","wSL","wCT","wCB","wCH","wFB/C","wSL/C","wCT/C","wCB/C","wCH/C","O-Swing%","Z-Swing%","Swing%","O-Contact%","Z-Contact%","Contact%","Zone%","F-Strike%","SwStr%","Pull","Cent","Oppo","Soft","Med","Hard","bipCount","Pull%","Cent%","Oppo%","Soft%","Med%","Hard%","tERA","GSv2","pb_o_CH","pb_s_CH","pb_c_CH","pb_o_FF","pb_s_FF","pb_c_FF","pb_o_SI","pb_s_SI","pb_c_SI","pb_o_SL","pb_s_SL","pb_c_SL","pb_o_KC","pb_s_KC","pb_c_KC","pb_o_FC","pb_s_FC","pb_c_FC","pb_overall","pb_stuff","pb_command","pb_xRV100","pb_ERA","sp_s_CH","sp_l_CH","sp_p_CH","sp_s_FF","sp_l_FF","sp_p_FF","sp_s_SI","sp_l_SI","sp_p_SI","sp_s_SL","sp_l_SL","sp_p_SL","sp_s_KC","sp_l_KC","sp_p_KC","sp_s_FC","sp_l_FC","sp_p_FC","sp_stuff","sp_location","sp_pitching","pfxFA%","pfxFC%","pfxSI%","pfxSL%","pfxKC%","pfxCH%","pfxvFA","pfxvFC","pfxvSI","pfxvSL","pfxvKC","pfxvCH","pfxFA-X","pfxFC-X","pfxSI-X","pfxSL-X","pfxKC-X","pfxCH-X","pfxFA-Z","pfxFC-Z","pfxSI-Z","pfxSL-Z","pfxKC-Z","pfxCH-Z","pfxwFA","pfxwFC","pfxwSI","pfxwSL","pfxwKC","pfxwCH","pfxwFA/C","pfxwFC/C","pfxwSI/C","pfxwSL/C","pfxwKC/C","pfxwCH/C","pfxO-Swing%","pfxZ-Swing%","pfxSwing%","pfxO-Contact%","pfxZ-Contact%","pfxContact%","pfxZone%","pfxPace","piCH%","piCU%","piFA%","piFC%","piSL%","pivCH","pivCU","pivFA","pivFC","pivSL","piCH-X","piCU-X","piFA-X","piFC-X","piSL-X","piCH-Z","piCU-Z","piFA-Z","piFC-Z","piSL-Z","piwCH","piwCU","piwFA","piwFC","piwSL","piwCH/C","piwCU/C","piwFA/C","piwFC/C","piwSL/C","piO-Swing%","piZ-Swing%","piSwing%","piO-Contact%","piZ-Contact%","piContact%","piZone%","Events","EV","LA","Barrels","Barrel%","maxEV","HardHit","HardHit%","gamedate","dh"
"Zac Gallen",19291,"2024-09-25","SFG",15,2024,"ARI","H",28,1,0,1.5,1,1,1,0,0,0,0,0,6,22,2,1,1,0,2,0,0,0,0,11,16.5,3,3,5.5,0,0,6,2,1,0,0,0,0,0.5,0.09090909,0.40909091,1.70412990040229,0,0.1,0.666666666666667,0.222222222222222,0.75,0.499813111623129,1.00018688837687,1.00381591369708,35.8745556809394,14.3254791403634,26.0474212022511,3,0.111111111,0.666666666,0.222222222,0,0,5,7.5,36,61,97,0.157320037484169,-0.206679984927177,0.364000022411346,2.06610012054443,0.208696976304054,0.782000005245209,0.829333305358887,0.870000004768372,0.601999998092651,1,1,0.228399232029915,-0.0272227148573366,0,0,0.40206186,94.28205128,0.03092784,88,0.03092784,90.33333333,0.32989691,82.3125,0.20618557,86.85,NA,0.775658130645752,-0.0575425885617733,0.341396152973175,1.98380839824677,-0.686594367027283,1.98886700165577,-1.91808628539244,11.3798717657725,6.19940124452114,-3.43297183513641,0.34328358,0.56666667,0.41237113,0.34782609,1,0.625,0.30927835,0.54545455,0.15463918,4,4,1,0,4,5,9,0.44444444,0.44444444,0.11111111,0,0.44444444,0.55555556,0.257821185728595,76,47.05366,47.42541,44.42851,41.26894,55.78227,40.11703,NA,NA,NA,20,36.85538,20,62.33199,43.36693,58.12338,49.15736,47.17226,79.8276,43.42282,46.33486,44.22954,0.53403,4.87814,83.62,106.72,97.6,97.86,77.82,81.42,NA,NA,NA,101.02,58.16,53.12,94.74,125.06,121.44,81.2,132.62,136.34,93.4771134020618,100.449896907216,98.7818556701031,0.40206186,0.03092784,NA,0.03092784,0.32989691,0.20618557,94.2128217648237,90.2333374023438,NA,87.6333312988281,82.21875,86.8,-3.15907620161008,1.1995415687561,NA,1.87148920694987,1.1937735080719,-7.13093414306641,10.1047652806991,5.30922826131185,NA,3.48128573099772,-5.15393114089966,2.53568382263184,0.782508816570044,0.346372831612825,NA,-0.0592649057507515,1.97016705572605,-0.696295477449894,2.00643286300011,11.5457610537608,NA,-1.97549685835838,6.15677204914391,-3.48147738724947,0.359375,0.51515152,0.41237113,0.34782609,1,0.625,0.34020619,17.45333333,0.20618557,0.32989691,0.40206186,0.06185567,NA,86.4727294921875,81.8949813842773,93.897454677484,88.5940856933594,NA,-6.79939346313477,1.81303381919861,-2.50767243214143,2.42126162846883,NA,0.971465682983398,-7.07544422149658,8.809571095002,2.7972739537557,NA,-0.696295477449894,1.97016705572605,0.782508816570044,0.287107925862074,NA,-3.48147738724947,6.15677204914391,2.00643286300011,4.78513209770123,NA,0.36507937,0.5,0.41237113,0.34782609,1,0.625,0.35051546,9,92.9835544162326,7.67358737521701,1,0.11111111,107.009,5,0.55555556,"2024-09-25",0
"Zac Gallen",19291,"2024-09-20","@MIL",15,2024,"ARI","A",28,1,0,7.2,1,1,0,0,0,0,0,0,5,23,7,4,4,3,1,0,0,0,0,5,9,1.8,12.6,5,0.142857142,0,7,8,2,0,1,0,0,0.2173913,0.04347826,0.17391304,3.89800318052767,5.4,0.318181818181818,1.6,0.285714285714286,1,9.5664797782898,-2.3664797782898,4.18569322824478,172.197867268509,240.658613742656,102.939788901143,0.875,0.117647058,0.411764705,0.470588235,0,0.375,7,12.6,38,58,96,-0.186023995280266,-0.575330018997192,0.389306008815765,-1.50499999523163,-0.154596820473671,1.01212501525879,0.885439991950989,0.920199990272522,1.0485999584198,1,1,-0.391557782888412,0.207762310515169,0,0,0.58333333,95.21428571,0.11458333,87.54545455,0.01041667,90,0.1875,83.33333333,0.10416667,88.4,NA,-0.478534132242203,-2.55034518241882,-0.0344077162444592,0.12513567507267,0.272176831960678,-0.854525236146791,-23.1849562038075,-3.44077162444592,0.695198194848167,2.72176831960678,0.27272727,0.63414634,0.42708333,0.73333333,0.88461538,0.82926829,0.42708333,0.65217391,0.07291667,6,5,6,2,9,6,17,0.35294118,0.29411765,0.35294118,0.11764706,0.52941176,0.35294118,8.43229234456052,29,58.31571,53.86828,61.22791,64.22596,62.12242,61.65149,NA,NA,NA,59.40873,52.21296,65.58756,56.5944,58.65403,42.00818,20,57.77164,20,62.07424,58.89841,58.5184,-0.62472,3.14001,98.22,113.36,111.62,100.38,115.34,118.36,NA,NA,NA,95,122.94,128.38,99.54,130.26,131.86,89.62,67.46,63.46,99.2689583333333,118.303333333333,120.765416666667,0.58333333,0.01041667,NA,0.11458333,0.1875,0.10416667,95.2017822265625,90.1999969482422,NA,87.5181829279119,83.1333346896701,88.3,-2.85576111929757,3.06932020187378,NA,3.35696653886275,2.14081001281738,-7.68411712646484,9.97937774658203,2.25380992889404,NA,0.162650487639687,-6.12420060899523,2.03514881134033,-0.368164919316769,-0.0350487045943737,NA,-2.56907791644335,0.107748441398144,0.274812769144773,-0.657437355922801,-3.50487045943737,NA,-23.3552537858486,0.59860245221191,2.74812769144773,0.2,0.67391304,0.42708333,0.6,0.90322581,0.82926829,0.47916667,18.31506849,0.10416667,0.1875,0.58333333,NA,0.125,87.9470581054688,82.7840440538194,94.8747820172991,NA,87.3826192220052,-7.08804321289062,3.01227887471517,-2.07508441380092,NA,4.23348585764567,0.571037006378174,-7.89445580376519,8.87710843767439,NA,-0.964079856872559,0.274812769144773,0.107748441398144,-0.368164919316769,NA,-2.60412662103772,2.74812769144773,0.59860245221191,-0.657437355922801,NA,-21.7010551753143,0.20833333,0.64583333,0.42708333,0.6,0.90322581,0.82926829,0.5,17,89.2634349149816,12.6782298368566,3,0.17647059,106.342,7,0.41176471,"2024-09-20",0
"Zac Gallen",19291,"2024-09-15","MIL",15,2024,"ARI","H",28,0,0,5.4,1,1,0,0,0,0,0,0,5,23,6,3,3,1,2,0,0,0,0,7,12.6,3.6,10.8,3.5,0.142857142,0,7,6,1,0,1,0,0,0.30434783,0.08695652,0.21739131,3.3384984528562,1.8,0.285714285714286,1.6,0.384615384615385,0.75757576,4.1664797782898,1.23352022171021,3.38088986575604,129.148400451382,105.85726151629,83.4911332943237,1.166666666,0.071428571,0.5,0.428571428,0,0.166666666,5,9,38,60,98,0.0519200041890144,-0.367020040750504,0.418940037488937,-0.444899916648865,-0.0449394024908543,1.04900002479553,0.744400024414062,0.870000004768372,1.23399996757507,1,1,0.0119719235226512,0.037522836212111,0,0,0.44897959,94.06818182,0.10204082,86.8,NA,NA,0.31632653,81.35483871,0.13265306,85.38461538,NA,0.739692628383636,0.435519307851791,NA,-1.68071269989014,-0.00908536836504936,1.68111960996281,4.35519307851791,NA,-5.42165387061334,-0.0698874489619182,0.30882353,0.6,0.39795918,0.66666667,0.72222222,0.69230769,0.30612245,0.65217391,0.12244898,3,7,4,1,8,5,14,0.21428571,0.5,0.28571429,0.07142857,0.57142857,0.35714286,3.1455260436748,46,41.37584,45.05349,44.93117,54.68257,56.57711,57.76761,NA,NA,NA,51.71929,36.2079,59.91839,56.85888,42.39651,55.91337,NA,NA,NA,50.5172,45.11433,54.85188,0.09328,4.21701,89.42,97.46,88.02,98.36,102.16,101.12,NA,NA,NA,86.74,115.96,118.42,84.3,120.8,109.66,NA,NA,NA,91.5408163265306,108.841020408163,103.848979591837,0.44897959,NA,NA,0.10204082,0.31632653,0.13265306,94.0159135298295,NA,NA,86.8900024414063,81.3645177041331,85.3461538461538,-3.04993785511364,NA,NA,2.5851432800293,1.95196668563351,-7.3433356651893,9.96352386474609,NA,NA,1.39902191162109,-6.51901638892389,2.71518824650691,0.740333016961813,NA,NA,0.440287698060274,-1.69199040904641,-0.0123359523713589,1.68257503854958,NA,NA,4.40287698060274,-5.45803357756907,-0.0948919413181452,0.30508475,0.53846154,0.39795918,0.61111111,0.76190476,0.69230769,0.39795918,18.34666667,0.13265306,0.31632653,0.44897959,NA,0.10204082,85.1849834735577,81.209236391129,93.8695290305398,NA,86.7211120605469,-6.71937795785757,2.683349609375,-2.29275755448775,NA,3.40800094604492,1.12595653533936,-8.44462733114919,8.80279679731889,NA,0.0014637304469943,-0.0123359523713589,-1.69199040904641,0.740333016961813,NA,0.440287698060274,-0.0948919413181452,-5.45803357756907,1.68257503854958,NA,4.40287698060274,0.32727273,0.48837209,0.39795918,0.61111111,0.76190476,0.69230769,0.43877551,14,91.0559692382812,13.1928329467773,2,0.14285714,105.5,5,0.35714286,"2024-09-15",0
"Zac Gallen",19291,"2024-09-10","TEX",15,2024,"ARI","H",28,1,0,0,1,1,0,0,0,0,0,0,5,19,2,0,0,0,2,0,0,0,0,7,12.6,3.6,3.6,3.5,0,0,3,5,2,1,0,0,0,0.36842105,0.10526316,0.2631579,3.00593406472515,0,0.117647058823529,0.8,0.2,1,1.5664797782898,-1.5664797782898,3.07848818451166,0,40.9529067406331,76.1833778504874,0.6,0.2,0.3,0.5,0.2,0,4,7.2,40,54,94,0.220520049333572,-0.0805399641394615,0.301060020923615,2.55509996414185,0.258090913295746,0.76230001449585,0.822000026702881,0.870000004768372,0.649999976158142,1,1,0.245380029082298,0.0439024648704459,0,0,0.46808511,94.31818182,0.17021277,87.5,NA,NA,0.27659574,81.07692308,0.08510638,86.875,NA,2.01088094711304,0.253466695547104,NA,0.402753829956055,-0.413375586271286,4.57018397071145,1.5841668471694,NA,1.54905319213867,-5.16719482839108,0.234375,0.56666667,0.34042553,0.66666667,0.76470588,0.71875,0.31914894,0.84210526,0.09574468,3,5,2,3,5,2,10,0.3,0.5,0.2,0.3,0.5,0.2,1.49225767460578,69,72.02703,57.24777,80,46.8717,53.96128,42.0134,NA,NA,NA,70.87996,47.8664,80,53.68179,48.24322,46.35718,NA,NA,NA,53.76096,49.7873,53.81935,-0.10824,3.91473,99.54,142.26,138.24,102.76,93.56,94.42,NA,NA,NA,91.26,137.98,143.16,70.08,130.34,116.46,NA,NA,NA,91.4893617021277,115.438723404255,112.54170212766,0.46808511,NA,NA,0.17021277,0.27659574,0.08510638,94.2886408025568,NA,NA,87.4499969482422,81.1038442758413,86.7874984741211,-2.7809250571511,NA,NA,2.29135990142822,1.56464532705454,-6.71956825256348,10.0489238392223,NA,NA,1.0474933385849,-7.03242551363431,2.43875622749329,2.03182585909963,NA,NA,0.255702510476112,0.389334555715322,-0.420697074383497,4.61778604340824,NA,NA,1.5981406904757,1.49744059890509,-5.25871342979372,0.23728814,0.51428571,0.34042553,0.5,0.88888889,0.71875,0.37234043,17.77333333,0.08510638,0.27659574,0.46808511,NA,0.17021277,86.8096389770508,81.1287466195913,94.318115234375,NA,87.4704132080078,-6.11584997177124,2.28517150878906,-1.97164310108532,NA,3.20042991638184,1.02593076229095,-8.79758512056791,8.94122453169389,NA,-0.324885070323944,-0.420697074383497,0.389334555715322,2.03182585909963,NA,0.255702510476112,-5.25871342979372,1.49744059890509,4.61778604340824,NA,1.5981406904757,0.2037037,0.525,0.34042553,0.54545455,0.80952381,0.71875,0.42553191,10,82.7054870605469,10.46279296875,1,0.1,109.377,3,0.3,"2024-09-10",0
"Zac Gallen",19291,"2024-09-04","@SFG",15,2024,"ARI","A",28,1,0,0,1,1,1,0,0,0,0,0,6,21,0,0,0,0,4,0,0,0,0,8,12,6,0,2,0,0,4,4,1,1,0,0,0,0.38095238,0.19047619,0.19047619,4.08869507131367,0,0,0.666666666666667,0,1,2.49981311162313,-2.49981311162313,3.50781871577104,0,64.2519058908691,86.5584608001106,1,0.111111111,0.444444444,0.444444444,0.25,0,4,6,37,63,100,0.317344009876251,-0.117407992482185,0.434752017259598,2.84400010108948,0.302392333745956,0.946723818778992,1.01183331012726,0.924600005149841,0.653200030326843,1,1,0.323841154575348,0.011361154251672,0,0,0.4,94.15,0.06,87.33333333,0.02,90,0.31,82.4516129,0.21,87.33333333,NA,1.81520533561707,0.352465331554413,-0.0373910665512085,0.947441697120667,0.479626834392548,4.53801333904266,5.87442219257355,-1.86955332756042,3.05626353909892,2.28393730663118,0.37878788,0.70588235,0.49,0.64,0.875,0.75510204,0.34,0.9047619,0.12,3,3,3,3,3,3,9,0.33333333,0.33333333,0.33333333,0.33333333,0.33333333,0.33333333,1.79267666510101,76,70.57083,52.00413,80,45.03756,49.96992,47.71459,NA,NA,NA,66.07972,44.06328,73.8667,70.68502,57.48166,73.30688,60.72229,30.06659,80,59.6288,51.80439,70.64877,-0.47279,3.36791,83.96,123.72,117.44,108.92,82.38,80.5,NA,NA,NA,99.26,129.76,116.22,96.88,125.24,126.8,97.08,141.28,152,99.1296,108.3688,106.1836,0.4,0.02,NA,0.06,0.31,0.21,94.1125,89.8499984741211,NA,87.2333374023438,82.4354838709677,87.2857142857143,-3.71527366638184,1.21786499023438,NA,2.57402976353963,0.903944938413558,-8.00414603097098,10.48544921875,4.85558223724365,NA,1.384224096934,-6.28453063964844,3.28716314406622,1.79546848684549,-0.0380783230066299,NA,0.356434475630522,0.942821629345417,0.524023495614529,4.48867121711373,-1.9039161503315,NA,5.94057459384203,3.04136009466264,2.4953499791168,0.3559322,0.68292683,0.49,0.57142857,0.89285714,0.75510204,0.41,18.63291139,0.21,0.31,0.4,0.02,0.06,87.2807907831101,82.4334047379032,94.1211853027344,89.8805999755859,87.204335530599,-7.52897280738467,1.62637784404139,-3.06121253967285,2.18685507774353,3.39952150980631,1.81319899786086,-8.17900528446321,9.26927947998047,3.4878101348877,-0.0717621743679047,0.524023495614529,0.942821629345417,1.79546848684549,-0.0380783230066299,0.356434475630522,2.4953499791168,3.04136009466264,4.48867121711373,-1.9039161503315,5.94057459384203,0.37288136,0.65853659,0.49,0.59090909,0.88888889,0.75510204,0.41,9,90.7159762912326,25.89136589898,1,0.11111111,107.056,4,0.44444444,"2024-09-04",0
"Zac Gallen",19291,"2024-08-30","LAD",15,2024,"ARI","H",28,0,0,9,1,1,0,0,0,0,0,0,5,24,6,5,5,1,2,0,1,0,0,7,12.6,3.6,10.8,3.5,0,0,7,5,2,0,0,0,0,0.29166667,0.08333333,0.20833333,3.38295825379927,1.8,0.285714285714286,1.6,0.384615384615385,0.52631579,4.7664797782898,4.2335202217102,3.67848818451166,215.247334085636,120.835189541442,90.682812007927,1.4,0.142857142,0.5,0.357142857,0,0.2,5,9,42,58,100,-0.230540052056313,-0.521259963512421,0.290719926357269,-2.44490003585815,-0.246959611773491,1.04343998432159,0.953200042247772,0.870000004768372,1.3400000333786,1,1,-0.143310755491257,-0.0776315656008386,0,0,0.5,93.98,0.06,87.5,0.05,90.6,0.3,81.36666667,0.09,86.77777778,NA,-1.92531418800354,0.0139526799321175,0.252530604600906,0.013617679476738,-0.162290990352631,-3.85062837600708,0.232544665535291,5.05061209201813,0.0453922649224599,-1.80323322614034,0.3125,0.55555556,0.4,0.6,0.95,0.775,0.36,0.54166667,0.09,6,7,1,0,8,6,14,0.42857143,0.5,0.07142857,0,0.57142857,0.42857143,4.32845130865369,40,64.60912,46.0238,75.51275,43.62974,52.68928,38.01117,NA,NA,NA,21.07448,43.53463,32.63894,48.5118,41.50852,58.49874,20,42.78743,28.78571,40.05956,43.42241,45.23777,0.74297,5.19155,79.72,134.18,132.56,94.9,84.6,83.18,NA,NA,NA,105.92,78.92,79.78,90.66,102.12,102.94,88.06,27,34.72,92.581,91.0974,90.9252,0.5,0.05,NA,0.06,0.3,0.09,93.88400390625,90.6200012207031,NA,87.3499959309896,81.3200032552083,86.7444458007812,-4.36094482421875,1.14755334854126,NA,2.56946754455566,1.96516583760579,-8.40974934895833,9.76432312011719,4.36161804199219,NA,1.19090994199117,-5.75212860107422,3.09594938490126,-1.89374482259154,0.255753017961979,NA,0.0121909417212009,0.0505619868636131,-0.162846475839615,-3.78748964518309,5.11506035923958,NA,0.203182362020016,0.168539956212044,-1.80940528710683,0.24528302,0.57446809,0.4,0.46153846,0.92592593,0.775,0.47,18.38666667,0.09,0.3,0.5,0.05,0.06,86.8206108940972,81.4014241536458,93.982802734375,90.6834594726563,87.4275512695312,-7.85871209038628,2.64810180664062,-3.62177825927734,2.09383659362793,3.53156661987305,1.6976293987698,-7.29485880533854,8.73572448730469,3.2535099029541,-0.222196181615194,-0.162846475839615,0.0505619868636131,-1.89374482259154,0.255753017961979,0.0121909417212009,-1.80940528710683,0.168539956212044,-3.78748964518309,5.11506035923958,0.203182362020016,0.23076923,0.58333333,0.4,0.41666667,0.92857143,0.775,0.48,14,91.461434500558,7.42561667306083,2,0.14285714,114.018,8,0.57142857,"2024-08-30",0
"Zac Gallen",19291,"2024-08-24","@BOS",15,2024,"ARI","A",28,1,0,0,1,1,1,0,0,0,0,0,6,23,2,0,0,0,4,0,0,0,0,9,13.5,6,3,2.25,0,0,4,4,2,2,0,0,0,0.39130435,0.17391304,0.2173913,3.72360432021121,0,0.105263157894737,1,0.2,1,2.1664797782898,-2.1664797782898,3.17448538243771,0,55.9308347657848,78.503219601533,1,0.2,0.4,0.4,0.5,0,4,6,40,59,99,0.371948003768921,-0.180736035108566,0.55268406867981,3.28200006484985,0.316184967756271,1.09561741352081,1.09700000286102,0.870000004768372,0.757200002670288,1,1,0.251533538103104,0.0879535850283645,0,0,0.42424242,94.16666667,0.06060606,87.83333333,0.11111111,90.72727273,0.25252525,80.48,0.15151515,87.13333333,NA,-0.0503907985985279,0.324202299118042,-0.399917989969254,2.37381482124329,0.380695819854736,-0.119978091901257,5.40337165196737,-3.63561809062958,9.49525928497314,2.53797213236491,0.36231884,0.53333333,0.41414141,0.6,0.875,0.70731707,0.3030303,0.60869565,0.12121212,3,4,3,3,4,3,10,0.3,0.4,0.3,0.3,0.4,0.3,1.88913538618896,73,41.32762,47.627,51.85042,39.8485,54.46574,37.10738,NA,NA,NA,66.73202,36.56291,74.79931,51.43674,41.27048,59.11113,20,40.89674,20,35.72463,44.97538,39.43294,1.01229,5.59553,67.7,90.32,72.72,89.9,73.74,72.16,NA,NA,NA,97.5,125.44,128,81.22,134.52,119.72,88.96,59.42,60.68,84.7006060606061,93.1428282828283,86.3636363636364,0.42424242,0.11111111,NA,0.06060606,0.25252525,0.15151515,94.0880940755208,90.6545465642756,NA,87.9000040690104,80.3839990234375,87.0799967447917,-5.12561180478051,0.134435426105152,NA,2.44345728556315,2.19891372680664,-8.93674825032552,9.76860555013021,6.07975977117365,NA,3.14949289957682,-7.0707275390625,4.13717142740885,-0.0803146325051785,-0.409843310713768,NA,0.328350760042667,2.38401657342911,0.378927655518055,-0.19122531548852,-3.72584827921607,NA,5.47251266737779,9.53606629371643,2.52618437012037,0.33870968,0.54054054,0.41414141,0.52380952,0.9,0.70731707,0.37373737,19.11842105,0.15151515,0.25252525,0.42424242,0.12121212,0.05050505,87.06533203125,80.3653759765625,94.0926862444196,90.4811604817708,87.719482421875,-8.15473022460938,3.1946240234375,-4.23974064418248,1.57415040334066,3.3643440246582,2.60095774332682,-8.89048950195312,8.7499266124907,4.92128403981527,1.75818195343018,0.378927655518055,2.38401657342911,-0.0803146325051785,-0.359673172235489,0.278180621564388,2.52618437012037,9.53606629371643,-0.19122531548852,-2.99727643529574,5.56361243128777,0.33333333,0.53846154,0.41414141,0.5,0.9047619,0.70731707,0.39393939,10,88.9824279785156,23.1856353759766,0,0,105.975,2,0.2,"2024-08-24",0
"Zac Gallen",19291,"2024-08-17","@TBR",15,2024,"ARI","A",28,0,1,7.2,1,1,0,0,0,0,0,0,5,25,9,4,4,0,2,0,1,0,0,3,5.4,3.6,16.2,1.5,0.25,0,8,6,5,0,2,0,0,0.12,0.08,0.04,5.34936108401489,0,0.409090909090909,2.2,0.473684210526316,0.66666667,3.7664797782898,3.4335202217102,5.58088986575603,172.197867268509,95.8719761661893,136.655725204936,1.333333333,0.263157894,0.421052631,0.315789473,0,0,1,1.8,35,63,98,-0.238269984722137,-0.465670049190521,0.227400064468384,-1.73999989032745,-0.191103771328926,0.605885684490204,0.456200003623962,0.870000004768372,0.265599995851517,1,1,-0.232209205627441,-0.161049771802632,0,0,0.46938776,93,0.14285714,87.71428571,0.02040816,89.5,0.14285714,79.71428571,0.2244898,85.68181818,NA,-0.318573653697968,-0.815185308456421,-0.448679894208908,-1.20179414749146,0.127525702118874,-0.692551421082538,-5.82275220326015,-22.4339947104454,-8.58424391065325,0.579662282358516,0.31818182,0.625,0.41836735,0.76190476,1,0.87804878,0.32653061,0.64,0.05102041,5,8,6,3,11,5,19,0.26315789,0.42105263,0.31578947,0.15789474,0.57894737,0.26315789,4.99327449463502,39,80,57.18837,80,49.23445,48.34238,56.81218,NA,NA,NA,21.43329,27.70252,23.56125,59.54661,36.60933,65.78069,41.76524,39.43641,52.50638,54.75994,43.29652,65.61484,-0.17031,3.82163,66.08,154.34,136.52,94.98,82.64,79.52,NA,NA,NA,94.2,71.06,64.28,93.24,137.66,127.9,84.42,105.12,84.9,87.9167346938776,105.400408163265,97.16,0.46938776,0.02040816,NA,0.14285714,0.14285714,0.2244898,92.9413001019022,89.4499969482422,NA,87.6428571428571,79.7071446010045,85.640907981179,-5.39419323465099,-1.04879999160767,NA,2.36666570390974,2.38481766836984,-9.17316367409446,10.800164927607,6.58515644073486,NA,3.31005723135812,-6.67355019705636,3.46013884110884,-0.33638908341527,-0.455800261348486,NA,-0.832047410309315,-1.21182526648045,0.0513962879776955,-0.731280616120152,-22.7900130674243,NA,-5.94319578792368,-8.65589476057461,0.233619490807707,0.26923077,0.58695652,0.41836735,0.78571429,0.92592593,0.87804878,0.46938776,18.34246575,0.2244898,0.14285714,0.46938776,0.03061224,0.13265306,85.8266657049006,79.9110456194196,93.14794921875,89.898671468099,87.6276573768029,-8.36411632191051,3.27504784720285,-4.53768556014351,1.08994468053182,3.62137779822716,1.75332641601562,-8.50353894914899,9.30105325450068,4.9382266998291,1.5625068957989,0.0513962879776955,-1.21182526648045,-0.33638908341527,-0.545596193522215,-0.742251478135586,0.233619490807707,-8.65589476057461,-0.731280616120152,-18.1865397840738,-5.70962675488912,0.27777778,0.59090909,0.41836735,0.8,0.92307692,0.87804878,0.44897959,19,85.1030080694901,13.1087983783923,1,0.05263158,104.559,5,0.26315789,"2024-08-17",0
"Zac Gallen",19291,"2024-08-10","PHI",15,2024,"ARI","H",28,0,0,2.07692322928526,1,1,0,0,0,0,0,0,4.1,21,5,1,1,0,2,0,0,0,0,3,6.23076968785577,4.15384645857051,10.3846161464263,1.5,0.285714285,0,7,4,5,1,2,0,0,0.14285714,0.0952381,0.04761905,5.10781752909836,0,0.263157894736842,1.61538473388853,0.3125,0.85714286,3.1664797782898,-1.08955654900454,4.56217994795947,49.6724653560202,80.8940481410376,112.037862907232,1.75,0.3125,0.4375,0.25,0.25,0,2,4.15384645857051,32,55,87,0.0343600660562515,-0.379819989204407,0.414180070161819,0.604100048542023,0.0610202066600323,1.24933338165283,0.996800005435944,0.870000004768372,1.91200006008148,1,1,-0.0175008084625006,0.0450035283616472,0,0,0.35632184,95.06451613,0.05747126,87.6,0.06896552,90.33333333,0.37931034,82.27272727,0.13793103,86.83333333,NA,-0.816772758960724,-0.173110127449036,-0.0792677253484726,-0.191033780574799,0.279969334602356,-2.63475083535717,-3.46220254898071,-1.32112875580788,-0.578890244166056,2.33307778835297,0.37878788,0.66666667,0.44827586,0.72,0.85714286,0.76923077,0.24137931,0.42857143,0.10344828,7,4,5,1,10,5,16,0.4375,0.25,0.3125,0.0625,0.625,0.3125,4.84267905291406,52,67.36064,51.35608,66.04308,52.36738,57.64359,57.99009,NA,NA,NA,20,54.35408,20,62.80039,43.93624,57.97822,20,58.79079,20,50.33154,49.05655,49.55118,0.10481,4.23431,86.2,120.12,118.92,100.36,96.68,100.02,NA,NA,NA,104.06,25.92,34.56,93.62,128.34,124.64,97,81.7,87.66,95.8312643678161,106.822298850575,107.351034482759,0.35632184,0.06896552,NA,0.05747126,0.37931034,0.13793103,95.0322580645161,90.4166666666667,NA,87.5200012207031,82.1727257930871,86.6583353678385,-3.26732733941847,1.87837282816569,NA,2.10277709960938,1.49961309721976,-7.23328272501628,9.99859816028226,4.92254288991292,NA,1.88846302032471,-5.40380720658736,2.32369232177734,-0.828194227069616,-0.0814529657363892,NA,-0.178683675825596,0.844813700765371,0.281879376620054,-2.67159428086973,-1.35754942893982,NA,-3.57367351651192,2.56004151747082,2.34899480516712,0.37037037,0.57575758,0.44827586,0.6,0.94736842,0.76923077,0.37931034,18.89393939,0.13793103,0.37931034,0.35632184,0.06896552,0.05747126,86.6418050130208,82.1591796875,95.0255323840726,90.4048360188802,87.5195007324219,-7.00434366861979,1.85433543812145,-2.88068291448778,2.61596171061198,2.70211791992188,0.745970408121745,-7.11138222434304,8.69094848632812,3.92777156829834,0.68617057800293,0.281879376620054,0.844813700765371,-0.828194227069616,-0.0814529657363892,-0.178683675825596,2.34899480516712,2.56004151747082,-2.67159428086973,-1.35754942893982,-3.57367351651192,0.35087719,0.63333333,0.44827586,0.65,0.89473684,0.76923077,0.34482759,16,90.5360641479492,12.7097520828247,0,0,111.629,3,0.1875,"2024-08-10",0
"Zac Gallen",19291,"2024-08-05","@CLE",15,2024,"ARI","A",28,0,0,6.42857142857143,1,1,0,0,0,0,0,0,7,29,8,5,5,0,2,0,0,1,0,4,5.14285714285714,2.57142857142857,10.2857142857143,2,0,0,11,8,4,0,0,0,0,0.13793103,0.06896552,0.06896552,4.92915120576054,0,0.296296296296296,1.42857142857143,0.347826086956522,0.5,2.88076549257551,3.54780593599592,4.60877509968621,153.748095775454,73.7617014623939,113.163868464762,1.375,0.173913043,0.478260869,0.347826086,0,0,6,7.71428571428571,31,62,93,-0.363595962524414,-0.85125994682312,0.487663984298706,-1.63999998569489,-0.172995775938034,1.19497501850128,0.938514292240143,0.910000026226044,2.46560001373291,1,1,-0.161939576268196,-0.142331188304297,0,0,0.3655914,93.85294118,0.07526882,88.14285714,0.03225806,89.66666667,0.2688172,80.92,0.25806452,86.25,NA,-0.294853299856186,1.02313339710236,-0.042889129370451,-1.00945591926575,0.629908919334412,-0.867215587812311,14.6161913871765,-1.4296376456817,-4.03782367706299,2.62462049722672,0.34545455,0.63157895,0.46236559,0.68421053,0.875,0.79069767,0.40860215,0.51724138,0.09677419,9,11,3,1,16,6,23,0.39130435,0.47826087,0.13043478,0.04347826,0.69565217,0.26086957,3.03554299871253,51,55.46725,42.80158,59.92319,48.52796,49.29286,51.67171,NA,NA,NA,35.44581,32.13341,42.22177,44.96648,39.38793,49.08176,20,45.35007,20,42.35417,40.52886,48.04086,0.60042,4.97772,85.4,109.92,100.96,89.16,96.42,89.18,NA,NA,NA,93.08,84.04,81.26,96.9,93.22,89.14,94.02,52.58,52.56,90.7221505376344,96.6976344086022,90.4318279569893,0.3655914,0.03225806,NA,0.07526882,0.2688172,0.25806452,93.8764720243566,89.5999959309896,NA,88.1285749162946,80.927998046875,86.1583353678385,-4.4954205681296,1.10916598637899,NA,2.8915160042899,1.51503799438477,-8.05942598978678,9.57175580193015,4.96997261047363,NA,1.89489814213344,-6.23783264160156,2.69637966156006,-0.296249281615019,-0.0440064929425716,NA,1.03963926061988,-0.497051414102316,0.635921198874712,-0.871321416514761,-1.46688309808572,NA,14.8519894374268,-1.98820565640926,2.64967166197797,0.32608696,0.59574468,0.46236559,0.66666667,0.85714286,0.79069767,0.50537634,16.96825397,0.25806452,0.2688172,0.3655914,0.03225806,0.07526882,86.248789469401,81.0077685546875,93.9888413373162,89.6982625325521,88.228524344308,-7.40334383646647,2.37659561157227,-3.66208356969497,2.21730995178223,3.94863292149135,1.41576480865479,-7.64345336914062,8.49036901137408,4.02065340677897,0.605056149618966,0.635921198874712,-0.497051414102316,-0.296249281615019,-0.0440064929425716,1.03963926061988,2.64967166197797,-1.98820565640926,-0.871321416514761,-1.46688309808572,14.8519894374268,0.2826087,0.63829787,0.46236559,0.61538462,0.86666667,0.79069767,0.50537634,23,88.0205874235734,11.5192764945652,1,0.04347826,107.844,7,0.30434783,"2024-08-05",0
"Zac Gallen",19291,"2024-07-31","WSN",15,2024,"ARI","H",28,1,0,1.5,1,1,1,0,0,0,0,0,6,25,6,1,1,0,1,0,0,0,0,6,9,1.5,9,6,0,0,12,3,3,0,0,0,0,0.24,0.04,0.2,2.59777068401489,0,0.25,1.16666666666667,0.333333333333333,0.85714286,1.6664797782898,-0.166479778289796,2.42248398140073,35.8745556809394,43.4492280781584,60.3305616004696,4,0.166666666,0.666666666,0.166666666,0,0,5,7.5,27,64,91,0.234519958496094,-0.323940008878708,0.558459997177124,2.06609988212585,0.208696961402893,1.17415380477905,1.07633340358734,0.870000004768372,0.601999998092651,1,1,0.185203373432159,0.0145319232057667,0,0,0.36263736,93.48484848,0.08791209,88.375,NA,NA,0.34065934,81.12903226,0.20879121,85.84210526,NA,-1.12426173686981,-0.167458400130272,NA,2.30182313919067,-0.439974933862686,-3.40685374809034,-2.0932300016284,NA,7.42523593287314,-2.31565754664572,0.46296296,0.64864865,0.53846154,0.6,0.95833333,0.7755102,0.40659341,0.68,0.12087912,7,4,7,2,12,4,18,0.38888889,0.22222222,0.38888889,0.11111111,0.66666667,0.22222222,1.92851951745856,65,65.11082,39.40867,75.48397,42.84349,54.02152,34.49134,NA,NA,NA,61.9581,38.08953,72.10946,69.09229,38.20778,72.0731,NA,NA,NA,56.87055,40.29721,62.20517,-0.30143,3.62495,82.34,134.28,119.06,95.74,90.16,89.04,NA,NA,NA,91.08,133.46,130.42,97.42,131.94,122.38,NA,NA,NA,93.0755555555555,117.714,110.539555555556,0.36263736,NA,NA,0.08791209,0.34065934,0.20879121,93.3696954900568,NA,NA,88.3125,81.106453188004,85.7842118112664,-2.91595805775035,NA,NA,3.31273293495178,2.7772937897713,-6.28322601318359,9.73173661665483,NA,NA,2.25672388076782,-5.7862051686933,2.95822364405582,-1.1395986713469,NA,NA,-0.171453360468149,2.29476347193122,-0.44941483810544,-3.45332930711183,NA,NA,-2.14316700585186,7.40246281268135,-2.36534125318653,0.4,0.70731707,0.53846154,0.55,0.93103448,0.7755102,0.45054945,19.26153846,0.20879121,0.34065934,0.36263736,0.02197802,0.06593407,86.0746235094572,81.3910108996976,93.6801609848485,89.1141510009766,88.4335530598958,-6.02996424624794,3.11661480319115,-2.35214603308475,3.63051986694336,3.95325183868408,1.49263974239952,-7.3787103468372,8.50697742808949,3.05588006973267,0.274514178435008,-0.44941483810544,2.29476347193122,-1.1395986713469,0.104944098740816,-0.276397459208965,-2.36534125318653,7.40246281268135,-3.45332930711183,5.24720493704081,-4.60662432014942,0.44444444,0.63043478,0.53846154,0.55,0.93103448,0.7755102,0.50549451,18,83.0028347439236,2.96426476372613,1,0.05555556,100.766,3,0.16666667,"2024-07-31",0
"Zac Gallen",19291,"2024-07-26","PIT",15,2024,"ARI","H",28,1,0,4.5,1,1,1,0,0,0,0,0,6,27,5,3,3,0,3,0,1,0,0,6,9,4.5,7.5,2,0,0,7,5,4,2,0,1,0,0.22222222,0.11111111,0.11111111,4.50322702754095,0,0.217391304347826,1.33333333333333,0.294117647058824,0.66666667,3.1664797782898,1.3335202217102,4.42648678347468,107.623667042818,80.8940481410376,108.758739400463,1.4,0.25,0.4375,0.3125,0.4,0,4,6,36,66,102,-0.224480032920837,-0.562160015106201,0.337679982185364,-0.93289989233017,-0.0942323207855225,0.969285726547241,0.839714288711548,0.870000004768372,3.52799987792969,1,1,0.0260937660932541,-0.257687017466586,0,0,0.42156863,93.76744186,0.06862745,87.71428571,0.02941176,90,0.3627451,80.59459459,0.11764706,87,NA,-1.67012572288513,0.33400759100914,-0.092620849609375,2.07847714424133,-0.457451373338699,-3.88401330903519,4.77153701441629,-3.08736165364583,5.61750579524685,-3.81209477782249,0.36507937,0.69230769,0.49019608,0.56521739,0.77777778,0.68,0.38235294,0.62962963,0.15686275,11,3,3,2,9,6,17,0.64705882,0.17647059,0.17647059,0.11764706,0.52941176,0.35294118,3.66117191955946,57,65.22138,48.32135,72.86135,46.62122,50.34187,51.12144,NA,NA,NA,71.51743,39.73407,74.76122,56.36897,44.10084,65.87082,20,52.6045,20,48.83451,43.4497,59.10394,0.19782,4.37382,71.3,124.52,119.32,91.68,103.04,96.5,NA,NA,NA,90.18,130,130.3,76.18,131.04,113.92,95,31.1,30,83.6545098039216,115.458235294118,105.867450980392,0.42156863,0.02941176,NA,0.06862745,0.3627451,0.11764706,93.6627906976744,89.7666625976562,NA,87.7000034877232,80.5243216849662,87.0166625976562,-2.88598757011946,2.02024443944295,NA,2.55388532366071,1.90449647645693,-6.04835573832194,9.97220842228379,5.13355096181234,NA,3.38619177682059,-5.76732614878062,3.34730974833171,-1.70043021440506,-0.094340343028307,NA,0.338001199066639,2.10378034412861,-0.464865252375603,-3.95448887070944,-3.14467810094357,NA,4.82858855809484,5.68589282196921,-3.87387710313002,0.36666667,0.66666667,0.49019608,0.5,0.82142857,0.68,0.41176471,19.82666667,0.11764706,0.3627451,0.42156863,0.06862745,0.02941176,87.0274047851562,80.5303790118243,93.6945573673692,88.8079572405134,87.2041015625,-5.61707433064779,2.45677968618032,-2.40678299305051,2.77047729492188,3.4825865427653,1.94636901219686,-7.32004773938978,8.93801737940589,3.96992983136858,0.458835323651632,-0.464865252375603,2.10378034412861,-1.70043021440506,0.167563512921333,0.0760973431169987,-3.87387710313002,5.68589282196921,-3.95448887070944,2.39376447030476,2.53657810389996,0.38461538,0.67567568,0.49019608,0.56,0.8,0.68,0.3627451,17,87.462776184082,14.0141191482544,2,0.11764706,107.785,6,0.35294118,"2024-07-26",0
"Zac Gallen",19291,"2024-07-20","@CHC",15,2024,"ARI","A",28,1,0,0,1,1,0,0,0,0,0,0,5,24,3,0,0,0,6,0,0,0,0,4,7.2,10.8,5.4,0.66666667,0,0,8,5,1,0,0,0,0,0.16666667,0.25,-0.08333333,7.52811798145975,0,0.166666666666667,1.8,0.214285714285714,1,5.1664797782898,-5.1664797782898,6.67848818451166,0,130.820474891543,163.179982795125,1.6,0.071428571,0.571428571,0.357142857,0,0,3,5.4,48,54,102,0.258187979459763,-0.288940042257309,0.547128021717072,2.34500002861023,0.251339763402939,1.18756806850433,0.967280030250549,0.870000004768372,1.01080000400543,1,1,0.111319020390511,0.106089973929229,0,0,0.41176471,93.64285714,0.03921569,86.5,0.02941176,89.66666667,0.20588235,80.42857143,0.31372549,87.125,NA,-1.84973609447479,-0.0703327506780624,0.299341231584549,0.156403854489326,1.59842157363892,-4.40413355827332,-1.75831876695156,9.9780410528183,0.744780259472983,4.99506741762161,0.25,0.73333333,0.39215686,0.55555556,0.90909091,0.75,0.29411765,0.58333333,0.09803922,8,2,4,3,9,2,14,0.57142857,0.14285714,0.28571429,0.21428571,0.64285714,0.14285714,4.24038676302962,56,69.52271,49.89799,73.88876,29.94055,47.40972,28.52271,NA,NA,NA,61.87227,34.39318,74.70531,68.7308,37.25531,80,41.42644,49.12469,50.03749,49.50273,43.03441,58.9732,0.1563,4.31154,79.2,112.3,107.28,89.28,77.94,71.2,NA,NA,NA,86.48,109.08,121.2,97.04,133.62,122.42,93.18,108.4,107.6,87.7201960784314,102.300196078431,96.0958823529412,0.41176471,0.02941176,NA,0.03921569,0.20588235,0.31372549,93.5833333333333,89.6333312988281,NA,86.375,80.490478515625,87.1312484741211,-4.10527583530971,1.24208498001099,NA,0.621624052524567,1.80078996930804,-7.63021612167358,10.2669910249256,6.44655481974284,NA,0.771463811397552,-5.84560321626209,2.58698892593384,-1.92313256114721,0.302934620529413,NA,-0.074707318097353,0.152737855911255,1.65370556339622,-4.57888705035051,10.0978206843138,NA,-1.86768295243382,0.727323123386928,5.16782988561317,0.26865672,0.62857143,0.39215686,0.55555556,0.90909091,0.75,0.34313725,18.72727273,0.31372549,0.20588235,0.41176471,0.02941176,0.03921569,87.4878997802734,80.8554454985119,93.9548688616071,90.0079345703125,86.7433776855469,-7.0738673210144,2.53241039457775,-3.28993152436756,2.12747319539388,1.44412469863892,1.1286655664444,-7.45295933314732,9.09419395810082,5.3320566813151,-0.457442253828049,1.65370556339622,0.152737855911255,-1.92313256114721,0.302934620529413,-0.074707318097353,5.16782988561317,0.727323123386928,-4.57888705035051,10.0978206843138,-1.86768295243382,0.25806452,0.6,0.39215686,0.5,0.91666667,0.75,0.39215686,14,91.8873726981027,4.66317476545061,1,0.07142857,109.68,6,0.42857143,"2024-07-20",0
"Zac Gallen",19291,"2024-07-14","TOR",15,2024,"ARI","H",28,0,0,14.7272752809135,1,1,0,0,0,0,0,0,3.2,20,9,7,6,1,1,0,0,0,0,1,2.45454588015225,2.45454588015225,22.0909129213702,1,0.1,0,10,4,4,0,1,0,0,0.05,0.05,0,5.14749908401489,2.45454588015225,0.473684210526316,2.72727320016916,0.470588235294118,0.34883721,6.98466225852663,7.74261302238686,5.08867110019447,352.222971395769,176.208152100842,124.760902567742,2.5,0.222222222,0.555555555,0.222222222,0,0.25,0,0,26,44,70,-0.304659992456436,-0.530080020427704,0.225420013070107,-5.18989992141724,-0.52423232793808,0.825699985027313,0.893999993801117,0.870000004768372,0.0940000042319298,1,1,-0.26181772351265,-0.107154055560785,0,0,0.54285714,93.94736842,0.04285714,89.33333333,0.07142857,90.6,0.2,80.78571429,0.14285714,86.6,NA,-1.38006317615509,0.848134577274323,-1.29739880561829,-0.961356222629547,-0.73900294303894,-3.63174520040813,28.2711525758107,-25.9479761123657,-6.86683016163962,-7.3900294303894,0.3125,0.68181818,0.42857143,0.86666667,0.93333333,0.9,0.31428571,0.7,0.04285714,10,6,2,3,6,9,18,0.55555556,0.33333333,0.11111111,0.16666667,0.33333333,0.5,7.32082505314837,16,80,53.02314,80,54.95496,56.58499,59.65264,NA,NA,NA,49.45524,42.48656,58.34571,48.73684,41.04908,44.55198,35.25851,48.4334,50.03847,57.1354,48.79127,62.99433,-0.31788,3.60027,96.9,145,142.98,90.14,94.36,93.06,NA,NA,NA,115.88,108.3,104.6,80.76,121.16,107.94,97.62,104.62,96.24,90.8671428571429,108.284571428571,103.889142857143,0.54285714,0.07142857,NA,0.04285714,0.2,0.14285714,93.9236867804276,90.4400024414062,NA,89.1999918619792,80.7000034877232,86.5700012207031,-2.69641715601871,1.61392097473145,NA,2.9563512802124,1.38109179905483,-7.4402214050293,10.1900891755757,5.03626556396484,NA,3.83334509531657,-6.14879444667271,2.58346252441406,-1.40457011386752,-1.29763835296035,NA,0.862917080521584,-0.975807998329401,-0.740322127938271,-3.69623714175663,-25.952767059207,NA,28.7639026840528,-6.97005713092429,-7.40322127938271,0.22222222,0.64705882,0.42857143,0.75,0.95454545,0.9,0.48571429,18.78,0.14285714,0.2,0.54285714,0.11428571,NA,86.4093505859375,80.5448957170759,93.7698267886513,89.8194885253906,NA,-7.05516738891602,2.03551551273891,-2.22925206234581,3.02909135818481,NA,1.05315456390381,-8.05059051513672,8.9780169035259,3.32889986038208,NA,-0.740322127938271,-0.975807998329401,-1.40457011386752,-0.434721272438765,NA,-7.40322127938271,-6.97005713092429,-3.69623714175663,-5.43401590548456,NA,0.24324324,0.63636364,0.42857143,0.77777778,0.95238095,0.9,0.47142857,18,89.2873942057292,4.00901794433594,0,0,105.772,9,0.5,"2024-07-14",0
"Zac Gallen",19291,"2024-07-09","ATL",15,2024,"ARI","H",28,0,1,6.75000040233138,1,1,0,0,0,0,0,0,5.1,24,7,5,4,1,1,0,0,0,0,4,6.75000040233138,1.68750010058284,11.8125007040799,4,0,0,9,5,5,1,0,0,0,0.16666667,0.04166667,0.125,4.10072908656739,1.68750010058284,0.304347826086957,1.50000008940697,0.333333333333333,0.45454545,4.66647986769677,2.08352053463461,3.6464876877335,161.435510186533,118.338870435802,89.9094968478597,1.8,0.263157894,0.47368421,0.263157894,0.2,0.2,0,0,40,65,105,-0.16127997636795,-0.469419956207275,0.308139979839325,-2.20490002632141,-0.222717180848122,0.970160007476807,0.760333359241486,0.870000004768372,0.123999997973442,1,1,-0.113840647041798,-0.0523999474220039,0,0,0.33333333,94.37142857,0.07619048,87.125,0.03809524,91,0.40952381,80.97674419,0.14285714,86.8,NA,-0.178662270307541,-0.451229214668274,-0.0537051558494568,0.144994124770164,-0.712179183959961,-0.510463629450117,-5.64036518335342,-1.34262889623642,0.337195639000383,-4.74786122639974,0.35820896,0.68421053,0.47619048,0.70833333,0.92307692,0.82,0.36190476,0.58333333,0.08571429,9,9,1,2,9,8,19,0.47368421,0.47368421,0.05263158,0.10526316,0.47368421,0.42105263,5.65172474588382,39,59.31845,49.48815,61.03727,61.74742,58.11734,64.12095,NA,NA,NA,34.74006,42.37469,38.09002,50.8914,44.01834,48.93773,23.81803,48.99931,27.36427,51.40741,47.11052,51.87569,0.03797,4.13405,93.94,121.2,109.86,87.86,115.04,112.32,NA,NA,NA,93.28,96.56,96.48,83.22,119.48,107.96,91.94,85.34,82.58,87.3967619047619,115.198857142857,107.843238095238,0.33333333,0.03809524,NA,0.07619048,0.40952381,0.14285714,94.4028599330357,90.9499969482422,NA,87.0500030517578,80.8906988099564,86.6466634114583,-3.49392591203962,1.06035673618317,NA,1.23565483093262,1.41797593582508,-6.98077341715495,9.91376778738839,5.87682676315308,NA,1.51593458652496,-5.83768800247547,2.41810836791992,-0.160817999392748,-0.054975975304842,NA,-0.458614118397236,0.151255816221237,-0.720308020710945,-0.459479998264994,-1.37439938262105,NA,-5.73267647996545,0.351757712142412,-4.8020534714063,0.35483871,0.65116279,0.47619048,0.68181818,0.92857143,0.82,0.40952381,19.32098765,0.14285714,0.40952381,0.33333333,0.03809524,0.07619048,86.2937662760417,80.5368709120639,94.0588099888393,90.5960998535156,86.7000732421875,-6.65125732421875,2.18562760463981,-2.77202802385603,1.8295214176178,2.03509545326233,0.893008295694987,-7.70525058480196,8.7999991280692,5.05058765411377,0.160605132579803,-0.720308020710945,0.151255816221237,-0.160817999392748,-0.054975975304842,-0.458614118397236,-4.8020534714063,0.351757712142412,-0.459479998264994,-1.37439938262105,-5.73267647996545,0.36666667,0.62222222,0.47619048,0.68181818,0.92857143,0.82,0.42857143,19,95.2196623149671,16.0145857961554,3,0.15789474,112.689,10,0.52631579,"2024-07-09",0
"Zac Gallen",19291,"2024-07-04","@LAD",15,2024,"ARI","A",28,0,0,6.75,1,1,0,0,0,0,0,0,4,19,4,3,3,0,3,0,0,0,0,4,9,6.75,9,1.33333333,0,0,5,2,5,1,0,0,0,0.21052632,0.15789474,0.05263158,5.20069861000528,0,0.25,1.75,0.333333333333333,0.57142857,3.4164797782898,3.3335202217102,4.17248398140073,161.435500564227,87.1348514848508,102.620577893002,2.5,0.416666666,0.416666666,0.166666666,0.5,0,5,11.25,32,54,86,-0.0856399834156036,-0.463640004396439,0.378000020980835,-1.08800005912781,-0.115132257342339,1.37514281272888,0.835500001907349,0.910000026226044,1.23800003528595,1,1,-0.0506107211112976,-0.0116664348487126,0,0,0.58823529,95.9,0.01176471,88,0.10588235,91.55555556,0.24705882,82.14285714,0.04705882,88.75,0.01162791,-0.625660359859467,0.054188709706068,0.420397281646729,0.309015601873398,-0.0337371714413166,-1.25132071971893,5.4188709706068,4.67108090718587,1.4715028660638,-0.843429286032915,0.29090909,0.76666667,0.45882353,0.6875,0.86956522,0.79487179,0.35294118,0.63157895,0.09302326,2,6,4,6,5,1,12,0.16666667,0.5,0.33333333,0.5,0.41666667,0.08333333,6.05815932364482,45,29.47772,38.99638,35.0602,31.04253,59.7751,26.7693,NA,NA,NA,20,44.33934,20,68.44069,48.4006,70.30243,31.2639,54.63863,26.6534,34.45439,51.86975,34.10977,1.0912,5.71389,58.96,111.24,95.8,106.12,63.02,65.58,NA,NA,NA,104.62,64.2,69.9,90.74,152.72,151.58,104.04,102.32,103.02,99.8630588235294,91.6254117647059,92.2642352941177,0.58823529,0.10588235,NA,0.01176471,0.24705882,0.04705882,95.887998046875,91.4111124674479,NA,88.0999984741211,82.1904761904762,88.9250030517578,-3.25691864013672,1.37959533267551,NA,0.190811842679977,1.09499359130859,-5.34424877166748,9.97391479492187,4.40794160630968,NA,0.1694415807724,-5.92423938569568,4.63451385498047,-0.624121900647879,0.424583658576012,NA,0.054773960262537,0.298201233148575,-0.0350219719111919,-1.24824380129576,4.71759620640013,NA,5.4773960262537,1.42000587213607,-0.875549297779799,0.29411765,0.70588235,0.45882353,0.66666667,0.875,0.79487179,0.4,19.35820896,0.04705882,0.24705882,0.58823529,0.10588235,0.01176471,88.9697265625,82.2146926153274,95.94076171875,91.433831108941,88.106201171875,-4.72788524627686,1.98916880289714,-2.55544677734375,2.22324053446452,1.0288599729538,3.50826501846313,-7.3378659202939,9.00208984375,3.66726684570312,-0.948294997215271,-0.0350219719111919,0.298201233148575,-0.634927671402693,0.424583658576012,0.054773960262537,-0.875549297779799,1.42000587213607,-1.26985534280539,4.71759620640013,5.4773960262537,0.27083333,0.7027027,0.45882353,0.61538462,0.88461538,0.79487179,0.43529412,12,80.5546875,6.07234636942546,0,0,105.991,3,0.25,"2024-07-04",0
"Zac Gallen",19291,"2024-06-29","OAK",15,2024,"ARI","H",28,1,0,0,1,1,1,0,0,0,0,0,6,19,1,0,0,0,1,0,0,0,0,7,10.5,1.5,1.5,7,0,0,8,3,0,0,0,0,0,0.36842105,0.05263158,0.31578947,1.99019722446899,0,0.0555555555555556,0.333333333333333,0.0909090909090909,1,1.33314644495646,-1.33314644495646,2.0891506480674,0,35.1281569530741,52.2753204018921,2.666666666,0,0.727272727,0.272727272,0,0,3,4.5,27,50,77,0.309499949216843,-0.0495199933648109,0.359019935131073,3.06610012054443,0.309707075357437,0.766631603240967,0.951666653156281,0.870000004768372,0.932000041007996,1,1,0.382822692394257,0.020891357363696,0,0,0.4025974,95.19354839,0.16883117,87.92307692,0.01298701,90,0.2987013,80.34782609,0.11688312,86.33333333,NA,0.328563064336777,0.557012915611267,-0.0238054171204567,2.3042106628418,0.899720370769501,1.05988085269928,4.28471473547128,-2.38054171204567,10.0183072297469,9.99689300855001,0.31818182,0.6969697,0.48051948,0.64285714,0.73913043,0.7027027,0.42857143,0.78947368,0.14285714,7,4,0,1,7,3,11,0.63636364,0.36363636,0,0.09090909,0.63636364,0.27272727,0.0124622793940246,79,56.52305,48.8301,59.54641,62.29652,58.03256,66.6879,NA,NA,NA,63.94466,50.46557,75.94123,58.39061,38.80546,64.01071,NA,NA,NA,59.8719,47.2634,69.27728,-0.48789,3.34526,84.94,129.86,123.86,97.12,106.64,109.96,NA,NA,NA,103.48,133.2,131.12,95.26,122.8,111.7,NA,NA,NA,96.2971428571429,119.01012987013,115.951688311688,0.4025974,NA,NA,0.18181818,0.2987013,0.11688312,95.2161274571573,NA,NA,87.8999982561384,80.3782587466033,86.2111138237847,-2.78570999637727,NA,NA,0.852365561894008,1.67197517726732,-5.86924913194444,10.0984792401714,NA,NA,2.35433306012835,-5.95909384022588,4.1977661980523,0.327166367322206,NA,NA,0.53919967263937,2.33565127104521,0.910294502973557,1.05537537845873,NA,NA,3.85142623313836,10.1550055262835,10.1143833663729,0.2972973,0.65,0.48051948,0.45454545,0.80769231,0.7027027,0.51948052,17.13793103,0.11688312,0.2987013,0.4025974,NA,0.18181818,85.9119669596354,80.0942595108696,94.9462024319556,NA,87.6059744698661,-5.24611663818359,2.48343127706777,-2.01839890018586,NA,1.79227897099086,2.88171852959527,-7.63767673658288,9.00496944304435,NA,0.870412690298898,0.910294502973557,2.33565127104521,0.327166367322206,NA,0.53919967263937,10.1143833663729,10.1550055262835,1.05537537845873,NA,3.85142623313836,0.28571429,0.64285714,0.48051948,0.5,0.77777778,0.7027027,0.54545455,11,92.7304021661932,7.14112507213246,0,0,109.2,4,0.36363636,"2024-06-29",0
"Zac Gallen",19291,"2024-05-30","@NYM",15,2024,"ARI","A",28,0,0,0,1,1,0,0,0,0,0,0,0,1,1,0,0,0,0,0,0,0,0,0,0,0,9,0,0,0,0,0,1,0,0,0,0,0,0,0,NA,0,1,1,1,1,3.1664797782898,-3.1664797782898,3.1664797782898,0,80.8940481410376,78.3097583844777,0,1,0,0,0,0,0,0,2,4,6,-0.0356919914484024,-0.0356919914484024,0,-0.371999979019165,-0.0404567681252956,0.870000004768372,0.870000004768372,0.870000004768372,1.46440005302429,1,1,-0.0410252772271633,-7.48810943806966e-11,0,0,0.83333333,93.8,NA,NA,NA,NA,0.16666667,80,NA,NA,NA,0.0379966497421265,NA,NA,-0.536357283592224,NA,0.759932994842529,NA,NA,-53.6357283592224,NA,0.33333333,0.33333333,0.33333333,1,1,1,0.5,1,0,0,1,0,0,1,0,1,0,1,0,0,1,0,35.5857737123427,38,NA,NA,NA,75.44677,54.26298,79.34866,NA,NA,NA,NA,NA,NA,80,56.12021,80,NA,NA,NA,80,49.5184,80,-2.38632,0.49761,NA,NA,NA,112.76,81.42,81.68,NA,NA,NA,NA,NA,NA,153.48,180.22,208.52,NA,NA,NA,119.546666666667,97.8866666666667,102.82,0.8,NA,NA,NA,0.2,NA,94.1999969482422,NA,NA,NA,80,NA,-4.84757900238037,NA,NA,NA,3.78911471366882,NA,10.3162250518799,NA,NA,NA,-7.97451114654541,NA,0.0730913765728474,NA,NA,NA,-0.544301271438599,NA,1.82728441432118,NA,NA,NA,-54.4301271438599,NA,0.5,0.33333333,0.4,1,1,1,0.6,16.25,NA,0.2,0.8,NA,NA,NA,79.9798965454102,94.1898498535156,NA,NA,NA,4.71737003326416,-3.90316247940063,NA,NA,NA,-9.89949035644531,9.13390254974365,NA,NA,NA,-0.544301271438599,0.0730913765728474,NA,NA,NA,-54.4301271438599,1.82728441432118,NA,NA,0.5,0.33333333,0.4,1,1,1,0.6,1,96.8288040161133,8.53526020050049,0,0,96.8288,1,1,"2024-05-30",0
"Zac Gallen",19291,"2024-05-24","MIA",15,2024,"ARI","H",28,0,1,3.85714285714286,1,1,1,0,0,0,0,0,7,27,8,3,3,1,1,0,0,0,0,5,6.42857142857143,1.28571428571429,10.2857142857143,5,0,0,9,8,3,0,0,1,0,0.18518519,0.03703704,0.14814815,4.11868793367908,1.28571428571429,0.307692307692308,1.28571428571429,0.35,0.78947368,4.02362263543265,-0.166479778289795,3.8944893854005,92.2488574652726,102.291088176969,95.902637324953,1.125,0.15,0.45,0.4,0,0.125,0,0,39,57,96,-0.0531999878585339,-0.439199984073639,0.386000007390976,0.577099978923798,0.0582929290831089,0.798965513706207,0.639142870903015,0.870000004768372,0.26800000667572,1,1,0.115738645195961,-0.182324733013134,0,0,0.44791667,93.53488372,0.08333333,86.625,0.03125,91,0.28125,80.96296296,0.15625,86.86666667,NA,-0.10899144411087,-0.972303211688995,-0.0575831942260265,-0.394279658794403,1.29258334636688,-0.253468474676443,-12.1537901461124,-1.91943980753422,-1.46029503257186,8.61722230911255,0.25,0.66666667,0.40625,0.6,0.83333333,0.74358974,0.375,0.44444444,0.10416667,6,8,7,2,10,9,21,0.28571429,0.38095238,0.33333333,0.0952381,0.47619048,0.42857143,3.9397078310492,54,24.83108,28.7604,40.5824,46.74053,56.54549,46.32248,NA,NA,NA,48.20345,41.45375,44.14194,40.12063,41.72555,29.28197,20,55.01227,20,33.10494,43.03053,31.06798,1.17504,5.83965,80.96,73.1,58.52,88.8,93.98,93.46,NA,NA,NA,96.88,102.34,108.12,86.32,103.72,94.68,94.16,67.78,72.34,87.7183333333333,93.3347916666667,88.9054166666667,0.44791667,0.03125,NA,0.08333333,0.28125,0.15625,93.5558116824128,90.5999959309896,NA,86.5625,80.8888888888889,86.7399983723958,-3.21985750420149,0.712439854939779,NA,1.6730625629425,2.55538064462167,-6.32932637532552,10.0326247104379,5.46932411193848,NA,2.93913006782532,-6.51708306206597,4.61415608723958,-0.0725985318422318,-0.0590580143034458,NA,-0.968407038599253,-0.435187265276909,0.987573813647032,-0.168833794981934,-1.96860047678153,NA,-12.1050879824907,-1.61180468621077,6.58382542431355,0.22807018,0.64102564,0.39583333,0.53846154,0.88,0.76315789,0.40625,18.55223881,0.15625,0.27083333,0.44791667,0.03125,0.09375,86.6498860677083,80.6195068359375,93.476318359375,90.4785664876302,86.3257242838542,-5.80972798665365,3.3297485938439,-2.38381106354469,1.51424662272135,2.68184004889594,2.83962707519531,-8.6927748460036,8.62847758448401,4.48515669504801,0.451738781399197,0.987573813647032,-0.474551633000374,-0.0725985318422318,-0.0590580143034458,-0.929042670875788,6.58382542431355,-1.82519858846298,-0.168833794981934,-1.96860047678153,-10.3226963430643,0.23728814,0.64864865,0.39583333,0.57142857,0.875,0.76315789,0.38541667,21,94.9381591796875,11.774600982666,3,0.14285714,110.792,13,0.61904762,"2024-05-24",0
"Zac Gallen",19291,"2024-05-18","DET",15,2024,"ARI","H",28,0,1,4.05000038623813,1,1,1,0,0,0,0,0,6.2,27,7,3,3,0,0,0,0,0,0,10,13.5000012874604,0,9.45000090122232,10,0,0,5,7,5,0,0,0,0,0.37037037,0,0.37037037,1.96470851118006,0,0.259259259259259,1.05000010013581,0.411764705882353,0.57142857,0.166479492187473,3.88352089405066,1.75408847012662,96.8613095759506,6.00440087324584,44.1783004223912,0.714285714,0.294117647,0.294117647,0.411764705,0,0,2,2.70000025749209,30,68,98,0.0887399390339851,-0.555540025234222,0.644279956817627,1.34309995174408,0.13566666841507,1.16666662693024,1.1068571805954,0.870000004768372,1.47200000286102,1,1,0.0851122215390205,-0.00904941406206378,0,0,0.41836735,93.68292683,0.04081633,88.5,0.03061224,91.66666667,0.40816327,81.3,0.10204082,87.2,NA,-1.20034456253052,-0.417166352272034,0.0740917325019836,1.75340485572815,-0.189051359891891,-2.92766966470858,-10.4291588068008,2.46972441673279,4.38351213932037,-1.89051359891891,0.47761194,0.5483871,0.5,0.5,0.82352941,0.6122449,0.31632653,0.81481481,0.19387755,8,7,2,0,6,11,17,0.47058824,0.41176471,0.11764706,0,0.35294118,0.64705882,1.45334766944852,67,47.82549,27.84726,72.00306,52.26419,57.84214,46.32035,NA,NA,NA,80,32.65236,80,68.91556,40.82561,66.60478,69.58259,58.19527,66.1078,59.67695,41.86164,62.7579,-0.47578,3.36342,71.46,120.56,106.74,96.38,102,99.02,NA,NA,NA,95.94,147.96,155.14,93,143.46,133.76,99.18,145.26,132.72,92.525306122449,124.016530612245,117.309591836735,0.41836735,0.03061224,NA,0.04081633,0.40816327,0.10204082,93.7024402153201,91.3666687011719,NA,88.4749984741211,81.2450012207031,87.2200012207031,-4.36266122213224,1.81425698598226,NA,1.31452906131744,2.27307472229004,-6.37775230407715,9.34569568168826,3.62170696258545,NA,2.19225072860718,-5.8205680847168,4.9647876739502,-1.21185637637973,0.074665579944849,NA,-0.420387223362923,1.83350263535976,-0.193385355174541,-2.95574725946275,2.4888526648283,NA,-10.5096805840731,4.58375658839941,-1.93385355174541,0.47457627,0.53846154,0.5,0.46428571,0.80952381,0.6122449,0.39795918,18.08450704,0.10204082,0.40816327,0.41836735,0.03061224,0.04081633,87.1304443359375,81.1419128417969,93.6120069550305,91.2937622070312,88.3766250610352,-5.48199882507324,3.18861045837402,-3.53480567001715,3.02615674336751,2.36168742179871,3.12107791900635,-7.9483268737793,8.03200772913491,2.23072258631388,0.669554173946381,-0.193385355174541,1.83350263535976,-1.21185637637973,0.074665579944849,-0.420387223362923,-1.93385355174541,4.58375658839941,-2.95574725946275,2.4888526648283,-10.5096805840731,0.49152542,0.51282051,0.5,0.48275862,0.8,0.6122449,0.39795918,17,93.2615464154412,18.0123219209559,2,0.11764706,110.712,8,0.47058824,"2024-05-18",0
"Zac Gallen",19291,"2024-05-12","@BAL",15,2024,"ARI","A",28,1,0,3,1,1,1,0,0,0,0,0,6,23,4,2,2,1,2,0,0,0,0,4,6,3,6,2,0,0,8,6,3,0,0,0,0,0.17391304,0.08695652,0.08695652,4.73693513098008,1.5,0.19047619047619,1,0.1875,0.86956522,4.99981311162313,-1.99981311162313,4.34515485117833,71.7491113618787,126.659939329001,106.793294405082,1.333333333,0.176470588,0.470588235,0.352941176,0,0.166666666,9,13.5,32,54,86,0.181740000844002,-0.240879982709885,0.422619998455048,0.801999986171722,0.0862365588545799,0.931043446063995,0.841333329677582,0.870000004768372,0.111999996006489,1,1,0.13678303360939,0.0584173102760763,0,0,0.48837209,94.26190476,0.11627907,87.9,0.01162791,91,0.20930233,81.05555556,0.1744186,87.73333333,NA,0.177382707595825,0.924724161624908,0.0389156937599182,-0.0852180868387222,-0.475436210632324,0.42233977999006,9.24724161624908,3.89156937599182,-0.473433815770679,-3.16957473754883,0.30769231,0.76470588,0.48837209,0.875,0.96153846,0.92857143,0.39534884,0.52173913,0.03488372,9,2,6,3,8,6,17,0.52941176,0.11764706,0.35294118,0.17647059,0.47058824,0.35294118,5.33628492501762,56,55.01322,50.74005,63.44673,52.17191,65.8465,45.84103,20,80,20,38.48866,37.19695,43.28356,58.0426,41.29747,52.55199,73.1736,53.55096,45.39794,48.82924,53.73007,46.93602,0.19815,4.37432,88.98,117.96,109.66,110.76,84.86,103.52,104.24,48.52,61.8,91.32,102.28,101.08,100.18,118.78,116.22,98.02,87.68,84.96,102.477528089888,97.8988764044944,105.053258426966,0.45348837,0.02325581,0.03488372,0.10465116,0.20930233,0.1744186,94.2282026241987,89.8000030517578,94.6666666666667,87.8555569118924,80.9111124674479,87.613330078125,-3.98974335499299,0.787026286125183,-7.16151110331217,1.44844267103407,2.3643061319987,-8.81914876302083,10.5834178435497,5.55963039398193,12.4248072306315,1.78072696261936,-6.85312525431315,3.02130762736003,0.24611334130168,0.0151214338839054,-0.0307330414652824,0.96380728110671,-0.0438048541545868,-0.423903699964285,0.631059849491486,0.756071694195271,-1.02443471550941,10.7089697900746,-0.243360300858816,-2.82602466642857,0.26086957,0.75,0.48837209,0.83333333,0.96666667,0.92857143,0.46511628,18.69354839,0.1744186,0.20930233,0.48837209,NA,0.12790698,87.6053141276042,80.9168362087674,94.2863188244048,NA,88.2118197354403,-8.30792592366536,2.96024873521593,-3.40543147495815,NA,2.35823700644753,1.46791432698568,-8.65184699164497,9.57593500046503,NA,1.05871720747514,-0.423903699964285,-0.0438048541545868,0.215380299836397,NA,0.978928714990616,-2.82602466642857,-0.243360300858816,0.512810237705708,NA,8.89935195446014,0.24444444,0.75609756,0.48837209,0.81818182,0.96774194,0.92857143,0.47674419,17,90.0336052389706,8.18365837545956,1,0.05882353,106.006,5,0.29411765,"2024-05-12",0
"Zac Gallen",19291,"2024-05-07","@CIN",15,2024,"ARI","A",28,1,0,0,1,1,1,0,0,0,0,0,6,22,1,0,0,0,3,0,0,1,0,6,9,4.5,1.5,2,0,0,5,7,1,0,0,0,0,0.27272727,0.13636364,0.13636364,4.41434065650041,0,0.0526315789473684,0.666666666666667,0.0769230769230769,1,2.6664797782898,-2.6664797782898,4.43048958554864,0,68.4124414534112,108.85547000899,0.714285714,0.076923076,0.384615384,0.538461538,0,0,6,9,32,47,79,0.384780079126358,-0.128330022096634,0.513110101222992,3.3659999370575,0.318297863006592,1.00845837593079,1.11866664886475,0.870000004768372,0.294999986886978,1,1,0.316419869661331,0.0651328927630118,0,0,0.55696203,92.47727273,0.11392405,86.77777778,NA,NA,0.26582278,79.0952381,0.06329114,86,NA,0.58872789144516,0.575094163417816,NA,1.23471510410309,0.691564857959747,1.33801793510264,6.38993514908685,NA,5.87959573382423,13.8312971591949,0.24489796,0.63333333,0.39240506,0.66666667,0.84210526,0.77419355,0.37974684,0.54545455,0.08860759,4,5,4,1,7,5,13,0.30769231,0.38461538,0.30769231,0.07692308,0.53846154,0.38461538,1.82795492513012,74,52.91628,30.69701,70.95906,22.4949,49.77881,20,NA,NA,NA,63.21713,31.0285,73.15838,57.08574,37.79191,61.81858,NA,NA,NA,33.14888,37.53959,33.71287,1.17231,5.83556,77.58,129.74,98.36,87.36,62.24,58.36,NA,NA,NA,93.62,120.26,111.76,91.14,107.64,91.3,NA,NA,NA,88.6620253164557,85.0703797468354,75.9010126582279,0.55696203,NA,NA,0.12658228,0.26582278,0.05063291,92.377274946733,NA,NA,86.65,79.0523797898066,86.125,-4.19800012761896,NA,NA,1.42832536697388,1.92211223783947,-6.44967555999756,10.2849564985795,NA,NA,2.12985210418701,-6.07579585484096,4.54819250106812,0.564038030803204,NA,NA,0.822938162833452,1.24842720106244,0.500690553337336,1.28190461546183,NA,NA,8.22938162833452,5.94489143363067,12.5172638334334,0.19512195,0.60526316,0.39240506,0.5,0.86956522,0.77419355,0.48101266,18.26315789,0.06329114,0.26582278,0.55696203,NA,0.11392405,86.5130798339844,79.499273390997,92.8500477183949,NA,87.2224460177951,-4.33797416687012,2.68901497977121,-3.21316632357511,NA,2.64565891689724,4.14215202331543,-7.66722542898996,8.97426882657138,NA,-0.150884773996141,0.700308803468943,1.24842720106244,0.564038030803204,NA,0.623319912701845,14.0061760693789,5.94489143363067,1.28190461546183,NA,6.92577680779828,0.2,0.58974359,0.39240506,0.625,0.82608696,0.77419355,0.49367089,13,89.0813269981971,21.5235173152043,1,0.07692308,101.647,4,0.30769231,"2024-05-07",0
"Zac Gallen",19291,"2024-04-26","@SEA",15,2024,"ARI","A",28,0,1,5.4,1,1,0,0,0,0,0,0,5,19,3,3,3,2,1,0,0,0,0,3,5.4,1.8,5.4,3,0,0,5,6,4,1,0,0,0,0.15789474,0.05263158,0.10526316,4.75030249070752,3.6,0.166666666666667,0.8,0.0769230769230769,0.83333333,7.76647977828979,-2.36647977828979,4.38088986575604,129.148400451382,195.724829667201,107.656856890056,0.833333333,0.266666666,0.333333333,0.4,0.166666666,0.333333333,1,1.8,24,40,64,-0.0849659442901611,-0.25410994887352,0.169144004583359,-0.21299996972084,-0.0241908021271229,0.482526332139969,0.662933349609375,0.870000004768372,1.25220000743866,1,1,-0.129703432321548,-0.0463821792415416,0,0,0.484375,92.90322581,0.125,85.375,0.015625,90,0.15625,79.8,0.21875,86.42857143,NA,-0.892546117305756,0.154569387435913,-0.0238054171204567,0.323411405086517,0.517000615596771,-2.87918102356695,1.93211734294891,-2.38054171204567,3.23411405086517,3.69286153997694,0.18918919,0.81481481,0.453125,0.71428571,1,0.93103448,0.421875,0.73684211,0.03125,8,6,1,1,7,7,15,0.53333333,0.4,0.06666667,0.06666667,0.46666667,0.46666667,9.83700747783879,44,39.28587,38.36361,54.5446,70.9731,55.19878,71.50126,NA,NA,NA,20,35.17375,20,50.09356,45.81829,51.8634,80,46.7492,80,52.2027,45.45186,58.88269,-0.01143,4.05995,65.66,100.5,82.24,94.22,91.68,88.92,NA,NA,NA,83.48,65.5,61.22,97.24,115.88,112.74,72.88,161.9,145.5,86.435,96.3125,89.48625,0.47540984,0.03278689,NA,0.1147541,0.14754098,0.2295082,92.8275862068966,90.6999969482422,NA,85.2428588867188,79.8999972873264,86.3071463448661,-2.81881266626818,-0.0554837211966515,NA,2.39454596383231,2.88227144877116,-7.04608481270926,9.78763554014009,8.42537307739258,NA,1.42603519984654,-6.88654157850477,4.27583312988281,-1.17454317212105,0.303933802992105,NA,0.190458461642265,0.297272868454456,0.56317763030529,-4.05014886938292,15.1966901496053,NA,2.72083516631808,3.30303187171618,4.0226973593235,0.16666667,0.74193548,0.45901639,0.6,1,0.92857143,0.50819672,16.19047619,0.2295082,0.14754098,0.50819672,NA,0.1147541,86.9427054268973,80.5233561197917,93.3322045110887,NA,85.869873046875,-6.14358629499163,3.85992685953776,-1.71076756138955,NA,3.62895284380232,2.94051279340472,-8.37782287597656,8.63298674552671,NA,0.0404646992683411,0.56317763030529,0.297272868454456,-0.870609369128942,NA,0.190458461642265,4.0226973593235,3.30303187171618,-2.80841731977078,NA,2.72083516631808,0.15625,0.79310345,0.45901639,0.6,1,0.92857143,0.47540984,15,95.339208984375,18.1794576009115,1,0.06666667,108.35,9,0.6,"2024-04-26",0
"Zac Gallen",19291,"2024-04-20","@SFG",15,2024,"ARI","A",28,0,1,9,1,1,0,0,0,0,0,0,5,25,9,5,5,2,1,0,0,3,0,6,10.8,1.8,16.2,6,0,0,6,7,5,1,0,0,0,0.24,0.04,0.2,3.59485868401489,3.6,0.375,2,0.4375,0.69444444,6.56647977828979,2.43352022171021,3.48329154700041,215.247334085636,165.768973616897,85.9657440190136,0.857142857,0.277777777,0.333333333,0.388888888,0.142857142,0.285714285,3,5.4,35,64,99,-0.360163986682892,-0.742851972579956,0.382687985897064,-2.63000011444092,-0.279638469219208,1.05987858772278,0.943239986896515,0.924600005149841,0.476999998092651,1,1,-0.328263700008392,-0.0115525684348912,0,0,0.52525253,93.51923077,0.07070707,86.14285714,NA,NA,0.31313131,80.41935484,0.09090909,87,NA,-1.91996204853058,-0.499279677867889,NA,-0.162190288305283,-0.602458298206329,-3.69223470871265,-7.13256682668414,NA,-0.523194478404137,-6.69398109118144,0.41538462,0.64705882,0.49494949,0.55555556,0.86363636,0.69387755,0.34343434,0.32,0.15151515,6,7,5,4,7,7,18,0.33333333,0.38888889,0.27777778,0.22222222,0.38888889,0.38888889,7.1123306006988,29,56.64184,45.59342,64.58524,42.37638,56.83884,38.79432,NA,NA,NA,21.26276,35.75192,22.52079,60.06621,49.47738,57.37297,NA,NA,NA,44.05409,49.01431,43.83879,0.49481,4.81931,81.1,126.68,120.3,96.18,93.28,96.36,NA,NA,NA,82.56,93.24,85.26,92.16,128.78,122.68,NA,NA,NA,92.7230303030303,106.701616161616,105.162424242424,0.52525253,NA,NA,0.07070707,0.31313131,0.09090909,93.453848031851,NA,NA,86.1857125418527,80.348388671875,87.1000027126736,-2.79525375366211,NA,NA,2.04111303601946,3.10575349869267,-7.60904100206163,10.3521881103516,NA,NA,-0.441685608455113,-6.63540747857863,2.8095334370931,-1.83209747076035,NA,NA,-0.507580280303955,-0.149684503674507,-0.613723266869783,-3.52326436684682,NA,NA,-7.25114686148507,-0.4828532376597,-6.81914740966426,0.38596491,0.64285714,0.49494949,0.5,0.85185185,0.69387755,0.42424242,18.14864865,0.09090909,0.31313131,0.52525253,NA,0.07070707,87.8751085069444,81.1051064768145,94.2290978064904,NA,86.9458879743304,-7.09867774115668,3.55987868770476,-2.21857936565693,NA,2.9109627859933,1.38484923044841,-8.23494597404234,9.02769528902494,NA,-2.02459253583636,-0.446399953216314,-0.149684503674507,-1.99942079931498,NA,-0.507580280303955,-4.95999948018127,-0.4828532376597,-3.84503999868265,NA,-7.25114686148507,0.4,0.61363636,0.49494949,0.5,0.85185185,0.69387755,0.44444444,18,89.3735080295139,19.7258673773872,2,0.11111111,109.651,8,0.44444444,"2024-04-20",0
"Zac Gallen",19291,"2024-04-14","STL",15,2024,"ARI","H",28,1,0,0,1,1,1,0,0,0,0,0,6,23,4,0,0,0,2,0,0,0,0,7,10.5,3,6,3.5,0,0,6,5,3,0,0,0,0,0.30434783,0.08695652,0.21739131,3.3384984528562,0,0.19047619047619,1,0.285714285714286,1,1.83314644495646,-1.83314644495646,3.09315345014135,0,47.6097636407005,76.5377746061524,1.2,0.214285714,0.428571428,0.357142857,0,0,5,7.5,38,52,90,0.303419977426529,-0.272859960794449,0.576279938220978,3.06609988212585,0.309707075357437,1.14686954021454,0.913333356380463,0.870000004768372,0.359999984502792,1,1,0.228127405047417,0.0364362325654279,0,0,0.54444444,92.67346939,0.13333333,85.91666667,NA,NA,0.24444444,80,0.07777778,85.42857143,NA,1.25740325450897,-0.547978520393372,NA,1.09611594676971,-0.142457231879234,2.56612909083464,-4.56648766994476,NA,4.98234521258961,-2.03510331256049,0.32786885,0.79310345,0.47777778,0.55,1,0.79069767,0.32222222,0.34782609,0.1,4,6,4,1,7,6,14,0.28571429,0.42857143,0.28571429,0.07142857,0.5,0.42857143,2.20829411879218,71,54.02732,39.19911,61.37791,42.51686,53.05658,43.02439,NA,NA,NA,20,37.40942,20,57.46994,48.79314,47.42267,NA,NA,NA,38.51943,45.58898,37.56752,0.83866,5.33508,81.64,111.46,92.14,91.22,85.32,83.38,NA,NA,NA,85.72,55.2,50.6,92.82,124.28,118.22,NA,NA,NA,90.1326666666667,92.8606666666667,88.2071111111111,0.54444444,NA,NA,0.13333333,0.24444444,0.07777778,92.6020408163265,NA,NA,86.0999959309896,80.0772705078125,85.4142892020089,-2.78534433793048,NA,NA,1.79941813151042,2.65611163052646,-7.25616945539202,9.78546204858897,NA,NA,1.7885570526123,-5.77694320678711,3.51884351457868,1.35920913517475,NA,NA,-0.558772128075361,1.08458690345287,-0.146118272095919,2.77389619423419,NA,NA,-4.65643440062801,4.92994047024033,-2.08740388708455,0.32727273,0.71428571,0.47777778,0.55555556,0.96,0.79069767,0.38888889,19.75757576,0.07777778,0.24444444,0.54444444,NA,0.13333333,85.6332135881696,80.3009810014205,92.849439971301,NA,86.3326416015625,-6.64800425938198,3.36936846646396,-2.04686830481704,NA,2.93537171681722,2.21041366032192,-7.30722045898438,8.50702900789222,NA,0.216612736384074,-0.146118272095919,1.08458690345287,1.35920913517475,NA,-0.558772128075361,-2.08740388708455,4.92994047024033,2.77389619423419,NA,-4.65643440062801,0.30909091,0.74285714,0.47777778,0.52941176,0.96153846,0.79069767,0.38888889,14,93.219002859933,12.3676496233259,0,0,106.826,9,0.64285714,"2024-04-14",0
"Zac Gallen",19291,"2024-04-08","@COL",15,2024,"ARI","A",28,0,0,5.4,1,1,0,0,0,0,0,0,5,23,8,3,3,0,0,0,0,0,0,10,18,0,14.4,10,0,0,6,2,5,0,0,0,0,0.43478261,0,0.43478261,1.22502587588878,0,0.347826086956522,1.6,0.615384615384615,0.625,-0.833520221710205,6.23352022171021,-0.228716859221458,129.148400451382,-18.9588053599737,-3.73762511078035,3,0.384615384,0.461538461,0.153846153,0,0,4,7.2,37,71,108,0.0164240039885044,-0.511808037757874,0.528232038021088,0.145000040531158,0.0126196779310703,1.36339128017426,0.973919987678528,0.870000004768372,1.54679989814758,1,1,0.0229689311236143,-0.0109224964519731,0,0,0.59259259,92.5,0.03703704,87,NA,NA,0.37037037,80.875,NA,NA,NA,-1.33155655860901,-0.560451805591583,NA,1.30143177509308,NA,-2.08055712282658,-14.0112951397896,NA,3.2535794377327,NA,0.35714286,0.60526316,0.44444444,0.48,0.91304348,0.6875,0.35185185,0.39130435,0.13888889,5,5,3,2,9,2,13,0.38461538,0.38461538,0.23076923,0.15384615,0.69230769,0.15384615,1.60640699391319,55,NA,NA,NA,51.53718,57.82472,53.38149,NA,NA,NA,28.87239,34.85543,35.73798,44.33976,57.43684,42.50022,20,34.8338,20,43.65601,54.16484,44.59907,0.51954,4.8564,NA,NA,NA,85.8,101.5,92.34,NA,NA,NA,83.6,79.54,76,86.1,97.22,91.74,78.9,73.98,66.68,85.7657407407407,98.8466666666666,91.275,0.58333333,0.00925926,NA,0.03703704,0.37037037,NA,92.5365048363095,89.0999984741211,NA,87,80.8325012207031,NA,-1.81329394143725,-0.98275363445282,NA,1.21047794818878,1.15230503082275,NA,8.26158214750744,8.15599918365479,NA,2.93933439254761,-5.58735542297363,NA,-1.27044599875808,-0.0350487045943737,NA,-0.569632235914469,1.36585809662938,NA,-2.01658095040965,-3.50487045943737,NA,-14.2408058978617,3.41464524157345,NA,0.32258065,0.60869565,0.44444444,0.4,0.89285714,0.6875,0.42592593,20.6,NA,0.37037037,0.59259259,NA,0.03703704,NA,81.3822814941406,93.0454559326172,NA,87.5677261352539,NA,2.2436372756958,-0.914049804210663,NA,2.48949790000916,NA,-6.23902740478516,8.00875377655029,NA,2.41143584251404,NA,1.36585809662938,-1.30549470335245,NA,-0.569632235914469,NA,3.41464524157345,-2.03983547398821,NA,-14.2408058978617,0.3220339,0.59183673,0.44444444,0.36842105,0.89655172,0.6875,0.4537037,13,91.6580998347356,0.920620698195237,0,0,108.769,7,0.53846154,"2024-04-08",0
"Zac Gallen",19291,"2024-04-02","NYY",15,2024,"ARI","H",28,1,0,0,1,1,1,0,0,0,0,0,6,22,3,0,0,0,3,0,0,0,0,6,9,4.5,4.5,2,0,0,8,2,3,0,0,0,0,0.27272727,0.13636364,0.13636364,3.90875388088683,0,0.157894736842105,1,0.230769230769231,1,2.6664797782898,-2.6664797782898,3.17048258036375,0,68.4124414534112,78.4064889930054,4,0.23076923,0.615384615,0.153846153,0,0,3,4.5,40,56,96,0.278759986162186,-0.129979968070984,0.40873995423317,3.06610012054443,0.309707075357437,0.780090928077698,0.874666690826416,0.870000004768372,0.932000041007996,1,1,0.237567082047462,0.119775858536537,0,0,0.51041667,92.18367347,0.14583333,84.42857143,0.03125,89.66666667,0.14583333,79.5,0.16666667,86.25,NA,1.21930384635925,0.306053638458252,0.060980312526226,0.166508659720421,0.924891829490662,2.48837519665154,2.18609741755894,2.03267708420753,1.18934756943158,5.78057393431664,0.23728814,0.59459459,0.375,0.71428571,1,0.88888889,0.38541667,0.59090909,0.04166667,4,4,5,2,8,3,13,0.30769231,0.30769231,0.38461538,0.15384615,0.61538462,0.23076923,3.28400640783141,70,38.28417,36.97886,47.10749,46.74672,47.42073,50.68116,NA,NA,NA,60.21817,47.11483,69.82205,62.00918,56.90063,50.93119,57.91677,57.75436,58.7231,46.32211,45.5461,51.69319,0.3539,4.60794,69.26,115.82,101.58,98.32,84.68,82.58,NA,NA,NA,96.64,119.38,113.32,97.04,141.1,144.76,97.16,114.12,109,93.00875,104.078333333333,100.123125,0.51041667,0.03125,NA,0.14583333,0.14583333,0.16666667,92.1469427614796,89.3666687011719,NA,84.3214285714286,79.5571463448661,86.3125,-4.61702774982063,1.27798914909363,NA,1.87034824916295,2.25421265193394,-8.01930809020996,10.4546608438297,6.50802675882975,NA,3.3695011138916,-5.99036734444754,4.07949209213257,1.26721841096878,0.0612257644534111,NA,0.308658350259066,0.167255487293005,0.979991499334574,2.58616002238527,2.0408588151137,NA,2.20470250185047,1.19468205209289,6.12494687084109,0.22641509,0.55813953,0.375,0.75,0.95833333,0.88888889,0.44791667,18.68918919,0.16666667,0.14583333,0.51041667,0.03125,0.14583333,86.459228515625,79.6828962053571,92.2883749202806,89.4861043294271,84.4492710658482,-7.39471054077148,3.14558710370745,-3.6589504942602,2.46715005238851,3.04709679739816,2.61816453933716,-7.95594188145229,9.03814634984853,5.31638336181641,1.83901187351772,0.979991499334574,0.167255487293005,1.26721841096878,0.0612257644534111,0.308658350259066,6.12494687084109,1.19468205209289,2.58616002238527,2.0408588151137,2.20470250185047,0.22641509,0.55813953,0.375,0.75,0.95833333,0.88888889,0.44791667,13,87.3474496694712,-1.90792978726901,0,0,113.341,4,0.30769231,"2024-04-02",0
"Zac Gallen",19291,"2024-03-28","COL",15,2024,"ARI","H",28,1,0,1.8,1,1,0,0,0,0,0,0,5,21,3,1,1,0,2,0,1,0,0,3,5.4,3.6,5.4,1.5,0,0,6,7,2,1,0,0,0,0.14285714,0.0952381,0.04761905,5.43435720952482,0,0.166666666666667,1,0.2,0.83333333,3.7664797782898,-1.9664797782898,5.88329154700041,43.0494668171272,95.8719761661893,143.963480648772,0.857142857,0.133333333,0.4,0.466666666,0.142857142,0,16,28.8,39,51,90,0.0678600370883942,-0.178819924592972,0.246679961681366,1.55509996414185,0.157080814242363,0.566571414470673,0.585200011730194,0.870000004768372,0.0319999977946281,1,1,0.0866820886731148,0.03309105087328,0,0,0.53333333,91.77083333,0.14444444,84.84615385,0.07777778,88.57142857,0.17777778,80.1875,0.06666667,85.83333333,NA,0.670051038265228,-0.327606379985809,0.199127152562141,1.40980195999146,-1.15260422229767,1.39593966305256,-2.52004907681392,2.84467360803059,8.81126224994659,-19.2100703716278,0.37681159,0.61904762,0.43333333,0.53846154,0.84615385,0.64102564,0.23333333,0.38095238,0.15555556,4,9,2,2,5,8,15,0.26666667,0.6,0.13333333,0.13333333,0.33333333,0.53333333,3.18272063503962,60,40.68646,33.80599,48.58816,43.97616,45.31307,49.01368,NA,NA,NA,20,38.92345,20,44.93483,35.07424,33.03618,20,50.51313,20,27.75238,37.28017,26.99464,1.50757,6.33845,80.38,95.02,70.44,86.24,109.16,102.34,NA,NA,NA,90.36,45.18,39.9,80.68,104.58,89.2,99.46,59.34,62.22,86.3831111111111,94.1293333333333,85.4897777777778,0.53333333,0.06666667,NA,0.15555556,0.17777778,0.06666667,91.7770792643229,88.9666646321615,NA,85.1142839704241,80.125,85.8666687011719,-3.91766611735026,0.608435312906901,NA,1.59155477796282,2.30489826202393,-7.33021036783854,9.63095092773438,6.58803939819336,NA,2.71242495945522,-6.26348066329956,3.10882631937663,0.716649424284697,0.217644151300192,NA,-0.370995789766312,1.44967011362314,-1.1685219630599,1.49301963392645,3.62740252166986,NA,-2.64996992690223,9.06043821014464,-19.4753660509984,0.34482759,0.59375,0.43333333,0.45,0.84210526,0.64102564,0.35555556,18.47826087,0.06666667,0.17777778,0.53333333,0.06666667,0.15555556,86.5580444335938,80.8217163085938,92.4773152669271,89.6349894205729,85.8231811523438,-6.43770472208659,3.21534752845764,-2.89824899037679,1.82813739776611,2.91418974740165,1.42619101206462,-8.10241794586182,8.30057271321615,5.30427678426107,0.9828245980399,-1.1685219630599,1.44967011362314,0.716649424284697,0.217644151300192,-0.370995789766312,-19.4753660509984,9.06043821014464,1.49301963392645,3.62740252166986,-2.64996992690223,0.35087719,0.57575758,0.43333333,0.4,0.89473684,0.64102564,0.36666667,15,93.1419759114583,20.6691752115885,1,0.06666667,105.39,9,0.6,"2024-03-28",0
