"PlayerName","playerid","Date","Opp","teamid","season","Team","HomeAway","Age","W","L","ERA","G","GS","QS","CG","ShO","SV","HLD","BS","IP","TBF","H","R","ER","HR","BB","IBB","HBP","WP","BK","SO","K/9","BB/9","H/9","K/BB","IFH%","BUH%","GB","FB","LD","IFFB","IFH","BU","BUH","K%","BB%","K-BB%","SIERA","HR/9","AVG","WHIP","BABIP","LOB%","FIP","E-F","xFIP","ERA-","FIP-","xFIP-","GB/FB","LD%","GB%","FB%","IFFB%","HR/FB","RS","RS/9","Balls","Strikes","Pitches","WPA","-WPA","+WPA","RE24","REW","pLI","inLI","gmLI","exLI","Pulls","Games","WPA/LI","Clutch","SD","MD","FB%1","FBv","SL%","SLv","CT%","CTv","CH%","CHv","XX%","wFB","wSL","wCT","wCH","wFB/C","wSL/C","wCT/C","wCH/C","O-Swing%","Z-Swing%","Swing%","O-Contact%","Z-Contact%","Contact%","Zone%","F-Strike%","SwStr%","Pull","Cent","Oppo","Soft","Med","Hard","bipCount","Pull%","Cent%","Oppo%","Soft%","Med%","Hard%","tERA","GSv2","pb_o_CH","pb_s_CH","pb_c_CH","pb_o_FF","pb_s_FF","pb_c_FF","pb_o_SL","pb_s_SL","pb_c_SL","pb_o_FC","pb_s_FC","pb_c_FC","pb_overall","pb_stuff","pb_command","pb_xRV100","pb_ERA","sp_s_CH","sp_l_CH","sp_p_CH","sp_s_FF","sp_l_FF","sp_p_FF","sp_s_SL","sp_l_SL","sp_p_SL","sp_s_FC","sp_l_FC","sp_p_FC","sp_stuff","sp_location","sp_pitching","pfxFA%","pfxFC%","pfxSL%","pfxCH%","pfxvFA","pfxvFC","pfxvSL","pfxvCH","pfxFA-X","pfxFC-X","pfxSL-X","pfxCH-X","pfxFA-Z","pfxFC-Z","pfxSL-Z","pfxCH-Z","pfxwFA","pfxwFC","pfxwSL","pfxwCH","pfxwFA/C","pfxwFC/C","pfxwSL/C","pfxwCH/C","pfxO-Swing%","pfxZ-Swing%","pfxSwing%","pfxO-Contact%","pfxZ-Contact%","pfxContact%","pfxZone%","pfxPace","piCH%","piFA%","piFC%","piSL%","pivCH","pivFA","pivFC","pivSL","piCH-X","piFA-X","piFC-X","piSL-X","piCH-Z","piFA-Z","piFC-Z","piSL-Z","piwCH","piwFA","piwFC","piwSL","piwCH/C","piwFA/C","piwFC/C","piwSL/C","piO-Swing%","piZ-Swing%","piSwing%","piO-Contact%","piZ-Contact%","piContact%","piZone%","Events","EV","LA","Barrels","Barrel%","maxEV","HardHit","HardHit%","gamedate","dh"
"Zack Kelly",20349,"2024-09-13","@NYY",3,2024,"BOS","A",29,0,0,27,1,0,0,0,0,0,0,0,0,3,1,3,3,0,2,0,0,0,0,0,0,18,9,0,0,0,1,0,0,0,0,0,0,0,0.66666667,-0.66666667,NA,0,1,3,1,0,9.16647977828979,17.8335202217102,9.16647977828979,634.145952987227,224.80136856253,226.194269593759,1,0,1,0,0,0,0,0,8,6,14,-0.186259984970093,-0.186259984970093,0,-1.98499989509583,-0.206126689910889,1.35946667194366,0.677200019359589,0.677200019359589,3.00839996337891,1,1,-0.137007609009743,-1.99101509057442e-06,0,1,0.21428571,96.33333333,0.21428571,81.33333333,0.42857143,92.33333333,0.14285714,84.5,NA,-0.392735809087753,-0.40976420044899,-0.180679202079773,-0.108625918626785,-13.0911936362584,-13.658806681633,-3.01132003466288,-5.43129593133926,0,0.33333333,0.14285714,NA,1,1,0.42857143,0.66666667,0,1,0,0,0,1,0,1,1,0,0,0,1,0,23.5622285841366,NA,54.01913,57.60417,20,20,50.99717,20,80,58.99584,73.43031,60.62472,44.53053,20.19642,40.68976,55.14292,20,0.70382,5.13282,138.02,129.56,140.58,96.58,-70.64,-67.64,128.48,114.54,122.2,98.46,148.14,161.46,110.141428571429,91.4042857142857,100.971428571429,0.21428571,0.42857143,0.21428571,0.14285714,96.2999979654948,92.2666625976562,81.2999979654948,84.8500061035156,-6.19093704223633,-0.593273202578227,11.0520706176758,-10.3979940414429,9.21461232503255,4.24454752604167,-0.583283543586731,0.548430383205414,-0.402091648429632,-0.185830026865005,-0.416435923427343,-0.110842883586884,-13.4030549476544,-3.09716711441676,-13.8811974475781,-5.54214417934418,0,0.33333333,0.14285714,NA,1,1,0.42857143,20.90909091,0.14285714,0.21428571,0.42857143,0.21428571,84.7087478637695,96.2015380859375,92.154296875,81.205800374349,-10.2711296081543,-5.6011962890625,0.323003013928731,12.050900777181,-1.09780943393707,8.03799311319987,3.0444434483846,-1.9847510655721,-0.110842883586884,-0.402091648429632,-0.185830026865005,-0.416435923427343,-5.54214417934418,-13.4030549476544,-3.09716711441676,-13.8811974475781,0,0.33333333,0.14285714,NA,1,1,0.42857143,1,95.7310333251953,1.70071601867676,0,0,95.731,1,1,"2024-09-13",0
"Zack Kelly",20349,"2024-09-12","@NYY",3,2024,"BOS","A",29,0,0,0,1,0,0,0,0,0,0,0,0.1,1,0,0,0,0,0,0,0,0,0,0,0,0,0,0,0,0,0,0,1,0,0,0,0,0,0,0,6.03472908401489,0,0,0,0,1,3.1664797782898,-3.1664797782898,3.1664797782898,0,76.4551252906048,76.9288520456552,0,1,0,0,0,0,0,0,0,2,2,0.103356003761292,0,0.103356003761292,0.763000011444092,0.0792315676808357,4.12919998168945,2.06459999084473,4.12919998168945,1.50839996337891,1,1,0.0250305160880089,-6.80759552895704e-10,1,0,NA,NA,1,81.5,NA,NA,NA,NA,NA,NA,0.249823242425919,NA,NA,NA,12.4911621212959,NA,NA,NA,0.5,0.5,NA,1,1,1,1,0,1,0,0,0,1,0,1,1,0,0,0,1,0,37.3039112806694,NA,NA,NA,NA,NA,NA,NA,80,62.77814,80,NA,NA,NA,80,73.65215,80,-3.7272,-1.51371,NA,NA,NA,NA,NA,NA,122.78,145.46,167,NA,NA,NA,122.78,145.46,167,NA,NA,1,NA,NA,NA,81.5500030517578,NA,NA,NA,13.0904111862183,NA,NA,NA,1.11911618709564,NA,NA,NA,0.294975996017456,NA,NA,NA,14.7487998008728,NA,NA,0.5,0.5,NA,1,1,1,19,NA,NA,NA,1,NA,NA,NA,81.5742492675781,NA,NA,NA,14.1934003829956,NA,NA,NA,-0.073913499712944,NA,NA,NA,0.294975996017456,NA,NA,NA,14.7487998008728,NA,0.5,0.5,NA,1,1,1,1,75.5164031982422,24.3184871673584,0,0,75.5164,0,0,"2024-09-12",0
"Zack Kelly",20349,"2024-09-10","BAL",3,2024,"BOS","H",29,0,0,0,1,0,0,0,0,0,0,0,1,5,0,0,0,0,2,0,0,0,0,2,18,18,0,1,0,0,1,0,0,0,0,0,0,0.4,0.4,0,8.26752908401489,0,0,2,0,1,5.1664797782898,-5.1664797782898,5.1664797782898,0,125.903873047913,126.683991228356,1,0,1,0,0,0,0,0,13,11,24,0.0205080062150955,-0.0208680033683777,0.0413760095834732,0.546999990940094,0.0526974946260452,0.467333316802979,0.331999987363815,0.331999987363815,NA,0,1,0.0159537214785814,0.0279293176237675,0,0,0.20833333,96.8,0.16666667,81.75,0.45833333,92.27272727,0.16666667,84.75,NA,-0.372832804918289,0.111169964075089,0.502110064029694,-0.134906768798828,-7.45665609836578,2.77924910187721,4.56463694572449,-3.3726692199707,0.0625,0.875,0.33333333,0,0.85714286,0.75,0.33333333,NA,0.08333333,1,0,0,0,1,0,1,1,0,0,0,1,0,4.89555454884036,NA,20,62.0622,20,20,58.27184,20,55.13925,67.07251,66.51895,37.69223,49.46909,36.27604,20,60.91552,20,2.62401,8.01311,115.96,9.16,22.74,121.58,-54.4,-39.16,119.42,90.88,108.4,114.72,98.86,125.6,117.139166666667,50.6508333333333,71.265,0.20833333,0.45833333,0.16666667,0.16666667,96.9799987792969,92.3999966708097,81.9250030517578,84.5999984741211,-6.16556854248047,0.248401338403875,9.51160144805908,-11.0070028305054,8.81473388671875,4.94677179509943,-0.239867970347404,-0.287971973419189,-0.38220002874732,0.506409492343664,0.111670300364494,-0.138048175722361,-7.6440005749464,4.60372265766967,2.79175750911236,-3.45120439305902,0.06666667,0.77777778,0.33333333,0,0.85714286,0.75,0.375,19.52631579,0.16666667,0.20833333,0.45833333,0.16666667,84.8638763427734,97.2563415527344,92.6844537908381,82.1780242919922,-10.8631753921509,-5.57644386291504,1.00510198419744,10.2682571411133,-1.24799406528473,8.06632614135742,4.15590078180487,-1.30722343921661,-0.138048175722361,-0.38220002874732,0.506409492343664,0.111670300364494,-3.45120439305902,-7.6440005749464,4.60372265766967,2.79175750911236,0.07142857,0.7,0.33333333,0,0.85714286,0.75,0.41666667,1,69.8020935058594,-16.0697174072266,0,0,69.8021,0,0,"2024-09-10",0
"Zack Kelly",20349,"2024-09-08","CHW",3,2024,"BOS","H",29,0,1,135.00014081612,1,0,0,0,0,0,0,0,0.1,7,5,5,5,0,1,1,0,0,0,1,27.000028163224,27.000028163224,135.00014081612,1,0,0,1,1,3,0,0,0,0,0.14285714,0.14285714,0,5.67334132736093,0,0.833333333333333,18.0000187754827,1,0.16666667,6.16648290753691,128.833657908583,10.7025128576505,3170.73307226846,150.628324295243,264.40703942017,1,0.6,0.2,0.2,0,0,0,0,6,15,21,-0.490055978298187,-0.57311999797821,0.0830640122294426,-4.90799999237061,-0.472832381725311,2.46382856369019,2.37040019035339,2.37040019035339,0.118400000035763,1,1,-0.184684470295906,-0.0142157232971939,0,1,0.19047619,97.5,0.28571429,81.33333333,0.23809524,91.6,0.28571429,83.5,0.19047619,-0.440147459506989,-0.747583270072937,-1.18468511104584,0.0247935317456722,-11.0036864876747,-12.4597211678823,-23.6937022209167,0.413225529094537,0.53846154,0.625,0.57142857,0.57142857,1,0.75,0.38095238,0.71428571,0.14285714,1,1,3,1,3,1,5,0.2,0.2,0.6,0.2,0.6,0.2,11.111157016115,NA,41.7567,63.9364,20,80,49.84818,80,80,61.56426,80,24.59414,49.06629,26.26679,57.29511,62.86254,50.61822,-0.32781,3.58538,129.6,65.72,85.78,126.14,120.3,131.1,132.56,121.94,144.22,99.96,62.24,67.34,122.729523809524,91.3504761904762,106.719047619048,0.19047619,0.23809524,0.28571429,0.28571429,97.4250030517578,91.6599975585937,81.4166666666667,83.4833323160807,-6.51207494735718,-0.456918430328369,9.6287473042806,-10.9704043070475,8.65864562988281,5.31046257019043,0.280713538328807,0.732529481252035,-0.446966916322708,-1.19866491481662,-0.760126933455467,0.0246055088937283,-11.1741729080677,-23.9732982963324,-12.6687822242578,0.410091814895471,0.5,0.66666667,0.57142857,0.66666667,0.83333333,0.75,0.42857143,20.6,0.28571429,0.19047619,0.23809524,0.28571429,83.6511637369792,97.5711212158203,91.8041198730469,81.5770823160807,-10.8121503194173,-6.02411270141602,0.298707389831543,10.6461130777995,-0.107480337222417,7.85686492919922,4.64555206298828,-0.73211399714152,0.0246055088937283,-0.446966916322708,-1.19866491481662,-0.760126933455467,0.410091814895471,-11.1741729080677,-23.9732982963324,-12.6687822242578,0.5,0.66666667,0.57142857,0.66666667,0.83333333,0.75,0.42857143,5,81.5682861328125,14.0846252441406,0,0,90.0232,0,0,"2024-09-08",0
"Zack Kelly",20349,"2024-09-06","CHW",3,2024,"BOS","H",29,1,0,0,1,0,0,0,0,0,0,0,1,4,1,0,0,0,0,0,0,0,0,0,0,0,9,0,0,0,4,0,0,0,0,0,0,0,0,0,-1.18327091598511,0,0.25,1,0.25,1,3.1664797782898,-3.1664797782898,3.1664797782898,0,76.4551252906048,76.9288520456552,4,0,1,0,0,0,2,18,6,11,17,0.0914799869060516,-0.0217359904199839,0.11321597546339,0.546999990940094,0.0526974946260452,1.24759995937347,1.54839992523193,1.54839992523193,1.50039994716644,1,1,0.0534551925957203,0.0198695828811814,1,0,0.17647059,97,0.41176471,82.14285714,0.29411765,92,0.11764706,85,NA,0.103127747774124,0.637089967727661,-0.301385641098022,-0.15001705288887,3.4375915924708,9.1012852532523,-6.02771282196045,-7.50085264444351,0.4,0.71428571,0.52941176,0.75,0.8,0.77777778,0.41176471,0.5,0.11764706,2,2,0,1,2,1,4,0.5,0.5,0,0.25,0.5,0.25,1.45977924691138,NA,80,64.33627,80,80,52.98986,80,80,80,80,22.96009,55.07451,20,80,75.32421,80,-3.19945,-0.72208,125.02,222.28,232.48,114,127.74,138.96,143.96,168.28,232.64,105.38,83.98,102.04,125.097647058824,142.684705882353,177.677647058824,0.17647059,0.29411765,0.41176471,0.11764706,96.9666646321615,92,81.971426827567,84.6499938964844,-6.32666397094727,0.50373592376709,9.91073935372489,-11.7388134002686,8.78683598836263,5.02157821655273,0.714673042297363,0.933382213115692,0.104586027562618,-0.306640312075615,0.646370638161898,-0.153169609606266,3.48620091875394,-6.1328062415123,9.23386625945568,-7.6584804803133,0.14285714,0.8,0.52941176,0,0.875,0.77777778,0.58823529,19.07692308,0.11764706,0.17647059,0.29411765,0.41176471,84.7807464599609,97.1386006673177,92.12587890625,82.0915701729911,-11.1749000549316,-5.58657709757487,1.68983898162842,11.0695898873465,-0.415183991193771,8.08165995279948,4.13301010131836,-0.195604698998587,-0.153169609606266,0.104586027562618,-0.306640312075615,0.646370638161898,-7.6584804803133,3.48620091875394,-6.1328062415123,9.23386625945568,0.14285714,0.8,0.52941176,0,0.875,0.77777778,0.58823529,4,83.6660614013672,-5.64030838012695,0,0,98.359,1,0.25,"2024-09-06",0
"Zack Kelly",20349,"2024-09-04","@NYM",3,2024,"BOS","A",29,0,0,0,1,0,0,0,0,0,0,0,1,3,0,0,0,0,0,0,0,0,0,1,9,0,0,1,0,0,2,0,0,0,0,0,0,0.33333333,0,0.33333333,-0.694826464786218,0,0,0,0,1,1.1664797782898,-1.1664797782898,1.1664797782898,0,27.0063775332964,27.173712862954,2,0,1,0,0,0,0,0,6,7,13,0.0435479916632175,0,0.0435479916632175,0.458999991416931,0.0499184317886829,0.591266632080078,0.792999982833862,0.792999982833862,0.705600023269653,1,1,0.0737705826759338,-0.000118546013530701,0,0,0.23076923,97.33333333,0.46153846,81.5,0.23076923,91.33333333,0.07692308,83,NA,0.132640779018402,0.62453681230545,-0.0192974396049976,-0.04739710688591,4.4213593006134,10.4089468717575,-0.643247986833255,-4.739710688591,0.33333333,0.5,0.38461538,0.66666667,0.5,0.6,0.30769231,0.33333333,0.15384615,2,0,0,0,2,0,2,1,0,0,0,1,0,-0.230783829330867,NA,31.37007,68.21328,20,20.69065,54.6079,21.1795,76.19894,80,68.98467,40.07828,61.93576,42.32213,51.68777,76.35816,42.14233,0.02056,4.10793,103.06,43.74,48.22,109.84,77.46,77.52,130.24,117.16,153.82,104.24,87.22,102.4,117.441538461538,95.4415384615385,116.223076923077,0.23076923,0.23076923,0.46153846,0.07692308,97.2000020345052,91.2666625976562,81.4166666666667,82.9000015258789,-6.13525327046712,1.96014722188314,10.4895362854004,-11.0635719299316,9.03338241577148,3.97622966766357,1.12443375587463,-1.07811546325684,0.133901555091143,-0.0199272707104683,0.633046820759773,-0.0483221560716629,4.46338516970476,-0.66424235701561,10.5507803459962,-4.83221560716629,0.14285714,0.66666667,0.38461538,0,0.75,0.6,0.46153846,19,0.07692308,0.23076923,0.23076923,0.46153846,83.0240020751953,97.3772989908854,91.3709004720052,81.5526987711589,-10.4969997406006,-4.97886657714844,3.03090985616048,11.6306788126628,-2.5117199420929,7.91768010457357,3.19097010294596,-0.240011791388194,-0.0483221560716629,0.133901555091143,-0.0199272707104683,0.633046820759773,-4.83221560716629,4.46338516970476,-0.66424235701561,10.5507803459962,0.14285714,0.66666667,0.38461538,0,0.75,0.6,0.46153846,2,78.1259918212891,-7.31741237640381,0,0,81.724,0,0,"2024-09-04",0
"Zack Kelly",20349,"2024-09-01","@DET",3,2024,"BOS","A",29,0,0,27.000028163224,1,0,0,0,0,0,0,0,0.2,4,2,2,2,1,0,0,0,0,0,1,13.500014081612,0,27.000028163224,1,0,0,0,1,2,0,0,0,0,0.25,0,0.25,3.28666658401489,13.500014081612,0.5,3.00000312924711,0.5,0,19.6664969891489,7.33353117407511,2.43449162409945,634.146614453692,484.407719816115,58.7187657997406,0,0.666666666,0,0.333333333,0,1,0,0,3,11,14,-0.142172008752823,-0.17119200527668,0.0290200021117926,-1.55299997329712,-0.163818553090096,0.790600001811981,0.803200006484985,0.785600006580353,0.209199994802475,1,1,-0.0952004864811897,-0.0846275029280918,0,1,0.14285714,97,0.28571429,81.75,0.28571429,92.25,0.28571429,82.25,NA,-0.497441589832306,0.227396890521049,-1.27838611602783,0.190207526087761,-24.8720794916153,5.68492226302624,-31.9596529006958,4.75518815219402,0.5,1,0.71428571,0.25,0.83333333,0.6,0.42857143,1,0.28571429,1,2,0,0,1,2,3,0.33333333,0.66666667,0,0,0.33333333,0.66666667,34.8784894273822,NA,80,67.7884,68.49254,51.50653,56.8,46.7944,74.40927,73.63771,48.46018,80,52.28416,70.99426,80,70.81833,65.60321,-2.07808,0.95997,135.96,117.22,138.2,128.94,76.78,87.26,149.96,93.9,125.66,92.3,121.08,118.48,126.482857142857,105.882857142857,121.705714285714,0.14285714,0.28571429,0.28571429,0.28571429,96.8999938964844,92.125,81.5749969482422,82.3249969482422,-6.55667018890381,-0.243443474173546,10.4492626190186,-10.9699211120605,9.60515975952148,5.86361694335938,0.522237956523895,-0.215690419077873,-0.504936903715134,-1.2781656049192,0.229855198413134,0.234564695507288,-25.2468451857567,-31.9541401229799,5.74637996032834,5.8641173876822,0.25,0.9,0.71428571,0,0.66666667,0.6,0.71428571,19.1,0.28571429,0.14285714,0.28571429,0.28571429,82.4733505249023,97.1109466552734,92.2883224487305,81.7319030761719,-10.4401750564575,-5.45411491394043,0.82293826341629,12.0172748565674,-1.39385008811951,8.51572418212891,4.95161247253418,-0.685161054134369,0.234564695507288,-0.504936903715134,-1.2781656049192,0.229855198413134,5.8641173876822,-25.2468451857567,-31.9541401229799,5.74637996032834,0.25,0.9,0.71428571,0,0.66666667,0.6,0.71428571,3,102.874165852865,16.7058334350586,1,0.33333333,114.028,3,1,"2024-09-01",0
"Zack Kelly",20349,"2024-08-26","TOR",3,2024,"BOS","H",29,0,0,0,1,1,0,0,0,0,0,0,3,11,0,0,0,0,2,0,0,0,0,4,12,6,0,2,0,0,2,2,1,0,0,0,0,0.36363636,0.18181818,0.18181818,4.10916709325924,0,0,0.666666666666667,0,1,2.49981311162313,-2.49981311162313,3.50781871577104,0,59.972209371502,85.4205352170825,1,0.2,0.4,0.4,0,0,1,3,18,31,49,0.159496009349823,-0.049679983407259,0.209175989031792,1.64069998264313,0.15806357562542,0.881963670253754,0.930000007152557,0.870000004768372,1.13160002231598,1,1,0.171979323029518,0.00886260360441418,0,0,0.32653061,96.8125,0.3877551,82.73684211,0.2244898,92.45454545,0.06122449,84,NA,0.336592733860016,0.411568105220795,0.50342869758606,0.325495719909668,2.1037045866251,2.16614792221471,4.57662452350963,10.8498573303223,0.35294118,0.66666667,0.44897959,0.75,0.8,0.77272727,0.30612245,0.63636364,0.10204082,2,1,2,1,4,0,5,0.4,0.2,0.4,0.2,0.8,0,2.72777871241247,57,75.75871,64.66448,67.84434,38.47511,48.34936,35.20402,66.17014,80,52.94506,76.18732,45.03294,80,62.00389,66.26786,59.63933,-0.62035,3.14657,104.28,126.1,138.24,119.96,62.64,64.2,129.78,91.38,115.28,101.26,118.96,133.96,118.609795918367,90.3126530612245,104.2,0.32653061,0.2244898,0.3877551,0.06122449,96.7375030517578,92.4454567649148,82.6789486533717,83.8333333333333,-6.50732278823853,0.122441313483498,8.23982640316612,-11.1117986043294,8.49040603637695,5.25979302146218,1.79261659321032,0.00406931837399801,0.375958364456892,0.509007304906845,0.41449648141861,0.329339995980263,2.34973977785558,4.62733913551677,2.181560428519,10.9779998660088,0.29166667,0.6,0.44897959,0.71428571,0.8,0.77272727,0.51020408,20.10526316,0.06122449,0.32653061,0.2244898,0.3877551,83.9408009847005,96.8509292602539,92.547929243608,82.7629587273849,-10.2312037150065,-5.49983739852905,1.28973605416038,9.53652472245066,-1.26777331034342,7.5569543838501,4.23319521817294,0.792915846172132,0.329339995980263,0.375958364456892,0.509007304906845,0.41449648141861,10.9779998660088,2.34973977785558,4.62733913551677,2.181560428519,0.29166667,0.6,0.44897959,0.71428571,0.8,0.77272727,0.51020408,5,87.6929809570313,19.3876251220703,0,0,100.209,1,0.2,"2024-08-26",0
"Zack Kelly",20349,"2024-08-24","ARI",3,2024,"BOS","H",29,0,0,0,1,0,0,0,0,0,0,0,1,3,0,0,0,0,0,0,0,0,0,1,9,0,0,1,0,0,1,1,0,1,0,0,0,0.33333333,0,0.33333333,1.87828464271067,0,0,0,0,1,1.1664797782898,-1.1664797782898,2.67848818451166,0,27.0063775332964,64.7888072114456,1,0,0.5,0.5,1,0,0,0,6,7,13,0.0418840050697327,0,0.0418840050697327,0.546999990940094,0.0526974946260452,0.532533347606659,0.701999962329865,0.701999962329865,0.650400042533875,1,1,0.0787548944354057,-0.00010441130985106,0,0,0.15384615,98,0.23076923,82.66666667,0.15384615,92.5,0.46153846,84.16666667,NA,-0.15001705288887,0.329441875219345,0.0778313875198364,0.48849231004715,-7.50085264444351,10.9813958406448,3.89156937599182,8.14153850078583,0.44444444,0.5,0.46153846,0.5,0.5,0.5,0.30769231,0.66666667,0.23076923,2,0,0,1,0,1,2,1,0,0,0.5,0,0.5,-1.47508785224561,NA,80,78.14333,80,80,55.70413,63.69696,62.00717,72.38718,48.80599,80,58.78235,80,80,79.51553,80,-3.08099,-0.54439,110.68,188.74,205.02,125.06,115.94,125.84,136.5,113.32,124.16,110.64,112.44,126.06,118.844615384615,148.396923076923,162.030769230769,0.15384615,0.15384615,0.23076923,0.46153846,97.9499969482422,92.3999938964844,82.5333353678385,84.3333333333333,-7.95153331756592,0.276419043540955,8.91673596700033,-11.6342391967773,9.11619758605957,5.39809513092041,0.780598640441895,-0.525306264559428,-0.153169609606266,0.0787287354469299,0.316138166934252,0.49502644687891,-7.6584804803133,3.9364367723465,10.5379388978084,8.25044078131517,0.375,0.6,0.46153846,0.33333333,0.66666667,0.5,0.38461538,18.3,0.46153846,0.15384615,0.15384615,0.23076923,84.3084157307943,97.9474029541016,92.3598937988281,82.5330657958984,-11.1646664937337,-7.28440475463867,1.22576308250427,10.504269917806,-2.04500834147135,7.78113985061646,4.30427503585815,-0.58215336004893,0.49502644687891,-0.153169609606266,0.0787287354469299,0.316138166934252,8.25044078131517,-7.6584804803133,3.9364367723465,10.5379388978084,0.33333333,0.75,0.46153846,0.33333333,0.66666667,0.5,0.30769231,2,83.6082305908203,45.3392562866211,0,0,91.0912,0,0,"2024-08-24",0
"Zack Kelly",20349,"2024-08-21","@HOU",3,2024,"BOS","A",29,0,0,0,1,0,0,0,0,0,0,0,0.1,1,0,0,0,0,0,0,0,0,0,0,0,0,0,0,0,0,1,0,0,0,0,0,0,0,0,0,-1.18327091598511,0,0,0,0,1,3.1664797782898,-3.1664797782898,3.1664797782898,0,76.4551252906048,76.9288520456552,1,0,1,0,0,0,0,0,2,3,5,0.0159220229834318,0,0.0159220229834318,0.0989999994635582,0.0104928454384208,0.631600022315979,0.31580001115799,0.631600022315979,1.57420003414154,1,1,0.0252090282738209,2.58268521152738e-10,0,0,0.6,96.33333333,NA,NA,0.4,91,NA,NA,NA,0.1058694049716,NA,0.106215819716454,NA,3.52898016571999,NA,5.31079098582268,NA,0,1,0.6,NA,1,1,0.6,1,0,0,1,0,0,1,0,1,0,1,0,0,1,0,1.45977924691138,NA,NA,NA,NA,57.91362,45.23216,69.87112,NA,NA,NA,66.94274,44.37533,74.65511,64.14847,41.92758,80,-0.75358,2.94672,NA,NA,NA,109.62,95.6,92.12,NA,NA,NA,81.84,125.14,124.7,98.508,107.416,105.152,0.6,0.4,NA,NA,96.0666707356771,91.3000030517578,NA,NA,-6.11460431416829,0.235018476843834,NA,NA,9.42712593078613,5.52008819580078,NA,NA,0.107161540538073,0.10757814347744,NA,NA,3.57205135126909,5.37890717387199,NA,NA,0,0.75,0.6,NA,1,1,0.8,22.75,NA,0.6,0.4,NA,NA,96.0228983561198,91.2217025756836,NA,NA,-5.03772989908854,1.17963147163391,NA,NA,8.1888001759847,4.27991485595703,NA,NA,0.107161540538073,0.10757814347744,NA,NA,3.57205135126909,5.37890717387199,NA,0,0.75,0.6,NA,1,1,0.8,1,91.9811019897461,-7.22559213638306,0,0,91.9811,0,0,"2024-08-21",0
"Zack Kelly",20349,"2024-08-20","@HOU",3,2024,"BOS","A",29,1,0,0,1,0,0,0,0,0,0,0,1,3,0,0,0,0,0,0,0,0,0,0,0,0,0,0,0,0,2,1,0,0,0,0,0,0,0,0,4.72206241920756,0,0,0,0,1,3.1664797782898,-3.1664797782898,4.67848818451166,0,76.4551252906048,114.543946394147,2,0,0.666666666,0.333333333,0,0,1,9,3,5,8,0.0856840014457703,0,0.0856840014457703,0.476999998092651,0.0505564361810684,1.14686667919159,1.5058000087738,1.5058000087738,2.46320009231567,1,1,0.0747359693050385,-2.45813116513394e-05,1,0,0.75,98,NA,NA,0.25,90.5,NA,NA,NA,0.496316194534302,NA,0.177677512168884,NA,8.2719365755717,NA,8.88387560844421,NA,0.4,1,0.625,1,0.66666667,0.8,0.375,0.66666667,0.125,1,1,1,0,2,1,3,0.33333333,0.33333333,0.33333333,0,0.66666667,0.33333333,1.24622064202669,NA,NA,NA,NA,39.38566,52.1802,30.37397,NA,NA,NA,20,64.40606,24.76896,29.81694,50.45214,23.90053,1.37931,6.14606,NA,NA,NA,113.46,73.08,88.9,NA,NA,NA,104.6,71.8,83,111.245,72.76,87.425,0.75,0.25,NA,NA,98.0333353678385,90.3999938964844,NA,NA,-6.43779055277507,-0.512583434581757,NA,NA,8.80123329162598,5.93666076660156,NA,NA,0.502552881836891,0.17969099059701,NA,NA,8.37588136394819,8.98454952985048,NA,NA,0.4,1,0.625,1,0.66666667,0.8,0.375,18.4,NA,0.75,0.125,0.125,NA,97.8946838378906,92.0950012207031,88.4041976928711,NA,-5.39843495686849,0.381958991289139,0.80597198009491,NA,7.39398829142253,2.73441004753113,5.23200988769531,NA,0.502552881836891,0.214739695191383,-0.0350487045943737,NA,8.37588136394819,21.4739695191383,-3.50487045943737,0.4,1,0.625,1,0.66666667,0.8,0.375,3,96.6328735351562,1.54217863082886,0,0,111.079,2,0.66666667,"2024-08-20",0
"Zack Kelly",20349,"2024-08-16","@BAL",3,2024,"BOS","A",29,0,0,0,1,0,0,0,0,0,0,0,0.1,2,1,0,0,0,0,0,0,0,0,0,0,0,27.000028163224,0,0,0,0,1,1,1,0,0,0,0,0,0,8.41372908401489,0,0.5,3.00000312924711,0.5,1,3.1664797782898,-3.1664797782898,7.70250972840334,0,76.4551252906048,189.774252798055,0,0.5,0,0.5,1,0,0,0,2,4,6,0.0222599990665913,-0.0378799960017204,0.0601399950683117,0.216000020503998,0.0232258103787899,1.43799996376038,0.40200001001358,0.804000020027161,0.96399998664856,1,1,-0.0180893279612064,0.0335691608037479,0,0,0.16666667,96,0.66666667,82.25,0.16666667,92,NA,NA,NA,-0.758123278617859,0.182523131370544,0.0673001259565353,NA,-75.8123278617859,4.56307828426361,6.73001259565353,NA,0.33333333,1,0.66666667,1,1,1,0.5,0.5,0,0,1,1,1,0,1,2,0,0.5,0.5,0.5,0,0.5,6.39185152328029,NA,NA,NA,NA,80,30.7552,80,80,78.12974,80,80,20,80,80,66.74237,80,-3.1503,-0.64836,NA,NA,NA,84.1,136.3,132.56,136.68,98.02,137.92,84.9,134.62,145.4,119.286666666667,110.5,138.273333333333,0.16666667,0.16666667,0.66666667,NA,96.3000030517578,92.1999969482422,82.2249984741211,NA,-7.05635023117065,-0.0612934306263924,10.5684986114502,NA,8.08846473693848,4.41094303131104,0.457136362791061,NA,-0.76553338766098,0.0682137757539749,0.184550691395998,NA,-76.553338766098,6.82137757539749,4.61376728489995,NA,0,1,0.66666667,NA,1,1,0.66666667,22.5,NA,0.16666667,0.16666667,0.66666667,NA,96.1862030029297,92.0287017822266,82.0687484741211,NA,-6.03992986679077,1.26610004901886,11.8829002380371,NA,7.21878004074097,3.1800799369812,-0.770851492881775,NA,-0.76553338766098,0.0682137757539749,0.184550691395998,NA,-76.553338766098,6.82137757539749,4.61376728489995,0,1,0.66666667,NA,1,1,0.66666667,2,97.9983673095703,43.7585906982422,1,0.5,109.816,1,0.5,"2024-08-16",0
"Zack Kelly",20349,"2024-08-14","TEX",3,2024,"BOS","H",29,0,1,9,1,0,0,0,0,0,0,0,1,6,3,2,1,1,0,0,0,0,0,1,9,0,27,1,0,0,1,3,1,1,0,0,0,0.16666667,0,0.16666667,4.72872909190039,9,0.5,3,0.5,0.625,14.1664797782898,-5.16647977828979,5.70250499695539,211.381984329076,348.423237955801,140.018995908429,0.333333333,0.2,0.2,0.6,0.333333333,0.333333333,0,0,7,10,17,-0.28710001707077,-0.346724659204483,0.059624657034874,-0.822999954223633,-0.079287089407444,0.820266664028168,2.58119988441467,2.58119988441467,NA,0,1,-0.158961787819862,-0.191046361555462,0,1,0.47058824,97.25,0.11764706,82.5,0.23529412,92.25,0.17647059,85.33333333,NA,-0.993120014667511,0.252240389585495,-1.40533661842346,0.297220349311829,-12.4140001833439,12.6120194792747,-35.1334154605865,9.90734497706095,0.125,0.77777778,0.47058824,0,0.85714286,0.75,0.52941176,0.83333333,0.11764706,3,0,2,1,3,1,5,0.6,0,0.4,0.2,0.6,0.2,11.1556560646423,NA,80,62.43872,80,47.80365,57.52619,47.46281,44.25029,76.63817,20,58.92843,56.59714,66.3792,62.06574,61.82354,59.14098,-0.62419,3.14081,86.7,166.08,167.68,99.16,88.28,96.2,133.46,68.52,126.02,94.82,120.82,128.16,99.9752941176471,107.341176470588,119.842352941176,0.47058824,0.23529412,0.11764706,0.17647059,97.2125015258789,92.0249938964844,82.5500030517578,85.4333292643229,-5.41504287719727,0.0375794060528278,10.3721790313721,-10.9380963643392,8.74100780487061,4.56838130950928,1.97893214225769,2.23219680786133,-1.00568671897054,-1.40670600906014,0.237643048167229,0.34329817071557,-12.5710839871317,-35.1676502265036,11.8821524083614,11.4432723571857,0.125,0.77777778,0.47058824,0,0.85714286,0.75,0.52941176,19.72727273,0.17647059,0.47058824,0.23529412,0.11764706,85.3675333658854,97.1150894165039,91.9131774902344,82.4092483520508,-10.1131134033203,-4.46883010864258,1.20406436920166,12.0633506774902,0.635022044181824,7.6089973449707,3.61672496795654,0.660983026027679,0.34329817071557,-1.00568671897054,-1.40670600906014,0.237643048167229,11.4432723571857,-12.5710839871317,-35.1676502265036,11.8821524083614,0.125,0.77777778,0.47058824,0,0.85714286,0.75,0.52941176,5,86.8922180175781,27.7910949707031,0,0,97.2003,1,0.2,"2024-08-14",0
"Zack Kelly",20349,"2024-08-12","TEX",3,2024,"BOS","H",29,0,0,13.500014081612,1,0,0,0,0,0,1,0,0.2,3,0,1,1,0,1,0,0,0,0,1,13.500014081612,13.500014081612,0,1,0,0,1,0,0,0,0,0,0,0.33333333,0.33333333,0,6.88572907925689,0,0,1.50000156462356,0,0,4.66648134291335,8.83353273869866,4.66648134291335,317.073307226846,113.541724792924,114.245245356712,1,0,1,0,0,0,0,0,8,8,16,0.03074000030756,-0.0591320283710957,0.0898720324039459,0.206000000238419,0.0198458582162857,1.84119999408722,1.37360000610352,1.37360000610352,1.50679993629456,1,1,-0.000229084238526411,0.0169247177418273,0,0,0.5,97.375,0.125,82.5,0.3125,92.8,0.0625,84,NA,0.279764801263809,0.0199030227959156,-0.0585879348218441,-0.0879258811473846,3.49706001579762,0.99515113979578,-1.17175869643688,-8.79258811473846,0.09090909,1,0.375,1,1,1,0.3125,0.66666667,0,0,1,0,1,0,0,1,0,1,0,1,0,0,4.13295155380378,NA,20,80,20,20,58.27844,20,80,77.06804,62.75566,20,58.54055,20,20,63.19622,20,3.3656,9.12549,139.48,-81.74,-74.58,121.76,55.34,65.42,139.72,131.72,160.36,100.24,-9.84,11.42,118.3875,35.95125,51.6625,0.5,0.3125,0.125,0.0625,97.3874969482422,92.8,82.3000030517578,84,-5.96298503875732,-0.35213623046875,8.8911304473877,-11.0404872894287,8.54186153411865,4.64041213989258,-1.01358735561371,0.965813279151917,0.282811593264341,-0.0622999668121338,0.019891619682312,-0.0897959321737289,3.53514491580427,-1.24599933624268,0.994580984115601,-8.97959321737289,0.18181818,0.8,0.375,1,1,1,0.3125,22.38461538,0.0625,0.5,0.3125,0.125,83.8892974853516,97.2538757324219,92.6560424804688,82.1239471435547,-10.4286003112793,-5.43731737136841,0.460470771789551,10.3943452835083,-0.953109979629517,8.01350116729736,4.01012191772461,-2.43625855445862,-0.0897959321737289,0.282811593264341,-0.0622999668121338,0.019891619682312,-8.97959321737289,3.53514491580427,-1.24599933624268,0.994580984115601,0.16666667,1,0.375,1,1,1,0.25,1,65.0153045654297,-59.1889801025391,0,0,65.0153,0,0,"2024-08-12",0
"Zack Kelly",20349,"2024-08-10","HOU",3,2024,"BOS","H",29,0,0,9,1,0,0,0,0,0,0,0,1,4,1,1,1,1,0,0,0,0,0,1,9,0,9,1,0,0,0,2,1,0,0,0,0,0.25,0,0.25,4.46147908401489,9,0.25,1,0,1,14.1664797782898,-5.16647977828979,4.19049659073353,211.381984329076,348.423237955801,102.403901559937,0,0.333333333,0,0.666666666,0,0.5,2,18,6,11,17,-0.0500519908964634,-0.0792159885168076,0.0291639994829893,-0.453000009059906,-0.0436416193842888,0.353200018405914,0.54040002822876,0.54040002822876,0.718800008296967,1,1,-0.190984219312668,0.0492741731966983,0,0,0.52941176,97.66666667,0.11764706,80.5,0.23529412,91.5,0.11764706,84,NA,0.288214445114136,0.0182156562805176,0.297220349311829,-1.24809765815735,3.2023827234904,0.910782814025879,7.43050873279572,-62.4048829078674,0.33333333,0.75,0.52941176,0.66666667,1,0.88888889,0.47058824,0.75,0.05882353,2,1,0,0,2,1,3,0.66666667,0.33333333,0,0,0.66666667,0.33333333,20.8815499441986,NA,80,72.76346,63.08492,58.79214,59.19156,61.76865,80,68.18344,80,80,61.33801,78.88631,79.65604,62.93268,79.74264,-1.71701,1.50158,146.6,106.08,150.28,114.7,90.56,99.78,109.28,141.86,137,114.02,137.98,157.64,117.655294117647,109.578823529412,123.714117647059,0.52941176,0.23529412,0.11764706,0.11764706,97.6666666666667,91.3000030517578,80.3500061035156,83.6999969482422,-6.28428014119466,-0.763671636581421,8.18642425537109,-10.4088573455811,8.53524356418186,3.26135301589966,-2.80418252944946,-0.218276649713516,0.290792789310217,0.301086623221636,0.0183174163103104,-1.20490512251854,3.23103099233574,7.5271655805409,0.915870815515518,-60.245256125927,0.14285714,0.8,0.52941176,0,1,0.88888889,0.58823529,19.92307692,0.11764706,0.52941176,0.23529412,0.11764706,83.6728973388672,97.6314019097222,91.2510223388672,80.2863998413086,-10.0109252929688,-5.50914891560872,0.297167509794235,9.3722095489502,-1.13801550865173,7.93604193793403,2.53659749031067,-4.09580993652344,-1.20490512251854,0.290792789310217,0.301086623221636,0.0183174163103104,-60.245256125927,3.23103099233574,7.5271655805409,0.915870815515518,0.14285714,0.8,0.52941176,0,1,0.88888889,0.58823529,3,88.3558756510417,35.8119862874349,1,0.33333333,106.711,1,0.33333333,"2024-08-10",0
"Zack Kelly",20349,"2024-08-09","HOU",3,2024,"BOS","H",29,0,0,0,1,0,0,0,0,0,0,0,0.2,4,3,0,0,0,0,0,0,0,0,0,0,0,40.5000422448361,0,0,0,2,0,2,0,0,0,0,0,0,0,3.65572908401489,0,0.75,4.50000469387067,0.75,1,3.1664797782898,-3.1664797782898,3.1664797782898,0,76.4551252906048,76.9288520456552,2,0.5,0.5,0,0,0,0,0,7,8,15,-0.208915993571281,-0.311039984226227,0.102123990654945,-1.04200005531311,-0.10038535296917,2.83120012283325,1.59140002727509,3.18280005455017,0.54040002822876,1,1,-0.0340947769582272,-0.0396958363885306,0,1,0.13333333,97,0.4,81.16666667,0.33333333,90.8,0.13333333,84,NA,-0.404845058917999,-0.213623523712158,0.453042507171631,-0.441672086715698,-20.2422529459,-3.5603920618693,9.06085014343262,-22.0836043357849,0.22222222,0.83333333,0.46666667,1,1,1,0.4,0.5,0,1,3,0,0,3,1,4,0.25,0.75,0,0,0.75,0.25,10.5548425453134,NA,80,59.88524,73.53144,42.54035,38.64756,35.36665,20,62.46186,20,54.26464,60.07256,43.75182,37.64941,63.45269,28.23465,0.89271,5.41616,121.36,114.62,122.76,117.96,110.54,112.9,113.58,24.98,45.64,99.5,120.64,137.42,110.508,80.2266666666667,95.484,0.13333333,0.33333333,0.4,0.13333333,96.6499938964844,90.7,81.2666676839193,83.5500030517578,-5.2924542427063,1.45486536026001,8.75949223836263,-10.4422245025635,7.98963451385498,3.32632942199707,0.414264043172201,0.976378440856934,-0.410865798592567,0.462627496570349,-0.218426920473576,-0.448252961039543,-20.5432899296284,9.25254993140697,-3.64044867455959,-22.4126480519772,0.25,0.71428571,0.46666667,1,1,1,0.46666667,25.09090909,0.13333333,0.13333333,0.33333333,0.4,83.5532989501953,96.6535491943359,90.7046630859375,81.2502644856771,-10.2251901626587,-4.78184986114502,2.24592800140381,9.66319020589193,0.0308450497686863,7.5737247467041,2.5119140625,-0.692296504974365,-0.448252961039543,-0.410865798592567,0.462627496570349,-0.218426920473576,-22.4126480519772,-20.5432899296284,9.25254993140697,-3.64044867455959,0.25,0.71428571,0.46666667,1,1,1,0.46666667,4,93.7703552246094,9.36222553253174,0,0,106.999,2,0.5,"2024-08-09",0
"Zack Kelly",20349,"2024-08-06","@KCR",3,2024,"BOS","A",29,0,0,0,1,0,0,0,0,0,1,0,1,3,0,0,0,0,0,0,0,0,0,2,18,0,0,2,0,0,0,1,0,0,0,0,0,0.66666667,0,0.66666667,-0.078604246671107,0,0,0,0,1,-0.833520221710205,0.833520221710205,0.678488184511662,0,-22.4423702240119,15.0336680287444,0,0,0,1,0,0,0,0,2,8,10,0.0583200007677078,0,0.0583200007677078,0.533999979496002,0.0522760637104511,0.746399998664856,1.08720004558563,1.08720004558563,1.11960005760193,1,1,0.0783554911613464,-0.000220441761521445,0,0,0.2,95.5,0.6,81.16666667,0.2,91,NA,NA,NA,0.0778313875198364,0.608407258987427,0.096209779381752,NA,3.89156937599182,10.1401209831238,4.8104889690876,NA,0.33333333,0.75,0.5,0.5,0.66666667,0.6,0.4,1,0.2,0,1,0,0,1,0,1,0,1,0,0,1,0,-1.81572196005183,NA,NA,NA,NA,44.82604,46.16281,36.52131,69.62425,71.81248,48.99909,80,54.12181,80,78.55232,69.7089,65.08624,-1.64844,1.60443,NA,NA,NA,87.98,142.9,146.26,132.26,97.9,120.14,94,154.1,152.6,115.752,118.14,131.856,0.2,0.2,0.6,NA,95.6000061035156,90.75,81.2000020345052,NA,-6.36215496063232,-0.0537870526313782,11.0350379943848,NA,8.83057975769043,1.7007462978363,0.300561348597209,NA,0.0787287354469299,0.0973343104124069,0.615140564739704,NA,3.9364367723465,4.86671552062035,10.2523427456617,NA,0,0.83333333,0.5,NA,0.6,0.6,0.6,19.85714286,NA,0.2,0.2,0.6,NA,95.7350006103516,90.8206481933594,81.2744344075521,NA,-5.65363025665283,0.864673495292664,12.2486826578776,NA,7.88346004486084,0.950574994087219,-0.906949996948242,NA,0.0787287354469299,0.0973343104124069,0.615140564739704,NA,3.9364367723465,4.86671552062035,10.2523427456617,0.2,0.8,0.5,1,0.5,0.6,0.5,1,95.9225234985352,24.3943271636963,0,0,95.9225,1,1,"2024-08-06",0
"Zack Kelly",20349,"2024-08-04","@TEX",3,2024,"BOS","A",29,0,0,0,1,0,0,0,0,0,0,0,1,4,1,0,0,0,0,0,0,0,0,1,9,0,9,1,0,0,1,2,0,0,0,0,0,0.25,0,0.25,3.28666658401489,0,0.25,1,0.333333333333333,1,1.1664797782898,-1.1664797782898,4.19049659073353,0,27.0063775332964,102.403901559937,0.5,0,0.333333333,0.666666666,0,0,1,9,10,13,23,0.0329719968140125,-0.0268680043518543,0.0598400011658669,0.49099999666214,0.0509864985942841,0.667600035667419,0.677200019359589,0.677200019359589,0.32039999961853,1,1,0.0156941693276167,0.0336946788635753,0,0,0.26086957,96.33333333,0.30434783,81.42857143,0.26086957,90.83333333,0.17391304,84,NA,0.134891986846924,0.0264401882886887,-0.0616680979728699,-0.0918282717466354,2.24819978078206,0.377716975552695,-1.02780163288116,-2.29570679366589,0.21428571,1,0.52173913,0.33333333,0.66666667,0.58333333,0.39130435,0.75,0.2173913,1,2,0,0,0,3,3,0.33333333,0.66666667,0,0,0,1,-0.0889547598876072,NA,49.24143,69.56088,45.57226,69.89169,52.17172,56.05756,52.04467,74.08731,38.44936,57.1972,61.09961,50.5876,59.17175,69.11646,46.18048,-0.4444,3.41049,133.16,101.3,111.44,119.08,124.52,123.18,150.06,81.66,116.4,87.6,119.78,135.08,122.745217391304,106.200869565217,122.179130434783,0.26086957,0.26086957,0.30434783,0.17391304,96.2833353678385,90.5999959309896,81.2428588867188,83.5999984741211,-6.0094051361084,0.21167129278183,10.2946134294782,-10.705997467041,9.1874631245931,3.33177216847738,0.460414613996233,1.08214223384857,0.135452777147293,-0.0581483319401741,0.026057917624712,-0.0941472463309765,2.25754628578822,-0.969138865669568,0.372255966067314,-2.35368115827441,0.16666667,0.90909091,0.52173913,0.5,0.6,0.58333333,0.47826087,21.89473684,0.17391304,0.26086957,0.26086957,0.30434783,83.8502197265625,96.5411885579427,90.8460693359375,81.5020577566964,-9.95408058166504,-4.87755839029948,1.33183455467224,11.6945430210658,-0.412715226411819,7.97513834635417,2.18868017196655,-0.891272272382464,-0.0941472463309765,0.135452777147293,-0.0581483319401741,0.026057917624712,-2.35368115827441,2.25754628578822,-0.969138865669568,0.372255966067314,0.16666667,0.90909091,0.52173913,0.5,0.6,0.58333333,0.47826087,3,96.576649983724,19.6908060709635,0,0,99.7559,2,0.66666667,"2024-08-04",0
"Zack Kelly",20349,"2024-07-31","SEA",3,2024,"BOS","H",29,1,0,0,1,0,0,0,0,0,0,0,1,5,0,0,0,0,1,0,1,1,0,1,9,9,0,1,0,0,2,0,0,0,0,0,0,0.2,0.2,0,4.94568908401489,0,0,1,0,1,7.1664797782898,-7.1664797782898,7.1664797782898,0,175.352620805222,176.439130411058,2,0,1,0,0,0,1,9,8,7,15,0.317555993795395,-0.178377836942673,0.495933830738068,1.17700004577637,0.113391138613224,4.35982847213745,2.58119988441467,2.58119988441467,NA,0,1,0.0673610419034958,0.00547576711888068,1,0,0.26666667,98.75,0.13333333,83,0.6,92.77777778,NA,NA,NA,-0.119178675115108,-0.127264261245728,0.396058797836304,NA,-2.97946687787771,-6.36321306228638,4.40065330929226,NA,0.09090909,0.75,0.26666667,0,1,0.75,0.26666667,0.8,0.06666667,2,0,0,0,1,1,2,1,0,0,0,0.5,0.5,6.81030144552211,NA,NA,NA,NA,20,54.6313,20,20,78.74958,20,49.14653,50.45861,34.78766,34.18392,58.096,20,1.10801,5.73911,NA,NA,NA,109.96,42.44,52.38,125.8,97.36,114.38,108.62,63.62,81.26,111.268,62.4706666666667,77.9746666666667,0.26666667,0.6,0.13333333,NA,98.4250030517578,92.522223578559,82.8000030517578,NA,-4.99286079406738,0.548388375176324,8.7000150680542,NA,8.12665557861328,3.69841851128472,0.118781462311745,NA,-0.122066427022219,0.397822521626949,-0.143470913171768,NA,-3.05166067555547,4.42025024029944,-7.17354565858841,NA,0.11111111,0.5,0.26666667,0,1,0.75,0.4,21.1,NA,0.26666667,0.6,0.13333333,NA,98.3180999755859,92.3775634765625,82.6913986206055,NA,-4.08587265014648,1.56106450822618,10.0183753967285,NA,7.39570999145508,2.75117111206055,-1.13594007492065,NA,-0.122066427022219,0.397822521626949,-0.143470913171768,NA,-3.05166067555547,4.42025024029944,-7.17354565858841,0.11111111,0.5,0.26666667,0,1,0.75,0.4,2,87.040168762207,-11.099175453186,0,0,98.5503,1,0.5,"2024-07-31",0
"Zack Kelly",20349,"2024-07-30","SEA",3,2024,"BOS","H",29,0,0,27.000028163224,1,0,0,0,0,0,0,0,0.1,4,1,1,1,0,2,0,0,0,0,0,0,54.0000563264481,27.000028163224,0,0,0,1,1,0,0,0,0,0,0,0.5,-0.5,16.6767290840149,0,0.5,9.00000938774135,0.5,0.66666667,21.1664985537725,5.83352960945155,25.702528503886,634.146614453692,521.494319318434,637.570972530743,1,0,0.5,0.5,0,0,0,0,8,8,16,-0.263296008110046,-0.263296008110046,0,-2.83599996566772,-0.273217737674713,2.1784999370575,1.56099998950958,3.12199997901917,0.648800015449524,1,1,-0.0950483754277229,-0.0258127747753296,0,1,0.1875,97.66666667,0.5625,83.33333333,0.0625,92,0.1875,83.66666667,NA,0.0852436572313309,-0.992587685585022,0.0762721449136734,-0.342818349599838,2.84145524104436,-11.0287520620558,7.62721449136734,-11.4272783199946,0.25,0.5,0.3125,0.66666667,1,0.8,0.25,0.5,0.0625,1,0,1,0,1,1,2,0.5,0,0.5,0,0.5,0.5,12.0320976967094,NA,20,80,20,80,52.15877,80,58.89209,80,38.07195,80,61.53525,80,46.95965,80,27.24868,0.3143,4.54854,105.68,-98.92,-73.34,118.24,137.28,130.08,130.44,81.7,124.1,65.42,313.76,303.98,119.44625,72.75875,99.44375,0.1875,0.0625,0.5625,0.1875,97.4333292643229,92.0999984741211,83.3444417317708,83.3666687011719,-4.58490435282389,1.29828178882599,9.28943379720052,-10.7308451334635,8.67479006449381,1.98669576644897,1.54747486114502,0.197800318400065,0.0855793915688992,0.0775273814797401,-1.00730778649449,-0.350583281368017,2.85264638562997,7.75273814797401,-11.1923087388277,-11.6861093789339,0.18181818,0.6,0.3125,0.5,1,0.8,0.3125,22.58333333,0.1875,0.1875,0.0625,0.5625,83.3446960449219,97.3945007324219,92.0878982543945,83.3095431857639,-10.0795764923096,-4.01667340596517,2.33931994438171,10.501104566786,-1.30133660634359,7.76366678873698,1.10936999320984,0.495825714535183,-0.350583281368017,0.0855793915688992,0.0775273814797401,-1.00730778649449,-11.6861093789339,2.85264638562997,7.75273814797401,-11.1923087388277,0.2,0.5,0.3125,0.5,1,0.8,0.375,2,96.1512145996094,16.6437015533447,0,0,98.5044,1,0.5,"2024-07-30",0
"Zack Kelly",20349,"2024-07-27","NYY",3,2024,"BOS","H",29,0,0,0,1,0,0,0,0,0,1,0,0.2,2,1,0,0,0,0,0,0,0,0,0,0,0,13.500014081612,0,0,0,0,2,0,0,0,0,0,0,0,0,13.2527290840149,0,0.5,1.50000156462356,0.5,1,3.1664797782898,-3.1664797782898,7.70250972840334,0,76.4551252906048,189.774252798055,0,0,0,1,0,0,0,0,3,4,7,0.0816239863634109,-0.00146800756920129,0.0830919966101646,-0.0419999957084656,-0.0040462426841259,3.17980003356934,1.76080000400543,3.52160000801086,2.92880010604858,1,1,0.0288615059107542,-0.0031919715055395,1,0,0.57142857,98.25,0.14285714,84,0.14285714,92,0.14285714,85,NA,-0.758123278617859,-0.0344077162444592,-0.0620911717414856,0.346322119235992,-18.9530819654465,-3.44077162444592,-6.20911717414856,34.6322119235992,0,1,0.57142857,NA,0.75,0.75,0.57142857,0.5,0.14285714,1,0,1,0,1,1,2,0.5,0,0.5,0,0.5,0.5,0.847634002863288,NA,80,69.10762,80,34.61762,57.68922,20,20,63.89208,20,68.41119,71.76364,44.69275,48.7698,62.27579,28.51252,0.20184,4.37985,98.12,249.88,251.54,112.18,97.24,102.16,96.84,63.92,72.06,108.44,75.02,99.52,107.445714285714,111.111428571429,118.822857142857,0.57142857,0.14285714,0.14285714,0.14285714,98.0250015258789,92.3000030517578,83.6999969482422,84.5999984741211,-7.1065673828125,0.296094417572021,6.80954837799072,-10.8584566116333,9.6723051071167,3.55902528762817,1.55329263210297,0.127117365598679,-0.765533398836851,-0.0633736774325371,-0.0350487045943737,0.351186871528625,-19.1383349709213,-6.33736774325371,-3.50487045943737,35.1186871528625,0,1,0.57142857,NA,0.75,0.75,0.57142857,20.2,0.14285714,0.57142857,0.14285714,0.14285714,84.6281967163086,98.0102005004883,92.283203125,83.6701965332031,-10.3464002609253,-6.18984508514404,1.4624799489975,7.66073989868164,-1.07543003559113,8.75895023345947,2.07153010368347,0.5643590092659,0.351186871528625,-0.765533398836851,-0.0633736774325371,-0.0350487045943737,35.1186871528625,-19.1383349709213,-6.33736774325371,-3.50487045943737,0,0.8,0.57142857,NA,0.75,0.75,0.71428571,2,96.4815979003906,32.1222457885742,1,0.5,105.389,1,0.5,"2024-07-27",0
"Zack Kelly",20349,"2024-07-26","NYY",3,2024,"BOS","H",29,0,0,27.000028163224,1,0,0,0,0,0,0,1,0.2,5,3,2,2,2,0,0,0,0,0,0,0,0,40.5000422448361,0,0,0,0,3,2,0,0,0,0,0,0,0,9.18472908401489,27.000028163224,0.6,4.50000469387067,0.333333333333333,1,42.1665204585023,-15.1664922952783,9.97052470346011,634.146614453692,1040.7067123509,246.196953174255,0,0.4,0,0.6,0,0.666666666,2,27.000028163224,4,12,16,-0.476148039102554,-0.500340044498444,0.0241919942200184,-3.04200005531311,-0.293063580989838,1.0757600069046,1.83619999885559,3.67239999771118,0.95880001783371,1,1,-0.263707101345062,-0.178908385423799,0,1,0.125,97,0.4375,82.57142857,0.25,91.75,0.1875,83.66666667,NA,-0.343740165233612,-0.154620423913002,-1.28305685520172,-1.00370144844055,-17.1870082616806,-2.20886319875717,-32.076421380043,-33.4567149480184,0.44444444,0.71428571,0.5625,1,1,1,0.4375,0.8,0,2,2,1,0,3,2,5,0.4,0.4,0.2,0,0.6,0.4,65.7099899006833,NA,80,62.06456,80,80,42.30463,80,56.83205,80,66.82156,80,52.95899,72.67265,80,75.62995,80,-2.55837,0.23954,111.36,145.26,160.12,108.7,198.38,214.18,148.22,51.5,116.08,94.96,118.72,123.64,123.05375,104.245,138.49,0.125,0.25,0.4375,0.1875,96.9499969482422,91.5,82.4571446010045,83.6333312988281,-5.53378105163574,0.744078397750854,9.32657514299665,-11.1785049438477,8.56371307373047,4.61637210845947,1.40632833753313,0.5466122229894,-0.348213210701942,-1.28276942670345,-0.15804535895586,-0.957777962088585,-17.4106605350971,-32.0692356675863,-2.25779084222657,-31.9259320696195,0.42857143,0.66666667,0.5625,1,1,1,0.5625,18.90909091,0.1875,0.125,0.25,0.4375,83.6953633626302,97.0600433349609,91.5601959228516,82.4853166852679,-10.3999862670898,-4.65755987167358,1.81822526454926,10.9033813476562,-0.776286363601685,7.74672508239746,3.64735746383667,-0.0322327422244208,-0.957777962088585,-0.348213210701942,-1.28276942670345,-0.15804535895586,-31.9259320696195,-17.4106605350971,-32.0692356675863,-2.25779084222657,0.42857143,0.66666667,0.5625,1,1,1,0.5625,5,96.4959289550781,25.1416931152344,2,0.4,114.436,2,0.4,"2024-07-26",0
"Zack Kelly",20349,"2024-07-22","@COL",3,2024,"BOS","A",29,0,0,4.5,1,0,0,0,0,0,0,0,2,7,1,2,1,1,0,0,0,0,1,3,13.5,0,4.5,3,0,0,1,2,1,0,0,0,0,0.42857143,0,0.42857143,1.17711684264457,4.5,0.142857142857143,0.5,0,2.5,6.6664797782898,-2.1664797782898,1.67848818451166,105.690992164538,162.990433865894,39.911237620095,0.5,0.25,0.25,0.5,0,0.5,2,9,6,20,26,-0.100947998464108,-0.478268027305603,0.377320021390915,-0.106999963521957,-0.00931244343519211,2.46969985961914,2.92399978637695,2.37279987335205,2.39759993553162,1,1,0.0118431942537427,-0.052717796109077,0,1,0.15384615,97.5,0.19230769,82.6,0.23076923,91.5,0.42307692,85.18181818,NA,0.170732736587524,0.304011940956116,0.3236303627491,-0.656496226787567,4.26831841468811,6.08023881912231,5.39383937915166,-5.96814751625061,0.5,0.78571429,0.65384615,0.33333333,0.63636364,0.52941176,0.53846154,0.42857143,0.30769231,1,3,0,0,2,2,4,0.25,0.75,0,0,0.5,0.5,8.11765177025921,NA,73.64146,55.36778,79.43152,62.10708,41.14247,61.87268,63.88859,55.0507,66.17726,30.35306,61.31813,28.65412,63.40904,59.17199,65.85913,-0.70764,3.01563,118.14,139.76,147.9,98.2,102.34,87.98,116.42,135.54,139.34,98.62,80.48,93.64,110.236923076923,119.511538461538,124.513846153846,0.15384615,0.23076923,0.19230769,0.42307692,97.4250030517578,91.6166687011719,82.3799987792969,85.0999977805398,-4.43679141998291,0.661525090535482,7.51157836914062,-8.82850646972656,6.10596895217896,2.74822680155436,-1.26811466217041,-0.97795295715332,0.172118879854679,0.327616650611162,0.307538442313671,-0.648803364485502,4.30297199636698,5.46027751018604,6.15076884627342,-5.89821240441366,0.5,0.78571429,0.65384615,0.33333333,0.63636364,0.52941176,0.53846154,18.42105263,0.42307692,0.15384615,0.23076923,0.19230769,84.9660810990767,97.3002014160156,91.5121358235677,82.2704223632813,-8.56803755326704,-3.91413497924805,1.38245026270549,8.41996765136719,-1.58599645441229,5.99424743652344,2.46257336934408,-1.87697830200195,-0.648803364485502,0.172118879854679,0.327616650611162,0.307538442313671,-5.89821240441366,4.30297199636698,5.46027751018604,6.15076884627342,0.5,0.78571429,0.65384615,0.33333333,0.63636364,0.52941176,0.53846154,4,90.5592956542969,20.6926898956299,1,0.25,106.221,1,0.25,"2024-07-22",0
"Zack Kelly",20349,"2024-07-19","@LAD",3,2024,"BOS","A",29,0,0,6.75000160932579,1,0,0,0,0,0,1,0,1.1,6,0,1,1,0,2,0,0,0,0,2,13.5000032186516,13.5000032186516,0,1,0,0,0,2,0,0,0,0,0,0.33333333,0.33333333,0,7.35528463540534,0,0,1.50000035762795,0,0.5,4.66648013591775,2.08352147340804,6.93449328598702,158.53652604486,113.541694950713,170.667870304542,0,0,0,1,0,0,0,0,14,16,30,0.0983600318431854,-0.152239993214607,0.250600010156631,0.453999996185303,0.0480423308908939,2.36100006103516,2.18700003623962,1.9099999666214,3.33200001716614,1,1,0.0207102652639151,0.0209500605727816,1,0,0.16666667,96.6,0.3,84.33333333,0.23333333,91.42857143,0.3,84.22222222,NA,0.118979386985302,0.26852560043335,-0.148984536528587,0.154581278562546,2.37958773970604,2.98361778259277,-2.12835052183696,1.71756976180606,0.11111111,0.83333333,0.4,0,0.8,0.66666667,0.4,0.66666667,0.13333333,0,2,0,1,1,0,2,0,1,0,0.5,0.5,0,3.76840004099981,NA,69.97663,70.70859,58.19943,31.60509,48.79749,24.01232,34.47899,54.04822,33.37062,40.98968,52.32601,24.31258,46.33388,63.82209,30.31267,0.35317,4.60685,128.2,137.62,162.16,96.24,82.46,89.16,127.44,70.96,101.14,85.26,49.38,62.42,112.626,87.8393333333333,108.414666666667,0.16666667,0.23333333,0.3,0.3,96.4,91.1857125418527,84.1999986436632,84.2555541992188,-6.34537467956543,0.668798174176897,5.35113822089301,-11.4817674424913,8.84068374633789,4.08071599687849,4.22394519382053,0.682763417561849,0.118806011974812,-0.1548787727952,0.269512910395861,0.15518070012331,2.37612023949623,-2.21255389707429,2.99458789328734,1.72423000137011,0.11764706,0.76923077,0.4,0,0.8,0.66666667,0.43333333,21.20833333,0.3,0.16666667,0.23333333,0.3,84.0501708984375,96.2098815917969,90.9647565569196,84.0033637152778,-10.5811258951823,-5.6296199798584,1.75459929874965,6.87986543443468,-0.942409621344672,7.87511825561523,3.081175667899,3.07859992980957,0.15518070012331,0.118806011974812,-0.1548787727952,0.269512910395861,1.72423000137011,2.37612023949623,-2.21255389707429,2.99458789328734,0.11764706,0.76923077,0.4,0,0.8,0.66666667,0.43333333,2,78.2580108642578,44.3266677856445,0,0,84.0806,0,0,"2024-07-19",0
"Zack Kelly",20349,"2024-07-13","KCR",3,2024,"BOS","H",29,0,0,0,1,0,0,0,0,0,0,0,2,7,2,0,0,0,0,0,0,0,0,2,9,0,9,2,0,0,4,0,1,0,0,0,0,0.28571429,0,0.28571429,0.269586234882607,0,0.285714285714286,1,0.4,1,1.1664797782898,-1.1664797782898,1.1664797782898,0,27.0063775332964,27.173712862954,4,0.2,0.8,0,0,0,0,0,6,18,24,0.0348520241677761,-0.00385199300944805,0.0387040190398693,1.48599994182587,0.143159925937653,0.160114288330078,0.311333328485489,0.580399990081787,NA,0,1,0.0416979715228081,0.175971697632065,0,0,0.375,96.77777778,0.29166667,82.42857143,0.125,92,0.20833333,83.2,NA,-0.536186993122101,0.953374624252319,0.224212154746056,0.172250494360924,-5.95763325691223,13.6196374893188,7.47373849153519,3.44500988721848,0.36363636,0.69230769,0.54166667,0.5,1,0.84615385,0.54166667,0.85714286,0.08333333,3,1,1,0,5,0,5,0.6,0.2,0.2,0,1,0,1.64440604215452,NA,71.08172,71.67618,66.86235,59.60473,47.92425,67.97805,80,64.45164,80,80,57.57294,80,80,62.25508,80,-2.05968,0.98757,124,99.64,120.92,116.6,92.74,88.46,122,129.9,154.46,112.54,154.4,163.46,119.209166666667,112.723333333333,123.8475,0.375,0.125,0.29166667,0.20833333,96.7666693793403,92.0666707356771,82.2000034877232,83.3800048828125,-6.63314565022786,-0.426660617192586,8.10567855834961,-11.6132141113281,8.53380499945747,4.87064615885417,0.801618099212646,0.904369735717773,-0.54581206664443,0.226831510663033,0.969137106090784,0.174053631722927,-6.06457851827145,7.56105035543442,13.8448158012969,3.48107263445854,0.3,0.71428571,0.54166667,0.66666667,0.9,0.84615385,0.58333333,20.58823529,0.20833333,0.375,0.125,0.29166667,83.5549194335938,96.9865858289931,92.2773640950521,82.3993268694196,-10.8550201416016,-5.8307745191786,0.639792164166768,9.27764456612723,-0.55498218536377,7.52929348415799,3.76543998718262,-0.263031244277954,0.174053631722927,-0.54581206664443,0.226831510663033,0.969137106090784,3.48107263445854,-6.06457851827145,7.56105035543442,13.8448158012969,0.3,0.71428571,0.54166667,0.66666667,0.9,0.84615385,0.58333333,5,85.8681030273438,0.263950276374817,0,0,93.9495,0,0,"2024-07-13",0
"Zack Kelly",20349,"2024-07-09","OAK",3,2024,"BOS","H",29,0,0,0,1,0,0,0,0,0,0,0,1,3,0,0,0,0,0,0,0,0,0,1,9,0,0,1,0,0,1,1,0,0,0,0,0,0.33333333,0,0.33333333,1.87828464271067,0,0,0,0,1,1.1664797782898,-1.1664797782898,2.67848818451166,0,27.0063775332964,64.7888072114456,1,0,0.5,0.5,0,0,1,9,1,6,7,0.0139840124174953,0,0.0139840124174953,0.546999990940094,0.0526974946260452,0.179066672921181,0.303600013256073,0.303600013256073,0.0784000009298325,1,1,0.0788756534457207,-0.000781767021357641,0,0,NA,NA,0.57142857,82.25,0.42857143,89.33333333,NA,NA,NA,NA,0.438304424285889,0.289916634559631,NA,NA,10.9576106071472,9.66388781865438,NA,0.5,0.4,0.42857143,1,0.5,0.66666667,0.71428571,1,0.14285714,1,0,1,2,0,0,2,0.5,0,0.5,1,0,0,-0.392669226673431,NA,NA,NA,NA,NA,NA,NA,68.60781,65.14557,58.93778,80,62.5279,80,80,71.58437,80,-2.45041,0.40148,NA,NA,NA,NA,NA,NA,114.72,90.48,94.3,82.28,129.52,121.22,100.817142857143,107.211428571429,105.837142857143,NA,0.42857143,0.57142857,NA,NA,89.4000040690104,82.1750030517578,NA,NA,2.43455648422241,8.98108768463135,NA,NA,3.37778472900391,0.527185082435608,NA,NA,0.293468430638313,0.443255309015512,NA,NA,9.78228102127711,11.0813827253878,NA,0,0.5,0.42857143,NA,0.66666667,0.66666667,0.85714286,18.5,NA,NA,0.42857143,0.57142857,NA,NA,89.302734375,82.0704956054688,NA,NA,3.39709981282552,10.2024326324463,NA,NA,2.45962429046631,-0.740923762321472,NA,NA,0.293468430638313,0.443255309015512,NA,NA,9.78228102127711,11.0813827253878,0,0.5,0.42857143,NA,0.66666667,0.66666667,0.85714286,2,52.7847518920898,22.4638557434082,0,0,56.8151,0,0,"2024-07-09",0
"Zack Kelly",20349,"2024-07-04","@MIA",3,2024,"BOS","A",29,1,0,4.5,1,0,0,0,0,0,0,0,2,8,1,2,1,1,1,1,0,0,0,3,13.5,4.5,4.5,3,0,0,3,1,0,0,0,0,0,0.375,0.125,0.25,2.53166658401489,4.5,0.142857142857143,1,0,0,8.16647977828979,-3.66647977828979,2.42248398140073,105.690992164538,200.076994683876,58.4200448328751,3,0,0.75,0.25,0,1,4,18,10,20,30,0.0190600045025349,-0.473120033740997,0.492180019617081,0.301999986171722,0.0300497598946095,3.31533336639404,2.90199995040894,2.5479998588562,3.25600004196167,1,1,0.0144237577915192,-0.00867471164860724,0,0,0.23333333,96.71428571,0.2,82.5,0.13333333,91.5,0.43333333,84.84615385,0.13333333,-0.0498969033360481,0.124431475996971,0.215173304080963,-0.264920741319656,-0.712812904800687,2.07385793328285,5.37933260202408,-2.03785185630505,0.38888889,0.66666667,0.5,0.57142857,0.875,0.73333333,0.4,0.625,0.13333333,2,1,1,1,2,1,4,0.5,0.25,0.25,0.25,0.5,0.25,7.51019731751342,NA,80,76.58895,80,33.47237,53.20941,31.94546,80,71.33649,80,67.62687,80,45.96132,78.91277,77.97911,75.51899,-1.67083,1.57085,121.6,155.44,170.64,106.06,74.52,74.22,146.9,121.62,151.74,107.52,45.9,72.6,120.268965517241,114.967586206897,130.584827586207,0.23333333,0.13333333,0.2,0.43333333,96.6714303152902,91.5250015258789,82.5666656494141,84.8384634164663,-6.23285675048828,0.923749566078186,9.39202944437663,-11.3731947678786,8.87981850760324,3.62741541862488,0.971281925837199,0.632202955392691,-0.0515537895262241,0.217731814831495,0.12589555978775,-0.251864105463028,-0.736482707517488,5.44329537078738,2.09825932979584,-1.93741619586945,0.33333333,0.66666667,0.5,0.6,0.8,0.73333333,0.5,18.73913043,0.43333333,0.23333333,0.13333333,0.2,84.9071232722356,96.7440185546875,91.6076202392578,82.63818359375,-10.5637876070463,-5.25487845284598,2.15376710891724,10.2594865163167,-0.891149667593149,7.70790699550084,2.50711250305176,-0.284248193105062,-0.251864105463028,-0.0515537895262241,0.217731814831495,0.12589555978775,-1.93741619586945,-0.736482707517488,5.44329537078738,2.09825932979584,0.375,0.64285714,0.5,0.66666667,0.77777778,0.73333333,0.46666667,4,79.2758331298828,-6.80106544494629,1,0.25,109.635,1,0.25,"2024-07-04",0
"Zack Kelly",20349,"2024-07-02","@MIA",3,2024,"BOS","A",29,0,0,9,1,0,0,0,0,0,0,0,1,6,3,2,1,1,0,0,0,0,0,1,9,0,27,1,0,0,3,2,0,1,0,0,0,0.16666667,0,0.16666667,3.32597909380756,9,0.5,3,0.5,0.625,14.1664797782898,-5.16647977828979,4.19049659073353,211.381984329076,348.423237955801,102.403901559937,1.5,0,0.6,0.4,0.5,0.5,1,9,5,13,18,-0.016040001064539,-0.0564800016582012,0.0404400005936623,-1.4779999256134,-0.147064670920372,0.380857139825821,0.259999990463257,0.259999990463257,0.349999994039536,1,1,-0.110686302185059,0.0685707701725181,0,0,0.22222222,95.75,0.22222222,81,0.38888889,90.71428571,0.16666667,83,NA,-1.29974412918091,0.297220349311829,-0.595888733863831,-0.0116784907877445,-32.4936032295227,7.43050873279572,-8.51269619805472,-0.389283026258151,0.3,0.625,0.44444444,0,1,0.625,0.44444444,0.66666667,0.16666667,1,4,0,2,2,1,5,0.2,0.8,0,0.4,0.4,0.2,7.99320616777406,NA,48.19905,62.30964,37.6334,79.77502,53.41477,80,80,78.62203,80,80,52.39667,55.83862,80,64.97041,77.01176,-2.26144,0.68493,109.32,113.1,115.26,111.88,113.36,121.12,144.98,140.3,190.7,98.9,127.2,130.3,113.761111111111,124.685555555556,139.175555555556,0.22222222,0.38888889,0.22222222,0.16666667,95.75,90.6285749162946,80.9749984741211,83.1666666666667,-6.14168262481689,0.335472106933594,11.3386764526367,-12.4599304199219,9.82369232177734,4.49765477861677,2.74587774276733,0.881721178690592,-1.29973659291863,-0.606563296169043,0.301086623221636,-0.0121511183679104,-32.4934148229659,-8.66518994527204,7.5271655805409,-0.405037278930346,0.16666667,0.58333333,0.44444444,0,0.71428571,0.625,0.66666667,18.75,0.16666667,0.22222222,0.38888889,0.22222222,83.363535563151,95.9201965332031,90.8117327008929,81.1405029296875,-11.6609001159668,-5.0830249786377,1.47491550445557,12.5768251419067,-0.940017700195312,8.32950973510742,3.02497863769531,1.23686718940735,-0.0121511183679104,-1.29973659291863,-0.606563296169043,0.301086623221636,-0.405037278930346,-32.4934148229659,-8.66518994527204,7.5271655805409,0.16666667,0.58333333,0.44444444,0,0.71428571,0.625,0.66666667,5,93.8717468261719,17.0442535400391,1,0.2,112.521,3,0.6,"2024-07-02",0
"Zack Kelly",20349,"2024-06-29","SDP",3,2024,"BOS","H",29,0,0,0,1,0,0,0,0,0,0,0,1,6,2,1,0,0,0,0,0,0,0,2,18,0,18,2,0,0,3,0,1,0,0,0,0,0.33333333,0,0.33333333,0.358451308518171,0,0.333333333333333,2,0.5,0.5,-0.833520221710205,0.833520221710205,-0.833520221710205,0,-22.4423702240119,-22.5814263197472,3,0.25,0.75,0,0,0,0,0,11,20,31,-0.000400000018998981,-0.000868000031914562,0.000468000012915581,-0.453000009059906,-0.0436416193842888,0.00166666659060866,0,0,0,1,1,-0.058399997651577,-0.181600024700166,0,0,0.35483871,96.63636364,0.12903226,81.5,0.19354839,90.16666667,0.32258065,83.6,NA,-0.205125331878662,-0.00390239432454109,0.185467109084129,-0.90178918838501,-1.86477574435147,-0.0975598581135273,3.09111848473549,-9.0178918838501,0.17647059,0.71428571,0.41935484,0.66666667,0.9,0.84615385,0.4516129,0.83333333,0.06451613,2,1,1,0,3,1,4,0.5,0.25,0.25,0,0.75,0.25,1.67620596997277,NA,80,80,60.45682,64.20903,53.62808,64.70765,33.99846,71.39804,20,80,76.36987,80,78.95856,73.46962,64.68596,-1.67368,1.56657,108.92,145.2,158.1,125.06,100.16,98.72,154,47.82,73.4,98.66,131.84,142.76,118.478064516129,114.067096774194,123.131612903226,0.35483871,0.19354839,0.12903226,0.32258065,96.6181862571023,89.9833374023438,81.4499969482422,83.5400024414062,-6.69910569624467,2.51208766301473,9.7540454864502,-10.9881759643555,9.06186398592862,3.6853936513265,1.09086406230927,-0.426525211334228,-0.210087813436985,0.187630426138639,-0.00435131415724754,-0.912749335169792,-1.9098892130635,3.12717376897732,-0.108782853931189,-9.12749335169792,0.16666667,0.57894737,0.41935484,0.5,0.90909091,0.84615385,0.61290323,18.76,0.32258065,0.35483871,0.16129032,0.16129032,83.3786682128906,96.4675403941761,90.2726196289063,82.5534790039062,-10.6151649475098,-6.05898215553977,2.9708740234375,9.70524215698242,-1.91143321990967,7.97672341086648,2.8440860748291,0.450178813934326,-0.912749335169792,-0.210087813436985,0.222679130733013,-0.0394000187516212,-9.12749335169792,-1.9098892130635,4.45358261466026,-0.788000375032425,0.16666667,0.57894737,0.41935484,0.5,0.90909091,0.84615385,0.61290323,4,88.4736480712891,0.362905740737915,0,0,108.237,1,0.25,"2024-06-29",0
"Zack Kelly",20349,"2024-06-23","@CIN",3,2024,"BOS","A",29,0,0,0,1,1,0,0,0,0,0,0,2.2,9,1,0,0,0,0,0,0,0,0,3,10.1250024139887,0,3.3750008046629,3,0,0,3,2,1,0,0,0,0,0.33333333,0,0.33333333,2.12013649455749,0,0.111111111111111,0.375000089406988,0.166666666666667,1,0.916479241847864,-0.916479241847864,2.0504858168825,0,20.825270800442,49.1656346072182,1.5,0.166666666,0.5,0.333333333,0,0,0,0,12,21,33,0.148509979248047,-0.0360999889671803,0.184609979391098,1.56499993801117,0.147990539669991,0.934666693210602,0.926666676998138,0.870000004768372,0.481000006198883,1,1,0.163287937641144,-0.00439709417061032,0,0,0.21212121,96.28571429,0.24242424,82.25,0.27272727,90,0.27272727,83.44444444,NA,0.545388877391815,-0.682664752006531,0.827535569667816,0.76930958032608,7.79126967702593,-8.53330940008163,9.19483966297573,8.54788422584534,0.35294118,0.5625,0.45454545,0.66666667,0.55555556,0.6,0.48484848,0.66666667,0.18181818,5,1,0,2,3,1,6,0.83333333,0.16666667,0,0.33333333,0.5,0.16666667,0.858508374247286,56,64.63908,55.73435,56.12754,45.2236,48.89464,38.67074,74.8609,63.55656,77.2413,78.88183,56.8346,71.00298,69.2739,60.82349,66.24407,-1.07201,2.46908,107.82,129.76,139.34,90.88,75.32,74.24,136.3,120.54,152.2,98.76,121.92,132.8,108.66,113.838787878788,126.864848484848,0.21212121,0.27272727,0.24242424,0.27272727,96.1000017438616,89.977776421441,82.2249984741211,83.477776421441,-6.41594423566546,1.43193372090658,8.47495746612549,-10.0470267401801,8.21515764508929,3.50939602322049,2.59038400650024,0.268685287899441,0.55136651173234,0.837853364646435,-0.693782765418291,0.779403083026409,7.87666445331914,9.30948182940483,-8.67228456772864,8.66003425584899,0.4,0.5,0.45454545,0.66666667,0.55555556,0.6,0.54545455,17.69565217,0.27272727,0.21212121,0.27272727,0.24242424,83.7144571940104,96.3442905970982,90.1838107638889,82.4276580810547,-9.76791551378038,-5.84871292114258,2.14184506734212,9.37411594390869,-0.958114306131999,7.30753980364118,2.68409220377604,1.64291882514954,0.779403083026409,0.55136651173234,0.837853364646435,-0.693782765418291,8.66003425584899,7.87666445331914,9.30948182940483,-8.67228456772864,0.4375,0.47058824,0.45454545,0.57142857,0.625,0.6,0.51515152,6,79.916748046875,-4.32198905944824,1,0.16666667,101.393,2,0.33333333,"2024-06-23",0
"Zack Kelly",20349,"2024-06-22","@CIN",3,2024,"BOS","A",29,1,0,0,1,0,0,0,0,0,0,0,0.1,1,0,0,0,0,0,0,0,0,0,0,0,0,0,0,0,0,1,0,0,0,0,0,0,0,0,0,-1.18327091598511,0,0,0,0,1,3.1664797782898,-3.1664797782898,3.1664797782898,0,76.4551252906048,76.9288520456552,1,0,1,0,0,0,2,54.0000563264481,2,4,6,0.0229299608618021,0,0.0229299608618021,0.254000008106232,0.0240189135074615,0.784999966621399,0.392499983310699,0.784999966621399,2.51200008392334,1,1,0.0292101427912712,-3.24015422131785e-10,0,0,0.33333333,93,NA,NA,0.5,90,0.16666667,83,NA,-0.0712025240063667,NA,0.283287763595581,0,-3.56012620031834,NA,9.44292545318604,0,1,1,1,1,1,1,0.25,1,0,1,0,0,0,0,1,1,1,0,0,0,0,1,1.45977924691138,NA,62.09287,59.41721,63.17786,20,38.04031,20,NA,NA,NA,80,58.53189,80,46.72466,51.72201,31.47231,0.3289,4.57044,107.48,133.16,127.66,NA,NA,NA,NA,NA,NA,87.56,159.14,155.36,87.3533333333333,111.943333333333,103.003333333333,0.33333333,0.5,NA,0.16666667,93.0500030517578,90.1666666666667,NA,82.8000030517578,-4.83523273468018,2.46907790501912,NA,-9.22889423370361,7.75755834579468,3.15712610880534,NA,1.25268399715424,-0.0725650899112225,0.287304773926735,NA,0,-3.62825449556112,9.57682579755783,NA,0,0.5,1,0.66666667,1,1,1,0.33333333,25.2,0.16666667,0.33333333,0.5,NA,82.9501037597656,93.2059478759766,90.3740641276042,NA,-8.6928596496582,-4.95077514648438,3.33145332336426,NA,-0.210776001214981,7.29976511001587,2.07721662521362,NA,0,-0.0725650899112225,0.287304773926735,NA,0,-3.62825449556112,9.57682579755783,NA,0.5,1,0.66666667,1,1,1,0.33333333,1,75.6357650756836,4.91611385345459,0,0,75.6358,0,0,"2024-06-22",0
"Zack Kelly",20349,"2024-06-18","@TOR",3,2024,"BOS","A",29,1,0,0,1,0,0,0,0,0,0,0,1.1,4,0,0,0,0,0,0,0,0,0,1,6.75000160932579,0,0,1,0,0,1,2,0,0,0,0,0,0.25,0,0.25,3.28666658401489,0,0,0,0,1,1.66647942066184,-1.66647942066184,3.93449257073111,0,39.3685556304963,96.0351437366616,0.5,0,0.333333333,0.666666666,0,0,2,13.5000032186516,5,13,18,0.0940179899334908,0,0.0940179899334908,1.05599999427795,0.111568942666054,0.86505001783371,1.09053337574005,1.81720006465912,2.46480011940002,1,1,0.10422008484602,0.00446494838354319,1,0,0.38888889,97,0.38888889,82.28571429,0.05555556,90,0.16666667,83.66666667,NA,0.648486852645874,0.202842354774475,0.0642120540142059,0.0625030398368835,9.26409789494106,2.89774792534964,6.42120540142059,2.08343466122945,0.375,0.8,0.61111111,0.33333333,0.875,0.72727273,0.55555556,0.25,0.16666667,0,1,2,0,2,1,3,0,0.33333333,0.66666667,0,0.66666667,0.33333333,-0.0889547598876072,NA,20,75.51554,20,75.88866,52.47911,71.67598,59.75364,75.47272,44.15073,40.96119,59.03523,49.45287,57.4489,70.44065,41.46745,-0.33736,3.57105,103.14,5.64,22.64,117.26,106.56,113.3,139.28,84.88,111.18,98.96,149.94,179.84,122.453333333333,83.7188888888889,101.062222222222,0.38888889,0.05555556,0.38888889,0.16666667,96.8999982561384,90.4000015258789,82.0714285714286,83.2999979654948,-6.61883326939174,-0.742553353309631,10.1850738525391,-11.5384343465169,8.85336630684989,2.61143398284912,1.07383353369577,0.320070028305054,0.656944260001183,0.0652216598391533,0.204512223601341,0.0628100410103798,9.38491800001689,6.52216598391533,2.92160319430488,2.09366803367933,0.33333333,0.75,0.61111111,0.5,0.77777778,0.72727273,0.66666667,18.71428571,0.16666667,0.38888889,0.05555556,0.38888889,83.6043345133464,97.2199009486607,90.7562026977539,82.3751831054688,-10.5800298055013,-5.65053285871233,0.241286993026733,11.3962751116071,-0.596883336702983,8.02129581996373,1.77073001861572,0.217775361878531,0.0628100410103798,0.656944260001183,0.0652216598391533,0.204512223601341,2.09366803367933,9.38491800001689,6.52216598391533,2.92160319430488,0.33333333,0.75,0.61111111,0.5,0.77777778,0.72727273,0.66666667,3,95.9634297688802,24.8909250895182,0,0,107.413,2,0.66666667,"2024-06-18",0
"Zack Kelly",20349,"2024-06-16","NYY",3,2024,"BOS","H",29,0,0,0,1,0,0,0,0,0,1,0,1,3,0,0,0,0,0,0,0,0,0,2,18,0,0,2,0,0,0,1,0,0,0,0,0,0.66666667,0,0.66666667,-0.078604246671107,0,0,0,0,1,-0.833520221710205,0.833520221710205,0.678488184511662,0,-22.4423702240119,15.0336680287444,0,0,0,1,0,0,3,27,5,8,13,0.395407974720001,0,0.395407974720001,2.39499998092651,0.230732172727585,4.52480030059814,1.7797999382019,3.55959987640381,0.54040002822876,1,1,0.0888064429163933,-0.00141960848135064,1,0,0.07692308,96,0.38461538,83,0.53846154,91.14285714,NA,NA,NA,0.0646287351846695,0.450123161077499,0.267696499824524,NA,6.46287351846695,9.00246322154999,3.82423571177891,NA,0.42857143,0.16666667,0.30769231,0,1,0.25,0.46153846,0.33333333,0.23076923,0,1,0,0,0,1,1,0,1,0,0,0,1,-1.81572196005183,NA,NA,NA,NA,80,61.44305,80,28.94829,73.29924,26.8207,56.93893,50.19696,51.40467,51.3668,66.87529,46.05652,0.0405,4.13784,NA,NA,NA,125.58,208.6,228.26,115.24,64.94,96,89.08,115.8,129.42,101.949230769231,103.376923076923,124.169230769231,0.07692308,0.53846154,0.38461538,NA,96,91.1000017438616,82.7200012207031,NA,-5.79474306106567,0.228010705539158,8.4678825378418,NA,9.33404541015625,3.63305064610073,0.799645900726318,NA,0.065942645072937,0.312037240713835,0.444078624248505,NA,6.5942645072937,4.4576748673405,8.88157248497009,NA,0.42857143,0.16666667,0.30769231,0,1,0.25,0.46153846,18.5,NA,0.07692308,0.53846154,0.38461538,NA,95.9345016479492,91.0585414341518,82.6489624023438,NA,-4.8028302192688,1.30677577427455,9.75552978515625,NA,8.21819972991943,2.48979432242257,-0.609958791732788,NA,0.065942645072937,0.312037240713835,0.444078624248505,NA,6.5942645072937,4.4576748673405,8.88157248497009,0.42857143,0.16666667,0.30769231,0,1,0.25,0.46153846,1,99.2127456665039,18.0612163543701,0,0,99.2127,1,1,"2024-06-16",0
"Zack Kelly",20349,"2024-06-14","NYY",3,2024,"BOS","H",29,0,0,0,1,0,0,0,0,0,0,0,2,6,0,0,0,0,0,0,0,0,0,3,13.5,0,0,3,0,0,0,2,1,0,0,0,0,0.5,0,0.5,1.01572908301473,0,0,0,0,1,0.166479778289795,-0.166479778289795,1.67848818451166,0,2.28200365464223,39.911237620095,0,0.333333333,0,0.666666666,0,0,0,0,3,18,21,0.0317400023341179,0,0.0317400023341179,1.09399998188019,0.10539498925209,0.20160000026226,0.264400005340576,0.293600022792816,0.155199989676476,1,1,0.157585054636002,-0.000144567072373231,0,0,0.0952381,96.5,0.38095238,82.875,0.33333333,90.71428571,0.19047619,82.75,NA,-0.0238054171204567,0.585411250591278,0.775894045829773,0.210907563567162,-1.19027085602283,7.31764063239098,11.084200654711,5.27268908917904,0.6,0.54545455,0.57142857,0.5,1,0.75,0.52380952,0.83333333,0.14285714,0,2,1,0,2,1,3,0,0.66666667,0.33333333,0,0.66666667,0.33333333,0.566722862190566,NA,80,69.84742,80,64.25933,40.08474,72.0959,80,66.24784,80,80,47.71297,69.57162,80,65.72912,80,-2.82921,-0.16672,137.06,116.48,126.1,116.6,114.76,109.62,149.44,144.52,174.02,101.14,123.22,126.08,127.854285714286,129.244761904762,142.779047619048,0.0952381,0.33333333,0.38095238,0.19047619,96.6999969482422,90.7000034877232,82.8000030517578,82.9000015258789,-6.73588085174561,-0.911494255065918,8.92177391052246,-10.7787284851074,8.3902006149292,3.76157624380929,1.31929123401642,-1.34439158439636,-0.0242429338395596,0.826913047581911,0.592093396931887,0.213400114327669,-1.21214669197798,11.8130435368844,7.40116746164858,5.33500285819173,0.66666667,0.53333333,0.57142857,0.5,0.875,0.75,0.71428571,20.73333333,0.19047619,0.0952381,0.33333333,0.38095238,82.9311752319336,96.6812515258789,90.7112426757812,82.7906265258789,-10.2701396942139,-5.91103506088257,0.06734727535929,10.2280187606812,-2.38796496391296,7.85928535461426,2.85823277064732,0.224055305123329,0.213400114327669,-0.0242429338395596,0.826913047581911,0.592093396931887,5.33500285819173,-1.21214669197798,11.8130435368844,7.40116746164858,0.5,0.6,0.57142857,0.33333333,0.88888889,0.75,0.71428571,3,96.6899108886719,37.7809041341146,1,0.33333333,107.79,2,0.66666667,"2024-06-14",0
"Zack Kelly",20349,"2024-06-12","PHI",3,2024,"BOS","H",29,0,0,9,1,0,0,0,0,0,1,0,1,4,0,1,1,0,1,0,0,0,0,2,18,9,0,2,0,0,1,0,0,0,0,0,0,0.5,0.25,0.25,3.84572908401489,0,0,1,0,0,2.1664797782898,6.8335202217102,2.1664797782898,211.381984329076,51.7307514119506,52.0512824543046,1,0,1,0,0,0,2,18,5,11,16,0.0403680391609669,-0.0286119673401117,0.0689800083637238,0.154999971389771,0.0149325616657734,0.819399952888489,0.943599939346313,1.2467999458313,1.16039991378784,1,1,0.0340968519449234,0.0151685147647822,0,0,0.4,96.83333333,0.33333333,81.4,0.13333333,89,0.13333333,84,0.0625,0.06606824696064,0.217585653066635,0.0778313875198364,0.0303832925856113,1.101137449344,4.3517130613327,3.89156937599182,1.51916462928057,0.25,0.71428571,0.46666667,0,0.8,0.57142857,0.46666667,1,0.1875,0,1,0,0,1,0,1,0,1,0,0,1,0,1.61937137915961,NA,67.22643,63.66635,63.76289,45.67678,46.72998,73.32387,53.96007,80,24.08901,80,75.93064,80,59.66053,72.29573,63.66221,-0.47476,3.36495,106.68,111.76,117.88,112.76,75.32,68.1,145.04,20.76,61.2,99.76,142.6,151.18,120.976,70.9626666666667,83.5146666666667,0.4,0.13333333,0.33333333,0.13333333,96.5833333333333,89.1999969482422,81.3,84.25,-6.51206270853678,0.611776411533356,9.75970840454102,-10.984375,8.68309529622396,3.04289770126343,0.935765838623047,-0.358279764652252,0.0658184848725796,0.0787287354469299,0.216740895062685,0.0305310264229774,1.09697474787633,3.9364367723465,4.3348179012537,1.52655132114887,0.2,0.6,0.46666667,0,0.66666667,0.57142857,0.66666667,20.33333333,0.13333333,0.4,0.13333333,0.33333333,84.2403030395508,96.5773518880208,89.1487503051758,81.2877990722656,-10.3007497787476,-5.4984385172526,1.54093599319458,11.3146194458008,-1.61406254768372,7.76494979858398,2.06323504447937,-0.465162801742554,0.0305310264229774,0.0550127141177654,0.0787287354469299,0.216740895062685,1.52655132114887,0.916878568629424,3.9364367723465,4.3348179012537,0.2,0.6,0.46666667,0,0.66666667,0.57142857,0.66666667,1,73.4143142700195,-22.4737300872803,0,0,73.4143,0,0,"2024-06-12",0
"Zack Kelly",20349,"2024-06-09","@CHW",3,2024,"BOS","A",29,0,0,0,1,1,0,0,0,0,0,0,2,8,0,0,0,0,2,0,0,1,0,3,13.5,9,0,1.5,0,0,3,0,0,0,0,0,0,0.375,0.25,0.125,4.82924470901489,0,0,1,0,1,3.1664797782898,-3.1664797782898,3.1664797782898,0,76.4551252906048,76.9288520456552,3,0,1,0,0,0,0,0,14,18,32,0.0985360071063042,-0.0743960440158844,0.172932058572769,0.994000017642975,0.102421432733536,1.13342225551605,0.894999980926514,0.870000004768372,0.990000009536743,1,1,0.078008696436882,0.00892801812537111,0,0,0.375,95.75,0.34375,82.36363636,0.15625,90.6,0.125,83.5,NA,-0.14266574382782,0.958446204662323,0.229316398501396,-0.143878787755966,-1.18888119856517,8.71314731511203,4.58632797002792,-3.59696969389915,0.21052632,0.30769231,0.25,0.5,0.5,0.5,0.40625,0.625,0.125,2,0,1,0,3,0,3,0.66666667,0,0.33333333,0,1,0,2.43599989914217,50,29.45902,70.32995,21.78245,41.20071,56.30909,21.50017,80,79.26151,80,62.7117,66.03641,62.47695,65.12026,71.71304,51.54631,-0.81395,2.85617,92.4,68.16,75.74,90.94,72.92,72.16,141.84,139.14,162.64,97.92,94.02,99.76,109.71,98.385,108.0225,0.375,0.15625,0.34375,0.125,95.7416687011719,90.8200012207031,82.3818192915483,83.1750030517578,-6.76697858174642,-0.830270862579346,8.77192410555753,-11.1931562423706,8.68131764729818,3.62056274414063,2.28630378029563,-0.421505689620972,-0.151079371571541,0.231709111481905,0.97004347294569,-0.147361781448126,-1.25899476309617,4.6341822296381,8.818577026779,-3.68404453620315,0.13333333,0.35294118,0.25,0.5,0.5,0.5,0.53125,17.83333333,0.125,0.375,0.15625,0.34375,83.4141235351562,95.9986063639323,91.0588012695312,82.6239568536932,-10.6704072952271,-5.93656730651855,0.426176309585571,10.1089928366921,-1.59541821479797,7.67842737833659,2.67061195373535,1.22323963858865,-0.147361781448126,-0.151079371571541,0.231709111481905,0.97004347294569,-3.68404453620315,-1.25899476309617,4.6341822296381,8.818577026779,0.07692308,0.36842105,0.25,0,0.57142857,0.5,0.59375,3,81.2812703450521,-6.04203033447266,0,0,98.6063,1,0.33333333,"2024-06-09",0
"Zack Kelly",20349,"2024-06-08","@CHW",3,2024,"BOS","A",29,0,0,0,1,0,0,0,0,0,0,0,0.1,1,0,0,0,0,0,0,0,0,0,0,0,0,0,0,0,0,0,1,0,0,0,0,0,0,0,0,13.2527290840149,0,0,0,0,1,3.1664797782898,-3.1664797782898,7.70250972840334,0,76.4551252906048,189.774252798055,0,0,0,1,0,0,0,0,2,3,5,0.0170319937169552,0,0.0170319937169552,0.767000019550323,0.0790314301848412,0.674600005149841,0.337300002574921,0.674600005149841,0.158199995756149,1,1,0.0252475440502167,5.49448812836584e-10,0,0,NA,NA,NA,NA,0.4,88.5,0.6,81.33333333,NA,NA,NA,0.253725647926331,-0.00390239432454109,NA,NA,12.6862823963165,-0.130079810818036,0.25,1,0.4,1,0,0.5,0.2,1,0.2,0,0,1,0,1,0,1,0,0,1,0,1,0,0.847634002863288,NA,54.50203,69.30983,49.31955,NA,NA,NA,NA,NA,NA,80,54.81806,80,78.28943,72.41112,80,-1.63211,1.62893,115.2,104.94,114.46,NA,NA,NA,NA,NA,NA,92.56,165.82,144.54,106.144,129.292,126.492,NA,0.4,NA,0.6,NA,88.1499938964844,NA,81.3333333333333,NA,-1.21060562133789,NA,-11.4797286987305,NA,4.27672290802002,NA,0.840466896692912,NA,0.25711578130722,NA,-0.00435131415724754,NA,12.855789065361,NA,-0.145043805241585,0,0.66666667,0.4,NA,0.5,0.5,0.6,18.5,0.6,NA,0.4,NA,81.5310974121094,NA,88.3178024291992,NA,-10.450766881307,NA,-0.157157987356186,NA,-0.429139018058777,NA,3.07237005233765,NA,-0.00435131415724754,NA,0.25711578130722,NA,-0.145043805241585,NA,12.855789065361,NA,0,0.66666667,0.4,NA,0.5,0.5,0.6,1,90.4195098876953,44.1316566467285,0,0,90.4195,0,0,"2024-06-08",0
"Zack Kelly",20349,"2024-06-05","ATL",3,2024,"BOS","H",29,0,0,0,1,0,0,0,0,0,0,0,1,3,0,0,0,0,0,0,0,0,0,2,18,0,0,2,0,0,0,1,0,0,0,0,0,0.66666667,0,0.66666667,-0.078604246671107,0,0,0,0,1,-0.833520221710205,0.833520221710205,0.678488184511662,0,-22.4423702240119,15.0336680287444,0,0,0,1,0,0,1,9,4,8,12,0.00171999691519886,0,0.00171999691519886,0.546999990940094,0.0526974946260452,0.0227999985218048,0.0383999980986118,0.0383999980986118,0,1,1,0.0699945762753487,0.00544388980849521,0,0,0.25,96,0.25,81.66666667,0.16666667,89.5,0.33333333,81.75,NA,0.170732736587524,0.587426781654358,0.0404066368937492,-0.016117762774229,5.69109121958415,19.5808927218119,2.02033184468746,-0.402944069355726,0.33333333,0.5,0.41666667,0,1,0.6,0.5,0.66666667,0.16666667,0,1,0,0,1,0,1,0,1,0,0,1,0,-1.81572196005183,NA,63.74619,61.76339,59.70329,45.7491,45.53979,43.30953,80,75.13242,80,39.25788,64.32625,47.92395,69.254,66.41761,66.91304,-1.07077,2.47094,72.68,129.72,114.54,101.08,79.16,72.02,136.74,66.56,106.66,100.9,114.6,131.94,100.498333333333,98.77,104.84,0.25,0.16666667,0.25,0.33333333,96,89.6000061035156,81.7000020345052,81.75,-6.48126157124837,-0.142349064350128,9.63629150390625,-10.6038494110107,7.97396341959635,2.52775955200195,1.31770515441895,-0.207493677735329,0.172118879854679,0.0409787259995937,0.637584015727043,-0.0172664932906628,5.73729599515597,2.04893629997969,21.2528005242348,-0.431662332266569,0.2,0.57142857,0.41666667,0,0.75,0.6,0.58333333,18.55555556,0.33333333,0.25,0.16666667,0.25,81.7706756591797,96.0156656901042,89.6085510253906,81.6847991943359,-9.81240463256836,-5.67070643107096,0.943442463874817,10.9420700073242,-1.22107625007629,7.33189646402995,1.82896494865417,0.433072964350383,-0.0172664932906628,0.172118879854679,0.0409787259995937,0.637584015727043,-0.431662332266569,5.73729599515597,2.04893629997969,21.2528005242348,0.25,0.5,0.41666667,0,0.75,0.6,0.66666667,1,94.6244659423828,22.4317569732666,0,0,94.6245,0,0,"2024-06-05",0
"Zack Kelly",20349,"2024-05-25","MIL",3,2024,"BOS","H",29,0,0,3,1,0,0,0,0,0,0,0,3,11,2,1,1,1,0,0,0,0,0,2,6,0,6,2,0,0,4,2,2,0,0,1,0,0.18181818,0,0.18181818,3.10557207100719,3,0.181818181818182,0.666666666666667,0.125,1,6.1664797782898,-3.1664797782898,2.84115204910437,70.4606614430252,150.628246926567,68.8354888228488,2,0.25,0.5,0.25,0,0.5,2,6,12,30,42,-0.00916399993002415,-0.0522879995405674,0.0431240014731884,0.640999972820282,0.0617533698678017,0.173672735691071,0.198000013828278,0.175200000405312,0.068400003015995,1,1,-0.101824954152107,0.0490590442148958,0,0,0.14285714,95.16666667,0.23809524,80.7,0.26190476,89.18181818,0.35714286,82.2,NA,0.568619251251221,-0.5675088763237,-1.00542426109314,0.928482234477997,9.47698752085368,-5.675088763237,-9.14022055539218,6.18988156318665,0.33333333,0.66666667,0.52380952,0.66666667,0.875,0.81818182,0.57142857,0.72727273,0.0952381,4,4,1,1,5,3,9,0.44444444,0.44444444,0.11111111,0.11111111,0.55555556,0.33333333,8.95438023289263,NA,80,63.1693,76.61662,47.97184,34.21453,51.22103,80,64.69294,65.79063,65.26886,48.30697,58.72131,78.41939,61.70125,72.02789,-1.64018,1.61682,116.74,145.26,149.04,99.06,131.68,124.96,133.18,121.96,141.5,93.22,114.4,120.54,111.968571428571,129.69,136.340476190476,0.14285714,0.26190476,0.23809524,0.35714286,95.2333374023438,88.9818170720881,80.7,82.1533365885417,-6.44842338562012,-0.279219974171032,9.76875686645508,-11.0280008951823,8.41621398925781,3.25938970392401,1.82165870666504,-0.115137020746867,0.619077499955893,-1.00273607298732,-0.573024928569794,0.939359895884991,10.3179583325982,-9.11578248170289,-5.73024928569794,6.26239930589994,0.3125,0.65384615,0.52380952,0.6,0.88235294,0.81818182,0.61904762,18.77419355,0.35714286,0.14285714,0.26190476,0.23809524,82.45849609375,95.5765991210938,89.2819657759233,80.9895935058594,-10.6103586832682,-5.70521799723307,0.568636807528409,10.7188888549805,-1.19538879394531,7.49124336242676,2.46318539706143,0.770857286453247,0.939359895884991,0.619077499955893,-1.00273607298732,-0.573024928569794,6.26239930589994,10.3179583325982,-9.11578248170289,-5.73024928569794,0.29411765,0.68,0.52380952,0.6,0.88235294,0.81818182,0.5952381,9,90.5784759521484,6.92076253890991,2,0.22222222,103.639,4,0.44444444,"2024-05-25",0
"Zack Kelly",20349,"2024-05-22","@TBR",3,2024,"BOS","A",29,0,0,4.5,1,0,0,0,0,0,0,0,2,9,2,1,1,1,1,0,0,0,0,1,4.5,4.5,9,1,0,0,4,3,0,1,0,0,0,0.11111111,0.11111111,0,5.45017352860978,4.5,0.25,1.5,0.166666666666667,1,10.1664797782898,-5.66647977828979,5.9344923876226,105.690992164538,249.525742441184,145.790278364068,1.333333333,0,0.571428571,0.428571428,0.333333333,0.333333333,0,0,10,23,33,0.0385040007531643,-0.0476080030202866,0.0861120000481606,-0.0959999933838844,-0.0105436583980918,0.49391108751297,0.451200008392334,0.522599995136261,NA,0,1,0.00685156788676977,0.0711057846137513,0,0,0.42424242,95.78571429,0.21212121,81.28571429,0.21212121,88.28571429,0.15151515,83,NA,0.595234632492065,-1.31602787971497,0.352537930011749,-0.283775568008423,4.2516759463719,-18.8003982816424,5.03625614302499,-5.67551136016846,0.4,0.61538462,0.48484848,1,0.75,0.875,0.39393939,0.88888889,0.06060606,3,2,2,2,3,2,7,0.42857143,0.28571429,0.28571429,0.28571429,0.42857143,0.28571429,7.61767922304533,NA,76.38183,75.172,63.56455,38.78649,51.13839,41.50943,70.56433,65.1821,64.87852,56.21018,68.12453,52.85714,55.88894,63.08978,54.13302,-0.24045,3.71642,112.74,120.4,119.34,105.4,61.6,58.92,124.8,132.32,135.72,92.6,78.16,83.84,107.912121212121,89.0230303030303,89.6515151515152,0.42424242,0.21212121,0.21212121,0.15151515,95.8071463448661,88.2714320591518,81.1857125418527,82.7599975585938,-6.94877896990095,-0.00589386480195182,8.29809515816825,-11.6673667907715,9.44110325404576,3.16916765485491,0.644047260284424,-0.269539380073547,0.581528633832932,0.355455461889505,-1.31646518036723,-0.288287222385406,4.15377595594951,5.07793516985008,-18.8066454338176,-5.76574444770813,0.26666667,0.66666667,0.48484848,1,0.83333333,0.875,0.54545455,20.16666667,0.15151515,0.42424242,0.21212121,0.21212121,82.6909606933594,95.7772391183036,88.2101527622768,81.1389857700893,-10.9021339416504,-5.80469512939453,1.20575591496059,9.61007254464286,-1.91595058441162,8.10769544328962,1.76400211879185,-1.03149931771415,-0.288287222385406,0.581528633832932,0.355455461889505,-1.31646518036723,-5.76574444770813,4.15377595594951,5.07793516985008,-18.8066454338176,0.30769231,0.6,0.48484848,1,0.83333333,0.875,0.60606061,7,82.0362548828125,20.9593527657645,1,0.14285714,107.757,1,0.14285714,"2024-05-22",0
"Zack Kelly",20349,"2024-05-18","@STL",3,2024,"BOS","A",29,0,0,0,1,0,0,0,0,0,0,0,0.1,2,1,0,0,0,0,0,0,0,0,0,0,0,27.000028163224,0,0,0,1,1,0,0,0,0,0,0,0,0,6.03472908401489,0,0.5,3.00000312924711,0.5,1,3.1664797782898,-3.1664797782898,7.70250972840334,0,76.4551252906048,189.774252798055,1,0,0.5,0.5,0,0,0,0,4,14,18,-0.0205280017107725,-0.0215199869126081,0.000991985783912241,-1.58000004291534,-0.16666667163372,0.117799997329712,0.0996000021696091,0.199200004339218,NA,0,1,-0.0807797014713287,-0.0934817771033815,0,0,0.5,96.66666667,0.16666667,81,0.22222222,90.25,0.11111111,82.5,NA,-0.0858049988746643,0.0434947088360786,-0.194705754518509,0.0228863731026649,-0.953388876385159,1.44982362786929,-4.86764386296272,1.14431865513325,0.5,1,0.77777778,0.75,1,0.92857143,0.55555556,0.5,0.05555556,1,1,0,0,1,1,2,0.5,0.5,0,0,0.5,0.5,1.14313088857962,NA,27.51715,64.22041,20,80,50.04336,80,20,64.51818,20,41.89478,76.96439,52.48159,52.48388,59.36735,54.29009,-0.0289,4.03374,98.14,61.82,65.68,129.32,128.2,130.22,119.98,30.5,36.4,121.22,82.16,99.56,122.498888888889,94.31,100.598888888889,0.5,0.22222222,0.16666667,0.11111111,96.5777791341146,90.0250015258789,80.6666666666667,82.75,-5.94112396240234,0.459123104810715,8.61946868896484,-10.6044988632202,8.4314702351888,2.6600706577301,0.836233297983805,-0.541772246360779,-0.0879479497671127,-0.197389543056488,0.0439708419144154,0.0229212380945683,-0.977199441856808,-4.9347385764122,1.46569473048051,1.14606190472841,0.42857143,1,0.77777778,0.66666667,1,0.92857143,0.61111111,22.8125,0.11111111,0.5,0.22222222,0.16666667,82.8177947998047,96.6704237196181,90.0886764526367,80.722666422526,-10.1408252716064,-5.14835908677843,1.1921865940094,9.24979654947917,-1.44281256198883,7.79310268825955,1.96117746829987,0.233953317006429,0.0229212380945683,-0.0879479497671127,-0.197389543056488,0.0439708419144154,1.14606190472841,-0.977199441856808,-4.9347385764122,1.46569473048051,0.5,1,0.77777778,0.75,1,0.92857143,0.55555556,2,99.7634735107422,14.1543827056885,0,0,108.394,1,0.5,"2024-05-18",0
"Zack Kelly",20349,"2024-05-16","TBR",3,2024,"BOS","H",29,0,0,0,1,0,0,0,0,0,0,0,1,6,0,0,0,0,4,0,0,0,0,1,9,36,0,0.25,0,0,1,0,0,0,0,0,0,0.16666667,0.66666667,-0.5,20.3799790652949,0,0,4,0,1,13.1664797782898,-13.1664797782898,13.1664797782898,0,323.698864077147,325.704547959161,1,0,1,0,0,0,1,9,18,11,29,0.0591000132262707,-0.118207961320877,0.177307963371277,0.547000050544739,0.0526974909007549,1.50548565387726,1.00360000133514,1.00360000133514,1.54839992523193,1,1,-0.0215604230761528,0.0608168670509348,0,0,0.4137931,95.75,0.34482759,82.3,0.13793103,91,0.10344828,82.33333333,NA,-0.735200583934784,0.409582376480103,-0.280109047889709,-0.171579450368881,-6.12667153278987,4.09582376480103,-7.00272619724274,-5.71931501229604,0.13043478,0.33333333,0.17241379,0.66666667,0.5,0.6,0.20689655,0.5,0.06896552,1,0,0,0,1,0,1,1,0,0,0,1,0,18.971113549341,NA,20,69.27346,20,25.90793,59.90829,20,73.93346,70.34715,64.68588,20,63.64057,20,28.08851,68.49927,20,1.48669,6.30713,97.56,14.18,21.76,98.42,-13.56,-8.97999999999999,115.3,124.52,137.4,98.16,-4.7,10.28,104.115862068966,38.1455172413793,47.3324137931034,0.4137931,0.13793103,0.34482759,0.10344828,95.6583353678385,90.9000015258789,82.3,82.1000010172526,-6.67276827494303,-0.0747456550598145,8.33173522949219,-11.8473981221517,8.96533584594727,4.28020858764648,1.57769737243652,1.17835760116577,-0.756257619708776,-0.286556672304869,0.413861855864525,-0.175069510936737,-6.30214683090647,-7.16391680762172,4.13861855864525,-5.8356503645579,0.14285714,0.25,0.17241379,0.66666667,0.5,0.6,0.27586207,20.04347826,0.10344828,0.4137931,0.13793103,0.34482759,82.23876953125,95.8216857910156,91.0606536865234,82.4343383789062,-11.5121994018555,-5.86727778116862,0.751104533672333,9.28564758300781,0.0381299902995427,7.91916275024414,3.0224552154541,0.250230097770691,-0.175069510936737,-0.756257619708776,-0.286556672304869,0.413861855864525,-5.8356503645579,-6.30214683090647,-7.16391680762172,4.13861855864525,0.1,0.33333333,0.17241379,0.5,0.66666667,0.6,0.31034483,1,95.9165115356445,-32.1595878601074,0,0,95.9165,1,1,"2024-05-16",0
"Zack Kelly",20349,"2024-05-14","TBR",3,2024,"BOS","H",29,0,0,0,1,0,0,0,0,0,0,0,2,8,0,1,0,0,1,1,0,0,0,2,9,4.5,0,2,0.25,0,4,1,0,0,1,0,0,0.25,0.125,0.125,3.21935408401489,0,0,0.5,0,0,2.6664797782898,-2.6664797782898,3.42248398140073,0,64.0929383512777,83.2976144242257,4,0,0.8,0.2,0,0,1,4.5,5,16,21,0.277163982391357,-0.324960172176361,0.602124154567719,1.35400009155273,0.130443170666695,3.36264991760254,2.58119988441467,2.58119988441467,2.58119988441467,1,1,0.124169699847698,-0.0417454245936847,1,0,0.19047619,96,0.61904762,82.84615385,0.04761905,92,0.14285714,82,0.14285714,0.364554733037949,0.501171290874481,0.193908214569092,0.00450797751545906,9.11386832594872,3.85516377595755,19.3908214569092,0.150265917181969,0.44444444,0.5,0.47619048,0.5,0.83333333,0.7,0.57142857,0.625,0.14285714,3,1,1,2,2,1,5,0.6,0.2,0.2,0.4,0.4,0.2,1.44658808429984,NA,59.60486,71.23559,37.53368,70.33806,47.33717,80,70.59,75.21095,57.39014,80,40.56712,80,74.56441,76.30338,62.8019,-1.40068,1.97607,104.94,53.36,54.74,100.06,137.18,121.9,118.28,114.12,131.6,131.26,126.36,125,113.521904761905,110.415238095238,118.458095238095,0.19047619,0.04761905,0.61904762,0.14285714,95.8000030517578,92,82.8076923076923,81.7000020345052,-6.43190383911133,-0.749409675598145,8.25455826979417,-11.4734903971354,8.33860301971436,4.44080543518066,3.08093349750225,0.144193907578786,0.369068067520857,0.196128189563751,0.504362676292658,0.00431566312909126,9.22670168802142,19.6128189563751,3.87971289455891,0.143855437636375,0.33333333,0.58333333,0.47619048,0.66666667,0.71428571,0.7,0.57142857,21.76923077,0.14285714,0.19047619,0.04761905,0.61904762,81.9151306152344,96.0589752197266,92.2947006225586,83.0321420522837,-11.2022666931152,-6.00443744659424,0.0634621009230614,8.98372591458834,-0.878122965494792,7.25472259521484,3.07377004623413,1.91270490793081,0.00431566312909126,0.369068067520857,0.196128189563751,0.504362676292658,0.143855437636375,9.22670168802142,19.6128189563751,3.87971289455891,0.33333333,0.58333333,0.47619048,0.66666667,0.71428571,0.7,0.57142857,5,82.834716796875,-5.39610557556152,0,0,96.2809,1,0.2,"2024-05-14",0
"Zack Kelly",20349,"2024-05-12","WSN",3,2024,"BOS","H",29,0,0,0,1,0,0,0,0,0,1,0,1,5,0,0,0,0,2,0,1,0,0,0,0,18,0,0,0,0,1,0,1,0,0,0,0,0,0.4,-0.4,13.2447290840149,0,0,2,0,1,12.1664797782898,-12.1664797782898,12.1664797782898,0,298.974490198492,300.82697836781,1,0.5,0.5,0,0,0,0,0,14,10,24,0.0991279929876328,-0.17091603577137,0.270044028759003,0.547000050544739,0.0526974946260452,2.58809995651245,1.72160005569458,1.72160005569458,2.16840004920959,1,1,-0.00879919715225697,0.0471006517534196,1,0,0.54166667,95.84615385,0.20833333,82.8,0.04166667,92,0.20833333,83.2,NA,-0.516582369804382,0.192529171705246,-0.0344077162444592,-0.150936096906662,-3.97371053695679,3.85058343410492,-3.44077162444592,-3.01872193813324,0.11111111,0.83333333,0.29166667,1,0.4,0.57142857,0.25,0.6,0.125,2,0,0,0,1,1,2,1,0,0,0,0.5,0.5,34.7998262733513,NA,20,70.6776,20,37.10796,53.98197,30.15407,80,80,80,20,60.0289,20,37.61707,70.70824,26.69267,0.89472,5.41917,103.02,37.4,42.4,98.96,58.26,61.2,149.62,122.42,177.56,95.82,43.62,43.74,110.229166666667,66.6708333333333,80.7975,0.54166667,0.04166667,0.20833333,0.20833333,95.7769211989183,91.5999984741211,82.8400024414063,83.0400024414062,-6.98235086294321,-1.9619265794754,9.51879425048828,-11.3097473144531,8.72315333439754,4.94980049133301,2.72007541656494,1.57153930664062,-0.532940290868282,-0.0350487045943737,0.237006071954966,-0.154491305351257,-4.09954069898679,-3.50487045943737,4.74012143909931,-3.08982610702515,0.06666667,0.66666667,0.29166667,1,0.5,0.57142857,0.375,20.15789474,0.20833333,0.54166667,0.04166667,0.20833333,83.238720703125,95.9931077223558,91.7729034423828,83.0172607421875,-10.9301422119141,-6.3835936326247,-0.828837990760803,10.539860534668,0.246889996528625,7.74743945782001,3.92841005325317,1.57849283218384,-0.154491305351257,-0.532940290868282,-0.0350487045943737,0.237006071954966,-3.08982610702515,-4.09954069898679,-3.50487045943737,4.74012143909931,0.06666667,0.66666667,0.29166667,1,0.5,0.57142857,0.375,2,84.3847045898438,-8.01853275299072,0,0,84.6489,0,0,"2024-05-12",0
"Zack Kelly",20349,"2024-05-05","@MIN",3,2024,"BOS","A",29,0,0,0,1,0,0,0,0,0,1,0,1.2,8,1,0,0,0,2,0,0,0,0,2,10.8000041198746,10.8000041198746,5.40000205993731,1,0,0,1,1,2,0,0,0,0,0.25,0.25,0,6.21610408401489,0,0.166666666666667,1.80000068664577,0.25,1,4.36648023605364,-4.36648023605364,5.27368562585815,0,106.124385262914,129.351012161838,1,0.5,0.25,0.25,0,0,0,0,15,19,34,0.113643996417522,-0.167347997426987,0.280991971492767,0.745000004768372,0.0780922397971153,2.02084994316101,1.44459998607635,1.36880004405975,1.34039998054504,1,1,0.000166004654602148,0.056069737539972,1,0,0.55882353,96.78947368,0.20588235,83.28571429,0.08823529,92,0.14705882,84,NA,0.0662261843681335,0.133606269955635,-0.0817876085639,0.151019081473351,0.34855886509544,1.90866099936622,-2.72625361879667,3.02038162946701,0.2,0.71428571,0.41176471,0.25,0.9,0.71428571,0.41176471,0.5,0.11764706,0,3,1,0,2,2,4,0,0.75,0.25,0,0.5,0.5,8.26271400930377,NA,55.95614,71.06289,46.24269,42.7168,52.99441,38.49296,52.32565,72.96046,38.53902,20,70.64426,21.40535,42.47111,62.00917,34.46016,0.59315,4.96682,122.06,83.86,95,103.5,62.02,61.28,130.88,92.22,114.36,101.1,48.02,58.92,111.654705882353,70.2141176470588,76.9588235294118,0.55882353,0.08823529,0.20588235,0.14705882,96.7894736842105,91.8666687011719,83.2714320591518,84,-6.26806319387336,-0.757726669311523,7.94490269252232,-11.4207679748535,8.43586008172286,3.77153174082438,1.08869457244873,0.747142601013184,0.102079350501299,-0.0839881040155888,0.13364339619875,0.15212169662118,0.537259739480521,-2.79960346718629,1.90919137426785,3.04243393242359,0.13333333,0.63157895,0.41176471,0,0.83333333,0.71428571,0.55882353,21.07692308,0.14705882,0.55882353,0.08823529,0.20588235,83.7901611328125,96.6006951583059,91.6150716145833,83.0554024832589,-10.0917556762695,-4.89982564825761,1.01089064280192,9.90075901576451,-0.98731575012207,7.1962063438014,2.51633326212565,-0.69432544708252,0.15212169662118,0.102079350501299,-0.0839881040155888,0.13364339619875,3.04243393242359,0.537259739480521,-2.79960346718629,1.90919137426785,0.13333333,0.63157895,0.41176471,0,0.83333333,0.71428571,0.55882353,4,93.370491027832,17.097354888916,1,0.25,101.186,2,0.5,"2024-05-05",0
"Zack Kelly",20349,"2024-05-02","SFG",3,2024,"BOS","H",29,0,1,27.000028163224,1,0,0,0,0,0,0,0,0.2,6,4,2,2,0,0,0,0,0,0,0,0,0,54.0000563264481,0,0,0,2,2,2,0,0,0,0,0,0,0,6.03472908401489,0,0.666666666666667,6.00000625849423,0.666666666666667,0.5,3.1664797782898,23.8335483849342,7.70250972840334,634.146614453692,76.4551252906048,189.774252798055,1,0.333333333,0.333333333,0.333333333,0,0,0,0,8,15,23,-0.27522000670433,-0.337204039096832,0.0619840323925018,-2.05800008773804,-0.198265895247459,1.4811999797821,1.36453330516815,0.996800005435944,1.32320010662079,1,1,-0.12878455221653,-0.0570242585186805,0,1,0.2173913,96.4,0.26086957,83.66666667,0.17391304,91.75,0.34782609,82.625,NA,-0.884925007820129,-0.258635103702545,-0.050120547413826,-0.162484481930733,-17.6985001564026,-4.31058506170909,-1.25301368534565,-2.03105602413416,0.18181818,0.75,0.47826087,1,1,1,0.52173913,0.66666667,0,1,2,3,1,4,1,6,0.16666667,0.33333333,0.5,0.16666667,0.66666667,0.16666667,6.24149373114265,NA,54.06556,66.02868,45.38826,80,43.87843,80,80,80,55.35807,80,67.22659,80,80,72.59827,74.85508,-1.87532,1.26411,115.52,88.56,99.28,109.68,133.8,125.68,145.18,118.42,154.38,98.42,207.96,219.6,119.013913043478,126.949565217391,140.318260869565,0.2173913,0.17391304,0.26086957,0.34782609,96.2200012207031,91.625,83.4666646321615,82.5625,-7.62464294433594,-1.52199637889862,6.92005475362142,-10.7628259658813,8.12042617797852,3.90768885612488,2.35129880905151,0.663671612739563,-0.89841590449214,-0.0503654405474663,-0.263735305517912,-0.166793905198574,-17.9683180898428,-1.25913601368666,-4.39558842529853,-2.08492381498218,0.25,0.6,0.47826087,1,1,1,0.65217391,20,0.34782609,0.2173913,0.17391304,0.26086957,82.8207244873047,96.470703125,91.8813781738281,83.6953837076823,-10.3749322891235,-6.97960205078125,-0.652021765708923,7.89177513122559,-0.242004498839378,7.12376174926758,2.90856003761292,1.31898268063863,-0.166793905198574,-0.89841590449214,-0.0503654405474663,-0.263735305517912,-2.08492381498218,-17.9683180898428,-1.25913601368666,-4.39558842529853,0.25,0.6,0.47826087,1,1,1,0.65217391,6,85.823496500651,17.773250579834,0,0,105.439,1,0.16666667,"2024-05-02",0
"Zack Kelly",20349,"2024-04-30","SFG",3,2024,"BOS","H",29,0,0,0,1,0,0,0,0,0,0,0,1,4,0,0,0,0,0,0,0,0,0,2,18,0,0,2,1,0,1,1,0,0,1,0,0,0.5,0,0.5,0.562229084014893,0,0,0,0,1,-0.833520221710205,0.833520221710205,0.678488184511662,0,-22.4423702240119,15.0336680287444,1,0,0.5,0.5,0,0,0,0,7,13,20,0.0263600088655949,-0.0195280089974403,0.0458880178630352,0.546999990940094,0.0526974946260452,0.519999980926514,0.54040002822876,0.54040002822876,0.381999999284744,1,1,0.0303645748645067,0.0203277517364053,0,0,0.45,96,0.3,83,NA,NA,0.25,83.4,NA,-0.153191700577736,0.125722616910934,NA,0.373251140117645,-1.70213000641929,2.09537694851557,NA,7.46502280235291,0.46153846,0.57142857,0.5,0.66666667,1,0.8,0.35,1,0.1,1,1,0,1,1,0,2,0.5,0.5,0,0.5,0.5,0,-1.09384072859983,NA,80,69.22356,80,58.37371,54.37525,46.86992,69.4071,80,46.4495,NA,NA,NA,80,73.88441,69.43339,-2.11355,0.90677,96.38,186.46,194.06,106.1,108.3,105.3,151.18,117.18,146.66,NA,NA,NA,117.194,130.504,139.898,0.45,NA,0.3,0.25,95.9222208658854,NA,82.9000040690104,83.2200012207031,-7.25812530517578,NA,8.64799435933431,-11.3167556762695,8.94409688313802,NA,2.79603989919027,1.17933149337769,-0.157857317477465,NA,0.125935703516006,0.37848824635148,-1.75397019419405,NA,2.09892839193344,7.56976492702961,0.41666667,0.625,0.5,0.6,1,0.8,0.4,20.5,0.25,0.45,NA,0.3,83.4826416015625,96.2193128797743,NA,83.1775512695312,-10.9388595581055,-6.48963334825304,NA,9.83378664652506,-0.113841736316681,7.85608334011502,NA,1.44984340667725,0.37848824635148,-0.157857317477465,NA,0.125935703516006,7.56976492702961,-1.75397019419405,NA,2.09892839193344,0.41666667,0.625,0.5,0.6,1,0.8,0.4,2,57.447265625,25.0686321258545,0,0,59.2357,0,0,"2024-04-30",0
"Zack Kelly",20349,"2024-04-26","CHC",3,2024,"BOS","H",29,0,0,0,1,0,0,0,0,0,0,0,2,7,1,0,0,0,0,0,0,0,0,1,4.5,0,4.5,1,0,0,2,3,1,0,0,0,0,0.14285714,0,0.14285714,4.32801480744975,0,0.142857142857143,0.5,0.166666666666667,1,2.1664797782898,-2.1664797782898,4.4344923876226,0,51.7307514119506,108.473923977042,0.666666666,0.166666666,0.333333333,0.5,0,0,0,0,6,20,26,0.00315599981695414,-9.99998665065505e-05,0.0032559996470809,1.09399998188019,0.10539498925209,0.0178857147693634,0.0241999998688698,0.0383999980986118,NA,0,1,0.162107646465302,0.0143460126504122,0,0,0.34615385,96.11111111,0.15384615,82.75,0.11538462,91,0.38461538,83.9,NA,-0.280064612627029,0.285796314477921,0.289916634559631,0.669033944606781,-3.11182902918922,7.14490786194801,9.66388781865438,6.69033944606781,0.53846154,0.53846154,0.53846154,0.71428571,1,0.85714286,0.5,0.85714286,0.07692308,2,1,3,1,5,0,6,0.33333333,0.16666667,0.5,0.16666667,0.83333333,0,2.16018630909875,NA,59.04933,73.49163,45.68074,62.59933,56.31346,41.0743,80,80,78.84857,80,65.32182,80,74.8053,74.81464,56.8605,-1.41565,1.95362,119.8,90.22,98.54,114.32,99.6,102.1,157.34,137.42,174.14,89.42,143.94,138.8,120.173076923077,106.926923076923,116.048461538462,0.34615385,0.11538462,0.15384615,0.38461538,96.0111083984375,90.9000040690104,82.8000030517578,83.95,-7.62367502848307,0.1136421362559,9.52275371551514,-11.9457427978516,9.01807403564453,4.45682207743327,4.40031290054321,0.273459672927856,-0.285126898437738,0.293468430638313,0.289221026003361,0.676863338798285,-3.1680766493082,9.78228102127711,7.23052565008402,6.76863338798284,0.4,0.625,0.53846154,0.75,0.9,0.85714286,0.61538462,21.68421053,0.38461538,0.34615385,0.11538462,0.15384615,84.4111206054688,96.4818115234375,91.3315633138021,83.2372283935547,-11.262629699707,-6.87137095133464,1.15720701217651,10.6962051391602,-1.1595365524292,7.85426415337457,3.06458346048991,2.90056252479553,0.676863338798285,-0.285126898437738,0.293468430638313,0.289221026003361,6.76863338798284,-3.1680766493082,9.78228102127711,7.23052565008402,0.4,0.625,0.53846154,0.75,0.9,0.85714286,0.61538462,6,87.7113952636719,20.7222137451172,0,0,93.6704,0,0,"2024-04-26",0
"Zack Kelly",20349,"2024-04-24","@CLE",3,2024,"BOS","A",29,0,0,0,1,0,0,0,0,0,0,0,2,6,0,0,0,0,0,0,0,0,0,3,13.5,0,0,3,0,0,3,0,0,0,0,0,0,0.5,0,0.5,-0.528020915985107,0,0,0,0,1,0.166479778289795,-0.166479778289795,0.166479778289795,0,2.28200365464223,2.29614327160339,3,0,1,0,0,0,2,9,8,20,28,0.00711600063368678,0,0.00711600063368678,0.959999978542328,0.101265825331211,0.0474666655063629,0.08279999345541,0.149199992418289,NA,0,1,0.11380672454834,0.0361090228035124,0,0,0.42857143,96.33333333,0.03571429,83,0.14285714,91,0.39285714,84.90909091,NA,1.06378972530365,0,-0.0316568911075592,0.403060525655746,8.86491437753041,0,-0.79142227768898,3.66418659687042,0.55,0.625,0.57142857,0.54545455,0.6,0.5625,0.28571429,0.66666667,0.25,0,3,0,1,1,1,3,0,1,0,0.33333333,0.33333333,0.33333333,-0.987887014343643,NA,80,67.00975,73.7472,65.62238,66.70036,54.01214,80,80,80,33.6612,70.69828,24.97052,75.31444,71.47801,61.41876,-1.44728,1.90617,102.1,129.54,135.72,126.68,117.34,131.7,164.92,140.42,140.66,99.88,61.96,69.78,114.560714285714,115.045714285714,124.753571428571,0.42857143,0.14285714,0.03571429,0.39285714,96.3333333333333,90.875,83.1999969482422,84.8636363636364,-7.60456720987956,-0.888945519924164,6.74937009811401,-12.5715470747514,9.57816441853841,4.13622140884399,4.40322589874268,1.41262314536355,1.07702936604619,-0.0329670980572701,0,0.407815482467413,8.97524471705158,-0.824177451431751,0,3.70741347697648,0.35714286,0.78571429,0.57142857,0.4,0.63636364,0.5625,0.5,19.13636364,0.39285714,0.42857143,0.14285714,0.03571429,85.2472534179688,96.7198689778646,91.274299621582,83.5642013549805,-11.7352086847479,-6.60967445373535,0.693970501422882,8.22239971160889,0.0221359824592417,8.45481109619141,2.61760497093201,3.37321996688843,0.407815482467413,1.07702936604619,-0.0329670980572701,0,3.70741347697648,8.97524471705158,-0.824177451431751,0,0.46153846,0.66666667,0.57142857,0.5,0.6,0.5625,0.53571429,3,81.8329772949219,-21.5948384602865,0,0,98.349,1,0.33333333,"2024-04-24",0
