"PlayerName","playerid","Date","Opp","teamid","season","Team","HomeAway","Age","W","L","ERA","G","GS","QS","CG","ShO","SV","HLD","BS","IP","TBF","H","R","ER","HR","BB","IBB","HBP","WP","BK","SO","K/9","BB/9","H/9","K/BB","IFH%","BUH%","GB","FB","LD","IFFB","IFH","BU","BUH","K%","BB%","K-BB%","SIERA","HR/9","AVG","WHIP","BABIP","LOB%","FIP","E-F","xFIP","ERA-","FIP-","xFIP-","GB/FB","LD%","GB%","FB%","IFFB%","HR/FB","RS","RS/9","Balls","Strikes","Pitches","WPA","-WPA","+WPA","RE24","REW","pLI","inLI","gmLI","exLI","Pulls","Games","WPA/LI","Clutch","SD","MD","FB%1","FBv","SL%","SLv","CT%","CTv","CB%","CBv","CH%","CHv","SF%","SFv","XX%","wFB","wSL","wCT","wCB","wCH","wSF","wFB/C","wSL/C","wCT/C","wCB/C","wCH/C","wSF/C","O-Swing%","Z-Swing%","Swing%","O-Contact%","Z-Contact%","Contact%","Zone%","F-Strike%","SwStr%","Pull","Cent","Oppo","Soft","Med","Hard","bipCount","Pull%","Cent%","Oppo%","Soft%","Med%","Hard%","tERA","GSv2","pb_o_CH","pb_s_CH","pb_c_CH","pb_o_CU","pb_s_CU","pb_c_CU","pb_o_FF","pb_s_FF","pb_c_FF","pb_o_SI","pb_s_SI","pb_c_SI","pb_o_SL","pb_s_SL","pb_c_SL","pb_o_FC","pb_s_FC","pb_c_FC","pb_o_FS","pb_s_FS","pb_c_FS","pb_overall","pb_stuff","pb_command","pb_xRV100","pb_ERA","sp_s_CH","sp_l_CH","sp_p_CH","sp_s_CU","sp_l_CU","sp_p_CU","sp_s_FF","sp_l_FF","sp_p_FF","sp_s_SI","sp_l_SI","sp_p_SI","sp_s_SL","sp_l_SL","sp_p_SL","sp_s_FC","sp_l_FC","sp_p_FC","sp_s_FS","sp_l_FS","sp_p_FS","sp_stuff","sp_location","sp_pitching","pfxFA%","pfxFC%","pfxFS%","pfxSI%","pfxSL%","pfxCU%","pfxCH%","pfxvFA","pfxvFC","pfxvFS","pfxvSI","pfxvSL","pfxvCU","pfxvCH","pfxFA-X","pfxFC-X","pfxFS-X","pfxSI-X","pfxSL-X","pfxCU-X","pfxCH-X","pfxFA-Z","pfxFC-Z","pfxFS-Z","pfxSI-Z","pfxSL-Z","pfxCU-Z","pfxCH-Z","pfxwFA","pfxwFC","pfxwFS","pfxwSI","pfxwSL","pfxwCU","pfxwCH","pfxwFA/C","pfxwFC/C","pfxwFS/C","pfxwSI/C","pfxwSL/C","pfxwCU/C","pfxwCH/C","pfxO-Swing%","pfxZ-Swing%","pfxSwing%","pfxO-Contact%","pfxZ-Contact%","pfxContact%","pfxZone%","pfxPace","piCH%","piCU%","piFA%","piFC%","piFS%","piSI%","piSL%","pivCH","pivCU","pivFA","pivFC","pivFS","pivSI","pivSL","piCH-X","piCU-X","piFA-X","piFC-X","piFS-X","piSI-X","piSL-X","piCH-Z","piCU-Z","piFA-Z","piFC-Z","piFS-Z","piSI-Z","piSL-Z","piwCH","piwCU","piwFA","piwFC","piwFS","piwSI","piwSL","piwCH/C","piwCU/C","piwFA/C","piwFC/C","piwFS/C","piwSI/C","piwSL/C","piO-Swing%","piZ-Swing%","piSwing%","piO-Contact%","piZ-Contact%","piContact%","piZone%","Events","EV","LA","Barrels","Barrel%","maxEV","HardHit","HardHit%","gamedate","dh"
"Chris Bassitt",12304,"2024-09-23","BOS",14,2024,"TOR","H",35,0,1,4.15384645857051,1,1,0,0,0,0,0,0,4.1,23,4,3,2,0,7,0,0,0,1,2,4.15384645857051,14.5384626049968,8.30769291714103,0.28571429,0.25,0,4,4,6,0,1,0,0,0.08695652,0.30434783,-0.21739131,9.98756652226936,0,0.25,2.53846172468198,0.285714285714286,0.72727273,7.08955698916195,-2.93571053059143,8.48525715883162,104.451385316059,174.579171935735,209.247106470986,1,0.428571428,0.285714285,0.285714285,0,0,0,0,42,46,88,-0.176855996251106,-0.484203994274139,0.307348012924194,-1.75709998607635,-0.185641840100288,1.00086665153503,0.75764000415802,0.870000004768372,0.984799981117249,1,1,-0.267129570245743,0.0904267137964233,0,0,0.46590909,92.41463415,0.11363636,78.2,0.23863636,89.42857143,0.07954545,70.71428571,0.07954545,83.14285714,0.02272727,83.5,NA,-0.634147882461548,-0.00626839324831963,-0.237368643283844,-0.130502760410309,-0.928108334541321,-0.79253101348877,-1.54670215234524,-0.0626839324831963,-1.13032687278021,-1.8643251487187,-13.2586904934474,-39.6265506744385,0.29508197,0.74074074,0.43181818,0.72222222,0.95,0.84210526,0.30681818,0.65217391,0.06818182,8,2,4,5,6,3,14,0.57142857,0.14285714,0.28571429,0.35714286,0.42857143,0.21428571,11.475080180249,36,35.26542,53.99525,28.96767,23.00591,48.09439,20,69.94964,36.07783,80,41.37385,45.33977,45.2914,27.89362,51.18764,20,20,49.04973,34.59647,37.66693,44.7566,38.31237,32.58504,46.57073,34.29791,1.20734,5.8881,86.5,81.26,70.48,98.76,76.26,71.8,88.8,139.6,121.36,108.32,62.28,71.28,100.792,53.416,53.876,87.24,55.62,51.42,81.34,119.24,106.36,97.9938636363636,68.8715909090909,68.7525,0.06818182,0.23863636,0.02272727,0.39772727,0.11363636,0.07954545,0.07954545,92.3833312988281,89.3095238095238,83.75,92.3800013950893,78.0900024414063,70.6000017438616,83.1142839704241,-5.68510055541992,-0.229163124447777,-8.37835311889648,-10.32734375,6.39247093200684,9.91272190638951,-10.2013168334961,6.71890576680501,4.32237643287295,-0.279648274183273,3.91465454101562,0.333831858634949,-7.399169921875,2.7939510345459,-0.0260160677134991,-0.249624133110046,-0.800582092255354,-0.58382573723793,-0.010353047400713,-0.134319111704826,-0.938656996935606,-0.433601128558318,-1.18868634814308,-40.0291046127677,-1.66807353496552,-0.10353047400713,-1.91884445292609,-13.4093856705087,0.27777778,0.67647059,0.43181818,0.66666667,0.95652174,0.84210526,0.38636364,21.58064516,0.07954545,0.06818182,0.05681818,0.25,0.02272727,0.39772727,0.125,82.6583687918527,70.2290344238281,92.3345397949219,88.8985484730114,83.2982025146484,91.9309988839286,76.9011896306818,-9.8765127999442,10.4603519439697,-5.4504638671875,0.354089303450151,-7.83932971954346,-9.87667672293527,8.13655159690163,1.23363481249128,-9.63458633422852,6.05099601745605,3.43963241577148,-1.53568542003632,2.76021663120815,-1.61240681734952,-0.938656996935606,-0.189093071967363,0.0120622552931309,-0.287702456116676,-0.800582092255354,-0.58382573723793,0.044420912861824,-13.4093856705087,-3.15155119945606,0.241245105862617,-1.30773843689398,-40.0291046127677,-1.66807353496552,0.403826480562037,0.27272727,0.6969697,0.43181818,0.66666667,0.95652174,0.84210526,0.375,14,78.0036010742188,11.3386197771345,0,0,109.405,4,0.28571429,"2024-09-23",0
"Chris Bassitt",12304,"2024-09-17","@TEX",14,2024,"TOR","A",35,0,0,2.45454588015225,1,1,0,0,0,0,0,0,3.2,23,6,7,1,0,3,0,1,0,0,2,4.9090917603045,7.36363764045674,14.7272752809135,0.66666667,0.333333333,0,6,7,4,0,2,0,0,0.08695652,0.13043478,-0.04347826,6.69761944362417,0,0.315789473684211,2.45454588015225,0.352941176470588,0.3,5.34829833842513,-2.89375245827288,8.2348603417287,61.7212793156435,131.247561606844,203.017842228055,0.857142857,0.235294117,0.352941176,0.411764705,0,0,3,7.36363764045674,32,48,80,-0.544687986373901,-0.795960009098053,0.251272022724152,-5.52799987792969,-0.574039459228516,1.28136670589447,0.968800067901611,0.910000026226044,0.538800001144409,1,1,-0.320523172616959,-0.10456043839639,0,0,0.525,91.57142857,0.1,74.125,0.2375,88.52631579,0.05,71,0.05,84.25,0.0375,84.66666667,NA,-1.25362515449524,-0.343160331249237,-0.385275453329086,-0.623881995677948,-0.501124262809753,-0.271569311618805,-2.98482179641724,-4.28950414061546,-2.0277655438373,-15.5970498919487,-12.5281065702438,-9.0523103872935,0.27659574,0.6969697,0.45,0.53846154,0.82608696,0.72222222,0.4125,0.52173913,0.125,7,6,4,4,10,3,17,0.41176471,0.35294118,0.23529412,0.23529412,0.58823529,0.17647059,5.61222537844374,24,20,51.92355,20,80,51.24774,80,37.79736,35.10747,34.19819,20.34238,49.96845,22.32165,59.48131,50.90937,26.67379,51.40908,36.45487,54.37658,80,36.97744,80,36.41285,45.29518,30.89443,0.96953,5.53139,96.9,-20.22,-20.56,100.62,150.24,141.44,88.38,68.92,48.06,109.16,44.24,55.32,107.1775,103.2025,108.5275,100.34,116.94,104.88,77.78,165.72,138.42,103.61125,75.269,75.6765,0.05,0.2375,0.0375,0.475,0.1,0.05,0.05,92.0250015258789,88.4736842105263,84.3999989827474,91.5184197676809,74.125,71,84.0250015258789,-5.86419200897217,-0.568290007741828,-9.74510256449381,-10.927250912315,8.60559749603271,8.73927021026611,-11.0806941986084,6.72090244293213,4.87147361353824,1.51277208328247,3.66533741198088,-0.639928638935089,-7.71150922775269,2.72879576683044,0.16847312822938,-0.388256974518299,-0.276367750018835,-0.328112378716469,-0.351433496922255,-0.668199077248573,-0.511673703789711,4.21182820573449,-2.04345776062263,-9.21225833396117,-0.863453628201234,-4.39291871152818,-16.7049769312143,-12.7918425947428,0.33333333,0.625,0.45,0.625,0.8,0.72222222,0.4,20.76363636,0.05,0.05,0.05,0.2375,0.0375,0.475,0.1,84.4405059814453,71.4412536621094,92.4661483764648,88.8949552837171,84.83349609375,91.9528744346217,74.5441131591797,-10.9235000610352,8.8908805847168,-5.30027770996094,0.0559718295147544,-9.26841990152995,-10.3678468403063,9.16910552978516,1.68913877010345,-9.1736478805542,5.70805501937866,4.02925150017989,0.0895973642667135,2.4301653410259,-2.0286705493927,-0.511673703789711,-0.668199077248573,0.16847312822938,-0.388256974518299,-0.276367750018835,-0.328112378716469,-0.351433496922255,-12.7918425947428,-16.7049769312143,4.21182820573449,-2.04345776062263,-9.21225833396117,-0.863453628201234,-4.39291871152818,0.3255814,0.59459459,0.45,0.57142857,0.81818182,0.72222222,0.4625,17,83.0100241268382,10.946356380687,1,0.05882353,106.232,3,0.17647059,"2024-09-17",0
"Chris Bassitt",12304,"2024-09-10","NYM",14,2024,"TOR","H",35,1,0,1.5,1,1,1,0,0,0,0,0,6,26,5,1,1,0,1,0,2,0,0,8,12,1.5,7.5,8,0,0,7,3,5,0,0,0,0,0.30769231,0.03846154,0.26923077,2.61602494550527,0,0.217391304347826,1,0.333333333333333,0.875,1.99981311162313,-0.499813111623129,2.75581731473406,37.71855304156,47.9197590552618,66.7125680299919,2.333333333,0.333333333,0.466666666,0.2,0,0,5,7.5,38,63,101,0.135066032409668,-0.272816002368927,0.407882034778595,1.87389993667603,0.197982028126717,0.933723092079163,0.762966692447662,0.870000004768372,0.567199945449829,1,1,0.141116917133331,0.00353628203828868,0,0,0.42574257,92.6744186,0.08910891,73.33333333,0.23762376,88.79166667,0.16831683,71.70588235,0.06930693,84.71428571,0.00990099,84,NA,0.374590873718262,-0.305173099040985,0.143385693430901,0.571814656257629,0.345695942640305,0,0.871141566786655,-3.3908122115665,0.597440389295419,3.36361562504488,4.93851346629007,0,0.17857143,0.68888889,0.40594059,0.7,0.77419355,0.75609756,0.44554455,0.73076923,0.0990099,6,5,4,3,8,4,15,0.4,0.33333333,0.26666667,0.2,0.53333333,0.26666667,3.48956947304384,68,43.94552,52.67279,43.03265,53.49415,54.80159,54.23797,52.13007,37.30553,69.25572,78.05047,50.58,67.18943,20,62.90538,20,56.2154,45.71237,51.9075,80,53.38115,80,60.02906,49.77741,53.54552,-0.49766,3.3306,91.8,85.16,84.28,103.8,104.5,101.7,98.62,123.58,103.02,112.36,112.04,122.76,128.24,28.72,41.22,93.48,122.42,118.04,113.16,83.88,79.7,105.206534653465,104.699405940594,105.975445544554,0.08910891,0.23762376,0.00990099,0.33663366,0.08910891,0.16831683,0.06930693,93.022223578559,88.7999979654948,84,92.5676484949448,73.3111097547743,71.5941162109375,84.4857177734375,-5.39834128485786,-0.147701839605967,-9.23717594146729,-10.3703344008502,9.44074842664931,8.383960499483,-11.0809129987444,7.1057629055447,4.61611779530843,-2.69497919082642,4.66441794002757,-0.475863191816542,-6.57390594482422,2.9857417515346,-0.322510082274675,0.143053647130728,0,0.735968895256519,-0.316532682627439,0.57595406472683,0.391296129673719,-3.5834453586075,0.596056863044699,0,2.16461439781329,-3.51702980697155,3.38796508662841,5.58994470962456,0.14893617,0.62962963,0.40594059,0.57142857,0.79411765,0.75609756,0.53465347,21.06849315,0.05940594,0.14851485,0.06930693,0.23762376,0.00990099,0.36633663,0.10891089,83.860117594401,71.191259765625,92.7411586216518,88.6843973795573,83.8778991699219,92.3808659733953,73.2582341974432,-10.5146052042643,9.49699300130208,-4.24508694240025,0.733478466669718,-8.51706027984619,-9.58090539880701,10.6109556718306,1.71278222401937,-8.07265421549479,6.40291704450335,4.14726543426514,-3.71015000343323,4.01494041649071,-2.21361801841042,0.426344834268093,0.649081092327833,-0.39072385802865,0.143053647130728,0,0.769133966416121,-0.389659710228443,7.10574723780155,4.32720728218555,-5.58176940040929,0.596056863044699,0,2.0787404497733,-3.54236100207676,0.17021277,0.61111111,0.40594059,0.625,0.78787879,0.75609756,0.53465347,15,85.0314534505208,8.99097696940104,0,0,100.213,3,0.2,"2024-09-10",0
"Chris Bassitt",12304,"2024-09-03","PHI",14,2024,"TOR","H",35,0,0,5.06250030174853,1,1,0,0,0,0,0,0,5.1,27,10,4,3,2,2,0,0,0,0,7,11.8125007040799,3.37500020116569,16.8750010058284,3.5,0.2,0,10,2,6,1,2,0,0,0.25925926,0.07407407,0.18518519,3.07799246108448,3.37500020116569,0.4,2.25000013411046,0.5,0.86956522,6.54147997945548,-1.47897967770695,2.23348287501205,127.300124102944,160.940153169181,53.7181566558484,5,0.333333333,0.555555555,0.111111111,0.5,1,6,10.1250006034971,25,67,92,-0.040848009288311,-0.604693949222565,0.563845932483673,-1.37909996509552,-0.145705237984657,1.17157137393951,0.843999981880188,0.870000004768372,0.834800004959106,1,1,-0.332936078310013,0.298070076803885,0,0,0.55434783,93.03921569,0.16304348,74.86666667,0.13043478,89.33333333,0.08695652,72.625,0.06521739,84.66666667,NA,NA,NA,-1.17330729961395,-1.72945821285248,0.064534418284893,-1.18362212181091,0.302177459001541,NA,-2.30060254826265,-11.5297214190165,0.537786819040775,-14.7952765226364,5.03629098335902,NA,0.37777778,0.72340426,0.55434783,0.58823529,0.94117647,0.82352941,0.51086957,0.81481481,0.09782609,8,6,4,1,10,7,18,0.44444444,0.33333333,0.22222222,0.05555556,0.55555556,0.38888889,7.86237477102728,30,50.07334,52.19311,42.51847,56.30271,46.79657,57.38205,20,28.05409,20,73.53261,55.78398,73.73769,80,63.40785,80,31.13207,34.47637,38.76724,NA,NA,NA,63.33825,49.35985,63.1567,-0.70325,3.02222,90.4,97.38,85.12,92.08,127.2,118.7,89.52,28.26,7.46000000000001,109.96,114.84,122.92,121.696,133.338666666667,144.176,93.34,77.82,76.3,NA,NA,NA,104.875652173913,104.493695652174,106.177608695652,0.09782609,0.13043478,NA,0.45652174,0.16304348,0.08695652,0.06521739,93.0444471571181,89.3166707356771,NA,92.9261881510417,74.8399983723958,72.5250015258789,84.7000020345052,-6.62837982177734,-1.21421225865682,NA,-10.9573189871652,8.52529551188151,8.10840129852295,-11.448361714681,7.17636277940538,4.78434785207113,NA,3.58526139032273,0.418647575378418,-6.02063512802124,3.62736988067627,0.0900011882185936,0.0623377338051796,NA,-1.28396240621805,-1.7545455917716,-1.17962676659226,0.308427061885595,1.00001320242882,0.519481115043163,NA,-3.05705334813822,-11.6969706118107,-14.7453345824033,5.14045103142659,0.32432432,0.70909091,0.55434783,0.66666667,0.87179487,0.82352941,0.59782609,23.24615385,0.06521739,0.08695652,0.09782609,0.13043478,NA,0.45652174,0.16304348,84.7960510253906,72.6051483154297,93.1146579318576,89.3905232747396,NA,93.0144914899554,74.9024495442708,-10.5916837056478,9.41278743743896,-5.69936201307509,-0.237935145696004,NA,-10.0017918178013,10.1402425130208,2.3421204884847,-7.67950105667114,6.47205013699002,4.03936672210693,NA,2.55560538882301,-0.888086191813151,0.308427061885595,-1.17962676659226,0.0900011882185936,0.0623377338051796,NA,-1.28396240621805,-1.7545455917716,5.14045103142659,-14.7453345824033,1.00001320242882,0.519481115043163,NA,-3.05705334813822,-11.6969706118107,0.34146341,0.7254902,0.55434783,0.57142857,0.91891892,0.82352941,0.55434783,18,89.9497545030382,7.65565999348958,2,0.11111111,111.427,5,0.27777778,"2024-09-03",0
"Chris Bassitt",12304,"2024-08-28","@BOS",14,2024,"TOR","A",35,0,1,1.35000012874605,1,1,1,0,0,0,0,0,6.2,27,5,1,1,0,1,0,1,0,0,9,12.1500011587144,1.35000012874605,6.75000064373022,9,0,0,6,5,4,1,0,1,0,0.33333333,0.03703704,0.2962963,2.52843827749615,0,0.2,0.900000085830697,0.3125,0.85714286,1.3664796066284,-0.0164794778823572,2.50048601944208,33.9467009748137,32.1591133665529,60.360545962516,1.2,0.266666666,0.4,0.333333333,0.2,0,0,0,41,61,102,0.204332023859024,-0.24548801779747,0.449820041656494,2.36800003051758,0.228131011128426,0.924162983894348,0.834457159042358,0.870000004768372,1.48720002174377,1,1,0.288332104682922,-0.0672325503619027,0,0,0.44117647,92.75555556,0.17647059,76.11111111,0.18627451,89,0.10784314,72.09090909,0.05882353,84.5,0.02941176,85.66666667,NA,0.682483196258545,0.847849667072296,0.354619681835175,0.0597548522055149,0.252360343933105,-0.068310871720314,1.51662932501899,4.71027592817942,1.86641937807987,0.543225929141045,4.20600573221842,-2.2770290573438,0.28333333,0.66666667,0.44117647,0.35294118,0.78571429,0.62222222,0.41176471,0.48148148,0.16666667,8,4,4,1,9,6,16,0.5,0.25,0.25,0.0625,0.5625,0.375,2.04329007828714,73,49.21072,51.03435,44.73818,50.75988,54.35848,45.39433,20,41.92751,20,31.69467,43.45521,32.68357,54.62648,50.09859,51.95917,29.68122,43.20397,35.30397,20,31.09048,20,33.75199,45.60889,29.36003,1.13484,5.77935,87.54,95.08,90.72,85.14,115.28,112.34,94.74,93.92,84.58,105.02,81.04,86.1,100.297777777778,126.793333333333,126.6,95.38,62.56,67,80.18,75.5,47.14,97.8835294117647,90.7849019607843,91.5554901960784,0.05882353,0.18627451,0.02941176,0.38235294,0.17647059,0.10784314,0.05882353,93.2333374023438,88.9947381270559,85.6333414713542,92.5820500300481,76.0944417317708,71.9090909090909,84.3833312988281,-5.57424354553223,-0.423972481175473,-7.60329882303874,-10.66454686874,7.51149749755859,9.33271512118253,-11.8995234171549,6.82586606343587,4.66658742804276,1.72322511672974,3.10647446069962,-0.691093709733751,-6.50773620605469,2.59237702687581,0.663101993501186,0.396760955452919,-0.0695328190922737,0.0439549498260021,0.843076810240746,0.0586121305823326,0.254682376980782,11.0516998916864,2.08821555501536,-2.31776063640912,0.112704999553852,4.68376005689303,0.532837550748478,4.24470628301303,0.32142857,0.58695652,0.44117647,0.38888889,0.77777778,0.62222222,0.45098039,20.78082192,0.05882353,0.10784314,0.05882353,0.18627451,0.02941176,0.38235294,0.17647059,84.3562825520833,71.9058893377131,93.2501220703125,88.9976870888158,85.6502990722656,92.5875212840545,76.0817260742188,-11.158213297526,10.6281308260831,-4.90918159484863,0.479891375491494,-7.21791712443034,-9.79808866060697,9.10567304823134,1.63094123204549,-7.81704434481534,6.4365914662679,4.19578190853721,1.126846631368,2.1973151182517,-1.83623610602485,0.254682376980782,0.0586121305823326,0.663101993501186,0.396760955452919,-0.0695328190922737,0.0439549498260021,0.843076810240746,4.24470628301303,0.532837550748478,11.0516998916864,2.08821555501536,-2.31776063640912,0.112704999553852,4.68376005689303,0.30357143,0.60869565,0.44117647,0.35294118,0.78571429,0.62222222,0.45098039,16,95.3027587890625,20.9085164388021,1,0.0625,113.885,7,0.4375,"2024-08-28",0
"Chris Bassitt",12304,"2024-08-23","LAA",14,2024,"TOR","H",35,0,0,6,1,1,0,0,0,0,0,0,6,24,4,4,4,0,2,0,1,0,0,6,9,3,6,3,0,0,6,7,2,1,0,0,0,0.25,0.08333333,0.16666667,3.9407464405452,0,0.19047619047619,1,0.266666666666667,0.42857143,2.6664797782898,3.3335202217102,4.43048958554864,150.87421216624,64.5099079151321,108.374343989887,0.857142857,0.133333333,0.4,0.466666666,0.142857142,0,3,4.5,40,59,99,-0.173381984233856,-0.425945997238159,0.252564013004303,-1.12609994411469,-0.118975169956684,0.708400011062622,0.632733345031738,0.870000004768372,0.953400015830994,1,1,0.113502539694309,-0.358254066411224,0,0,0.42857143,92.64285714,0.19387755,77.89473684,0.19387755,89.52631579,0.13265306,71.07692308,0.03061224,86.33333333,0.02040816,85,0.01010101,0.872427880764008,0.714242041110992,0.0371135659515858,-0.392095476388931,-0.519060671329498,0.0572940893471241,2.0772092399143,3.75916863742628,0.195334557639925,-3.01611904914563,-17.3020223776499,2.8647044673562,0.1509434,0.64444444,0.37755102,0.625,0.86206897,0.81081081,0.45918367,0.58333333,0.07070707,5,6,4,2,7,6,15,0.33333333,0.4,0.26666667,0.13333333,0.46666667,0.4,2.11472702016493,57,65.10002,44.06676,72.45578,20,52.19644,20,78.51037,28.86685,80,55.0548,47.71361,55.10715,42.65628,48.39293,37.68194,41.20404,50.17379,48.71075,33.84352,28.52613,71.82768,47.18641,46.64465,48.85302,0.30021,4.52741,72.84,104.58,76.38,109.28,57.48,65.36,72.72,124.84,104.14,118.36,105.04,122.14,104.086315789474,98.1757894736842,111.656842105263,77.46,95.44,88.3,79.08,161.36,126.4,101.372448979592,98.4865306122449,103.922040816327,0.08163265,0.17346939,0.02040816,0.36734694,0.19387755,0.13265306,0.03061224,92.2125015258789,89.1941205193015,84.6999969482422,92.6611124674479,77.8105276007401,70.969228891226,86.2999979654948,-4.82751321792603,0.303969158845789,-7.56215238571167,-10.2269456651476,5.21292837042558,7.67634817270132,-9.33350817362467,7.3622407913208,4.97043878891889,5.59682083129883,4.63158713446723,-0.034748375415802,-6.96200150709886,5.35521825154622,-0.408461824059486,0.186068553477526,0.057969942688942,1.26315302401781,0.720546532422304,-0.403292842209339,-0.527305539697409,-5.10577280074358,1.09452090280897,2.8984971344471,3.50875840004947,3.79235017064371,-3.10225263237953,-17.576851323247,0.11111111,0.60377358,0.37755102,0.4,0.875,0.81081081,0.54081633,20.64,0.02040816,0.13265306,0.09183673,0.17346939,0.03061224,0.36734694,0.18367347,86.1107940673828,71.2698458158053,92.4009874131944,89.1050522748162,85.8009033203125,92.9531589084201,77.6924031575521,-8.91681003570557,7.92926494891827,-3.97526762220595,1.08043412601247,-7.62987327575684,-9.63352796766493,6.11933771769206,3.63725996017456,-8.82571411132812,6.19743982950846,3.51355384377872,4.30310312906901,3.27162064446343,-1.78905296325684,-0.506258588284254,-0.403292842209339,-0.456783980131149,0.135281171649694,0.0369229912757874,1.24810150265694,0.819656070321798,-25.3129294142127,-3.10225263237953,-5.07537755701277,0.795771597939379,1.23076637585958,3.46694861849149,4.5536448351211,0.11627907,0.58181818,0.37755102,0.4,0.875,0.81081081,0.56122449,15,90.8541015625,15.1542714436849,1,0.06666667,106.118,4,0.26666667,"2024-08-23",0
"Chris Bassitt",12304,"2024-08-17","@CHC",14,2024,"TOR","A",35,0,1,5.4,1,1,0,0,0,0,0,0,5,21,5,3,3,1,2,0,0,0,0,5,9,3.6,9,2.5,0,0.5,3,6,3,0,0,2,1,0.23809524,0.0952381,0.14285714,4.37827556587231,1.8,0.263157894736842,1.4,0.307692307692308,0.71428571,4.96647977828979,0.433520221710205,4.18088986575603,135.786790949616,121.745921481685,102.164909590765,0.5,0.25,0.25,0.5,0,0.166666666,0,0,33,43,76,-0.0930519476532936,-0.452215969562531,0.359164029359818,-0.65500009059906,-0.0702036321163177,0.930836379528046,0.809679985046387,0.870000004768372,0.277599990367889,1,1,-0.0572442784905434,-0.0427216765363465,0,0,0.39473684,91.73333333,0.14473684,77.36363636,0.17105263,89.15384615,0.15789474,71.33333333,0.02631579,84.5,0.10526316,85.625,NA,-1.84483277797699,-0.332763165235519,0.231593787670135,0.289277583360672,-0.096498891711235,0.499549001455307,-6.14944259325663,-3.02511968395927,1.78149067438566,2.4106465280056,-4.82494458556175,6.24436251819134,0.17777778,0.64516129,0.36842105,0.25,0.9,0.71428571,0.40789474,0.61904762,0.10526316,6,5,3,3,5,6,14,0.42857143,0.35714286,0.21428571,0.21428571,0.35714286,0.42857143,6.13853953800847,45,42.41106,45.22378,49.65048,51.11592,50.38448,41.00957,20,37.3201,20,29.55084,41.02981,37.23871,41.17744,44.19463,38.58736,47.77157,30.02655,54.74766,42.77912,31.00848,53.58347,36.5243,39.31587,38.82602,0.96261,5.52101,80.74,92.4,85.22,93.48,90.08,88.5,72.28,84.94,70.88,96.16,74.1,81.68,106.872727272727,87.1836363636364,84.7745454545454,92.96,123.12,99.98,72.86,90.08,74.44,92.6247368421053,89.6360526315789,85.0976315789474,0.03947368,0.17105263,0.10526316,0.35526316,0.14473684,0.15789474,0.02631579,91.4000040690104,89.1384652944712,85.5500030517578,91.711109302662,77.3090931285511,71.3916676839193,84.5500030517578,-5.40856997172038,-1.37310908390925,-8.02448272705078,-9.31469783076534,6.62456096302379,8.47636795043945,-9.67913722991943,6.87513987223307,4.73044820932242,2.87576460838318,4.13037957085503,-0.96072413704612,-6.26453971862793,3.70384478569031,-0.105146113783121,0.231729447841644,0.545575339347124,-1.74950299412012,-0.341036319732666,0.290679026395082,-0.0984223820269108,-3.50487045943737,1.78253421416649,6.81969174183905,-6.47964071896341,-3.10033017938787,2.42232521995902,-4.92111910134554,0.15384615,0.59459459,0.36842105,0.16666667,0.86363636,0.71428571,0.48684211,19.76363636,0.02631579,0.15789474,0.02631579,0.15789474,0.10526316,0.38157895,0.14473684,84.5550003051758,71.4052530924479,91.1847991943359,88.9303894042969,85.5429534912109,91.7222353178879,77.3030672940341,-9.55179500579834,9.03204917907715,-4.23232507705688,-0.598273317019145,-7.942702293396,-8.83341085499731,7.43305691805753,2.42289996147156,-7.86846669514974,6.00418996810913,4.34043916066488,1.92342162132263,3.17151168297077,-2.33672280745073,-0.0984223820269108,0.290679026395082,-0.0700974091887474,0.252776399254799,0.545575339347124,-1.80559865012765,-0.341036319732666,-4.92111910134554,2.42232521995902,-3.50487045943737,2.10646999378999,6.81969174183905,-6.22620224181948,-3.10033017938787,0.19047619,0.58823529,0.36842105,0.25,0.9,0.71428571,0.44736842,14,88.3339233398438,15.249755859375,3,0.21428571,109.761,6,0.42857143,"2024-08-17",0
"Chris Bassitt",12304,"2024-08-11","OAK",14,2024,"TOR","H",35,0,1,15.75,1,1,0,0,0,0,0,0,4,22,8,7,7,2,2,0,1,0,0,5,11.25,4.5,18,2.5,0.4,0,5,8,1,0,2,0,0,0.22727273,0.09090909,0.13636364,4.44771461320631,4.5,0.421052631578947,2.5,0.5,0.48780488,9.41647977828979,6.33352022171021,5.94049659073353,396.04480693638,232.485165121319,145.939648344801,0.625,0.071428571,0.357142857,0.571428571,0,0.25,1,2.25,35,51,86,-0.406744003295898,-0.478379994630814,0.0716359913349152,-5.08410024642944,-0.537147402763367,0.386574983596802,0.33704999089241,0.870000004768372,0.102399997413158,1,1,-0.442043095827103,-0.61013053297691,0,0,0.52325581,91.77777778,0.11627907,78.1,0.10465116,89.11111111,0.18604651,71.25,0.04651163,84,0.02325581,83,NA,-1.57919526100159,-2.51973509788513,-1.07909119129181,0.788084328174591,0.00720781460404396,-0.096498891711235,-3.50932280222575,-25.1973509788513,-11.9899021254645,4.92552705109119,0.180195365101099,-4.82494458556175,0.28301887,0.57575758,0.39534884,0.73333333,0.89473684,0.82352941,0.38372093,0.68181818,0.06976744,6,5,3,0,6,8,14,0.42857143,0.35714286,0.21428571,0,0.42857143,0.57142857,6.89237205770838,15,54.82182,43.17098,54.78859,80,55.35042,77.23377,26.22212,46.24177,20,44.70124,36.40328,52.93924,52.18163,50.36534,42.15154,20,41.62154,20,50.50741,48.01349,44.94963,46.58323,41.46748,47.1319,0.33768,4.58361,79.44,88.98,72.3,95.32,142.56,133.5,82.92,64.72,35.14,97.3,89.7,93.68,107.873333333333,91.2288888888889,104.217777777778,80.4,23.26,20.44,81.78,122.12,109.92,94.0367058823529,91.7428235294118,89.7802352941177,0.06976744,0.10465116,0.02325581,0.45348837,0.11627907,0.18604651,0.04651163,90.9833374023438,88.9444444444444,82.9000015258789,91.8820487780449,78.0900024414063,71.125,84.1500015258789,-2.91001097361247,0.947782304551866,-8.18966388702393,-9.00855900691106,6.2431697845459,9.63222122192383,-9.929368019104,7.2623036702474,5.35596211751302,-1.67125391960144,4.33243423853165,-0.215973496437073,-6.72482061386108,3.51967287063599,-0.939570460468531,-1.10025804489851,-0.0984223820269108,-0.648223247379065,-2.53521187230945,0.795612324029207,0.00652171671390533,-15.6595076744755,-12.2250893877612,-4.92111910134554,-1.66211089071555,-25.3521187230945,4.97257702518255,0.163042917847633,0.23809524,0.54545455,0.39534884,0.6,0.875,0.79411765,0.51162791,19.37096774,0.04651163,0.18604651,0.05813953,0.11627907,0.02325581,0.45348837,0.11627907,84.1857986450195,71.1597900390625,91.3239196777344,89.0657592773437,82.9584045410156,91.9407489483173,78.1190307617187,-9.85297012329102,9.98796081542969,-2.64986000061035,1.12133874893188,-7.94999980926514,-8.79933518629808,6.8131477355957,2.18305015563965,-8.34408664703369,6.76614837646484,4.47776489257812,-3.12685489654541,3.20346382336739,-1.64694061279297,0.00652171671390533,0.795612324029207,-0.0798987485468388,-1.9599297568202,-0.0984223820269108,-0.648223247379065,-2.53521187230945,0.163042917847633,4.97257702518255,-1.59797497093678,-19.599297568202,-4.92111910134554,-1.66211089071555,-25.3521187230945,0.25,0.54761905,0.39534884,0.63636364,0.86956522,0.79411765,0.48837209,14,93.2530081612723,18.6333160400391,2,0.14285714,106.608,7,0.5,"2024-08-11",0
"Chris Bassitt",12304,"2024-08-06","BAL",14,2024,"TOR","H",35,1,0,2.57142857142857,1,1,1,0,0,0,0,0,7,25,3,2,2,1,2,0,0,0,0,9,11.5714285714286,2.57142857142857,3.85714285714286,4.5,0,0,7,6,1,0,0,0,0,0.36,0.08,0.28,2.72690188401489,1.28571428571429,0.130434782608696,0.714285714285714,0.153846153846154,0.83333333,3.30933692114694,-0.737908349718366,2.74820126933711,64.6603766426744,80.5075514585784,66.5230993306184,1.166666666,0.071428571,0.5,0.428571428,0,0.166666666,5,6.42857142857143,35,65,100,0.0400520153343678,-0.362143993377686,0.402195990085602,0.529899954795837,0.0559852011501789,0.78354400396347,0.929300010204315,0.870000004768372,3.03760004043579,1,1,0.162295639514923,-0.111179154503527,0,0,0.43,92.65116279,0.13,78.23076923,0.19,89.73684211,0.15,70.93333333,0.09,84.22222222,0.01,83,NA,0.889453589916229,0.802768170833588,-0.0972810685634613,0.1213688403368,0.318758726119995,-0.0373910665512085,2.06849672073542,6.17513977564298,-0.512005624018217,0.809125602245331,3.5417636235555,-3.73910665512085,0.3442623,0.64102564,0.46,0.61904762,0.84,0.73913043,0.39,0.72,0.12,5,7,2,1,5,8,14,0.35714286,0.5,0.14285714,0.07142857,0.35714286,0.57142857,2.4744170044051,68,43.144,44.40607,42.11614,39.70811,52.65291,39.2392,32.93846,27.42568,55.14312,46.46582,45.83294,33.84465,49.48651,53.84564,47.94328,38.37216,36.88207,47.29239,20,47.69534,20,41.79667,44.69318,36.53011,0.63505,5.02967,80.06,97.74,77.2,104.62,86.3,84.1,92.02,111.7,81.44,108.98,80.94,90.58,110.596923076923,90.4676923076923,96.6646153846154,92.44,91.84,80.76,94.44,53.28,14.22,101.7806,88.6214,86.1356,0.1,0.15,0.01,0.37,0.13,0.15,0.09,92.6200012207031,88.9666666666667,82.5999984741211,92.5702729096284,78.2153836763822,70.7666666666667,84.3888888888889,-4.8064826965332,-0.019953058163325,-8.429443359375,-10.2005186338682,7.60113994891827,10.0102783203125,-10.0362447102865,7.16977996826172,5.0225596110026,2.14016056060791,3.96349355336782,0.91545163668119,-7.93365936279297,4.20851177639431,0.948447071015835,-0.805032644420862,-0.0380783230066299,0.625509638339281,0.810694981366396,0.117793742567301,0.321778304874897,9.48447071015835,-5.36688429613908,-3.80783230066299,1.69056659010616,6.23611524127997,0.785291617115339,3.57531449860997,0.30769231,0.625,0.46,0.5625,0.83333333,0.73913043,0.48,19.93150685,0.09,0.15,0.08,0.15,0.01,0.39,0.13,84.4134657118056,70.7656412760417,92.8025360107422,88.9679280598958,82.6286010742188,92.5523650340545,78.2051673302284,-9.92084079318576,10.4075490315755,-3.76005387306213,0.459273687998454,-8.65184020996094,-9.77517778445513,8.52878042367789,2.83317099677192,-9.5676767985026,6.1679425239563,4.13561808268229,1.00949001312256,2.96154433030349,-0.678141960730919,0.321778304874897,0.117793742567301,1.07329170778394,-0.805032644420862,-0.0380783230066299,0.500665001571178,0.810694981366396,3.57531449860997,0.785291617115339,13.4161463472992,-5.36688429613908,-3.80783230066299,1.28375641428507,6.23611524127997,0.30612245,0.60784314,0.46,0.53333333,0.83870968,0.73913043,0.51,14,95.341788155692,10.2619890485491,2,0.14285714,112.022,7,0.5,"2024-08-06",0
"Chris Bassitt",12304,"2024-07-30","@BAL",14,2024,"TOR","A",35,0,1,11.25,1,1,0,0,0,0,0,0,4,20,9,5,5,1,1,0,0,0,0,3,6.75,2.25,20.25,3,0,0,6,8,2,0,0,0,0,0.15,0.05,0.1,4.92406908401489,2.25,0.473684210526316,2.5,0.533333333333333,0.58139535,5.6664797782898,5.5835202217102,5.44049659073353,282.8891478117,139.165577784548,133.500863549125,0.75,0.125,0.375,0.5,0,0.125,1,2.25,34,56,90,-0.273279935121536,-0.546480000019073,0.273200035095215,-3.13199996948242,-0.336774200201035,0.709217369556427,0.699000000953674,0.870000004768372,0.196000009775162,1,1,-0.346877872943878,-0.0384481876579039,0,0,0.46666667,93.21428571,0.12222222,80,0.21111111,91.52631579,0.12222222,72.18181818,0.03333333,84.66666667,0.04444444,84,NA,-1.02188801765442,0.129706859588623,-0.594751000404358,-0.81349766254425,-0.0332732163369656,-0.36284077167511,-2.433066708701,1.17915326898748,-3.13026842318083,-7.39543329585682,-1.10910721123219,-9.07101929187775,0.25490196,0.74358974,0.46666667,0.92307692,0.89655172,0.9047619,0.43333333,0.65,0.04444444,5,6,5,1,9,6,16,0.3125,0.375,0.3125,0.0625,0.5625,0.375,4.5197370077118,25,36.48034,43.82926,38.37922,80,55.23495,80,20,41.6405,20,34.07712,35.1653,44.23885,54.26314,45.85769,54.7096,63.63478,27.2519,68.24384,40.10644,46.03699,62.01248,48.74069,38.27452,57.04394,0.20365,4.38257,77.24,110.64,86.58,84.76,149.2,144.18,88.42,73.98,62.88,99.34,69.14,69.22,116.581818181818,122.82,121.678181818182,81.56,134.5,110.78,107.28,86.48,69.06,94.436,101.922222222222,93.5046666666667,0.08888889,0.21111111,0.04444444,0.37777778,0.12222222,0.12222222,0.03333333,93.5749969482422,91.5263157894737,84.125,93.1647087545956,79.8818192915483,72.1909068714489,85,-4.45783376693726,-1.71025185835989,-6.71346759796143,-8.98512537339154,5.7384296764027,8.94225103204901,-10.0383733113607,7.15292739868164,5.28871114630448,0.975626707077026,4.96788787841797,-1.08785386518999,-6.78502724387429,4.98404312133789,-0.551650565117598,-0.906663917005062,-0.368979439139366,-0.489069648087025,0.171704523265362,-0.826971873641014,-0.0342504903674126,-6.89563206396997,-4.77191535265822,-9.22448597848415,-1.43844014143243,1.56095021150329,-7.51792612400922,-1.14168301224709,0.19512195,0.69387755,0.46666667,0.875,0.91176471,0.9047619,0.54444444,20.82608696,0.03333333,0.12222222,0.12222222,0.17777778,0.04444444,0.37777778,0.12222222,84.892832438151,72.0370816317472,93.4708030007102,90.9848403930664,83.978271484375,93.0472340303309,79.7265458540483,-10.3069267272949,9.02538923783736,-3.76838718761097,-1.50986230373383,-6.98731517791748,-9.04335560518153,6.15896329012784,3.83340994517008,-8.19134660200639,6.60783247514205,4.3990044593811,0.284149706363678,4.05265987620634,-2.28540004383434,-0.0342504903674126,-0.826971873641014,-0.239787541329861,-1.2185269407928,-0.368979439139366,-0.489069648087025,0.171704523265362,-1.14168301224709,-7.51792612400922,-2.17988673936237,-7.61579337995499,-9.22448597848415,-1.43844014143243,1.56095021150329,0.175,0.7,0.46666667,0.85714286,0.91428571,0.9047619,0.55555556,16,90.77978515625,16.6614742279053,1,0.0625,109.858,7,0.4375,"2024-07-30",0
"Chris Bassitt",12304,"2024-07-25","TBR",14,2024,"TOR","H",35,0,1,5.4,1,1,0,0,0,0,0,0,5,23,5,3,3,1,1,0,2,0,0,6,10.8,1.8,9,6,0.333333333,0,3,7,4,1,1,0,0,0.26086957,0.04347826,0.21739131,3.63417520234006,1.8,0.25,1.2,0.307692307692308,0.75757576,5.1664797782898,0.233520221710205,4.68329154700041,135.786790949616,126.722966139646,114.663442378733,0.428571428,0.285714285,0.214285714,0.5,0.142857142,0.142857142,0,0,36,61,97,-0.121416002511978,-0.386041969060898,0.264625996351242,-0.605100035667419,-0.0639302805066109,0.677450001239777,0.696120023727417,0.870000004768372,0.407200008630753,1,1,-0.240931883454323,0.0617068450163877,0,0,0.45360825,91.97727273,0.1443299,76,0.21649485,88.9047619,0.09278351,70.22222222,0.09278351,85.33333333,NA,NA,NA,-0.415365815162659,0.290617406368256,1.14203572273254,-0.318974673748016,-1.81684827804565,NA,-0.94401321627877,2.07583861691611,5.43826534634545,-3.54416304164463,-20.1872030893962,NA,0.32786885,0.63888889,0.44329897,0.6,0.82608696,0.72093023,0.37113402,0.65217391,0.12371134,5,5,4,3,6,5,14,0.35714286,0.35714286,0.28571429,0.21428571,0.42857143,0.35714286,5.84336652622502,48,41.47432,50.99238,40.18122,80,55.75251,68.76199,38.74079,27.19533,65.40371,48.88893,48.30055,43.79918,42.25975,50.64105,37.53306,47.13874,36.35876,52.96027,NA,NA,NA,50.08271,46.00225,48.29212,0.12027,4.2575,48,141.26,123.86,108.64,142.96,160.02,93.32,112.52,74.06,106.84,89.86,92.78,121.674285714286,87.2185714285714,95.4614285714286,93.54,94.66,76.8,79.28,86.96,61.5,101.724742268041,98.5828865979382,94.6505154639175,0.05154639,0.21649485,0.05154639,0.40206186,0.1443299,0.09278351,0.04123711,91.4599975585938,88.8761916387649,84.6200012207031,91.9538449018429,75.8071463448661,70.2222222222222,85.8499984741211,-4.77330703735352,-0.262880325317383,-10.6009727478027,-11.2203165690104,8.85415867396763,9.18885887993707,-10.9948606491089,7.67210006713867,5.81497592017764,1.95760955810547,5.7908450395633,0.454313107899257,-9.37037913004557,4.87231349945068,0.116556316614151,1.19619586318731,-0.152344945818186,-0.54583503678441,0.292910281568766,-0.319821856915951,-1.67491972073913,2.33112633228302,5.69617077708244,-3.04689891636372,-1.39957701739592,2.09221629691975,-3.55357618795501,-41.8729930184782,0.21276596,0.66,0.44329897,0.5,0.78787879,0.72093023,0.51546392,19.13513514,0.03092784,0.09278351,0.05154639,0.21649485,0.05154639,0.41237113,0.1443299,84.4788004557292,70.1161227756076,91.3700988769531,88.772955031622,84.4976379394531,91.8042541503906,75.6854335239955,-11.2642339070638,10.6452026367188,-4.01983413696289,0.696756771632603,-9.54623413085938,-10.5688934326172,10.6882138933454,2.93811321258545,-11.6954778035482,6.89561233520508,4.8030028570266,0.184335589408875,4.58815803527832,-1.33748940059117,-1.63987101614475,-0.319821856915951,0.116556316614151,1.19619586318731,-0.152344945818186,-0.580883741378784,0.292910281568766,-54.6623672048251,-3.55357618795501,2.33112633228302,5.69617077708244,-3.04689891636372,-1.45220935344696,2.09221629691975,0.24,0.65957447,0.44329897,0.58333333,0.77419355,0.72093023,0.48453608,14,87.9236886160714,25.8520071847098,1,0.07142857,109.451,5,0.35714286,"2024-07-25",0
"Chris Bassitt",12304,"2024-07-19","DET",14,2024,"TOR","H",35,0,1,6.75000064373022,1,1,0,0,0,0,0,0,6.2,28,7,5,5,2,1,0,1,0,0,6,8.10000077247627,1.35000012874605,9.45000090122232,6,0,0,6,6,8,1,0,0,0,0.21428571,0.03571429,0.17857143,3.80661683562314,2.70000025749209,0.269230769230769,1.20000011444093,0.277777777777778,0.64516129,6.16648006439212,0.583520579338106,3.62728738783551,169.733504874069,151.608196549171,88.3926254203527,1,0.4,0.3,0.3,0.166666666,0.333333333,2,2.70000025749209,28,67,95,-0.284136027097702,-0.657245993614197,0.373109966516495,-1.74609994888306,-0.184479668736458,0.773200035095215,0.811657130718231,0.870000004768372,0.168600007891655,1,1,-0.164656892418861,-0.202823726050992,0,0,0.45263158,92.11627907,0.10526316,76,0.23157895,89.04545455,0.13684211,71.15384615,0.03157895,84,0.04210526,84.5,NA,-1.74759459495544,-0.0810781568288803,1.51130962371826,0.208040967583656,-1.42100858688354,0.161897376179695,-4.06417347664057,-0.810781568288803,6.86958919871937,1.60031513525889,-47.3669528961182,4.04743440449238,0.34042553,0.64583333,0.49473684,0.75,0.83870968,0.80851064,0.50526316,0.71428571,0.09473684,9,6,5,5,6,9,20,0.45,0.3,0.25,0.25,0.3,0.45,9.17993507955016,42,58.99948,44.63657,70.11112,41.96037,60.79932,30.71275,70.12972,27.50811,80,54.38237,40.94636,60.45755,67.86249,44.25419,60.78946,62.66445,33.79172,69.54407,50.66324,45.91815,20,59.33511,41.89425,65.21285,-0.45455,3.39527,76.54,114.42,98.76,93.72,60.34,70.08,80.48,129.22,99.04,103.46,92.86,95.58,111.176,127.736,128.56,84.96,131.82,106.72,94.32,88.44,78.76,96.6945263157895,102.746315789474,97.6433684210526,0.04210526,0.23157895,0.04210526,0.41052632,0.10526316,0.13684211,0.03157895,91.4000015258789,89.0772705078125,84.5749969482422,92.1487192007212,75.9099975585937,71.015385554387,84.0333353678385,-5.99613189697266,-1.00309727408669,-8.701735496521,-9.81042323968349,6.64339904785156,7.410278907189,-9.72582181294759,7.59597873687744,5.34489094127308,0.903066873550415,4.49441723945813,-1.13537130355835,-6.64306640625,4.41286818186442,-0.0443355776369572,1.51144943013787,0.162968534976244,-1.71945567429066,-0.0806383863091469,0.24927793443203,-1.42247409746051,-1.10838944092393,6.87022468244488,4.0742133744061,-4.40886070330938,-0.806383863091469,1.91752257255407,-47.4158032486836,0.31578947,0.61403509,0.49473684,0.75,0.82857143,0.80851064,0.6,19.55223881,0.03157895,0.13684211,0.04210526,0.22105263,0.04210526,0.42105263,0.10526316,83.8323974609375,70.8197537935697,91.6481018066406,88.7184186662946,84.3840255737305,91.9360229492188,75.7129638671875,-9.05732663472494,8.58225602370042,-4.14550733566284,-0.081245638075329,-7.78462982177734,-9.10299453735352,8.01714401245117,3.35039679209391,-8.34354283259465,6.87295770645142,4.47268531436012,-0.349185526371002,3.5580883026123,-2.39064998626709,-1.42247409746051,0.24927793443203,0.13533752784133,1.33177632465959,0.162968534976244,-1.71945567429066,-0.0806383863091469,-47.4158032486836,1.91752257255407,3.38343819603324,6.3417920221885,4.0742133744061,-4.29863918572664,-0.806383863091469,0.27027027,0.63793103,0.49473684,0.8,0.81081081,0.80851064,0.61052632,20,85.7777770996094,18.8470840454102,1,0.05,107.64,7,0.35,"2024-07-19",0
"Chris Bassitt",12304,"2024-07-10","@SFG",14,2024,"TOR","A",35,1,0,5.4,1,1,0,0,0,0,0,0,5,24,5,3,3,0,4,0,0,1,1,6,10.8,7.2,9,1.5,0.2,0,5,5,4,1,1,0,0,0.25,0.16666667,0.08333333,5.06902073997289,0,0.25,1.8,0.357142857142857,0.66666667,3.1664797782898,2.23352022171021,4.67848818451166,135.786790949616,76.9525195600348,114.543946394147,1,0.285714285,0.357142857,0.357142857,0.2,0,9,16.2,40,60,100,-0.157901987433434,-0.533634006977081,0.375732034444809,-0.629999935626984,-0.0669856444001198,1.08281481266022,0.800040006637573,0.870000004768372,0.27700001001358,1,1,-0.0691609606146812,-0.0766645171930208,0,0,0.47474747,92.80851064,0.1010101,80.8,0.21212121,90.61904762,0.14141414,71.5,0.06060606,84.66666667,0.01010101,84,0.01,1.0677946805954,0.346078157424927,-0.766907811164856,-0.803589224815369,-0.00651251524686813,0.054188709706068,2.27190357573489,3.46078157424927,-3.65194195792789,-5.73992303439549,-0.108541920781136,5.4188709706068,0.23728814,0.65,0.4040404,0.57142857,0.84615385,0.75,0.4040404,0.5,0.1,2,5,7,4,9,1,14,0.14285714,0.35714286,0.5,0.28571429,0.64285714,0.07142857,4.00687217622686,48,20,50.81042,20,20,53.92792,20,NA,NA,NA,43.48027,36.91193,53.77473,25.83976,40.77324,22.77864,31.78413,39.38388,30.61465,80,41.34937,80,31.95501,40.30057,33.33212,1.24648,5.94681,60.34,44.52,36.02,94.26,40.64,39.36,NA,NA,NA,93.54,97.9,98.78,105.484,69.612,64.944,86.9,92.14,70.26,78.42,112.28,89.74,91.2078787878788,82.5753535353535,76.7266666666667,NA,0.22222222,0.01010101,0.46464646,0.1010101,0.14141414,0.06060606,NA,90.7000011097301,84.0999984741211,92.7652216372283,80.7599975585938,71.3857160295759,84.7166646321615,NA,-1.08472806757147,-8.66378021240234,-9.09088068423064,4.65490913391113,7.7253908429827,-9.87225087483724,NA,5.75622038407759,-0.553880393505096,3.95311106806216,-0.0511804521083832,-6.91835239955357,2.95911248524984,NA,-0.496732376515865,0.054773960262537,0.837107136845589,0.348900590091944,-0.820473231375217,-0.0282303057610989,NA,-2.25787443870848,5.4773960262537,1.81979812357737,3.48900590091944,-5.86052308125155,-0.470505096018314,0.22,0.59183673,0.4040404,0.45454545,0.86206897,0.75,0.49494949,21.43243243,0.06060606,0.14141414,0.03030303,0.21212121,0.01010101,0.46464646,0.08080808,84.9551340738932,71.5989946637835,92.6744384765625,90.2570277622768,84.3364028930664,92.98828125,79.5576248168945,-9.88002014160156,8.05125209263393,-2.37829335530599,-0.359204701014927,-8.5438404083252,-8.91902359672215,5.97866630554199,2.05404233932495,-8.53114427839007,5.65941683451335,4.54956454322452,-1.85139000415802,2.86279396388842,-2.1150119304657,-0.0282303057610989,-0.820473231375217,0.345248237252235,-0.880058936774731,0.054773960262537,0.837107136845589,0.386978913098574,-0.470505096018314,-5.86052308125155,11.5082745750745,-4.19075684178443,5.4773960262537,1.81979812357737,4.83723641373217,0.2,0.6122449,0.4040404,0.4,0.86666667,0.75,0.49494949,14,81.7764718191964,14.5045591081892,1,0.07142857,110.453,4,0.28571429,"2024-07-10",0
"Chris Bassitt",12304,"2024-07-04","HOU",14,2024,"TOR","H",35,0,1,7.2,1,1,0,0,0,0,0,0,5,27,8,4,4,0,4,1,0,0,0,3,5.4,7.2,14.4,0.75,0,0,5,9,6,1,0,0,0,0.11111111,0.14814815,-0.03703704,6.82363306112062,0,0.347826086956522,2.4,0.4,0.66666667,4.3664797782898,2.8335202217102,7.08809490948915,181.049054599488,106.814787507801,174.489105382561,0.555555555,0.3,0.25,0.45,0.111111111,0,3,5.4,39,66,105,-0.176244005560875,-0.665979981422424,0.489735990762711,-1.60510003566742,-0.169582664966583,1.41745185852051,1.01200008392334,0.870000004768372,0.951000034809113,1,1,-0.18105049431324,0.056711876037461,0,0,0.44761905,92.19148936,0.14285714,79.66666667,0.23809524,89.36,0.07619048,70.625,0.0952381,83.3,NA,NA,0.03809524,0.240155160427094,-0.463049560785294,-0.657035231590271,-0.473736822605133,0.358549028635025,NA,0.510968426440624,-3.08699707190196,-2.62814092636108,-5.92171028256416,3.58549028635025,NA,0.27868852,0.63636364,0.42857143,0.82352941,0.96428571,0.91111111,0.41904762,0.59259259,0.03809524,4,8,8,4,14,2,20,0.2,0.4,0.4,0.2,0.7,0.1,5.57478575588262,36,52.84511,50.4933,60.38999,46.9023,52.89535,36.49218,NA,NA,NA,62.52035,38.01868,66.55986,44.11933,37.64167,46.3327,20,35.49261,20,NA,NA,NA,40.95792,40.0058,41.32185,0.68716,5.10783,72.54,119.04,94.48,73.6,102.42,94.14,NA,NA,NA,99.46,115.68,113.7,99.652,99.628,91.808,84.14,49.58,36.98,NA,NA,NA,91.3057142857143,96.9584761904762,88.9851428571429,NA,0.23809524,NA,0.44761905,0.14285714,0.07619048,0.0952381,NA,89.247998046875,NA,92.1851105385638,79.5799967447917,70.5250015258789,83.3099975585938,NA,-1.04114921569824,NA,-9.57504532185007,4.70351206461589,8.07583045959473,-9.89465637207031,NA,5.27059692382813,NA,4.90542959659658,0.0168264110883077,-6.38940334320068,4.62864456176758,NA,-0.674715481698513,NA,0.217636466026306,-0.449072107672691,-0.482742182910442,0.361459948122501,NA,-2.69886192679405,NA,0.463056310694268,-2.99381405115128,-6.03427728638053,3.61459948122501,0.2745098,0.57407407,0.42857143,0.78571429,0.96774194,0.91111111,0.51428571,21.41772152,0.0952381,0.07619048,0.00952381,0.22857143,NA,0.44761905,0.14285714,83.1503295898438,70.354850769043,93.1705017089844,88.9242045084635,NA,92.0469373337766,79.42353515625,-9.42967300415039,8.95828723907471,-2.76496005058289,-0.265906969706217,NA,-9.06705101500166,5.78357493082682,3.54283409118652,-7.86946392059326,7.02642011642456,4.58306439717611,NA,4.00899781572058,-1.24087219238281,0.361459948122501,-0.482742182910442,-0.0242429338395596,-0.650472547858953,NA,0.217636466026306,-0.449072107672691,3.61459948122501,-6.03427728638053,-2.42429338395596,-2.71030228274564,NA,0.463056310694268,-2.99381405115128,0.30188679,0.55769231,0.42857143,0.8125,0.96551724,0.91111111,0.4952381,20,84.4101684570312,23.0981246948242,1,0.05,104.498,7,0.35,"2024-07-04",0
"Chris Bassitt",12304,"2024-06-29","NYY",14,2024,"TOR","H",35,1,0,0,1,1,1,0,0,0,0,0,6,25,6,1,0,0,2,1,0,0,0,8,12,3,9,4,0.142857142,0,7,3,5,0,1,0,0,0.32,0.08,0.24,2.95127148401489,0,0.260869565217391,1.33333333333333,0.4,0.875,1.49981311162313,-1.49981311162313,2.25581731473406,0,35.4771474103591,54.2737832343166,2.333333333,0.333333333,0.466666666,0.2,0,0,8,12,29,66,95,0.237752005457878,-0.315441995859146,0.553193986415863,1.87389993667603,0.197982043027878,1.07067406177521,0.98199999332428,0.870000004768372,0.0986000001430511,1,1,0.0577480904757977,0.164310156703254,0,0,0.41489362,92.82051282,0.12765957,79.25,0.21276596,90.1,0.11702128,71.18181818,0.08510638,85.375,0.04255319,83.5,0.05263158,-0.48455747961998,-0.657954573631287,1.35269033908844,-0.467123687267303,0.300038516521454,-0.109702005982399,-1.24245507594867,-5.48295478026072,6.7634516954422,-4.2465789751573,3.75048145651817,-2.74255014955997,0.34042553,0.72340426,0.53191489,0.8125,0.85294118,0.84,0.5,0.64,0.08421053,6,7,2,4,6,5,15,0.4,0.46666667,0.13333333,0.26666667,0.4,0.33333333,2.99971580390315,64,58.3369,44.97928,67.55483,70.01149,51.71239,61.32143,80,20.07067,80,77.08151,44.25526,79.13668,35.88596,55.2717,40.92865,68.85174,36.34495,67.35169,20,47.94764,20,67.09521,44.56251,72.41891,-0.93665,2.67212,76.62,95.56,80.26,104.78,107.6,111.88,101.64,170.56,126.96,105.08,120.6,125.42,108.905,89.2833333333333,87.9533333333333,85.24,117.18,98.76,82.72,30.96,7.81999999999999,97.8285106382979,110.002127659574,104.58170212766,0.03191489,0.21276596,0.04255319,0.38297872,0.12765957,0.11702128,0.08510638,92.7000020345052,90.0200012207031,83.5,92.6861097547743,79.2749989827474,71.1363636363636,85.2249984741211,-3.97417322794596,-0.749619388580322,-7.95940208435059,-9.59700436062283,5.85701179504395,8.69140971790661,-9.87184047698975,7.00643666585286,4.91719970703125,-0.69985431432724,4.27811092800564,-0.139598806699117,-7.22815218838778,3.93629145622253,0.106332257390022,1.36812206357718,-0.111859545111656,-0.825518116354942,-0.669840797781944,-0.429853904992342,0.302896302193403,3.54440857966741,6.84061031788588,-2.7964886277914,-2.29310587876373,-5.58200664818287,-3.90776277265765,3.78620377741754,0.26829268,0.73584906,0.53191489,0.72727273,0.87179487,0.84,0.56382979,22.72463768,0.08510638,0.11702128,0.04255319,0.21276596,0.04255319,0.38297872,0.11702128,85.1477966308594,71.0477627840909,92.8408279418945,89.5612915039062,83.4361724853516,92.6131523980035,78.5450716885653,-9.58112621307373,9.06204986572266,-3.05152249336243,0.0391035556793213,-7.92510747909546,-9.25170474582248,6.6597075028853,2.70314955711365,-8.70367431640625,6.13311767578125,4.08578910827637,-1.95051074028015,3.21792369418674,-1.81401478160511,0.302896302193403,-0.429853904992342,0.0852853059768677,1.35412031039596,-0.111859545111656,-0.88889180123806,-0.634792093187571,3.78620377741754,-3.90776277265765,2.13213264942169,6.77060155197978,-2.7964886277914,-2.46914389232794,-5.7708372107961,0.275,0.72222222,0.53191489,0.72727273,0.87179487,0.84,0.57446809,15,89.2761637369792,9.51398315429688,1,0.06666667,110.319,6,0.4,"2024-06-29",0
"Chris Bassitt",12304,"2024-06-24","@BOS",14,2024,"TOR","A",35,0,0,2.57142857142857,1,1,1,0,0,0,0,0,7,26,5,2,2,1,1,0,1,0,0,2,2.57142857142857,1.28571428571429,6.42857142857143,2,0,0,9,10,3,4,0,0,0,0.07692308,0.03846154,0.03846154,5.6939006893636,1.28571428571429,0.208333333333333,0.857142857142857,0.19047619047619,0.89285714,5.30933692114694,-2.73790834971837,5.61220607289246,64.6603766426744,130.277998038189,137.772578141029,0.9,0.136363636,0.409090909,0.454545454,0.4,0.1,6,7.71428571428571,31,71,102,0.103323996067047,-0.44732004404068,0.550644040107727,1.8289999961853,0.176204234361649,0.975437045097351,0.921085715293884,0.870000004768372,0.667200028896332,1,1,0.0885251685976982,0.017400679294141,0,0,0.5,92.80392157,0.01960784,73.5,0.25490196,89.92307692,0.1372549,71.28571429,0.02941176,84.33333333,0.05882353,84.83333333,NA,2.20413374900818,0.320263266563416,0.151536345481873,-0.546239614486694,0.00968325510621071,-0.54879766702652,4.32183088040819,16.0131633281708,0.582832098007202,-3.90171153204782,0.322775170207024,-9.14662778377533,0.32692308,0.76,0.53921569,0.76470588,0.86842105,0.83636364,0.49019608,0.65384615,0.08823529,8,9,5,5,8,9,22,0.36363636,0.40909091,0.22727273,0.22727273,0.36363636,0.40909091,4.35120536925019,59,20,47.60019,20,80,56.91143,73.1525,20,21.28564,20,49.57574,34.44064,53.19692,80,65.6734,36.3475,24.58235,31.2915,28.50666,75.21766,46.85483,75.52112,50.42587,37.63728,48.06272,0.09895,4.22552,78.16,31.02,10.8,111.64,124.42,125.98,114.54,84.82,49.12,91.64,86.5,79.06,64.06,291.9,247.22,91.84,76.44,51.9,80.86,130.04,116.76,93.1035643564357,94.1558415841584,81.8176237623762,0.00980392,0.25490196,0.05882353,0.49019608,0.01960784,0.1372549,0.02941176,92.5,89.8307729867788,84.5833333333333,92.70599609375,73.5500030517578,71.4071437290737,84.4333292643229,-4.07431697845459,-1.08616124666654,-8.29044596354167,-9.61201721191406,9.32817840576172,7.47529438563756,-9.87680308024088,8.25671863555908,4.82123272235577,-0.631128072738647,4.16239288330078,-1.16138386726379,-7.92345482962472,4.27460829416911,-0.0380783230066299,0.189056351780891,-0.557750392705202,2.29053815826774,0.307547360658646,-0.512385576963425,0.00948407500982285,-3.80783230066299,0.72713981454189,-9.29583987842004,4.58107631653547,15.3773680329323,-3.65989697831018,0.316135833660761,0.29268293,0.70491803,0.53921569,0.75,0.86046512,0.83636364,0.59803922,21.98648649,0.02941176,0.1372549,0.00980392,0.25490196,0.05882353,0.49019608,0.01960784,84.1247965494792,71.0913914271763,92.2121963500977,89.5098689152644,84.2744496663411,92.414833984375,73.2557525634766,-10.1007766723633,7.97361864362444,-3.60121011734009,-0.864413041334886,-8.14374542236328,-9.50877014160156,10.1257848739624,3.54704984029134,-9.82946232386998,7.70838022232056,4.16014040433444,-1.82850154240926,3.19817962646484,-2.28611493110657,0.00948407500982285,-0.512385576963425,-0.0380783230066299,0.189056351780891,-0.557750392705202,2.29053815826774,0.307547360658646,0.316135833660761,-3.65989697831018,-3.80783230066299,0.72713981454189,-9.29583987842004,4.58107631653547,15.3773680329323,0.31111111,0.71929825,0.53921569,0.78571429,0.85365854,0.83636364,0.55882353,22,94.8626154119318,21.9736896861683,3,0.13636364,112.623,14,0.63636364,"2024-06-24",0
"Chris Bassitt",12304,"2024-06-18","BOS",14,2024,"TOR","H",35,0,0,3,1,1,1,0,0,0,0,0,6,26,7,2,2,0,2,0,0,0,0,6,9,3,10.5,3,0,0,10,4,4,1,0,0,0,0.23076923,0.07692308,0.15384615,3.61374683415776,0,0.291666666666667,1.5,0.388888888888889,0.77777778,2.1664797782898,0.833520221710204,3.17448538243771,75.4371060831201,52.0672962702293,77.1280120199656,2.5,0.222222222,0.555555555,0.222222222,0.25,0,3,4.5,34,65,99,0.074522040784359,-0.550761997699738,0.625284075737,0.873899936676025,0.0923296362161636,1.29898464679718,1.11753332614899,0.870000004768372,1.73000001907349,1,1,0.00774482684209943,0.0496246278070398,0,0,0.36363636,93.11111111,0.05050505,76.4,0.25252525,90.44,0.21212121,70.47619048,0.01010101,86,0.11111111,84.27272727,NA,0.756450235843658,-0.411706924438477,-0.541373074054718,0.470418184995651,0.0389156937599182,-0.0107226669788361,2.10125065512127,-8.23413848876953,-2.16549229621887,2.24008659521739,3.89156937599182,-0.0974787907166915,0.23529412,0.6875,0.45454545,0.83333333,0.81818182,0.82222222,0.48484848,0.61538462,0.08080808,5,3,10,4,7,7,18,0.27777778,0.16666667,0.55555556,0.22222222,0.38888889,0.38888889,2.6657787091628,57,80,51.9129,80,65.16089,45.99849,61.58676,60.81419,28.9164,80,39.62969,40.7527,45.85572,80,64.1866,53.93224,46.58114,36.01523,51.51572,50.93916,51.7857,55.56988,52.26034,42.43251,54.43141,-0.01502,4.05456,80.7,173.74,165,98.14,120.22,115.72,100.9,165.9,122.42,96.18,71.42,72.9,133.164,102.736,122.592,85.14,114.06,94.76,92.24,107.32,93.78,95.1292929292929,100.097575757576,93.7634343434343,0.02020202,0.25252525,0.11111111,0.34343434,0.05050505,0.21212121,0.01010101,92.6999969482422,90.43599609375,84.2727272727273,93.0999971277573,76.1,70.519048781622,85.8000030517578,-6.10928440093994,-1.73828125,-6.86732136119496,-9.92278693704044,8.36163940429688,9.3190198625837,-10.3031702041626,7.07028341293335,5.36479309082031,-1.76405733281916,4.86639628690832,-2.02491416931152,-7.20954313732329,4.76116466522217,0.427845686674118,-0.50610227137804,-0.0123137943446636,0.356573935598135,-0.415370911359787,0.472268532961607,0.039364367723465,21.3922843337059,-2.02440908551216,-0.111943584951487,1.04874686940628,-8.30741822719574,2.24889777600765,3.9364367723465,0.18918919,0.61290323,0.45454545,0.71428571,0.84210526,0.82222222,0.62626263,22.91780822,0.01010101,0.21212121,0.02020202,0.24242424,0.11111111,0.35353535,0.05050505,86.0779037475586,70.8027750651042,92.4992980957031,90.6670837402344,84.568192915483,93.4231863839286,76.3763427734375,-10.0270004272461,9.68616158621652,-4.42378520965576,-1.097784837087,-6.45747028697621,-9.39663521902902,9.08859405517578,3.89129996299744,-8.22477504185268,5.0464448928833,4.77296733856201,-2.6477406241677,4.07441755022321,-2.96614398956299,0.039364367723465,0.472268532961607,0.350456550717354,-0.681477598845959,-0.0123137943446636,0.609338399022818,-0.415370911359787,3.9364367723465,2.24889777600765,17.5228275358677,-2.83948999519149,-0.111943584951487,1.74096685435091,-8.30741822719574,0.11428571,0.640625,0.45454545,0.5,0.85365854,0.82222222,0.64646465,18,88.0728217230903,7.89925130208333,1,0.05555556,108.443,7,0.38888889,"2024-06-18",0
"Chris Bassitt",12304,"2024-06-12","@MIL",14,2024,"TOR","A",35,0,0,0,1,1,0,0,0,0,0,0,5,24,5,0,0,0,4,0,0,0,0,5,9,7.2,9,1.25,0.25,0,8,4,2,2,2,1,0,0.20833333,0.16666667,0.04166667,5.35457282793347,0,0.25,1.8,0.333333333333333,1,3.5664797782898,-3.5664797782898,4.77608650326729,0,86.9066088759569,116.971955360989,2,0.142857142,0.571428571,0.285714285,0.5,0,1,1.8,40,60,100,0.304464042186737,-0.337124019861221,0.641588091850281,2.49499988555908,0.256291717290878,1.52617597579956,1.1081600189209,0.920199990272522,1.57020008563995,1,1,0.0958842933177948,0.10361042224227,0,0,0.47,92.91489362,0.06,74.16666667,0.23,90.65217391,0.18,71.33333333,NA,NA,0.06,85,NA,-0.230461627244949,-0.325626254081726,0.233523279428482,0.148652613162994,NA,0.128292739391327,-0.490343887755211,-5.42710423469543,1.01531860621079,0.825847850905524,NA,2.13821232318878,0.19298246,0.72093023,0.42,1,0.80645161,0.85714286,0.43,0.625,0.06,7,7,1,5,5,5,15,0.46666667,0.46666667,0.06666667,0.33333333,0.33333333,0.33333333,2.89536285100303,56,NA,NA,NA,44.64935,50.96166,34.63618,80,20,80,54.02955,25.72671,59.40757,80,55.11623,80,32.25117,37.44087,35.45931,20,40.83093,20,48.59448,34.055,47.95449,0.21273,4.39619,NA,NA,NA,103.36,100.78,101.12,105.78,225.54,183.98,86.88,118.9,110.34,103.3,183.78,195.36,105.46,80.98,70.66,86,45.26,30.9,95.3256565656566,107.34202020202,100.527070707071,0.01,0.23,0.06,0.46,0.06,0.18,NA,95.4000015258789,90.604343580163,84.8166656494141,92.8152173913043,74.2000020345052,71.2388848198785,NA,-4.11605024337769,-0.620163337044094,-6.43165969848633,-9.13102523140285,8.84070650736491,8.6700676812066,NA,6.58844375610352,4.88461569081182,-0.100022047758102,4.37438268246858,-2.5798134803772,-7.59722646077474,NA,0,0.232634913176298,0.129303604364395,-0.246352467685938,-0.333554964512587,0.129063945263624,NA,0,1.01145614424477,2.15506007273992,-0.535548842795517,-5.55924940854311,0.717021918131245,NA,0.19230769,0.66666667,0.42,1,0.8125,0.85714286,0.48,22.27631579,NA,0.18,0.01,0.23,0.06,0.46,0.06,NA,71.0903930664062,95.2527008056641,90.45556640625,84.6901499430339,92.6909710427989,74.049799601237,NA,9.41335805257162,-3.75418996810913,-0.0782538652420044,-6.0020497639974,-8.77506554645041,9.74026489257812,NA,-9.27862294514974,5.96938991546631,4.21545642355214,-1.36119588216146,3.45536372972571,-3.95173994700114,NA,0.129063945263624,0,0.232634913176298,0.129303604364395,-0.246352467685938,-0.333554964512587,NA,0.717021918131245,0,1.01145614424477,2.15506007273992,-0.535548842795517,-5.55924940854311,0.19607843,0.65306122,0.42,1,0.8125,0.85714286,0.49,15,81.3722970145089,13.9335130964007,0,0,111.171,4,0.26666667,"2024-06-12",0
"Chris Bassitt",12304,"2024-06-07","@OAK",14,2024,"TOR","A",35,0,0,1.125,1,1,1,0,0,0,0,0,8,29,4,1,1,0,2,0,0,1,0,7,7.875,2.25,4.5,3.5,0,0,6,9,5,2,0,0,0,0.24137931,0.06896552,0.17241379,3.96753526714283,0,0.148148148148148,0.75,0.2,0.83333333,2.1664797782898,-1.0414797782898,3.8674892352894,28.28891478117,52.0672962702293,94.3682635963576,0.666666666,0.25,0.3,0.45,0.222222222,0,1,1.125,33,71,104,0.317779928445816,-0.375012040138245,0.692791938781738,2.62400007247925,0.287719279527664,1.1957733631134,1.2022500038147,0.870000004768372,2.20959997177124,1,1,0.347073554992676,-0.0813209146943329,0,0,0.46078431,92.80851064,0.1372549,76.21428571,0.10784314,89.90909091,0.18627451,71.42105263,0.03921569,85.25,0.06862745,84.57142857,0.01923077,1.90373170375824,0.563276827335358,1.27447307109833,0.561868071556091,-0.414977490901947,0.0660826340317726,4.05049298671966,4.02340590953827,11.5861188281666,2.95720037661101,-10.3744372725487,0.944037629025323,0.42372881,0.69767442,0.53921569,0.64,0.8,0.72727273,0.42156863,0.65517241,0.14423077,5,7,8,4,10,6,20,0.25,0.35,0.4,0.2,0.5,0.3,2.49625591552913,79,63.75444,50.18649,65.93887,72.71767,52.93841,72.95356,20,38.63219,20,70.13119,50.74004,71.77892,60.91924,62.44843,53.8149,35.67026,31.18357,40.70827,23.74551,45.68421,21.79002,63.232,49.2403,64.81633,-0.69664,3.03213,86.84,125.48,116.84,101.22,121.08,118,95.04,62.5,47.34,109.62,100,105.9,122.998571428571,105.878571428571,120.371428571429,96.36,106.74,73.94,87.1,79.12,64.42,105.422772277228,104.029306930693,102.20396039604,0.02941176,0.11764706,0.06862745,0.42156863,0.1372549,0.18627451,0.03921569,92.5666707356771,90.0666707356771,84.5571463448661,92.7325581395349,76.1142839704241,71.4578921669408,84.9250030517578,-5.236985206604,-1.29174955685933,-8.8945426940918,-10.6058725756268,7.37112917218889,8.06140618575247,-10.6931266784668,8.49812698364258,5.76461982727051,0.762026514325823,5.10507734431777,-0.0811123762811933,-7.72254381681743,4.08017492294312,0.190443206578493,1.5122864805162,0.0655837953090668,1.50969755277038,0.567777991294861,0.608748607337475,-0.421909566968679,6.34810688594977,12.602387337635,0.936911361558097,3.51092454132646,4.05555708067758,3.20394003861829,-10.547739174217,0.375,0.68518519,0.53921569,0.61111111,0.78378378,0.72727273,0.52941176,21.24324324,0.03921569,0.18627451,0.02941176,0.12745098,0.06862745,0.42156863,0.12745098,85.2939453125,71.8375501130757,92.9260050455729,90.0915245643029,84.8948713030134,93.0964185138081,75.7328632061298,-9.9292573928833,9.3022894608347,-4.20442008972168,-0.134035697350135,-7.83643123081752,-9.78054809570312,9.44087512676532,3.08832502365112,-9.45751069721423,7.59219678243001,4.74554619422326,-0.686730316707066,4.02197478538336,-1.85760512718788,-0.421909566968679,0.608748607337475,0.190443206578493,1.00299828872085,0.0655837953090668,1.68711404129863,1.03898787498474,-10.547739174217,3.20394003861829,6.34810688594977,7.71537145169882,0.936911361558097,3.92352102627588,7.99221442295955,0.34042553,0.70909091,0.53921569,0.625,0.76923077,0.72727273,0.53921569,20,84.2059631347656,20.7357986450195,1,0.05,102.28,5,0.25,"2024-06-07",0
"Chris Bassitt",12304,"2024-06-02","PIT",14,2024,"TOR","H",35,1,0,5.4,1,1,0,0,0,0,0,0,5,27,8,3,3,0,1,0,3,0,0,7,12.6,1.8,14.4,7,0,0,6,4,6,0,0,0,0,0.25925926,0.03703704,0.22222222,3.22375652133998,0,0.347826086956522,1.8,0.5,0.75,2.7664797782898,2.63352022171021,3.97608650326729,135.786790949616,66.9984302441126,97.0698996879082,1.5,0.375,0.375,0.25,0,0,4,7.2,37,63,100,-0.139080002903938,-0.728419959545135,0.589339971542358,-0.605099976062775,-0.0639302730560303,1.40559995174408,1.01200008392334,0.870000004768372,1.45380008220673,1,1,-0.111490741372108,0.0125436670417723,0,0,0.43,93.04651163,0.1,77.4,0.24,90.29166667,0.16,71.25,0.04,85.25,0.03,83.66666667,NA,-1.02502489089966,-0.226281464099884,1.60568404197693,-0.286091804504395,-0.889446079730988,-0.813312292098999,-2.38377881604572,-2.26281464099884,6.69035017490387,-1.78807377815247,-22.2361519932747,-27.1104097366333,0.30508475,0.6097561,0.43,0.66666667,0.84,0.76744186,0.41,0.62962963,0.1,4,6,6,3,7,6,16,0.25,0.375,0.375,0.1875,0.4375,0.375,4.83534383725748,49,39.40489,46.90881,34.38404,64.13419,51.00024,56.48866,20,56.53055,20,48.28101,44.447,52.88128,50.53258,47.61611,48.02861,34.59411,43.91371,43.38237,20,44.91984,20,41.34496,45.2559,41.49004,0.66312,5.07177,79.2,102.62,88.46,107.82,75.5,85.64,88.34,53.76,49.84,107.48,104.5,108.2,100.592,97.024,96.452,81.02,119.32,104.22,68.64,-110.72,-131.24,97.816,95.1226,93.3204,0.02,0.24,0.03,0.41,0.1,0.16,0.04,92.9499969482422,90.2750040690104,83.6000010172526,92.9853634717988,77.35,71.0687484741211,85.3000030517578,-3.55663108825684,-0.719267924626668,-7.3703982035319,-10.0152744200171,7.10757064819336,8.51771259307861,-9.76295471191406,8.56420135498047,4.93431917826335,2.44938135147095,4.8471649914253,-0.920796394348145,-7.91529273986816,4.33433723449707,-0.326956421136856,1.62420974671841,-0.826882299035788,-0.724958289414644,-0.231342904269695,-0.253871291875839,-0.899074353277683,-16.3478210568428,6.76754061132669,-27.5627433011929,-1.76819094979182,-2.31342904269695,-1.586695574224,-22.4768588319421,0.29787234,0.54716981,0.43,0.71428571,0.79310345,0.76744186,0.53,19.95833333,0.04,0.16,0.03,0.23,0.03,0.41,0.1,85.1298980712891,70.9088516235352,92.9595031738281,89.9736858865489,83.4584655761719,92.8362292778201,77.191357421875,-9.62058448791504,9.22083282470703,-2.59650007883708,-0.0191992935927018,-7.39798355102539,-9.55317129739901,7.90138626098633,3.23781514167786,-9.78148174285889,7.09062004089355,3.88834812330163,1.22340162595113,3.62054964391197,-2.52030181884766,-0.899074353277683,-0.253871291875839,-0.351199354976416,1.64845268055797,-0.826882299035788,-0.724958289414644,-0.231342904269695,-22.4768588319421,-1.586695574224,-11.7066451658805,7.16718556764333,-27.5627433011929,-1.76819094979182,-2.31342904269695,0.2826087,0.55555556,0.43,0.69230769,0.8,0.76744186,0.54,16,89.6256942749023,12.6052989959717,1,0.0625,117.188,8,0.5,"2024-06-02",0
"Chris Bassitt",12304,"2024-05-27","@CHW",14,2024,"TOR","A",35,1,0,0,1,1,0,0,0,0,0,0,5,22,5,0,0,0,0,0,1,0,0,7,12.6,0,9,7,0.25,0,4,7,3,1,1,0,0,0.31818182,0,0.31818182,2.57130553145981,0,0.238095238095238,1,0.357142857142857,1,0.966479778289795,-0.966479778289795,3.08329154700041,0,22.2050283224629,74.8593310325721,0.571428571,0.214285714,0.285714285,0.5,0.142857142,0,3,5.4,29,52,81,0.259696006774902,-0.167373985052109,0.427070021629333,2.48499989509583,0.256053566932678,0.998727262020111,0.974560022354126,0.870000004768372,1.04579997062683,1,1,0.136404678225517,0.123622274728204,0,0,0.44444444,91.44444444,0.08641975,77.14285714,0.24691358,89.05,0.14814815,70.33333333,0.04938272,83.25,0.02469136,83,NA,1.25946152210236,0.215271547436714,-0.795492470264435,0.165636271238327,0.153324350714684,-0.49976322054863,3.4985042280621,3.07530782052449,-3.97746235132217,1.38030226031939,3.83310876786709,-24.9881610274315,0.34782609,0.54285714,0.43209877,0.8125,0.57894737,0.68571429,0.43209877,0.5,0.13580247,8,1,5,3,7,4,14,0.57142857,0.07142857,0.35714286,0.21428571,0.5,0.28571429,1.41841017978081,66,80,20,20,80,20,20,NA,NA,NA,68.20516,27.42673,20,77.14342,25.63378,20,80,20,20,80,24.03044,20,80,20,20,-2.11211,0.90893,81.04,71.56,62.06,99.2,29.42,29.98,88.16,75.32,10.7,90.48,124.8,124.84,107.917142857143,119.56,126.231428571429,93.1,128.06,115.48,84.64,117.28,92.84,93.2866666666667,107.596049382716,103.296296296296,0.01234568,0.24691358,0.02469136,0.43209877,0.08641975,0.14814815,0.04938272,90.4000015258789,88.9450012207031,83.0999984741211,91.4742885044643,77.1714303152902,70.2083333333333,83.2750015258789,-4.24148464202881,0.547405815124512,-8.80194091796875,-9.44075404575893,6.24494770595006,7.91024462381999,-9.86237239837646,6.42931413650513,5.14696502685547,0.495239615440369,5.04132690429688,-0.921130112239293,-7.57722600301107,5.81823348999023,-0.0380783230066299,-0.813411355018616,-0.50737826526165,1.3156265988946,0.216421686112881,0.163652535527945,0.154342096298933,-3.80783230066299,-4.06705677509308,-25.3689132630825,3.75893313969885,3.09173837304115,1.36377112939954,3.85855240747333,0.275,0.58536585,0.43209877,0.81818182,0.625,0.68571429,0.50617284,17.88135593,0.04938272,0.14814815,0.01234568,0.24691358,0.02469136,0.43209877,0.08641975,83.6078796386719,70.5302327473958,90.7174987792969,89.2619018554688,83.4313507080078,91.8214634486607,77.4837123325893,-9.03871536254883,9.1463623046875,-3.66967010498047,1.46455230712891,-7.78030490875244,-8.67940325055804,7.36040006365095,4.81143999099731,-9.25260225931803,6.08090019226074,4.20637359619141,-0.940739929676056,3.88345903669085,-2.25027288709368,0.154342096298933,0.163652535527945,-0.0380783230066299,-0.813411355018616,-0.50737826526165,1.3156265988946,0.216421686112881,3.85855240747333,1.36377112939954,-3.80783230066299,-4.06705677509308,-25.3689132630825,3.75893313969885,3.09173837304115,0.28947368,0.55813953,0.43209877,0.81818182,0.625,0.68571429,0.5308642,14,84.4938441685268,21.2022966657366,1,0.07142857,103.244,2,0.14285714,"2024-05-27",0
"Chris Bassitt",12304,"2024-05-22","CHW",14,2024,"TOR","H",35,1,0,0,1,1,1,0,0,0,0,0,7,27,5,0,0,0,2,0,0,0,0,4,5.14285714285714,2.57142857142857,6.42857142857143,2,0.083333333,0,12,5,4,0,1,0,0,0.14814815,0.07407407,0.07407407,4.39729287177785,0,0.2,1,0.238095238095238,1,2.88076549257551,-2.88076549257551,3.9607714970197,0,69.8424557629475,96.6888995541918,2.4,0.19047619,0.571428571,0.238095238,0,0,9,11.5714285714286,37,70,107,0.124829925596714,-0.115027964115143,0.239857882261276,3.35290002822876,0.354241937398911,0.416718512773514,0.339742869138718,0.870000004768372,0.0162000004202127,1,1,0.203583911061287,0.0959706366018235,0,0,0.39252336,92.88095238,0.06542056,76.42857143,0.20560748,90.45454545,0.17757009,70.31578947,0.05607477,83.5,0.10280374,83.27272727,NA,0.935072898864746,0.124010995030403,0.467197805643082,0.991205632686615,0.033199567347765,-0.189483538269997,2.22636404491606,1.77158564329147,2.12362638928673,5.21687175098218,0.553326122462749,-1.72257762063633,0.30769231,0.5952381,0.42056075,0.85,0.92,0.88888889,0.39252336,0.59259259,0.04672897,6,8,7,8,7,6,21,0.28571429,0.38095238,0.33333333,0.38095238,0.33333333,0.28571429,3.20017814594288,71,37.31526,50.14594,36.15586,34.32145,42.51778,33.58626,20,32.101,20,69.73428,36.93146,71.192,20,44.59744,20,49.08277,37.57152,49.71883,57.37572,49.88935,66.90296,49.15028,39.45432,50.5881,0.1782,4.34439,81.14,93.82,81.72,106.3,77.94,80.1,104.54,81.76,65.68,100.86,118.6,122.98,93.9285714285714,69.7457142857143,65.7685714285714,91.96,116.46,94.88,95.3,102.28,88.16,98.0028037383178,103.299439252336,97.8100934579439,0.02803738,0.20560748,0.10280374,0.36448598,0.06542056,0.17757009,0.05607477,93.7333374023438,90.2863658558239,83.3545476740057,92.7384627904647,76.3857160295759,70.2631578947368,83.3999989827474,-6.40465037027995,-1.29762944308194,-9.16731262207031,-10.0036816719251,5.71395111083984,7.61626956337377,-9.69116719563802,8.0664914449056,5.22687738591974,0.682849840684371,5.36210436698718,-1.04029716764178,-7.84975875051398,4.55324459075928,-0.0731270276010036,0.470209162682295,-0.195719547569752,1.06104515492916,0.124420911073685,0.98322406411171,0.0326389372348785,-2.43756758670012,2.13731437582861,-1.77926861427047,2.72062860238246,1.77744158676692,5.17486349532479,0.543982287247976,0.27777778,0.56603774,0.42056075,0.86666667,0.9,0.88888889,0.4953271,19.45,0.05607477,0.18691589,0.03738318,0.18691589,0.10280374,0.37383178,0.05607477,83.4011535644531,70.3435424804688,93.4011459350586,89.9849304199219,83.367392800071,92.7963195800781,77.1842142740885,-9.79558817545573,7.70499267578125,-5.04805755615234,-0.972493934631348,-9.15270718661222,-9.82615585327148,6.10869153340658,3.64657656351725,-9.28135681152344,6.84220504760742,4.51563606262207,-0.56460766358809,4.44606475830078,-1.86943213144938,0.0326389372348785,1.15830528736115,-0.0718409828841686,0.46892311796546,-0.195719547569752,1.06104515492916,-0.0506603121757507,0.543982287247976,5.79152643680573,-1.79602457210422,2.3446155898273,-1.77926861427047,2.6526128873229,-0.844338536262512,0.26415094,0.57407407,0.42056075,0.85714286,0.90322581,0.88888889,0.5046729,21,81.2767799014137,9.19514973958333,0,0,106.521,6,0.28571429,"2024-05-22",0
"Chris Bassitt",12304,"2024-05-17","TBR",14,2024,"TOR","H",35,0,1,4.7647064169386,1,1,0,0,0,0,0,0,5.2,24,5,3,3,1,3,0,0,0,0,5,7.94117736156434,4.7647064169386,7.94117736156434,1.66666667,0.111111111,0,9,5,2,0,1,0,0,0.20833333,0.125,0.08333333,4.69057978377403,1.58823547231287,0.238095238095238,1.4117648642781,0.266666666666667,0.75757576,5.28412707470695,-0.519420657768348,4.32413438425326,119.81188780984,129.650645380428,105.728485068259,1.8,0.125,0.5625,0.3125,0,0.2,0,0,39,66,105,-0.0796420127153397,-0.555927991867065,0.476285964250565,-0.225099965929985,-0.0237823612987995,1.03905832767487,1.06666672229767,0.870000004768372,0.204799994826317,1,1,-0.158728718757629,0.0820804588918361,0,0,0.4368932,92.77777778,0.08737864,76.55555556,0.18446602,90,0.17475728,70.77777778,0.04854369,83,0.06796117,83.57142857,0.01904762,0.409558117389679,-1.4502067565918,0.887818992137909,-0.751910090446472,0.346033036708832,0.304899752140045,0.910129149754842,-16.1134084065755,4.67273153756794,-4.17727828025818,6.92066073417664,4.35571074485779,0.21568627,0.71153846,0.46601942,0.72727273,0.94594595,0.89583333,0.50485437,0.45833333,0.04761905,6,6,4,0,8,8,16,0.375,0.375,0.25,0,0.5,0.5,4.80956525343925,47,80,56.52845,80,67.13294,51.00519,59.13306,26.20543,32.46806,39.88057,41.65369,42.90175,45.44282,40.26858,55.54602,20,50.45134,37.55696,59.78842,54.02903,47.49762,50.71171,51.39075,44.2632,51.65974,0.03901,4.13561,85.7,153.66,147.52,100,99.96,109.98,80.38,46,22.94,112.28,88.7,98.02,112.96,81.16,77.3266666666667,91.06,115.14,94.92,101.2,76.82,62.8,102.996893203884,95.5739805825243,94.8236893203884,0.04854369,0.18446602,0.06796117,0.38834951,0.08737864,0.17475728,0.04854369,91.8799987792969,90.0157920435855,83.4428536551339,92.8,76.3222249348958,70.6777750651042,83.0799987792969,-5.73001327514648,-1.03679134971217,-7.66369955880301,-9.98030548095703,7.47537485758464,7.83013746473524,-10.1505340576172,7.15553970336914,4.97517154091283,-0.100509558405195,5.3255973815918,-2.1107554965549,-8.06630028618707,5.19536094665527,0.178035475313663,0.89774613827467,0.308546233922243,0.230333682149649,-1.41094131395221,-0.764944672584534,0.35009877756238,3.56070950627327,4.72497967512984,4.40780334174633,0.575834205374122,-15.6771257105801,-4.24969262546963,7.0019755512476,0.17073171,0.66129032,0.46601942,0.71428571,0.92682927,0.89583333,0.60194175,21.01234568,0.04854369,0.17475728,0.05825243,0.17475728,0.06796117,0.38834951,0.08737864,82.5175415039062,70.1120130750868,91.5894470214844,89.2602132161458,82.8648681640625,92.2622985839844,75.7520209418403,-9.63057022094727,9.06896124945747,-4.71564833323161,-0.173596726523505,-7.09106172834124,-9.39641265869141,8.87993876139323,3.83671798706055,-10.1549911499023,6.06487528483073,3.94918950398763,-1.5665864944458,4.0324104309082,-3.84971533881293,0.35009877756238,-0.764944672584534,0.178035475313663,0.89774613827467,0.308546233922243,0.131224151700735,-1.41094131395221,7.0019755512476,-4.24969262546963,2.96725792189439,4.98747854597039,4.40780334174633,0.328060379251838,-15.6771257105801,0.1875,0.70909091,0.46601942,0.77777778,0.92307692,0.89583333,0.53398058,16,91.6899185180664,2.27286601066589,2,0.125,106.943,9,0.5625,"2024-05-17",0
"Chris Bassitt",12304,"2024-05-08","@PHI",14,2024,"TOR","A",35,1,0,2.84210540581279,1,1,1,0,0,0,0,0,6.1,24,3,2,2,0,2,0,0,0,0,6,8.52631621743836,2.84210540581279,4.26315810871918,3,0,0,7,6,3,0,0,0,0,0.25,0.08333333,0.16666667,3.87112838625059,0,0.136363636363636,0.789473723836885,0.1875,0.6,2.21911130968553,0.622994096127252,3.65154039800471,71.4667356659027,53.3770436810967,88.9959813686367,1.166666666,0.1875,0.4375,0.375,0,0,4,5.68421081162557,36,67,103,0.106207966804504,-0.335866004228592,0.442073971033096,1.10199999809265,0.112852029502392,1.09116661548615,1.03322863578796,0.870000004768372,2.41000008583069,1,1,0.232913345098495,-0.135579019343683,0,0,0.45098039,91.82608696,0.12745098,76.15384615,0.14705882,89.4,0.1372549,70.21428571,0.09803922,83.5,0.03921569,83,0.00970874,0.271688461303711,0.78969019651413,0.537677705287933,0.966051280498505,-0.384895265102386,0.057784341275692,0.590627089790676,6.07453997318561,3.58451803525289,6.90036628927503,-3.84895265102386,1.4446085318923,0.28571429,0.80434783,0.51960784,0.5,0.83783784,0.73584906,0.45098039,0.58333333,0.13592233,5,10,1,3,10,3,16,0.3125,0.625,0.0625,0.1875,0.625,0.1875,2.33684934528219,67,55.49771,49.17948,62.94293,62.69875,51.26657,64.64701,38.0204,22.51417,60.06955,57.60519,35.0221,62.04897,51.8882,43.91669,48.45751,36.42211,32.83829,47.85293,45.6489,51.79331,54.29885,53.82118,38.42872,62.19659,-0.11198,3.90912,82.52,115.78,96.66,97.66,126.22,120.28,67.3,125.08,97.78,98.02,108.18,103.38,108.792307692308,106.387692307692,101.606153846154,91.24,107.46,83.46,105.38,107.88,94.14,95.8044,111.601,100.8936,0.04901961,0.15686275,0.03921569,0.39215686,0.12745098,0.1372549,0.09803922,91.2,89.5,83.0999984741211,91.8575012207031,76.1384605994591,70.2857142857143,83.3799987792969,-5.77580795288086,-0.75754326581955,-7.10296201705933,-9.52833862304687,7.25349308894231,7.23760604858398,-9.19651031494141,6.65392990112305,4.7244176864624,-1.31937885284424,4.91319580078125,-0.568690189948449,-7.25128773280552,4.74717063903809,-0.00912149995565414,0.511107448488474,0.0582801140844822,0.357849903404713,0.799526639282703,0.965528778731823,-0.392117936164141,-0.182429999113083,3.19442155305296,1.45700285211205,0.894624758511782,6.15020491755926,6.89663413379874,-3.92117936164141,0.27083333,0.74074074,0.51960784,0.46153846,0.825,0.73584906,0.52941176,21.14285714,0.09803922,0.1372549,0.04901961,0.14705882,0.03921569,0.40196078,0.12745098,83.997216796875,70.9197038922991,91.9724975585937,89.8976318359375,83.7308731079102,92.5021079458841,76.7629535381611,-8.9602897644043,7.57049724033901,-5.01524810791016,-0.141529782613118,-6.916259765625,-9.02068496331936,8.02235706035907,3.36315078735352,-8.93751416887556,6.24768409729004,3.69287338256836,-2.63191795349121,3.75962569073933,-2.12318185659555,-0.392117936164141,0.965528778731823,-0.0471998229622841,0.549185771495104,0.0582801140844822,0.347044132649899,0.799526639282703,-3.92117936164141,6.89663413379874,-0.943996459245682,3.66123847663403,1.45700285211205,0.846449104024143,6.15020491755926,0.29787234,0.70909091,0.51960784,0.35714286,0.87179487,0.73584906,0.53921569,16,87.1312789916992,16.7700233459473,1,0.0625,105.221,6,0.375,"2024-05-08",0
"Chris Bassitt",12304,"2024-05-01","KCR",14,2024,"TOR","H",35,0,1,4.5,1,1,1,0,0,0,0,0,6,24,4,3,3,0,1,0,1,0,0,4,6,1.5,6,4,0,0,10,6,1,1,0,1,0,0.16666667,0.04166667,0.125,4.10072908656739,0,0.181818181818182,0.833333333333333,0.222222222222222,0.5,2.83314644495646,1.66685355504354,4.34515485117833,113.15565912468,68.6574451300996,106.25142319703,1.666666666,0.058823529,0.588235294,0.352941176,0.166666666,0,0,0,31,62,93,-0.0744220316410065,-0.407263994216919,0.332841962575912,-0.126100063323975,-0.013322769664228,0.963808357715607,1.06666672229767,0.870000004768372,0.331000000238419,1,1,0.107888765633106,-0.185105393861357,0,0,0.5,93.93478261,0.07608696,75.28571429,0.13043478,90.75,0.16304348,71.66666667,0.06521739,86.66666667,0.06521739,85.66666667,0.01075269,-1.13989663124084,0.54184889793396,-0.0145415849983692,0.379208236932755,1.00115430355072,0.428841173648834,-2.4780361548714,7.74069854191371,-0.12117987498641,2.52805491288503,16.6859050591787,7.14735289414724,0.38888889,0.68421053,0.51086957,0.76190476,0.96153846,0.87234043,0.41304348,0.66666667,0.06451613,11,3,4,4,10,4,18,0.61111111,0.16666667,0.22222222,0.22222222,0.55555556,0.22222222,1.59515565583295,60,77.74951,48.71061,80,44.38566,54.59126,28.78684,43.08218,41.2129,53.2373,50.73773,45.23082,51.98703,59.51544,57.43992,60.74173,32.31579,40.48916,33.61826,38.10702,44.31196,42.98585,48.74555,45.03685,48.6217,0.20335,4.38212,79.2,134.82,125.2,94.4,76.6,79.88,95.36,118.14,95.92,113.48,86.54,99.22,113.68,117.54,124.74,92.54,107.14,95.26,89.16,92.94,85.18,101.027252747253,98.5824175824176,98.2285714285714,0.14130435,0.13043478,0.05434783,0.35869565,0.07608696,0.16304348,0.07608696,93.7153883713942,90.7083333333333,85.2200012207031,93.9333348129735,75.3571428571429,71.5333333333333,86.8714250837054,-4.0419200016902,-0.327009538809458,-7.58311920166016,-9.73756824840199,8.33005741664341,7.91517028808594,-10.2876347133092,7.80155768761268,5.34264437357585,0.843193244934082,5.28522514574455,-0.553884812763759,-7.77769521077474,4.66448320661272,-0.17435310408473,-0.0185388512909412,0.434083200991154,-0.979924492537975,0.590773843228817,0.362686645239592,1.01423373818398,-1.34117772372869,-0.15449042742451,8.68166401982307,-2.96946815920599,8.43962633184024,2.41791096826394,14.4890534026282,0.34090909,0.66666667,0.51086957,0.66666667,0.96875,0.87234043,0.52173913,21.41176471,0.06521739,0.16304348,0.15217391,0.11956522,0.06521739,0.35869565,0.07608696,86.3958536783854,71.2388753255208,93.4206019810268,90.1718084161932,85.3655395507812,93.6483265269886,75.0520542689732,-10.2221914927165,8.77556660970052,-3.37424223763602,0.364034912802956,-7.19089317321777,-9.2850517504143,9.50013296944755,3.01413377126058,-9.92235107421875,6.86384582519531,4.09772352738814,0.236484209696452,3.95040708599669,-2.14815752846854,1.01423373818398,0.362686645239592,-0.264149036258459,0.0712570808827877,0.434083200991154,-1.00097145140171,0.590773843228817,16.9038956363996,2.41791096826394,-1.88677883041757,0.647791644388979,7.23472001651923,-3.03324682242943,8.43962633184024,0.34042553,0.68888889,0.51086957,0.6875,0.96774194,0.87234043,0.48913043,18,83.6452564912684,4.60889030905331,1,0.05555556,107.803,4,0.22222222,"2024-05-01",0
"Chris Bassitt",12304,"2024-04-26","LAD",14,2024,"TOR","H",35,0,1,23.6250056326403,1,1,0,0,0,0,0,0,2.2,19,9,7,7,2,3,0,0,0,0,4,13.5000032186516,10.1250024139887,30.3750072419661,1.33333333,0,0,3,3,6,0,0,0,0,0.21052632,0.15789474,0.05263158,5.40150747379309,6.75000160932579,0.5625,4.50000107288386,0.7,0.54347826,13.2914821922785,10.3335234403618,5.24248973024874,594.067352041265,328.915465441962,128.57493409785,1,0.5,0.25,0.25,0,0.666666666,0,0,29,48,77,-0.362136006355286,-0.524967968463898,0.162831977009773,-5.98309993743896,-0.632128894329071,0.730321764945984,0.849533319473267,0.870000004768372,0.18860000371933,1,1,-0.511814057826996,0.0159558981265658,0,0,0.48051948,92.37837838,0.12987013,77.4,0.18181818,89.28571429,0.09090909,69.85714286,0.06493506,85,0.05194805,83.75,NA,-3.51754260063171,-0.802175521850586,-0.914277970790863,-0.31467217206955,0.372489750385284,-0.117474004626274,-9.50687189359923,-8.02175521850586,-6.53055693422045,-4.49531674385071,7.44979500770569,-2.93685011565685,0.14285714,0.54761905,0.36363636,0.8,0.86956522,0.85714286,0.54545455,0.73684211,0.05194805,4,5,3,1,7,4,12,0.33333333,0.41666667,0.25,0.08333333,0.58333333,0.33333333,16.1531765325161,2,80,48.72759,80,29.85738,43.41223,20,52.33282,38.47111,64.94999,57.68216,47.34292,63.20067,80,46.74262,74.27813,20,37.63795,23.55023,36.59524,58.57932,20,54.86692,44.37092,57.15102,-0.17695,3.81167,76.08,148.88,136.14,106.88,77.38,73.1,84.66,111.32,80.08,107.76,78.92,86.8,94.304,142.66,136.688,82.58,63.8,50.16,85.2,71.34,57.86,96.2067532467532,91.9896103896104,87.5651948051948,0.07792208,0.18181818,0.03896104,0.4025974,0.12987013,0.09090909,0.07792208,91.5166625976562,89.2142857142857,83.2999979654948,92.4322627898186,77.4799987792969,69.8857160295759,84.8166656494141,-3.73323504130046,-0.305708851133074,-7.72654151916504,-10.1204922583795,6.85550003051758,8.03016063145229,-10.8014806111654,7.15776761372884,5.68572725568499,-1.87557236353556,5.80368386545489,-0.680370378494263,-8.75121797834124,5.00135898590088,-1.32960566133261,-0.932011213153601,-0.185510016977787,-2.23035960644484,-0.795671679079533,-0.320537928491831,0.442313458770514,-22.1600943555435,-6.65722295109715,-6.1836672325929,-7.19470840788657,-7.95671679079533,-4.57911326416901,7.37189097950856,0.07142857,0.53061224,0.36363636,0.5,0.88461538,0.85714286,0.63636364,19.98275862,0.07792208,0.09090909,0.07792208,0.18181818,0.03896104,0.4025974,0.12987013,84.5842997233073,69.6423601422991,91.2754618326823,88.9726213727679,83.0649007161458,92.2044795866936,77.2356872558594,-10.1751594543457,8.74610137939453,-3.18185488382975,0.437102522168841,-7.23535664876302,-9.55575659967238,7.75805892944336,3.49433676401774,-10.8599428449358,6.11043485005697,4.51281002589634,-3.72821998596191,4.48011386009955,-2.3218355178833,0.442313458770514,-0.320537928491831,-1.32960566133261,-0.932011213153601,-0.185510016977787,-2.23035960644484,-0.795671679079533,7.37189097950856,-4.57911326416901,-22.1600943555435,-6.65722295109715,-6.1836672325929,-7.19470840788657,-7.95671679079533,0.09677419,0.54347826,0.36363636,0.66666667,0.88,0.85714286,0.5974026,12,86.7917277018229,9.49401982625326,1,0.08333333,107.624,5,0.41666667,"2024-04-26",0
"Chris Bassitt",12304,"2024-04-21","@SDP",14,2024,"TOR","A",35,0,1,3.37500020116569,1,1,0,0,0,0,0,0,5.1,23,6,4,2,1,3,0,0,0,0,4,6.75000040233138,5.06250030174853,10.1250006034971,1.33333333,0,0,5,6,5,1,0,0,0,0.17391304,0.13043478,0.04347826,5.49043229408018,1.68750010058284,0.3,1.68750010058284,0.333333333333333,0.65789474,5.791479934752,-2.41647973358631,5.05498934785334,84.8667494019626,142.276234589371,123.910380286404,0.833333333,0.3125,0.3125,0.375,0.166666666,0.166666666,2,3.37500020116569,37,56,93,-0.0246300306171179,-0.539566040039062,0.514936029911041,-0.118000030517578,-0.0128750680014491,1.16487205028534,1.0716667175293,0.870000004768372,2.84239983558655,1,1,-0.130007401108742,0.10886342172398,0,0,0.44086022,92.92682927,0.10752688,76.1,0.20430108,89.57894737,0.12903226,70.83333333,0.07526882,85.14285714,0.04301075,84.75,NA,-0.260673999786377,0.387811183929443,-0.783571481704712,0.197749346494675,-0.282427430152893,-0.394903481006622,-0.635790243381407,3.87811183929443,-4.1240604300248,1.64791122078896,-4.03467757361276,-9.87258702516556,0.25454545,0.71052632,0.44086022,0.71428571,0.92592593,0.85365854,0.40860215,0.52173913,0.06451613,5,8,3,3,10,3,16,0.3125,0.5,0.1875,0.1875,0.625,0.1875,7.44678612891578,39,44.52017,47.67354,53.26256,50.66201,53.04477,44.57352,20,45.47411,20,57.27143,52.04728,61.31511,61.96157,49.64723,49.29283,40.84693,42.11441,37.0609,20,46.27709,20,46.55452,49.00291,43.69014,0.33947,4.5863,64.68,39.12,20.16,100.02,91.38,92.58,136.06,94.24,88.4,110.92,103.54,115.66,107.264,123.084,131.056,98.66,92.88,83.84,100.88,31.5,31,102.986666666667,93.9438709677419,96.6464516129032,0.02150538,0.19354839,0.03225806,0.43010753,0.10752688,0.12903226,0.08602151,92.9499969482422,89.3055555555556,84.1333312988281,92.8174987792969,75.9400024414062,70.7666676839193,85.5250015258789,-2.11845517158508,0.698699686262343,-8.19597562154134,-10.0637382507324,7.77611083984375,7.29575856526693,-10.2575254440308,7.80939483642578,4.66452153523763,-0.896863698959351,5.13167228698731,-1.16902408599854,-8.44629605611165,4.99220657348633,0.158049866557121,-0.974953919649124,-0.136500705033541,-0.276459284126759,0.391486577689648,0.196915924549103,-0.557036485522985,7.90249332785606,-5.41641066471736,-4.55002350111802,-0.691148210316896,3.91486577689648,1.64096603790919,-6.96295606903732,0.2,0.62264151,0.44086022,0.5,0.93939394,0.85365854,0.56989247,19.31884058,0.07526882,0.12903226,0.02150538,0.19354839,0.04301075,0.43010753,0.10752688,85.2090890066964,70.7324574788411,92.9271469116211,89.2596367730035,84.9011459350586,92.7935546875,75.894140625,-9.20520128522601,8.67451858520508,-1.06431496143341,1.71838230556912,-7.56030988693237,-9.18791732788086,9.29665298461914,3.20540291922433,-10.6409962972005,6.97799491882324,3.59028837415907,-0.835344970226288,3.86054573059082,-3.05881481170654,-0.289824064821005,0.196915924549103,0.158049866557121,-0.974953919649124,-0.403713125735521,-0.276459284126759,0.391486577689648,-4.14034378315721,1.64096603790919,7.90249332785606,-5.41641066471736,-10.092828143388,-0.691148210316896,3.91486577689648,0.2,0.62264151,0.44086022,0.5,0.93939394,0.85365854,0.56989247,16,87.949577331543,16.4027881622314,1,0.0625,106.668,5,0.3125,"2024-04-21",0
"Chris Bassitt",12304,"2024-04-15","NYY",14,2024,"TOR","H",35,1,0,1.42105270290639,1,1,1,0,0,0,0,0,6.1,23,4,1,1,0,2,0,0,0,0,5,7.10526351453196,2.84210540581279,5.68421081162557,2.5,0,0,6,4,6,1,0,0,0,0.2173913,0.08695652,0.13043478,4.22207312529032,0,0.19047619047619,0.947368468604262,0.25,0.83333333,2.53490079922029,-1.11384809631389,3.48985352476641,35.7333678329514,61.2355356407427,84.9736049276428,1.5,0.375,0.375,0.25,0.25,0,3,4.26315810871918,35,62,97,0.248734027147293,-0.314431965351105,0.56316602230072,2.09990000724792,0.221859484910965,1.18913602828979,1.07545709609985,0.870000004768372,0.887199997901917,1,1,0.196415573358536,0.0127564820075944,0,0,0.35051546,93.38235294,0.17525773,79.58823529,0.20618557,89.4,0.16494845,71,0.04123711,85.75,0.06185567,85,NA,0.538879573345184,0.865487217903137,0.301886379718781,0.370720416307449,0.0495853312313557,0.122184664011002,1.58493992160348,5.09110128178316,1.5094318985939,2.31700260192156,1.23963328078389,2.03641106685003,0.20754717,0.61363636,0.39175258,0.81818182,0.92592593,0.89473684,0.45360825,0.56521739,0.04123711,5,5,6,1,9,6,16,0.3125,0.3125,0.375,0.0625,0.5625,0.375,4.47752527551081,67,20,48.91296,20,27.95837,45.29909,29.84354,26.6047,38.9001,34.31552,61.06255,35.37221,65.23435,66.34443,49.96536,65.15605,41.41514,42.52684,39.32389,35.36846,47.8478,40.40106,47.52917,42.44347,48.24557,0.27891,4.49546,86.14,68,56.86,96.92,73.3,75.22,101.32,88.98,66.62,104.16,103.58,106.48,96.5529411764706,124.188235294118,127.605882352941,88.22,91.18,83.04,103.46,91.36,83.1,97.1288659793814,96.5971134020619,94.9558762886598,0.03092784,0.21649485,0.05154639,0.30927835,0.17525773,0.16494845,0.05154639,94.0666707356771,89.4523809523809,84.6200012207031,93.286669921875,79.5176499310662,71.0812530517578,85.8,-4.52933279673258,0.318757556733631,-7.79987030029297,-9.60194905598958,6.47773114372702,8.21756649017334,-10.5438537597656,8.28830019632975,4.99155571347191,-0.335844278335571,5.37332153320312,-0.807728150311638,-7.95430278778076,3.85734176635742,-0.0626525953412056,0.496442925184965,0.143495786935091,0.452852334827185,0.915984228253365,0.373236577957869,0.0288512594997883,-2.08841984470685,2.36401392945222,2.86991573870182,1.50950778275728,5.38814251913744,2.33272861223668,0.577025189995766,0.14634146,0.57142857,0.39175258,1,0.875,0.89473684,0.57731959,20.84931507,0.04123711,0.16494845,0.03092784,0.21649485,0.06185567,0.30927835,0.17525773,85.3930511474609,70.789680480957,93.7793986002604,89.1590692429316,84.6253000895182,93.0165120442708,79.2265122357537,-10.4316301345825,9.02697658538818,-4.28579680124919,0.831232615879604,-7.53655179341634,-9.28209838867187,7.30142660701976,3.03209495544434,-9.99286270141602,7.26104990641276,3.98666636149089,-1.53766743342082,4.08475240071615,-2.41302624870749,0.0498982109129429,0.373236577957869,-0.0626525953412056,0.496442925184965,0.122448835521936,0.452852334827185,0.915984228253365,1.24745527282357,2.33272861223668,-2.08841984470685,2.36401392945222,2.04081392536561,1.50950778275728,5.38814251913744,0.16666667,0.56363636,0.39175258,1,0.87096774,0.89473684,0.56701031,16,91.8118286132812,8.84754467010498,2,0.125,108.891,8,0.5,"2024-04-15",0
"Chris Bassitt",12304,"2024-04-09","SEA",14,2024,"TOR","H",35,1,0,1.35000012874605,1,1,1,0,0,0,0,0,6.2,27,5,1,1,1,4,0,0,0,0,8,10.8000010299684,5.40000051498418,6.75000064373022,2,0,0,5,6,4,1,0,0,0,0.2962963,0.14814815,0.14814815,4.27577846775121,1.35000012874605,0.217391304347826,1.35000012874605,0.285714285714286,1,4.51647990703584,-3.1664797782898,3.92728741644575,33.9467009748137,110.547574205146,95.8558970095109,0.833333333,0.266666666,0.333333333,0.4,0.166666666,0.166666666,5,6.75000064373022,43,72,115,0.225960075855255,-0.177123948931694,0.40308403968811,2.13289999961853,0.225346013903618,0.642014801502228,0.687171459197998,0.870000004768372,0.391000002622604,1,1,0.00568674551323056,0.346267875044643,0,0,0.45217391,92.82692308,0.17391304,78.2,0.1826087,89.0952381,0.08695652,70.6,0.05217391,84.66666667,0.05217391,83,NA,-0.0876158773899078,-0.511586368083954,0.899506747722626,0.418910205364227,-0.128314942121506,0.516519129276276,-0.168492071903669,-2.55793184041977,4.28336546534584,4.18910205364227,-2.13858236869176,8.6086521546046,0.23728814,0.69642857,0.46086957,0.64285714,0.79487179,0.75471698,0.48695652,0.51851852,0.11304348,5,5,5,1,8,6,15,0.33333333,0.33333333,0.33333333,0.06666667,0.53333333,0.4,5.19391272432759,60,20,48.41072,20,80,46.67657,80,20,60.00274,20,58.38327,40.58722,58.03899,64.53332,45.80096,51.29116,20,45.31883,20,36.91635,52.67019,39.12752,51.46361,44.39396,46.64185,0.03448,4.12881,69.7,17.58,8.72,105.26,143.14,145.2,130.06,62.82,67.46,97.18,112.2,111.24,90.01,128.45,119.97,97.74,46.54,40.84,113.1,65.06,55.1,96.9925217391304,97.0420869565217,93.4356521739131,0.02608696,0.1826087,0.05217391,0.42608696,0.17391304,0.08695652,0.05217391,93.8333333333333,89.0619070870536,82.7666625976562,92.6448999521684,78.1650024414062,70.6,84.7000020345052,-2.28695424397786,0.848977134341285,-7.8153756459554,-9.70406045719069,6.84651184082031,8.1298583984375,-10.0427252451579,8.62921651204427,5.08738272530692,-0.307883361975352,5.8198908591757,-1.60589847564697,-8.26242980957031,4.57382520039876,-0.589591156691313,0.90912351757288,0.510691095143557,0.537524528801441,-0.524440612643957,0.423400141298771,-0.134452488273382,-19.6530385563771,4.3291596074899,8.51151825239261,1.09698883428866,-2.62220306321979,4.23400141298771,-2.24087480455637,0.17647059,0.6875,0.46086957,0.66666667,0.77272727,0.75471698,0.55652174,19.61363636,0.05217391,0.08695652,0.02608696,0.1826087,0.05217391,0.42608696,0.17391304,84.4281311035156,70.3296081542969,93.5925699869792,88.7967238653274,82.4853159586589,92.3916812818878,77.8916870117187,-10.0074151357015,8.56652374267578,-1.81427272160848,1.22705813816616,-7.56078020731608,-9.46682863819356,7.48311233520508,3.18153158823649,-10.2594680786133,7.72460683186849,3.99366287958054,-1.75725475947062,4.44759073062819,-3.40114707946777,-0.134452488273382,0.423400141298771,-0.589591156691313,0.90912351757288,0.510691095143557,0.537524528801441,-0.524440612643957,-2.24087480455637,4.23400141298771,-19.6530385563771,4.3291596074899,8.51151825239261,1.09698883428866,-2.62220306321979,0.16326531,0.68181818,0.46086957,0.75,0.75555556,0.75471698,0.57391304,15,90.4174886067708,20.1717732747396,1,0.06666667,107.113,6,0.4,"2024-04-09",0
"Chris Bassitt",12304,"2024-04-03","@HOU",14,2024,"TOR","A",35,0,1,8.30769291714103,1,1,0,0,0,0,0,0,4.1,24,9,4,4,1,3,0,0,0,0,3,6.23076968785577,6.23076968785577,18.6923090635673,1,0,0,5,8,5,1,0,0,0,0.125,0.125,0,6.23024470901489,2.07692322928526,0.428571428571429,2.76923097238034,0.470588235294118,0.75471698,6.85878774146359,1.44890517567744,6.65018786072424,208.902770632118,168.836427678341,163.595042302368,0.625,0.277777777,0.277777777,0.444444444,0.125,0.125,0,0,36,55,91,-0.0930739790201187,-0.536650002002716,0.443576037883759,-0.766999900341034,-0.0812930390238762,1.11513328552246,0.829280018806458,0.870000004768372,1.20580005645752,1,1,-0.329954385757446,0.246489942333079,0,0,0.45054945,92.29268293,0.14285714,79.15384615,0.17582418,88.6875,0.13186813,71.08333333,0.02197802,84,0.07692308,83.71428571,NA,-1.19744551181793,-0.0898392051458359,0.102667972445488,0.0008859783411026,0.0151102766394615,-1.65612924098969,-2.92059880931203,-0.691070808814122,0.6416748277843,0.00738315284252167,0.755513831973076,-23.6589891569955,0.25454545,0.55555556,0.37362637,0.78571429,1,0.91176471,0.3956044,0.625,0.03296703,5,9,4,1,10,7,18,0.27777778,0.5,0.22222222,0.05555556,0.55555556,0.38888889,7.35523105366511,26,47.72706,56.88414,58.61105,20,57.8922,20,20,49.83931,20,64.37384,44.9021,66.95547,64.28122,41.73983,67.07503,34.88975,45.19511,40.87778,38.41413,52.57231,44.27509,49.81712,47.03518,53.98236,0.13677,4.28225,86.16,90.02,81.48,114.94,76.24,78.92,70.88,57.42,46.9,98.06,123.18,128.7,103.557142857143,109.102857142857,109.962857142857,95.58,100.3,95.78,72.26,90.72,84.54,97.8793406593407,106.381978021978,107.594065934066,0.02197802,0.16483516,0.07692308,0.42857143,0.15384615,0.13186813,0.02197802,93.1500015258789,88.8799967447917,83.6285749162946,92.1384590344551,79.5214320591518,71.125,83.9499969482422,-3.73416614532471,0.863618342081706,-7.15384456089565,-10.076164832482,6.24137932913644,7.73433748881022,-10.0545387268066,8.11808776855469,5.21927337646484,-1.00018419538225,6.18628125313001,-0.595402785709926,-8.51740010579427,6.49909114837646,-0.134158242493868,0.175518903881311,-1.67689139023423,-1.02933048084378,-0.127074725925922,-0.00131453573703766,0.0151214338839054,-6.70791212469339,1.17012602587541,-23.9555912890605,-2.63930892524047,-0.907676613756589,-0.0109544644753138,0.756071694195271,0.14285714,0.57142857,0.37362637,0.5,1,0.91176471,0.53846154,19.63636364,0.02197802,0.13186813,0.02197802,0.16483516,0.07692308,0.42857143,0.15384615,84.3242034912109,71.538335164388,93.5253448486328,89.2778238932292,84.0457850864955,92.5580491286058,79.9354335239955,-9.49847984313965,8.60401026407878,-3.08520984649658,1.46415468851725,-6.61305291312082,-9.61910619491186,6.96642793927874,4.69652509689331,-10.7117538452148,6.91032981872559,4.12518590291341,-2.37324387686593,4.73637859637921,-2.15250750950405,0.0151214338839054,-0.00131453573703766,-0.134158242493868,0.175518903881311,-1.67689139023423,-1.02933048084378,-0.127074725925922,0.756071694195271,-0.0109544644753138,-6.70791212469339,1.17012602587541,-23.9555912890605,-2.63930892524047,-0.907676613756589,0.19047619,0.53061224,0.37362637,0.625,1,0.91176471,0.53846154,18,89.6536593967014,24.5751647949219,2,0.11111111,109.526,7,0.38888889,"2024-04-03",0
"Chris Bassitt",12304,"2024-03-29","@TBR",14,2024,"TOR","A",35,0,1,7.2,1,1,0,0,0,0,0,0,5,24,6,5,4,1,2,0,1,0,0,6,10.8,3.6,10.8,3,0.2,0,10,4,1,0,2,0,0,0.25,0.08333333,0.16666667,3.44083324635239,1.8,0.285714285714286,1.6,0.357142857142857,0.52631579,5.1664797782898,2.03352022171021,3.77608650326729,181.049054599488,126.722966139646,92.0943857696381,2.5,0.066666666,0.666666666,0.266666666,0,0.25,1,1.8,32,63,95,-0.327678024768829,-0.5381960272789,0.21051798760891,-2.74000000953674,-0.300933539867401,0.823741674423218,0.71424001455307,0.870000004768372,0.134199991822243,1,1,-0.0797175541520119,-0.318074660255823,0,0,0.49473684,91.68085106,0.13684211,76.23076923,0.17894737,88.76470588,0.13684211,69.61538462,0.04210526,83.25,0.01052632,82,NA,-0.153776556253433,0.173702612519264,-1.66278171539307,-0.0225107260048389,0.00450797751545906,0.193908214569092,-0.327184162241347,1.33617394245588,-9.78106891407686,-0.173159430806453,0.112699437886477,19.3908214569092,0.33333333,0.56818182,0.44210526,0.70588235,0.88,0.80952381,0.46315789,0.83333333,0.08421053,5,9,1,2,9,4,15,0.33333333,0.6,0.06666667,0.13333333,0.6,0.26666667,3.92011910452355,38,80,59.82369,80,20,54.46093,20,NA,NA,NA,69.98314,52.27634,68.86369,57.47492,50.93276,59.53567,45.30668,37.74645,54.16435,80,73.47506,80,60.01547,49.91965,62.5503,-0.49681,3.33188,86.1,141.24,120.08,90.98,28.9,29.8,NA,NA,NA,108.46,102.4,109.32,109.636923076923,114.284615384615,116.164615384615,86.82,101.3,78.48,114.02,206.66,206.88,101.473684210526,96.5044210526316,95.3362105263158,NA,0.17894737,0.01052632,0.49473684,0.13684211,0.13684211,0.04210526,NA,88.6470588235294,81.9000015258789,91.5957446808511,76.1692317082332,69.5846135066106,83.1750030517578,NA,0.0553059928557452,-9.44762802124023,-10.7948569439827,7.35883976862981,9.00281818096454,-11.4439601898193,NA,6.25947256649242,-2.92461323738098,6.22517167760971,-1.63660973768968,-9.62413377028245,6.56141567230225,NA,-1.67101320251822,0.196128189563751,0.915639761835337,0.175247952342033,0.000430461019277573,0.00431566312909126,NA,-9.82948942657779,19.6128189563751,1.94816970603263,1.3480611718618,0.00331123860982748,0.107891578227282,0.34883721,0.51923077,0.44210526,0.66666667,0.88888889,0.80952381,0.54736842,19.98591549,0.04210526,0.13684211,NA,0.17894737,0.01052632,0.49473684,0.13684211,83.5214004516602,69.9138324444111,NA,88.9715217141544,82.1755981445312,91.9176051363032,76.4727924053486,-10.9549446105957,9.55774688720703,NA,0.597735741559197,-8.83613967895508,-10.2978515625,8.27784611628606,4.61343240737915,-11.6290447528546,NA,4.91890357522403,-4.79226016998291,4.78786971721243,-3.41885522695688,0.00431566312909126,0.000430461019277573,NA,-1.67101320251822,0.196128189563751,0.915639761835337,0.175247952342033,0.107891578227282,0.00331123860982748,NA,-9.82948942657779,19.6128189563751,1.94816970603263,1.3480611718618,0.28205128,0.55357143,0.44210526,0.63636364,0.87096774,0.80952381,0.58947368,15,91.2977620442708,1.16948712666829,2,0.13333333,111.043,8,0.53333333,"2024-03-29",0
