"PlayerName","playerid","Date","Opp","teamid","season","Team","HomeAway","Age","W","L","ERA","G","GS","QS","CG","ShO","SV","HLD","BS","IP","TBF","H","R","ER","HR","BB","IBB","HBP","WP","BK","SO","K/9","BB/9","H/9","K/BB","IFH%","BUH%","GB","FB","LD","IFFB","IFH","BU","BUH","K%","BB%","K-BB%","SIERA","HR/9","AVG","WHIP","BABIP","LOB%","FIP","E-F","xFIP","ERA-","FIP-","xFIP-","GB/FB","LD%","GB%","FB%","IFFB%","HR/FB","RS","RS/9","Balls","Strikes","Pitches","WPA","-WPA","+WPA","RE24","REW","pLI","inLI","gmLI","exLI","Pulls","Games","WPA/LI","Clutch","SD","MD","FB%1","FBv","SL%","SLv","XX%","wFB","wSL","wFB/C","wSL/C","O-Swing%","Z-Swing%","Swing%","O-Contact%","Z-Contact%","Contact%","Zone%","F-Strike%","SwStr%","Pull","Cent","Oppo","Soft","Med","Hard","bipCount","Pull%","Cent%","Oppo%","Soft%","Med%","Hard%","tERA","pb_o_FF","pb_s_FF","pb_c_FF","pb_o_SI","pb_s_SI","pb_c_SI","pb_o_SL","pb_s_SL","pb_c_SL","pb_overall","pb_stuff","pb_command","pb_xRV100","pb_ERA","sp_s_CH","sp_l_CH","sp_p_CH","sp_s_CU","sp_l_CU","sp_p_CU","sp_s_FF","sp_l_FF","sp_p_FF","sp_s_SI","sp_l_SI","sp_p_SI","sp_s_SL","sp_l_SL","sp_p_SL","sp_stuff","sp_location","sp_pitching","pfxFA%","pfxSI%","pfxSL%","pfxCU%","pfxCH%","pfxvFA","pfxvSI","pfxvSL","pfxvCU","pfxvCH","pfxFA-X","pfxSI-X","pfxSL-X","pfxCU-X","pfxCH-X","pfxFA-Z","pfxSI-Z","pfxSL-Z","pfxCU-Z","pfxCH-Z","pfxwFA","pfxwSI","pfxwSL","pfxwCU","pfxwCH","pfxwFA/C","pfxwSI/C","pfxwSL/C","pfxwCU/C","pfxwCH/C","pfxO-Swing%","pfxZ-Swing%","pfxSwing%","pfxO-Contact%","pfxZ-Contact%","pfxContact%","pfxZone%","pfxPace","piCU%","piFA%","piSI%","piSL%","pivCU","pivFA","pivSI","pivSL","piCU-X","piFA-X","piSI-X","piSL-X","piCU-Z","piFA-Z","piSI-Z","piSL-Z","piwCU","piwFA","piwSI","piwSL","piwCU/C","piwFA/C","piwSI/C","piwSL/C","piO-Swing%","piZ-Swing%","piSwing%","piO-Contact%","piZ-Contact%","piContact%","piZone%","Events","EV","LA","Barrels","Barrel%","maxEV","HardHit","HardHit%","gamedate","dh"
"Eduardo Salazar",23135,"2024-09-27","PHI",24,2024,"WSN","H",26,0,0,0,1,0,0,0,0,0,0,0,1,3,0,0,0,0,0,0,0,0,0,1,9,0,0,1,0,0,2,0,0,0,0,0,0,0.33333333,0,0.33333333,-0.694826464786218,0,0,0,0,1,1.1664797782898,-1.1664797782898,1.1664797782898,0,29.8148850050895,29.9783111930123,2,0,1,0,0,0,1,9,2,7,9,0.00479198945686221,0,0.00479198945686221,0.49099999666214,0.0509864985942841,0.0578666664659977,0.105200000107288,0.105200000107288,0.0284000001847744,1,1,0.0886204168200493,-0.00580953882212673,0,0,0.88888889,94.875,0.11111111,87,NA,0.517313480377197,0.173169538378716,6.46641850471497,17.3169538378716,0.6,0.75,0.66666667,1,1,1,0.44444444,0.66666667,0,1,1,0,1,0,1,2,0.5,0.5,0,0.5,0,0.5,-0.215703112487714,72.49858,39.76073,75.93311,46.50894,47.73388,46.67907,26.17749,42.79112,33.34537,53.77257,40.32913,56.44362,-0.10896,3.91365,NA,NA,NA,NA,NA,NA,103.18,148.2,109.72,88.88,111.94,112.28,95.86,80.06,80.1,92.8333333333333,116.455555555556,108.135555555556,0.22222222,0.66666667,0.11111111,NA,NA,95.9499969482422,94.5833333333333,87.3000030517578,NA,NA,-6.82562685012817,-9.39310582478841,2.47174739837646,NA,NA,8.54747581481934,2.79618199666341,-1.72201120853424,NA,NA,0.23420649766922,0.289117116481066,0.175375327467918,NA,NA,11.710324883461,4.81861860801776,17.5375327467918,NA,NA,0.66666667,0.66666667,0.66666667,1,1,1,0.66666667,22.16666667,NA,0.22222222,0.66666667,0.11111111,NA,96.5988464355469,95.1908976236979,87.8796997070312,NA,-6.60712003707886,-9.35799789428711,2.65799999237061,NA,7.63930988311768,2.03780873616536,-2.59606003761292,NA,0.23420649766922,0.289117116481066,0.175375327467918,NA,11.710324883461,4.81861860801776,17.5375327467918,0.5,0.8,0.66666667,1,1,1,0.55555556,2,91.9268646240234,-17.1120204925537,0,0,103.086,1,0.5,"2024-09-27",0
"Eduardo Salazar",23135,"2024-09-25","KCR",24,2024,"WSN","H",26,0,0,18,1,0,0,0,0,0,0,0,0,3,3,2,2,0,0,0,0,0,0,0,0,0,27,0,0.5,0,2,0,1,0,1,0,0,0,0,0,NA,0,1,3,1,0.33333333,3.1664797782898,14.8335202217102,3.1664797782898,439.378481443274,77.8828542400936,78.3097583844777,2,0.333333333,0.666666666,0,0,0,0,0,3,5,8,-0.220167979598045,-0.220167979598045,0,-2.37800002098083,-0.246936663985252,1.28733336925507,0.962000012397766,0.962000012397766,0.650400042533875,1,1,-0.163981810212135,-0.00704458035323063,0,1,0.625,93.8,0.375,86,NA,-0.925784885883331,-0.760244190692902,-18.5156977176666,-25.3414730230967,0,0.6,0.375,NA,1,1,0.625,0.33333333,0,1,2,0,0,1,2,3,0.33333333,0.66666667,0,0,0.33333333,0.66666667,6.23235653852924,NA,NA,NA,42.35465,61.92492,35.9697,20,51.00527,20,32.80304,57.72087,24.92779,1.19379,5.86778,NA,NA,NA,NA,NA,NA,NA,NA,NA,112.32,99.58,119.92,80.54,81.9,75.14,100.4025,92.95,103.1275,NA,0.625,0.375,NA,NA,NA,93.6200012207031,85.8333333333333,NA,NA,NA,-9.92420043945313,2.95807997385661,NA,NA,NA,2.40230922698975,1.30326620737712,NA,NA,NA,-0.940571766346693,-0.767381336539984,NA,NA,NA,-18.8114353269339,-25.5793778846661,NA,NA,0,0.6,0.375,NA,1,1,0.625,17,NA,NA,0.625,0.375,NA,NA,94.0480590820312,86.2510681152344,NA,NA,-9.83998031616211,3.22250016530355,NA,NA,1.39193620681763,0.425774335861206,NA,NA,-0.940571766346693,-0.767381336539984,NA,NA,-18.8114353269339,-25.5793778846661,0,0.6,0.375,NA,1,1,0.625,3,102.885904947917,6.45799191792806,0,0,111.992,2,0.66666667,"2024-09-25",0
"Eduardo Salazar",23135,"2024-09-22","@CHC",24,2024,"WSN","A",26,0,0,0,1,0,0,0,0,0,0,0,1,3,1,0,0,0,0,0,0,0,0,1,9,0,9,1,0,0,1,1,0,0,0,0,0,0.33333333,0,0.33333333,1.87828464271067,0,0.333333333333333,1,0.5,1,1.1664797782898,-1.1664797782898,2.67848818451166,0,29.8148850050895,66.5170884121943,1,0,0.5,0.5,0,0,0,0,7,11,18,0.00265202997252345,-0.00237601040862501,0.00502804014831781,0.468999981880188,0.0502679534256458,0.0581599958240986,0.0443999990820885,0.0443999990820885,0.0199999995529652,1,1,0.0275660995393991,0.0180327684616295,0,0,0.5,94.66666667,0.5,86.77777778,NA,0.208182841539383,-0.228145629167557,2.31314268377092,-2.53495143519508,0.25,0.83333333,0.44444444,0.66666667,0.6,0.625,0.33333333,1,0.16666667,2,0,0,0,1,1,2,1,0,0,0,0.5,0.5,-0.367010005064831,38.92328,33.39459,59.881,61.31549,35.96626,66.78366,61.6374,53.98152,68.55917,61.7579,45.47187,74.70733,-0.60506,3.1695,NA,NA,NA,NA,NA,NA,92.36,103.36,71.94,111.9,120.88,115.12,103.36,130.06,129.4,103.287777777778,121.576666666667,112.664444444444,0.16666667,0.33333333,0.5,NA,NA,95,94.1500040690104,86.6999986436632,NA,NA,-7.55947176615397,-9.40655581156413,2.74703407287598,NA,NA,8.08204142252604,3.75746536254883,0.789882553948296,NA,NA,-0.0181867033243179,0.228575073182583,-0.232687689363956,NA,NA,-0.606223444143931,3.80958455304305,-2.58541877071063,NA,NA,0.22222222,0.66666667,0.44444444,0.5,0.66666667,0.625,0.5,19.71428571,NA,0.22222222,0.27777778,0.5,NA,95.173828125,94.3463195800781,86.9517144097222,NA,-7.2120623588562,-9.20072784423828,3.36872545878092,NA,6.50214767456055,2.06292133331299,-0.366595851050483,NA,-0.0424296371638775,0.252818007022142,-0.232687689363956,NA,-1.06074092909694,5.05636014044285,-2.58541877071063,0.125,0.7,0.44444444,0,0.71428571,0.625,0.55555556,2,87.0981216430664,24.5018272399902,0,0,101.034,1,0.5,"2024-09-22",0
"Eduardo Salazar",23135,"2024-09-20","@CHC",24,2024,"WSN","A",26,0,0,27.000028163224,1,0,0,0,0,0,0,0,0.2,6,3,2,2,0,1,0,0,1,0,0,0,13.500014081612,40.5000422448361,0,0,0,4,1,0,1,0,0,0,0,0.16666667,-0.16666667,6.17789573778489,0,0.6,6.00000625849423,0.6,0.5,7.66648447216047,19.3335436910636,9.93449944721724,659.068409626833,186.035897831268,241.863850994261,4,0,0.8,0.2,1,0,0,0,9,14,23,-0.148731976747513,-0.179503992199898,0.0307720154523849,-1.94599997997284,-0.208574488759041,0.784971475601196,0.716400027275085,0.716400027275085,0.376399993896484,1,1,-0.116101540625095,-0.0733728305724077,0,1,0.56521739,94.92307692,0.43478261,87.2,NA,-0.217350646853447,-1.0265257358551,-1.67192805271882,-10.265257358551,0.25,1,0.47826087,0.5,0.85714286,0.72727273,0.30434783,0.5,0.13043478,2,2,1,1,3,1,5,0.4,0.4,0.2,0.2,0.6,0.2,2.59760092457493,62.96066,38.29271,77.42204,34.15854,41.91262,41.98501,39.90535,43.25047,47.73018,44.2239,40.81882,54.93436,0.48426,4.80348,NA,NA,NA,NA,NA,NA,80.4,138,110.64,95.02,76.64,76.94,101.8,99.16,102.44,94.7895652173913,99.7704347826087,95.3530434782609,0.2173913,0.34782609,0.43478261,NA,NA,95.6200012207031,94.4875030517578,87.1299987792969,NA,NA,-6.5306282043457,-9.14895439147949,1.76034984588623,NA,NA,7.22286529541016,3.06608390808105,0.865795135498047,NA,NA,0.190496765077114,-0.415598712861538,-1.04301878064871,NA,NA,3.80993530154228,-5.19498391076922,-10.4301878064871,NA,NA,0.28571429,0.77777778,0.47826087,0.5,0.85714286,0.72727273,0.39130435,18.82352941,NA,0.2173913,0.34782609,0.43478261,NA,95.8901611328125,94.7316513061523,87.3148559570313,NA,-6.07697219848633,-8.62447071075439,2.33766708374023,NA,6.45830841064453,1.98642528057098,-0.146772623062134,NA,0.190496765077114,-0.415598712861538,-1.04301878064871,NA,3.80993530154228,-5.19498391076922,-10.4301878064871,0.25,0.72727273,0.47826087,0.33333333,0.875,0.72727273,0.47826087,5,92.8599731445313,11.3567741394043,0,0,106.615,2,0.4,"2024-09-20",0
"Eduardo Salazar",23135,"2024-09-17","@NYM",24,2024,"WSN","A",26,0,0,6.75000160932579,1,0,0,0,0,0,0,0,1.1,6,2,1,1,0,0,0,0,0,0,1,6.75000160932579,0,13.5000032186516,1,0,0,3,1,1,0,0,0,0,0.16666667,0,0.16666667,2.67617353719961,0,0.333333333333333,1.50000035762795,0.4,0.5,1.66647942066184,5.08352218866395,2.80048599569648,164.766969824734,41.8318687186158,69.4652537965709,3,0.2,0.6,0.2,0,0,0,0,6,14,20,-0.0142960036173463,-0.0435259565711021,0.0292299538850784,-0.327000021934509,-0.0355628132820129,0.213200002908707,0.200399994850159,0.220399990677834,0.0751999989151955,1,1,-0.0629830881953239,-0.0040713368623901,0,0,0.65,94.76923077,0.35,88.42857143,NA,-0.23539774119854,-0.37828055024147,-1.81075185537338,-5.40400786059243,0.45454545,0.55555556,0.5,0.8,0.8,0.8,0.45,0.66666667,0.1,2,0,3,0,2,3,5,0.4,0,0.6,0,0.4,0.6,2.36884440366488,NA,NA,NA,78.49577,79.2454,63.49749,58.51165,53.79121,67.65331,80,70.14863,74.84033,-1.75459,1.44521,NA,NA,NA,NA,NA,NA,NA,NA,NA,129.46,123.52,158.18,112.08,122.88,125.12,123.377,123.296,146.609,NA,0.65,0.35,NA,NA,NA,94.8769249549279,88.4571446010045,NA,NA,NA,-11.3257258488582,1.99163695744106,NA,NA,NA,2.0045223236084,0.0929063814026969,NA,NA,NA,-0.23662144690752,-0.381006628274918,NA,NA,NA,-1.82016497621169,-5.44295183249882,NA,NA,0.25,0.66666667,0.5,0.5,0.875,0.8,0.6,17.42857143,NA,NA,0.65,0.35,NA,NA,94.713857797476,88.2769426618304,NA,NA,-11.0053077110877,2.6445198059082,NA,NA,0.813343781691331,-0.834048407418387,NA,NA,-0.23662144690752,-0.381006628274918,NA,NA,-1.82016497621169,-5.44295183249882,0.36363636,0.66666667,0.5,0.75,0.83333333,0.8,0.45,5,93.9649536132813,-7.08660888671875,1,0.2,107.206,3,0.6,"2024-09-17",0
"Eduardo Salazar",23135,"2024-09-15","MIA",24,2024,"WSN","H",26,0,0,27.000028163224,1,0,0,0,0,0,1,0,0.1,3,2,1,1,1,0,0,0,0,0,1,27.000028163224,0,54.0000563264481,1,0,0,0,1,1,0,0,0,0,0.33333333,0,0.33333333,2.61817353088578,27.000028163224,0.666666666666667,6.00000625849423,1,1,36.1665142000081,-9.16648603678403,1.70250346990911,659.068409626833,871.005173908709,42.9317115654489,0,0.5,0,0.5,0,1,0,0,2,6,8,-0.129232034087181,-0.172892034053802,0.0436599999666214,-1.02300000190735,-0.106230527162552,1.43573331832886,1.33200001716614,1.33200001716614,2.31480002403259,1,1,-0.107131384313107,0.0171202154996652,0,1,0.5,94.25,0.5,87.5,NA,-1.29349648952484,-0.314550131559372,-32.337412238121,-7.8637532889843,0.33333333,0.6,0.5,0,1,0.75,0.625,0.66666667,0.125,1,1,0,0,1,1,2,0.5,0.5,0,0,0.5,0.5,32.1153743348578,NA,NA,NA,80,54.10942,80,24.83016,40.04355,20.18284,77.32711,47.7771,80,-1.57232,1.71861,NA,NA,NA,NA,NA,NA,NA,NA,NA,106.88,142.96,153.64,97.32,114.42,108.98,102.1,128.69,131.31,NA,0.5,0.5,NA,NA,NA,93.875,87.3000030517578,NA,NA,NA,-9.31402397155762,1.83531069755554,NA,NA,NA,2.28303241729736,-2.41003727912903,NA,NA,NA,-1.29328706488013,-0.320371575653553,NA,NA,NA,-32.3321766220033,-8.00928939133883,NA,NA,0.33333333,0.6,0.5,0,1,0.75,0.625,18.8,NA,NA,0.5,0.5,NA,NA,94.2615737915039,87.6730804443359,NA,NA,-8.79679298400879,2.33855247497559,NA,NA,1.28917694091797,-3.41434741020203,NA,NA,-1.29328706488013,-0.320371575653553,NA,NA,-32.3321766220033,-8.00928939133883,0.33333333,0.6,0.5,0,1,0.75,0.625,2,105.755233764648,16.2686729431152,1,0.5,107.727,2,1,"2024-09-15",0
"Eduardo Salazar",23135,"2024-09-13","MIA",24,2024,"WSN","H",26,0,0,0,1,0,0,0,0,0,1,0,1,3,1,0,0,0,0,0,0,0,0,0,0,0,9,0,0.333333333,0,3,0,0,0,1,0,0,0,0,0,-1.18327091598511,0,0.333333333333333,1,0.333333333333333,1,3.1664797782898,-3.1664797782898,3.1664797782898,0,77.8828542400936,78.3097583844777,3,0,1,0,0,0,0,0,8,9,17,0.0794720351696014,-0.059803981333971,0.139276027679443,0.49099999666214,0.0509865060448647,1.51253342628479,1.45160007476807,1.45160007476807,1.73000001907349,1,1,0.0348733179271221,0.0176690152131161,1,0,0.8125,93.69230769,0.1875,86,0.05882353,0.635323405265808,-0.0680228620767593,4.88710311742929,-2.26742873589198,0.11111111,0.71428571,0.375,1,0.8,0.83333333,0.4375,NA,0.05882353,1,2,0,1,2,0,3,0.33333333,0.66666667,0,0.33333333,0.66666667,0,1.36438903894052,NA,NA,NA,48.99415,41.11907,49.3774,20,65.56532,20,37.64227,43.20778,34.64379,0.89315,5.41682,NA,NA,NA,NA,NA,NA,NA,NA,NA,121.42,108.62,130.92,89.46,36.1,42.92,115.4275,95.0225,114.42,NA,0.8125,0.1875,NA,NA,NA,93.6000037560096,86.0333353678385,NA,NA,NA,-10.0908602201022,4.13423188527425,NA,NA,NA,3.19953038142278,1.27489693959554,NA,NA,NA,0.647194258868694,-0.0699043124914169,NA,NA,NA,4.97841737591303,-2.3301437497139,NA,NA,0.16666667,0.5,0.375,1,0.8,0.83333333,0.625,20.57142857,NA,NA,0.8125,0.1875,NA,NA,93.7122802734375,86.1117045084635,NA,NA,-9.61399899996244,4.98777008056641,NA,NA,2.0290091587947,0.246630032857259,NA,NA,0.63638848811388,-0.0699043124914169,NA,NA,4.89529606241446,-2.3301437497139,0.16666667,0.5,0.375,1,0.8,0.83333333,0.625,3,83.5868326822917,-36.2647832234701,0,0,95.9457,1,0.33333333,"2024-09-13",0
"Eduardo Salazar",23135,"2024-09-08","@PIT",24,2024,"WSN","A",26,0,0,0,1,0,0,0,0,0,0,0,1,4,1,0,0,0,0,0,0,0,0,1,9,0,9,1,0,0,1,0,2,0,0,0,0,0.25,0,0.25,2.16704158401489,0,0.25,1,0.333333333333333,1,1.1664797782898,-1.1664797782898,1.1664797782898,0,29.8148850050895,29.9783111930123,1,0.666666666,0.333333333,0,0,0,1,9,3,6,9,0.00135202286764979,-0.00083796022227034,0.00218998314812779,0.521000027656555,0.0519182868301868,0.0278499983251095,0.0237999986857176,0.0237999986857176,NA,0,1,0.0416214466094971,0.00692515838009151,0,0,0.66666667,94.33333333,0.33333333,87.66666667,NA,-0.100109577178955,0.522505640983582,-1.66849295298258,17.4168546994527,0.4,0.5,0.44444444,1,1,1,0.44444444,0.75,0,0,3,0,1,2,0,3,0,1,0,0.33333333,0.66666667,0,7.43170935581118,NA,NA,NA,67.43513,52.51843,59.6072,36.09907,55.95998,59.9938,62.7721,53.18101,67.84275,-0.66807,3.07499,NA,NA,NA,NA,NA,NA,NA,NA,NA,112.44,123.36,134.64,113.44,104.86,115,112.773333333333,117.193333333333,128.093333333333,NA,0.66666667,0.33333333,NA,NA,NA,94.2166646321615,87.5999959309896,NA,NA,NA,-9.44863192240397,0.171351710955302,NA,NA,NA,3.00892607371012,-2.37585242589315,NA,NA,NA,-0.103142492473125,0.529005393385887,NA,NA,NA,-1.71904154121876,17.6335131128629,NA,NA,0.25,0.6,0.44444444,1,1,1,0.55555556,18.2,NA,NA,0.66666667,0.33333333,NA,NA,94.0517374674479,87.4349975585938,NA,NA,-9.27386665344238,0.883668979008993,NA,NA,1.96535698572795,-3.61459668477376,NA,NA,-0.103142492473125,0.529005393385887,NA,NA,-1.71904154121876,17.6335131128629,0.25,0.6,0.44444444,1,1,1,0.55555556,3,86.3540852864583,11.5517768859863,0,0,109.015,2,0.66666667,"2024-09-08",0
"Eduardo Salazar",23135,"2024-09-05","@PIT",24,2024,"WSN","A",26,0,0,0,1,0,0,0,0,0,0,0,0.1,3,0,0,0,0,2,0,0,0,0,0,0,54.0000563264481,0,0,0,0,0,1,0,0,0,0,0,0,0.66666667,-0.66666667,23.3345068337244,0,0,6.00000625849423,0,1,21.1664985537725,-21.1664985537725,25.702528503886,0,510.495028604793,622.909682827201,0,0,0,1,0,0,0,0,9,2,11,-0.0291640087962151,-0.0332439839839935,0.00407997611910105,-1.21200001239777,-0.120777271687984,0.332333326339722,0.268299996852875,0.53659999370575,0.0299999993294477,1,1,-0.0543088279664516,-0.0334464661457094,0,0,0.90909091,94.4,0.09090909,87,NA,-0.34362131357193,-0.0344077162444592,-3.4362131357193,-3.44077162444592,0,0.5,0.09090909,NA,1,1,0.18181818,NA,0,1,0,0,0,0,1,1,1,0,0,0,0,1,20.1397925640478,20,32.16582,20,20,38.7156,20,50.43049,40.89338,36.52535,20,32.1596,20,3.39136,9.16413,NA,NA,NA,NA,NA,NA,73.7,-10.82,-23.86,87.32,22.8,23.6,82.74,108.02,98.58,85.6654545454545,27.4909090909091,26.1018181818182,0.18181818,0.72727273,0.09090909,NA,NA,93.5500030517578,94.4625015258789,87.0999984741211,NA,NA,-6.48658275604248,-9.27331924438477,0.433966517448425,NA,NA,5.94958400726318,4.06475067138672,-0.252955675125122,NA,NA,-0.163204200565815,-0.150761693716049,-0.0350487045943737,NA,NA,-8.16021002829075,-1.88452117145061,-3.50487045943737,NA,NA,0,0.25,0.09090909,NA,1,1,0.36363636,18.125,NA,0.09090909,0.81818182,0.09090909,NA,94.8923034667969,94.2574123806424,87.0560989379883,NA,-5.81692981719971,-8.26854197184245,1.20834994316101,NA,5.70354986190796,3.12558555603027,-1.28005003929138,NA,-0.0633736774325371,-0.250592216849327,-0.0350487045943737,NA,-6.33736774325371,-2.78435796499252,-3.50487045943737,0,0.2,0.09090909,NA,1,1,0.45454545,1,100.703178405762,20.1878833770752,0,0,100.703,1,1,"2024-09-05",0
"Eduardo Salazar",23135,"2024-08-31","CHC",24,2024,"WSN","H",26,0,0,0,1,0,0,0,0,0,0,0,0.2,4,1,0,0,0,0,0,1,0,0,0,0,0,13.500014081612,0,0,0,1,2,0,0,0,0,0,0,0,0,6.91672908401489,0,0.333333333333333,1.50000156462356,0.333333333333333,1,7.66648447216047,-7.66648447216047,12.202514422274,0,186.035897831268,296.672073992465,0.5,0,0.333333333,0.666666666,0,0,0,0,4,5,9,0.0040599973872304,-0.0233040042221546,0.0273640006780624,0.0600000023841858,0.00623053126037121,0.530480027198792,0.478799998760223,0.478799998760223,0.922399997711182,1,1,-0.0054556792601943,0.0131091198782498,0,0,0.55555556,95,0.44444444,87.75,NA,0.142260625958443,-0.487758338451385,2.84521251916885,-12.1939584612846,0.33333333,0.33333333,0.33333333,1,1,1,0.33333333,0.5,0,1,1,1,1,1,1,3,0.33333333,0.33333333,0.33333333,0.33333333,0.33333333,0.33333333,4.371264219672,NA,NA,NA,58.1497,55.44219,55.41898,48.25929,39.97927,49.66881,58.35689,48.57704,57.73343,-0.39377,3.48644,NA,NA,NA,NA,NA,NA,NA,NA,NA,107.56,97.36,113.48,85.26,120.28,115.26,97.6488888888889,107.546666666667,114.271111111111,NA,0.55555556,0.44444444,NA,NA,NA,95.0799987792969,87.8249969482422,NA,NA,NA,-9.8138671875,2.02029156684875,NA,NA,NA,3.17452449798584,0.578924715518951,NA,NA,NA,0.1405477412045,-0.49545281380415,NA,NA,NA,2.81095482409,-12.3863203451037,NA,NA,0,0.6,0.33333333,NA,1,1,0.55555556,15.2,NA,NA,0.55555556,0.44444444,NA,NA,95.1877197265625,87.8972015380859,NA,NA,-9.59469985961914,2.58169007301331,NA,NA,2.09449996948242,-0.430182993412018,NA,NA,0.1405477412045,-0.49545281380415,NA,NA,2.81095482409,-12.3863203451037,0,0.6,0.33333333,NA,1,1,0.55555556,3,81.0196736653646,23.7340698242188,0,0,97.3,1,0.33333333,"2024-08-31",0
"Eduardo Salazar",23135,"2024-08-30","CHC",24,2024,"WSN","H",26,0,0,0,1,0,0,0,0,0,0,0,1,3,0,0,0,0,1,0,0,0,0,1,9,9,0,1,0,0,0,1,0,0,0,0,0,0.33333333,0.33333333,0,7.35528463540534,0,0,1,0,1,4.1664797782898,-4.1664797782898,5.67848818451166,0,101.916838857596,139.014259199392,0,0,0,1,0,0,0,0,6,5,11,0.0073959999717772,-0.00485600065439939,0.0122520010918379,0.49099999666214,0.0509865023195744,0.14020000398159,0.126800000667572,0.126800000667572,0.058399997651577,1,1,0.0453590117394924,0.00739419626147435,0,0,0.81818182,93,0.18181818,86,NA,0.257317423820496,-0.0551077537238598,2.8590824868944,-2.75538768619299,0.25,0.33333333,0.27272727,1,1,1,0.27272727,0.33333333,0,0,1,0,1,0,0,1,0,1,0,1,0,0,3.52215153158379,80,39.81274,80,53.35531,56.60659,49.76679,20.93044,49.53502,20,55.47029,50.44763,50.59782,-0.21444,3.75543,NA,NA,NA,NA,NA,NA,88.82,230.18,224.5,112.18,96.16,115,108.18,114.4,118.7,109.329090909091,111.66,125.627272727273,0.09090909,0.72727273,0.18181818,NA,NA,92.9000015258789,92.9499969482422,85.6500015258789,NA,NA,-7.52310943603516,-10.4200925827026,4.37944984436035,NA,NA,8.35259628295898,2.35635352134705,0.405161321163177,NA,NA,0.065942645072937,-0.00598643720149994,-0.0560956560075283,NA,NA,6.5942645072937,-0.0748304650187492,-2.80478280037642,NA,NA,0.28571429,0.25,0.27272727,1,1,1,0.36363636,15.875,NA,0.09090909,0.72727273,0.18181818,NA,93.1962966918945,93.1956253051758,85.8788452148438,NA,-6.98172998428345,-10.0309638977051,4.8255500793457,NA,7.33857011795044,1.11665141582489,-0.569914937019348,NA,0.065942645072937,-0.00598643720149994,-0.0560956560075283,NA,6.5942645072937,-0.0748304650187492,-2.80478280037642,0.16666667,0.4,0.27272727,1,1,1,0.45454545,1,74.8941040039062,59.888500213623,0,0,74.8941,0,0,"2024-08-30",0
"Eduardo Salazar",23135,"2024-08-27","NYY",24,2024,"WSN","H",26,0,0,0,1,0,0,0,0,0,0,0,0.1,3,1,0,0,0,1,0,0,0,0,1,27.000028163224,27.000028163224,27.000028163224,1,0,0,1,0,0,0,0,0,0,0.33333333,0.33333333,0,6.88572907925689,0,0.5,6.00000625849423,1,1,6.16648290753691,-6.16648290753691,6.16648290753691,0,149.984883300877,150.807004792197,1,0,1,0,0,0,0,0,4,5,9,-0.030360009521246,-0.0449240393936634,0.0145640298724174,-0.408999979496002,-0.0424714423716068,0.553733348846436,0.580399990081787,0.580399990081787,1.47560000419617,1,1,-0.0615033321082592,0.00667548114986304,0,0,0.77777778,94,0.22222222,87,NA,-0.181906029582024,-0.363167971372604,-2.59865756545748,-18.1583985686302,0.2,0.5,0.33333333,1,0.5,0.66666667,0.44444444,0.66666667,0.11111111,0,1,0,0,0,1,1,0,1,0,0,0,1,3.86288119276463,NA,NA,NA,20,40.54511,22.04506,80,37.48414,80,33.81683,36.88375,40.95751,1.13081,5.77331,NA,NA,NA,NA,NA,NA,NA,NA,NA,82.16,45.68,35.82,100.06,170.64,148.04,86.1377777777778,73.4488888888889,60.7577777777778,NA,0.77777778,0.22222222,NA,NA,NA,94.1142839704241,86.9000015258789,NA,NA,NA,-9.48703220912388,1.39220356941223,NA,NA,NA,3.46350996834891,0.0157127976417542,NA,NA,NA,-0.188492611050606,-0.335492998361588,NA,NA,NA,-2.69275158643723,-16.7746499180794,NA,NA,0.25,0.4,0.33333333,1,0.5,0.66666667,0.55555556,18.83333333,NA,NA,0.77777778,0.22222222,NA,NA,94.347159249442,87.1421051025391,NA,NA,-8.86295591081892,1.82729005813599,NA,NA,2.1460531779698,-0.930138528347015,NA,NA,-0.188492611050606,-0.335492998361588,NA,NA,-2.69275158643723,-16.7746499180794,0.25,0.4,0.33333333,1,0.5,0.66666667,0.55555556,1,101.547874450684,-0.626311719417572,0,0,101.548,1,1,"2024-08-27",0
"Eduardo Salazar",23135,"2024-08-25","@ATL",24,2024,"WSN","A",26,0,0,0,1,0,0,0,0,0,1,0,1.2,6,0,0,0,0,1,0,0,0,0,2,10.8000041198746,5.40000205993731,0,2,0,0,2,1,0,1,0,0,0,0.33333333,0.16666667,0.16666667,3.69039574374473,0,0,0.600000228881923,0,1,2.56647954940787,-2.56647954940787,3.47368493921238,0,63.4624579686477,85.7335933905156,2,0,0.666666666,0.333333333,1,0,0,0,11,18,29,0.0855039954185486,-0.03133599832654,0.116839997470379,0.782000005245209,0.079471543431282,0.88126665353775,1.07080006599426,1.0796000957489,0.748400032520294,1,1,0.0791033133864403,0.0179206634942257,1,0,0.37931034,94.63636364,0.62068966,88.22222222,NA,0.354633748531342,0.538058996200562,3.22394316846674,2.98921664555867,0.45454545,0.85714286,0.55172414,0.4,1,0.625,0.24137931,0.66666667,0.20689655,2,1,0,1,2,0,3,0.66666667,0.33333333,0,0.33333333,0.66666667,0,0.698863587338237,NA,NA,NA,46.88277,46.88742,33.88519,20,46.14484,20,20,49.26295,20,2.47008,7.78221,NA,NA,NA,NA,NA,NA,NA,NA,NA,107.38,88.26,100.16,89.88,43.5,38.08,96.5179310344827,60.4779310344828,61.6275862068965,NA,0.37931034,0.62068966,NA,NA,NA,94.4545454545455,88.205559624566,NA,NA,NA,-9.74975308504972,1.32127337985569,NA,NA,NA,3.50956760753285,0.51364623175727,NA,NA,NA,0.359196648001671,0.539491016417742,NA,NA,NA,3.26542407274246,2.9971723134319,NA,NA,0.36842105,0.9,0.55172414,0.42857143,0.77777778,0.625,0.34482759,20.13636364,NA,NA,0.37931034,0.62068966,NA,NA,94.3757102272727,88.0921223958333,NA,NA,-9.29051277854226,2.17845259772407,NA,NA,2.29598218744451,-0.585664590199788,NA,NA,0.359196648001671,0.539491016417742,NA,NA,3.26542407274246,2.9971723134319,0.33333333,0.90909091,0.55172414,0.33333333,0.8,0.625,0.37931034,3,80.8396708170573,0.369004567464193,0,0,97.3388,1,0.33333333,"2024-08-25",0
"Eduardo Salazar",23135,"2024-08-23","@ATL",24,2024,"WSN","A",26,0,1,0,1,0,0,0,0,0,0,0,1.2,5,0,1,0,0,0,0,0,0,0,1,5.40000205993731,0,0,1,0,0,3,0,1,0,0,0,0,0.2,0,0.2,0.765569084014893,0,0,0,0,1,1.96647932052595,-1.96647932052595,1.96647932052595,0,49.0420616972019,49.3108790074039,3,0.25,0.75,0,0,0,0,0,7,11,18,0.322272032499313,-0.0166000034660101,0.338872045278549,1.27199995517731,0.129268288612366,2.54776000976562,2.41820001602173,2.26600003242493,4.65719985961914,1,1,0.112205564975739,0.0142867385630708,1,0,0.66666667,94.08333333,0.33333333,88.33333333,NA,0.951378047466278,0.242629200220108,7.92815039555232,4.04382000366847,0.38461538,0.8,0.5,0.6,1,0.77777778,0.27777778,0.4,0.11111111,3,1,0,0,4,0,4,0.75,0.25,0,0,1,0,2.73828893757727,NA,NA,NA,20.09566,50.28464,20,20,53.92858,20,20,50.88339,20,2.18055,7.34792,NA,NA,NA,NA,NA,NA,NA,NA,NA,112.22,52.84,66.46,118.68,74.82,85.82,114.5,60.5976470588235,73.2929411764706,NA,0.66666667,0.33333333,NA,NA,NA,94.0166625976562,88.1166687011719,NA,NA,NA,-9.9908390045166,0.350489338239034,NA,NA,NA,3.19978046417236,-0.620377103487651,NA,NA,NA,0.963271662592888,0.245142981410027,NA,NA,NA,8.02726385494073,4.08571635683378,NA,NA,0.33333333,0.83333333,0.5,0.5,1,0.77777778,0.33333333,21.16666667,NA,NA,0.66666667,0.33333333,NA,NA,93.8196004231771,87.8898620605469,NA,NA,-9.59671529134115,1.33280682563782,NA,NA,1.97031879425049,-1.91852696736654,NA,NA,0.963271662592888,0.245142981410027,NA,NA,8.02726385494073,4.08571635683378,0.36363636,0.71428571,0.5,0.5,1,0.77777778,0.38888889,4,85.9046859741211,-8.29681968688965,0,0,92.7534,0,0,"2024-08-23",0
"Eduardo Salazar",23135,"2024-08-20","COL",24,2024,"WSN","H",26,0,0,0,1,0,0,0,0,0,0,0,0.1,2,0,0,0,0,0,0,0,0,0,1,27.000028163224,0,0,1,1,0,1,0,0,0,1,0,0,0.5,0,0.5,-0.528020915985107,0,0,0,0,1,-2.83352648020443,2.83352648020443,-2.83352648020443,0,-66.3212038814729,-66.6847344309602,1,0,1,0,0,0,1,27.000028163224,4,5,9,-0.0591240003705025,-0.0794440060853958,0.0203200075775385,-0.508000016212463,-0.0527518205344677,1.07480001449585,0.676999986171722,1.35399997234344,0.588800013065338,1,1,-0.0331330820918083,-0.0218762215675663,0,0,0.44444444,94,0.55555556,86.2,NA,0.317590743303299,-0.49926221370697,7.93976858258247,-9.9852442741394,0.2,0.5,0.33333333,1,1,1,0.44444444,1,0,1,0,0,0,1,0,1,1,0,0,0,1,0,-0.923332905940382,NA,NA,NA,51.59993,32.68926,65.33356,70.9604,50.22988,79.9816,68.12713,44.70937,80,-1.00076,2.57595,NA,NA,NA,NA,NA,NA,NA,NA,NA,81.5,142.92,117.06,89.82,134.16,121.9,86.1222222222222,138.053333333333,119.748888888889,NA,0.44444444,0.55555556,NA,NA,NA,93.875,86.3799987792969,NA,NA,NA,-9.9471607208252,1.46470060348511,NA,NA,NA,4.3093409538269,0.625435209274292,NA,NA,NA,0.322129897773266,-0.508903920650482,NA,NA,NA,8.05324744433165,-10.1780784130096,NA,NA,0,0.6,0.33333333,NA,1,1,0.55555556,21.42857143,NA,NA,0.44444444,0.55555556,NA,NA,94.3225708007812,86.7779174804687,NA,NA,-9.67257499694824,1.84284191131592,NA,NA,3.26083493232727,-0.484801435470581,NA,NA,0.322129897773266,-0.508903920650482,NA,NA,8.05324744433165,-10.1780784130096,0,0.6,0.33333333,NA,1,1,0.55555556,1,55.9774513244629,-30.0005054473877,0,0,55.9775,0,0,"2024-08-20",0
"Eduardo Salazar",23135,"2024-08-15","@PHI",24,2024,"WSN","A",26,0,0,0,1,0,0,0,0,0,0,0,2,9,2,0,0,0,0,0,0,0,0,1,4.5,0,9,1,0.5,0,4,3,1,0,2,0,0,0.11111111,0,0.11111111,4.17098834502208,0,0.222222222222222,1,0.25,1,2.1664797782898,-2.1664797782898,4.4344923876226,0,53.8488696225915,108.952200617518,1.333333333,0.125,0.5,0.375,0,0,2,9,12,16,28,0.000214031839277595,-0.00321593647822738,0.00342996837571263,0.624000012874603,0.0639016926288605,0.0312666669487953,0.026866665109992,0.0401999987661839,0.0201999992132187,1,1,0.0670431479811668,-0.0601977800489817,0,0,0.46428571,93.76923077,0.53571429,88.2,NA,-0.47955197095871,0.256996154785156,-3.688861315067,1.71330769856771,0.3,0.625,0.39285714,0.83333333,1,0.90909091,0.28571429,0.66666667,0.03571429,3,2,3,2,2,4,8,0.375,0.25,0.375,0.25,0.25,0.5,1.87003763132168,NA,NA,NA,64.30553,58.54939,56.88076,25.23561,41.50086,24.88711,45.95364,50.71897,40.29378,0.3768,4.64229,NA,NA,NA,NA,NA,NA,NA,NA,NA,119.28,126.26,155.72,93.1,94.76,88.7,105.255,109.385,119.816428571429,NA,0.46428571,0.53571429,NA,NA,NA,93.7153883713942,88.1600016276042,NA,NA,NA,-10.7128213735727,-0.0273827989896139,NA,NA,NA,3.13404728816106,0.206364981333415,NA,NA,NA,0.589765679091215,0.299895711243153,NA,NA,NA,4.53665906993242,1.99930474162102,NA,NA,0.29411765,0.54545455,0.39285714,0.8,1,0.90909091,0.39285714,18.11111111,NA,NA,0.46428571,0.53571429,NA,NA,93.4721491887019,87.9041748046875,NA,NA,-10.0916548508864,1.09607480367025,NA,NA,1.91804959223821,-1.23484179178874,NA,NA,0.589765679091215,0.299895711243153,NA,NA,4.53665906993242,1.99930474162102,0.375,0.41666667,0.39285714,0.83333333,1,0.90909091,0.42857143,8,83.2826843261719,21.2396488189697,0,0,103.703,2,0.25,"2024-08-15",0
"Eduardo Salazar",23135,"2024-08-14","@BAL",24,2024,"WSN","A",26,0,0,0,1,0,0,0,0,0,0,0,1,5,1,0,0,0,1,0,0,0,0,2,18,9,9,2,0,0,1,0,1,0,0,0,0,0.4,0.2,0.2,3.64632908401489,0,0.25,2,0.5,1,2.1664797782898,-2.1664797782898,2.1664797782898,0,53.8488696225915,54.144034788745,1,0.5,0.5,0,0,0,0,0,8,15,23,0.00555999297648668,-0.00586000643670559,0.0114199994131923,0.467000007629395,0.0502150505781174,0.135600000619888,0.0980000048875809,0.0980000048875809,NA,0,1,0.010942380875349,0.0300605169938948,0,0,0.56521739,95.46153846,0.43478261,88.7,NA,-0.516541957855225,0.483373284339905,-3.97339967580942,4.83373284339905,0.375,0.71428571,0.47826087,0.5,0.6,0.54545455,0.30434783,0.8,0.2173913,1,1,0,1,0,1,2,0.5,0.5,0,0.5,0,0.5,4.47788631479664,56.07062,44.19525,64.4639,20,45.16161,20,34.62386,47.68311,35.46025,20,46.12589,20,2.07194,7.185,NA,NA,NA,NA,NA,NA,91.02,60.68,29.6,101.36,59.36,64.64,113.42,88.48,95.6,105.254782608696,72.1930434782609,73.5304347826087,0.13043478,0.43478261,0.43478261,NA,NA,96.2333374023438,95.1200012207031,88.5900024414063,NA,NA,-6.91319529215495,-9.87886352539062,1.90483818054199,NA,NA,7.98529624938965,3.25555953979492,0.76316967010498,NA,NA,-0.50737826526165,-0.0202015601098537,0.48755344748497,NA,NA,-16.912608842055,-0.202015601098537,4.8755344748497,NA,NA,0.4,0.625,0.47826087,0.5,0.6,0.54545455,0.34782609,19.38888889,NA,0.13043478,0.43478261,0.43478261,NA,95.9458618164062,94.8771606445312,88.3072204589844,NA,-6.4279301961263,-9.76435546875,2.73652801513672,NA,7.07644971211751,2.33784046173096,-0.308402490615845,NA,-0.50737826526165,-0.0202015601098537,0.48755344748497,NA,-16.912608842055,-0.202015601098537,4.8755344748497,0.35714286,0.66666667,0.47826087,0.4,0.66666667,0.54545455,0.39130435,2,87.1056976318359,-18.5025844573975,0,0,108.632,1,0.5,"2024-08-14",0
"Eduardo Salazar",23135,"2024-08-10","LAA",24,2024,"WSN","H",26,0,0,0,1,0,0,0,0,0,0,0,2,7,1,0,0,0,1,0,0,0,0,0,0,4.5,4.5,0,0,0,5,1,0,0,0,0,0,0,0.14285714,-0.14285714,5.23734131620093,0,0.166666666666667,1,0.166666666666667,1,4.6664797782898,-4.6664797782898,5.42248398140073,0,113.933831166347,132.827732387668,5,0,0.833333333,0.166666666,0,0,0,0,9,12,21,0.122859999537468,-0.0326679944992065,0.155527994036674,1.60000002384186,0.166147455573082,0.853200018405914,0.73253333568573,0.896799981594086,0.588800013065338,1,1,0.096333421766758,0.0476656369381572,1,0,0.71428571,94,0.28571429,87.5,NA,1.06198668479919,-0.0525140650570393,7.07991123199463,-0.875234417617321,0,0.83333333,0.47619048,NA,0.9,0.9,0.57142857,0.71428571,0.04761905,2,2,2,0,4,2,6,0.33333333,0.33333333,0.33333333,0,0.66666667,0.33333333,3.02634785668291,33.91808,21.10854,38.81194,64.95925,58.11338,60.81277,20,42.26272,20,34.53646,43.15483,30.91001,1.0861,5.70624,NA,NA,NA,NA,NA,NA,60.42,264.12,247.66,105.32,101.5,114.24,73.38,37.8,25.16,94.5681818181818,91.5190909090909,96.01,0.04761905,0.66666667,0.28571429,NA,NA,94.5,93.8785749162946,87.4666646321615,NA,NA,-8.05014610290527,-9.81520407540458,0.823194265365601,NA,NA,6.74844789505005,3.82896886553083,-0.819239775339762,NA,NA,0.0775273814797401,1.04066874831915,-0.055357314646244,NA,NA,7.75273814797401,7.43334820227964,-0.922621910770734,NA,NA,0,0.83333333,0.47619048,NA,0.9,0.9,0.57142857,19.71428571,NA,NA,0.71428571,0.28571429,NA,NA,94.3457275390625,87.8574523925781,NA,NA,-9.50973612467448,1.26518170038859,NA,NA,3.0508305867513,-1.78519455591838,NA,NA,1.11819612979889,-0.055357314646244,NA,NA,7.45464086532593,-0.922621910770734,0,0.83333333,0.47619048,NA,0.9,0.9,0.57142857,6,88.5662943522135,-2.71417808532715,0,0,104.107,2,0.33333333,"2024-08-10",0
"Eduardo Salazar",23135,"2024-08-08","SFG",24,2024,"WSN","H",26,0,0,0,1,0,0,0,0,0,0,0,1.1,5,1,0,0,0,0,0,0,0,0,2,13.5000032186516,0,6.75000160932579,2,0,0,2,1,0,0,0,0,0,0.4,0,0.4,1.04688908401489,0,0.2,0.750000178813977,0.333333333333333,1,0.166479063033887,-0.166479063033887,1.30048563806852,0,5.78088319713789,33.2166597606336,2,0,0.666666666,0.333333333,0,0,0,0,6,14,20,0.106536030769348,-0.084771990776062,0.19130802154541,1.08500003814697,0.112668745219707,1.30857145786285,1.24399995803833,1.94160008430481,0.933600008487701,1,1,0.0457379743456841,0.0356760211447432,1,0,0.35,94.57142857,0.65,86.69230769,NA,0.389456808567047,-0.0742723047733307,5.56366869381496,-0.571325421333313,0.5,0.5,0.5,0.33333333,1,0.6,0.4,0.4,0.2,1,1,1,0,3,0,3,0.33333333,0.33333333,0.33333333,0,1,0,-0.5913430744313,20,39.91271,20,41.65119,52.22139,32.34799,66.851,50.01259,76.962,49.22191,52.01068,53.6216,0.17375,4.33772,NA,NA,NA,NA,NA,NA,82.06,54.06,24.68,104.02,95.56,105.54,88.94,141.22,132.18,90.924,119.014,110.727,0.15,0.2,0.65,NA,NA,95.2666625976562,93.5999984741211,86.7230788010817,NA,NA,-5.96234067281087,-9.8079137802124,2.79965239304763,NA,NA,8.14129956563314,3.07938003540039,0.8530943943904,NA,NA,0.0963557697832584,0.297828517854214,-0.0736616775393486,NA,NA,3.21185899277528,7.44571294635534,-0.56662828876422,NA,NA,0.4,0.6,0.5,0.25,0.83333333,0.6,0.5,18.53333333,NA,0.15,0.2,0.65,NA,95.5822041829427,93.9196014404297,86.9984788161058,NA,-5.23089663187663,-9.59657001495361,3.43340477576623,NA,7.35020319620768,1.95412230491638,0.0809713693765493,NA,0.0963557697832584,0.297828517854214,-0.0736616775393486,NA,3.21185899277528,7.44571294635534,-0.56662828876422,0.45454545,0.55555556,0.5,0.4,0.8,0.6,0.45,3,66.7869008382161,13.2958869934082,0,0,70.4303,0,0,"2024-08-08",0
"Eduardo Salazar",23135,"2024-08-07","SFG",24,2024,"WSN","H",26,0,0,0,1,0,0,0,0,0,0,0,1.1,4,0,0,0,0,0,0,0,0,0,0,0,0,0,0,0,0,2,2,0,0,0,0,0,0,0,0,6.03472908401489,0,0,0,0,1,3.1664797782898,-3.1664797782898,5.43449292835907,0,77.8828542400936,133.117937280539,1,0,0.5,0.5,0,0,1,6.75000160932579,3,9,12,0.0181279983371496,0,0.0181279983371496,0.715999960899353,0.0743509829044342,0.171900004148483,0.215333327651024,0.241999998688698,0.252000004053116,1,1,0.104418821632862,0.00103782699811218,0,0,0.5,93.33333333,0.5,87.83333333,NA,0.575356960296631,0.348459959030151,9.58928267161052,5.80766598383586,0.57142857,0.4,0.5,1,0.5,0.83333333,0.41666667,0.75,0.08333333,1,1,2,2,1,1,4,0.25,0.25,0.5,0.5,0.25,0.25,1.06843226998353,NA,NA,NA,57.63334,50.56288,57.37194,54.59273,39.27617,68.5464,67.08221,43.58607,78.66157,-0.93584,2.67333,NA,NA,NA,NA,NA,NA,NA,NA,NA,86.96,123.64,120.86,84.4,128.14,115.52,85.68,125.89,118.19,NA,0.5,0.5,NA,NA,NA,93.4166666666667,87.7166646321615,NA,NA,NA,-9.74511273701986,0.907030344009399,NA,NA,NA,2.91841538747152,0.943058808644613,NA,NA,NA,0.582409713417292,0.352598622441292,NA,NA,NA,9.70682855695486,5.87664370735486,NA,NA,0.25,0.625,0.5,1,0.8,0.83333333,0.66666667,15.625,NA,NA,0.5,0.5,NA,NA,93.449696858724,87.7316691080729,NA,NA,-9.44940694173177,1.70943037668864,NA,NA,2.2023762067159,-0.052517498532931,NA,NA,0.582409713417292,0.352598622441292,NA,NA,9.70682855695486,5.87664370735486,0.4,0.57142857,0.5,1,0.75,0.83333333,0.58333333,4,83.7993240356445,17.1174373626709,0,0,103.942,1,0.25,"2024-08-07",0
"Eduardo Salazar",23135,"2024-08-05","SFG",24,2024,"WSN","H",26,0,0,0,1,0,0,0,0,0,0,0,1,5,2,0,0,0,0,0,0,0,0,1,9,0,18,1,0,0,2,1,1,0,0,0,0,0.2,0,0.2,2.84676908401489,0,0.4,2,0.5,1,1.1664797782898,-1.1664797782898,2.67848818451166,0,29.8148850050895,66.5170884121943,2,0.25,0.5,0.25,0,0,0,0,6,14,20,0.0145040033385158,-0.0368319973349571,0.0513360016047955,0.490999937057495,0.0509865023195744,0.391359984874725,0.252000004053116,0.252000004053116,0.126800000667572,1,1,0.0132382716983557,0.0238222452146305,0,0,0.5,95.4,0.5,87.9,NA,-0.473755717277527,-0.0578374415636063,-4.73755717277527,-0.578374415636063,0.4,0.7,0.55,0.5,1,0.81818182,0.5,0.8,0.1,3,0,1,0,3,1,4,0.75,0,0.25,0,0.75,0.25,2.58511072065071,75.79491,39.71977,80,80,64.8945,73.58548,47.44955,54.11663,50.12662,69.11826,54.10822,74.84439,-1.06234,2.48358,NA,NA,NA,NA,NA,NA,90.12,147.32,125.92,105.32,106.04,111.48,87.32,121.7,112.58,94.04,120.062,114.196,0.2,0.3,0.5,NA,NA,95.6750030517578,94.9333292643229,87.95,NA,NA,-7.45058345794678,-9.42552439371745,1.0677020072937,NA,NA,7.23883819580078,3.10160223642985,-0.420995330810547,NA,NA,0.0885009691119194,-0.566369660198689,-0.0601756423711777,NA,NA,2.21252422779799,-9.43949433664481,-0.601756423711777,NA,NA,0.33333333,0.72727273,0.55,0.33333333,1,0.81818182,0.55,18.6,NA,0.15,0.35,0.5,NA,95.8021036783854,94.7961164202009,87.8043701171875,NA,-7.03922017415365,-8.79869897024972,1.80594348907471,NA,6.71568997701009,2.64056423732213,-1.43670825958252,NA,0.0337270088493824,-0.511595699936152,-0.0601756423711777,NA,1.12423362831275,-7.30850999908788,-0.601756423711777,0.33333333,0.72727273,0.55,0.33333333,1,0.81818182,0.55,4,89.8419342041016,-0.251244008541107,1,0.25,108.332,2,0.5,"2024-08-05",0
"Eduardo Salazar",23135,"2024-08-02","MIL",24,2024,"WSN","H",26,0,0,0,1,0,0,0,0,0,0,0,0.2,4,1,0,0,0,1,0,0,0,0,1,13.500014081612,13.500014081612,13.500014081612,1,0,0,1,0,1,0,0,0,0,0.25,0.25,0,5.94041658401489,0,0.333333333333333,3.00000312924711,0.5,1,4.66648134291335,-4.66648134291335,4.66648134291335,0,113.933868770485,114.558381588337,1,0.5,0.5,0,0,0,0,0,6,7,13,-0.00898799952119589,-0.0166840013116598,0.00769600085914135,-0.100000023841858,-0.0103842206299305,0.17399999499321,0.130999997258186,0.261999994516373,0.0199999995529652,1,1,-0.0242210775613785,-0.0274340935870266,0,0,0.5,95.33333333,0.5,88,0.07692308,-0.448940068483353,0.221604615449905,-7.48233447472254,3.69341025749842,0.44444444,0.66666667,0.5,0.5,1,0.66666667,0.25,0.5,0.15384615,2,0,0,0,1,1,2,1,0,0,0,0.5,0.5,7.9287902479461,20,52.31004,20,73.56141,76.65109,64.18277,20,45.37103,20,20,55.75113,20,2.01517,7.09985,NA,NA,NA,NA,NA,NA,77,68.6,56.38,129.78,80.56,95.2,103.62,36.7,37.6,103.505,55.64,56.695,0.25,0.25,0.5,NA,NA,96,94.4000040690104,88.0666707356771,NA,NA,-6.6157112121582,-10.819398244222,0.242913325627645,NA,NA,7.89579010009766,2.74128691355387,-1.00009195009867,NA,NA,0.0622856058180332,-0.520539194345474,0.264292687177658,NA,NA,2.07618686060111,-17.3513064781825,4.40487811962763,NA,NA,0.5,0.5,0.5,0.5,1,0.66666667,0.33333333,17.88888889,NA,0.25,0.25,0.5,NA,95.7655029296875,94.1684366861979,87.828603108724,NA,-6.11905988057454,-10.495049794515,0.78351084391276,NA,7.18754005432129,1.67936197916667,-1.97684542338053,NA,0.0622856058180332,-0.555587917566299,0.264292687177658,NA,2.07618686060111,-18.51959725221,4.40487811962763,0.5,0.5,0.5,0.5,1,0.66666667,0.33333333,2,92.0482177734375,11.3269014358521,0,0,104.183,1,0.5,"2024-08-02",0
"Eduardo Salazar",23135,"2024-07-30","@ARI",24,2024,"WSN","A",26,0,0,6.75000160932579,1,0,0,0,0,0,0,0,2.2,14,5,2,2,1,1,0,0,0,0,0,0,3.3750008046629,16.8750040233145,0,0,0,7,3,3,1,0,0,0,0,0.07142857,-0.07142857,5.81595357141826,3.3750008046629,0.384615384615385,2.25000053644193,0.333333333333333,0.86956522,9.16648120880161,-2.41647959947582,5.99248990906271,164.766969824734,222.086796326005,146.602338083477,2.333333333,0.23076923,0.538461538,0.23076923,0.333333333,0.333333333,0,0,21,29,50,0.000759994960390031,-0.000420010066591203,0.00118000502698123,-1.07700002193451,-0.108787871897221,0.00928571447730064,0.00666666636243463,0.00999999977648258,0.00999999977648258,1,1,0.0499981641769409,0.0318474452533161,0,0,0.64,94.71875,0.36,88,NA,0.0418135970830917,-1.93057680130005,0.130667490884662,-10.7254266738892,0.2,0.64,0.42,0.8,1,0.95238095,0.5,0.42857143,0.02,5,7,1,2,6,5,13,0.38461538,0.53846154,0.07692308,0.15384615,0.46153846,0.38461538,9.3699549468634,21.6178,31.96386,28.73471,45.53891,40.29672,50.79474,20,49.67537,20,31.67016,41.17324,32.84762,1.26418,5.97336,NA,NA,NA,NA,NA,NA,79.7,110.32,85.44,100.02,110.54,124.24,75.2,77.62,68.94,89.4592,98.6712,101.228,0.08,0.56,0.36,NA,NA,95.5999984741211,94.5607125418527,87.9333360460069,NA,NA,-5.68565034866333,-9.67852129255022,0.724629190233019,NA,NA,8.10307025909424,3.79321152823312,0.089127176337772,NA,NA,0.181100845336914,-0.0965323559939861,-1.96284260228276,NA,NA,4.52752113342285,-0.344758414264236,-10.9046811237931,NA,NA,0.16,0.68,0.42,0.75,1,0.95238095,0.5,16.97222222,NA,0.08,0.56,0.36,NA,95.8500747680664,94.8291974748884,88.1715969509549,NA,-5.43450736999512,-9.45431736537388,1.05597845713298,NA,7.01466512680054,2.54001263209752,-1.1040743721856,NA,0.181100845336914,-0.0965323559939861,-1.96284260228276,NA,4.52752113342285,-0.344758414264236,-10.9046811237931,0.19047619,0.5862069,0.42,0.75,1,0.95238095,0.58,13,92.5682748647837,5.91625213623047,1,0.07692308,111.221,7,0.53846154,"2024-07-30",0
"Eduardo Salazar",23135,"2024-07-27","@STL",24,2024,"WSN","A",26,0,0,9,1,0,0,0,0,0,0,0,1,6,3,1,1,0,0,0,0,0,0,2,18,0,27,2,0,0,1,1,2,0,0,0,0,0.33333333,0,0.33333333,1.87828464271067,0,0.5,3,0.75,0.66666667,-0.833520221710205,9.83352022171021,0.678488184511662,219.689240721637,-18.2530842299147,18.1856412207288,1,0.5,0.25,0.25,0,0,4,36,9,15,24,0.000955999945290387,-0.00416800007224083,0.00512399990111589,-0.519999980926514,-0.0548523217439651,0.0485333316028118,0.0363999977707863,0.0363999977707863,0,1,1,-0.0605335049331188,0.0802313067060142,0,0,0.625,94.46666667,0.375,87.11111111,NA,-0.85251373052597,0.243103414773941,-5.68342487017314,2.70114905304379,0.23076923,0.72727273,0.45833333,0.33333333,1,0.81818182,0.45833333,0.33333333,0.08333333,0,3,1,1,3,0,4,0,0.75,0.25,0.25,0.75,0,3.65523711363624,56.5345,22.40472,80,29.2023,41.16341,28.27266,28.56871,44.6075,29.14135,30.69098,39.60537,30.55752,1.32501,6.06461,NA,NA,NA,NA,NA,NA,95.72,134.78,83.5,86.88,103.38,105.1,104.16,62.64,51.4,93.7283333333333,89.4108333333333,84.0625,0.04166667,0.58333333,0.375,NA,NA,94.3000030517578,94.5428553989955,87.1888902452257,NA,NA,-5.59728240966797,-8.97014781406948,1.75924173990885,NA,NA,8.328125,3.07348033360073,-0.056418498357137,NA,NA,0.196128189563751,-1.06409276276827,0.245538555085659,NA,NA,19.6128189563751,-7.60066259120192,2.72820616761843,NA,NA,0.27272727,0.61538462,0.45833333,0.33333333,1,0.81818182,0.54166667,17.44444444,NA,0.04166667,0.58333333,0.375,NA,94.4709014892578,94.6552995954241,87.2601453993056,NA,-5.54368019104004,-9.00658089773995,1.78419897291395,NA,8.00813961029053,2.33746147155762,-0.511258443196615,NA,0.196128189563751,-1.06409276276827,0.245538555085659,NA,19.6128189563751,-7.60066259120192,2.72820616761843,0.27272727,0.61538462,0.45833333,0.33333333,1,0.81818182,0.54166667,4,91.2701797485352,20.2630195617676,0,0,106.541,2,0.5,"2024-07-27",0
"Eduardo Salazar",23135,"2024-07-14","@MIL",24,2024,"WSN","A",26,0,0,0,1,0,0,0,0,0,0,0,2,7,0,0,0,0,2,0,0,0,0,4,18,9,0,2,0,0,0,0,1,0,0,0,0,0.57142857,0.28571429,0.28571429,4.02868825550857,0,0,1,0,1,2.1664797782898,-2.1664797782898,2.1664797782898,0,53.8488696225915,54.144034788745,0,1,0,0,0,0,0,0,13,19,32,0.0126400794833899,-0.00956598576158285,0.0222060643136501,0.998000025749207,0.102516688406467,0.126177787780762,0.109500005841255,0.129399999976158,0.0498000010848045,1,1,0.0713101997971535,0.0288665405444384,0,0,0.53125,96.23529412,0.46875,89.73333333,NA,0.173604935407639,0.513616383075714,1.02120550239787,3.42410922050476,0.40909091,0.6,0.46875,0.22222222,1,0.53333333,0.3125,0.71428571,0.21875,1,0,0,0,0,1,1,1,0,0,0,0,1,3.7049017963503,75.16413,39.41006,69.65028,61.25648,56.31107,57.5243,49.1605,59.07094,47.68842,62.25738,56.81583,59.04538,-0.63609,3.12296,NA,NA,NA,NA,NA,NA,96.84,145.72,122.66,98.1,101.72,102.26,104.82,113.72,120.72,101.17125,110.095,112.188125,0.0625,0.46875,0.46875,NA,NA,96.3000030517578,96.1066650390625,89.6,NA,NA,-6.23804330825806,-10.2118387858073,0.690813573201497,NA,NA,8.06570243835449,3.69844665527344,0.386983776092529,NA,NA,-0.0242429338395596,0.195899207144976,0.556207340210676,NA,NA,-1.21214669197798,1.30599471429984,3.70804893473784,NA,NA,0.4,0.58333333,0.46875,0.25,0.85714286,0.53333333,0.375,17.24,NA,0.09375,0.4375,0.46875,NA,96.8170979817708,96.0376586914062,89.6121826171875,NA,-6.98004976908366,-9.83879634312221,1.40865287780762,NA,7.01721318562825,2.49096761431013,-0.614262517293294,NA,-0.0242429338395596,0.195899207144976,0.556207340210676,NA,-0.808097794651985,1.39928005103554,3.70804893473784,0.33333333,0.64285714,0.46875,0.33333333,0.66666667,0.53333333,0.4375,1,109.179695129395,12.1547908782959,0,0,109.18,1,1,"2024-07-14",0
"Eduardo Salazar",23135,"2024-05-15","@SFG",22,2024,"LAD","A",26,0,0,0,1,0,0,0,0,0,0,0,2,10,3,1,0,0,2,0,0,0,0,3,13.5,9,13.5,1.5,0,0,2,0,3,0,0,0,0,0.3,0.2,0.1,4.53552908401489,0,0.375,2.5,0.6,0.8,3.1664797782898,-3.1664797782898,3.1664797782898,0,77.1260041595167,78.3097583844777,2,0.6,0.4,0,0,0,1,4.5,19,27,46,-0.0147519819438457,-0.0577640347182751,0.0430120527744293,-0.0520000085234642,-0.00552897434681654,0.238236367702484,0.206200003623962,0.196199998259544,NA,0,1,-0.0767358988523483,0.0148142783789015,0,0,0.42222222,94.05263158,0.57777778,87.61538462,0.02173913,-1.30071449279785,1.11119472980499,-6.84586575156764,4.27382588386536,0.30434783,0.63636364,0.46666667,0.57142857,0.92857143,0.80952381,0.48888889,0.4,0.08695652,2,2,1,1,4,0,5,0.4,0.4,0.2,0.2,0.8,0,7.22958437474707,NA,NA,NA,50.35724,44.31131,46.47597,41.11424,50.50866,42.41173,47.50039,50.56582,44.90376,0.2807,4.49814,58.64,50.64,-4.09999999999999,71.22,32.6,16.54,NA,NA,NA,112.62,116.76,132.9,89.76,113.52,108.12,96.6008888888889,110.151111111111,110.458666666667,NA,0.37777778,0.55555556,0.02222222,0.04444444,NA,94.2705867991728,87.81599609375,81.5999984741211,90.6999969482422,NA,-9.58824426987592,1.83741073608398,3.92379641532898,-8.99604034423828,NA,2.34823316686294,-1.10294769287109,-4.35731840133667,3.82993721961975,NA,-0.79443446546793,1.15848737955093,-0.0350487045943737,-0.530465837568045,NA,-4.67314391451723,4.63394951820374,-3.50487045943737,-26.5232918784022,0.26086957,0.68181818,0.46666667,0.5,0.93333333,0.80952381,0.48888889,18.74285714,0.02222222,NA,0.42222222,0.55555556,81.8022003173828,NA,94.1079294305099,88.000615234375,3.69559001922607,NA,-9.28464869449013,2.28931533813477,-4.8501501083374,NA,1.42951965332031,-2.20370101928711,-0.0350487045943737,NA,-1.3599490262568,1.15848737955093,-3.50487045943737,NA,-7.15762645398316,4.63394951820374,0.27272727,0.65217391,0.46666667,0.5,0.93333333,0.80952381,0.51111111,5,85.6754699707031,1.65714797973633,0,0,106.276,2,0.4,"2024-05-15",0
