"PlayerName","playerid","Date","Opp","teamid","season","Team","HomeAway","Age","W","L","ERA","G","GS","QS","CG","ShO","SV","HLD","BS","IP","TBF","H","R","ER","HR","BB","IBB","HBP","WP","BK","SO","K/9","BB/9","H/9","K/BB","IFH%","BUH%","GB","FB","LD","IFFB","IFH","BU","BUH","K%","BB%","K-BB%","SIERA","HR/9","AVG","WHIP","BABIP","LOB%","FIP","E-F","xFIP","ERA-","FIP-","xFIP-","GB/FB","LD%","GB%","FB%","IFFB%","HR/FB","RS","RS/9","Balls","Strikes","Pitches","WPA","-WPA","+WPA","RE24","REW","pLI","inLI","gmLI","exLI","Pulls","Games","WPA/LI","Clutch","SD","MD","FB%1","FBv","CT%","CTv","CB%","CBv","CH%","CHv","XX%","wFB","wCT","wCB","wCH","wFB/C","wCT/C","wCB/C","wCH/C","O-Swing%","Z-Swing%","Swing%","O-Contact%","Z-Contact%","Contact%","Zone%","F-Strike%","SwStr%","Pull","Cent","Oppo","Soft","Med","Hard","bipCount","Pull%","Cent%","Oppo%","Soft%","Med%","Hard%","tERA","GSv2","pb_o_CH","pb_s_CH","pb_c_CH","pb_o_CU","pb_s_CU","pb_c_CU","pb_o_FF","pb_s_FF","pb_c_FF","pb_o_SI","pb_s_SI","pb_c_SI","pb_o_SL","pb_s_SL","pb_c_SL","pb_overall","pb_stuff","pb_command","pb_xRV100","pb_ERA","sp_s_CH","sp_l_CH","sp_p_CH","sp_s_CU","sp_l_CU","sp_p_CU","sp_s_FF","sp_l_FF","sp_p_FF","sp_s_SI","sp_l_SI","sp_p_SI","sp_s_SL","sp_l_SL","sp_p_SL","sp_stuff","sp_location","sp_pitching","pfxFA%","pfxSI%","pfxSL%","pfxCU%","pfxCH%","pfxvFA","pfxvSI","pfxvSL","pfxvCU","pfxvCH","pfxFA-X","pfxSI-X","pfxSL-X","pfxCU-X","pfxCH-X","pfxFA-Z","pfxSI-Z","pfxSL-Z","pfxCU-Z","pfxCH-Z","pfxwFA","pfxwSI","pfxwSL","pfxwCU","pfxwCH","pfxwFA/C","pfxwSI/C","pfxwSL/C","pfxwCU/C","pfxwCH/C","pfxO-Swing%","pfxZ-Swing%","pfxSwing%","pfxO-Contact%","pfxZ-Contact%","pfxContact%","pfxZone%","pfxPace","piCH%","piCU%","piFA%","piFC%","piSI%","piSL%","pivCH","pivCU","pivFA","pivFC","pivSI","pivSL","piCH-X","piCU-X","piFA-X","piFC-X","piSI-X","piSL-X","piCH-Z","piCU-Z","piFA-Z","piFC-Z","piSI-Z","piSL-Z","piwCH","piwCU","piwFA","piwFC","piwSI","piwSL","piwCH/C","piwCU/C","piwFA/C","piwFC/C","piwSI/C","piwSL/C","piO-Swing%","piZ-Swing%","piSwing%","piO-Contact%","piZ-Contact%","piContact%","piZone%","Events","EV","LA","Barrels","Barrel%","maxEV","HardHit","HardHit%","gamedate","dh"
"Framber Valdez",17295,"2024-09-24","SEA",21,2024,"HOU","H",30,1,0,4.7647064169386,1,1,0,0,0,0,0,0,5.2,26,8,3,3,1,2,0,0,0,0,4,6.35294188925147,3.17647094462574,12.7058837785029,2,0.09090909,0.5,11,3,4,0,1,2,1,0.15384615,0.07692308,0.07692308,4.17656932097742,1.58823547231287,0.333333333333333,1.76470608034763,0.368421052631579,0.81395349,5.10765646667219,-0.342950049733585,3.61401369061921,120.04589253568,126.394648204086,88.0624080941195,3.666666666,0.222222222,0.611111111,0.166666666,0,0.333333333,4,6.35294188925147,34,56,90,-0.128031969070435,-0.629135966300964,0.50110399723053,-0.715300023555756,-0.075813464820385,1.17175388336182,0.980100035667419,0.870000004768372,3.38459992408752,1,1,-0.0232788361608982,-0.0859864036547403,0,0,0.52222222,94.14893617,0.01111111,86,0.25555556,79.43478261,0.21111111,89.94736842,NA,1.13725137710571,0.193908214569092,-0.724952161312103,-1.77363204956055,2.41968378107599,19.3908214569092,-3.15196591874827,-9.33490552400288,0.26,0.525,0.37777778,0.84615385,0.80952381,0.82352941,0.44444444,0.69230769,0.06666667,11,7,2,2,10,8,20,0.55,0.35,0.1,0.1,0.5,0.4,5.97932519786984,42,52.12165,45.48019,48.35353,71.48802,69.74361,56.78351,80,60.81936,80,51.16146,49.02234,51.18923,58.12477,79.55232,62.28464,58.01978,52.92742,53.6309,-0.37283,3.51785,114.92,108.66,126.72,132.7,110.3,143.42,106.96,159.84,170.52,100.58,99.4,105.1,174.92,75.28,117.98,112.712666666667,104.544,120.327111111111,0.01111111,0.51111111,0.01111111,0.25555556,0.21111111,96.8000030517578,94.008693529212,86,79.508693529212,90.0473697060033,5.82166624069214,9.36172153638757,-0.10551892966032,-6.67966826065727,8.27676552220395,4.09603786468506,4.28002564803414,-3.31826376914978,-8.44085826044497,1.83655588250411,0.057969942688942,1.19101339951158,0.196128189563751,-0.734889481216669,-1.80431228503585,5.7969942688942,2.5891595641556,19.6128189563751,-3.19517165746378,-9.4963804475571,0.24390244,0.48979592,0.37777778,0.8,0.83333333,0.82352941,0.54444444,16.703125,0.21111111,0.25555556,NA,NA,0.52222222,0.01111111,90.0669266550164,79.507520592731,NA,NA,94.0875893450798,86.0115966796875,8.4006452058491,-6.62366253396739,NA,NA,9.39949522627161,0.091158002614975,0.0449870134654798,-10.5103958793308,NA,NA,2.63765765250997,-5.12084007263184,-1.80431228503585,-0.734889481216669,NA,NA,1.24898334220052,0.196128189563751,-9.4963804475571,-3.19517165746378,NA,NA,2.65741136638408,19.6128189563751,0.26190476,0.47916667,0.37777778,0.81818182,0.82608696,0.82352941,0.53333333,20,91.1130642361111,-3.69575585259332,3,0.15,110.297,11,0.55,"2024-09-24",0
"Framber Valdez",17295,"2024-09-18","@SDP",21,2024,"HOU","A",30,0,1,1.28571428571429,1,1,1,0,0,0,0,0,7,28,5,1,1,1,2,0,0,0,0,6,7.71428571428571,2.57142857142857,6.42857142857143,3,0.09090909,0.5,11,5,2,0,1,2,1,0.21428571,0.07142857,0.14285714,3.7692341846865,1.28571428571429,0.192307692307692,1,0.210526315789474,1,4.1664797782898,-2.88076549257551,3.38934292559113,32.3933324466221,102.760933900373,82.4731455019915,2.2,0.111111111,0.611111111,0.277777777,0,0.2,0,0,31,63,94,0.174029946327209,-0.432488024234772,0.606517970561981,2.19899988174438,0.239934533834457,1.05449998378754,1.00505709648132,0.870000004768372,0.49099999666214,1,1,0.114651568233967,0.0503839452822415,0,0,0.37234043,94.34285714,0.05319149,82.8,0.30851064,78.31034483,0.26595745,91.12,NA,-1.96553349494934,0.341946423053741,-0.0349251478910446,2.24457406997681,-5.61580998556955,6.83892846107483,-0.120431544451878,8.97829627990723,0.30612245,0.71111111,0.5,0.4,0.9375,0.76595745,0.4787234,0.64285714,0.11702128,10,7,3,1,13,6,20,0.5,0.35,0.15,0.05,0.65,0.3,3.76922267111188,64,60.42314,46.23472,56.94392,58.99471,71.04971,51.40689,NA,NA,NA,49.21928,50.93671,51.49635,51.16837,37.55776,53.18434,54.96371,55.73037,52.30448,-0.18297,3.80264,102.78,135.9,140.64,118.32,80.76,105.48,NA,NA,NA,97.22,91.3,96.24,98.7,98.78,104.12,105.003695652174,100.732826086957,111.445217391304,NA,0.37234043,0.05319149,0.30851064,0.26595745,NA,94.2428571428571,82.5400024414062,78.2689672009698,91,NA,8.60907592773438,-3.04389247894287,-7.75720846241918,7.27964172363281,NA,3.84059099469866,-4.5582405090332,-9.06207275390625,1.13627708435059,NA,-1.98026108369231,0.346089161932468,-0.040814895182848,2.27416016161442,NA,-5.65788881054946,6.92178323864937,-0.14074101787189,9.09664064645767,0.26666667,0.71428571,0.5,0.41666667,0.88571429,0.76595745,0.5212766,18.63636364,0.26595745,0.30851064,NA,NA,0.37234043,0.05319149,90.877958984375,78.1444554822198,NA,NA,94.1488141741071,82.404443359375,7.59151489257813,-7.60679679081358,NA,NA,8.73948538643973,-2.86730403900147,-0.224269676208496,-10.5887914197198,NA,NA,2.58173631940569,-5.72653388977051,2.27416016161442,-0.040814895182848,NA,NA,-1.98026108369231,0.346089161932468,9.09664064645767,-0.14074101787189,NA,NA,-5.65788881054946,6.92178323864937,0.27659574,0.72340426,0.5,0.46153846,0.88235294,0.76595745,0.5,20,92.9170209099265,3.97198127297794,3,0.15,109.736,9,0.45,"2024-09-18",0
"Framber Valdez",17295,"2024-09-12","OAK",21,2024,"HOU","H",30,0,0,1.42105270290639,1,1,1,0,0,0,0,0,6.1,26,5,1,1,0,1,0,0,1,0,6,8.52631621743836,1.42105270290639,7.10526351453196,6,0.076923076,0,13,1,5,0,1,0,0,0.23076923,0.03846154,0.19230769,2.16298352638476,0,0.2,0.947368468604262,0.263157894736842,0.83333333,1.7454270753834,-0.32437437247701,1.98416525676993,35.8031587117693,41.9663258304877,47.5157402576804,13,0.263157894,0.684210526,0.052631578,0,0,2,2.84210540581279,31,66,97,0.194334000349045,-0.332286089658737,0.526620090007782,1.83669996261597,0.194668784737587,1.09107148647308,1.06565713882446,0.870000004768372,2.3225998878479,1,1,0.124052219092846,0.0540607668648702,0,0,0.375,93.77777778,0.10416667,83.4,0.35416667,78.82352941,0.16666667,89.9375,0.01030928,-1.34238803386688,0.305830836296082,1.49325501918793,0.0664507746696472,-3.72885564963023,3.05830836296082,4.39192652702332,0.415317341685295,0.32653061,0.68085106,0.5,0.5625,0.96875,0.83333333,0.48958333,0.69230769,0.08247423,8,8,3,6,10,3,19,0.42105263,0.42105263,0.15789474,0.31578947,0.52631579,0.15789474,2.92767863780976,68,43.86488,44.26028,39.72109,80,77.50419,60.65265,NA,NA,NA,67.49027,52.14716,67.51747,20,43.97555,20,64.66625,60.24178,55.00014,-0.78575,2.89847,100.94,103.66,97.42,140.46,113.82,145.02,NA,NA,NA,98.24,123.72,126.78,112.54,56.5,58.04,115.1325,109.868333333333,121.18625,NA,0.375,0.10416667,0.35416667,0.16666667,NA,93.7333306206597,83.4,78.8058794806985,89.8562469482422,NA,9.66064283582899,-1.91943855285645,-6.68033465217142,9.25327014923096,NA,4.34029557969835,-2.7503101348877,-8.89316334443934,2.47378969192505,NA,-1.35554826259613,0.308393638581038,1.50658166781068,0.0646126307547092,NA,-3.76541184054481,3.08393638581038,4.43112255238435,0.403828942216933,0.30434783,0.68,0.5,0.5,0.97058824,0.83333333,0.52083333,18.5915493,0.16666667,0.35416667,NA,NA,0.375,0.10416667,90.0717468261719,79.0107134650735,NA,NA,93.9567599826389,83.5917114257813,9.37361717224121,-6.63020190070657,NA,NA,9.74006144205729,-1.94637870788574,0.782306849956512,-10.6695404052734,NA,NA,2.87384753757053,-4.24637145996094,0.0646126307547092,1.3519455678761,NA,NA,-1.35554826259613,0.308393638581038,0.403828942216933,3.97631049375324,NA,NA,-3.76541184054481,3.08393638581038,0.30434783,0.68,0.5,0.5,0.97058824,0.83333333,0.52083333,19,84.3389250102796,-6.73722518117804,0,0,107.15,5,0.26315789,"2024-09-12",0
"Framber Valdez",17295,"2024-09-06","ARI",21,2024,"HOU","H",30,1,0,0,1,1,1,0,0,0,0,0,7,25,2,0,0,0,3,0,0,0,0,7,9,3.85714285714286,2.57142857142857,2.33333333,0,0,11,2,1,0,0,1,0,0.28,0.12,0.16,3.29090188401489,0,0.0909090909090909,0.714285714285714,0.133333333333333,1,2.45219406400408,-2.45219406400408,2.88419646578176,0,59.7138213799841,69.9063292942595,5.5,0.071428571,0.785714285,0.142857142,0,0,8,10.2857142857143,39,57,96,0.314434021711349,-0.095457948744297,0.409891992807388,3.33870005607605,0.353863269090652,0.753055989742279,0.844142854213715,0.870000004768372,0.0257999990135431,1,1,0.29849249124527,0.119051524066207,0,0,0.5,93.85416667,0.03125,84.66666667,0.28125,79.11111111,0.1875,89.55555556,NA,1.89234685897827,0.0931044071912766,0.7630735039711,0.78190004825592,3.94238928953807,3.10348023970922,2.82619816285593,4.34388915697734,0.26315789,0.66666667,0.42708333,0.4,0.92307692,0.73170732,0.40625,0.48,0.11458333,7,6,2,2,8,5,15,0.46666667,0.4,0.13333333,0.13333333,0.53333333,0.33333333,1.6773520761308,78,42.59435,50.23076,40.62787,36.79195,77.14822,21.14834,20,40.56802,20,50.67079,53.95761,47.12605,64.61223,42.92763,55.9805,41.21423,59.3225,31.20481,0.67124,5.08395,111.26,104.1,115.58,141.56,73.5,109.48,60.04,-94.46,-117.86,99.08,106.78,117,127.44,132.28,152.08,114.103829787234,95.3806382978724,113.18914893617,0.01041667,0.48958333,0.03125,0.28125,0.1875,96.5,93.6808510638298,84.7333323160807,79.0518482349537,89.5,4.52789449691772,9.70003882874834,-0.850003242492676,-6.17559644911024,8.90844896104601,7.15487003326416,4.84276889232879,-0.599783062934875,-8.84716288248698,2.03333642747667,-0.0991095378994942,2.01134611666203,0.094138327986002,0.753485310822725,0.791001975536346,-9.91095378994942,4.27945982268516,3.13794426620007,2.79068633638046,4.39445541964637,0.25490196,0.62222222,0.42708333,0.30769231,0.92857143,0.73170732,0.46875,19.92957746,0.1875,0.28125,0.01041667,NA,0.48958333,0.03125,89.7393188476562,79.2867115162037,96.6941986083984,NA,93.9186855884308,84.9617665608724,9.02598317464193,-6.21239669234664,4.04007005691528,NA,9.73371595017453,-1.00866500536601,0.582768652174208,-10.7138649269387,5.81500005722046,NA,3.36162680767952,-2.26003328959147,0.791001975536346,0.753485310822725,-0.0991095378994942,NA,2.01134611666203,0.094138327986002,4.39445541964637,2.79068633638046,-9.91095378994942,NA,4.27945982268516,3.13794426620007,0.26,0.60869565,0.42708333,0.30769231,0.92857143,0.73170732,0.47916667,15,91.3730817522321,-1.5244129725865,1,0.06666667,114.686,7,0.46666667,"2024-09-06",0
"Framber Valdez",17295,"2024-08-30","KCR",21,2024,"HOU","H",30,0,0,0,1,1,1,0,0,0,0,0,7,24,0,0,0,0,3,0,1,1,0,7,9,3.85714285714286,0,2.33333333,0,0,9,2,2,1,0,0,0,0.29166667,0.125,0.16666667,3.49790096720156,0,0,0.428571428571429,0,1,2.88076549257551,-2.88076549257551,3.31276789435319,0,70.4755995100814,80.5681448334097,4.5,0.153846153,0.692307692,0.153846153,0.5,0,1,1.28571428571429,38,60,98,0.452684074640274,-0.212651982903481,0.665336072444916,3.33870005607605,0.353863269090652,1.32540762424469,1.19894289970398,0.870000004768372,2.14740014076233,1,1,0.370973765850067,-0.0294304803281922,0,0,0.42857143,94.95238095,NA,NA,0.37755102,79,0.19387755,90.63157895,NA,2.05229330062866,NA,2.04761576652527,-0.0099194161593914,4.88641262054443,NA,5.53409666628451,-0.0522074534704811,0.29508197,0.81081081,0.48979592,0.44444444,0.83333333,0.6875,0.37755102,0.5,0.15306122,6,5,2,3,7,3,13,0.46153846,0.38461538,0.15384615,0.23076923,0.53846154,0.23076923,2.5704427272086,82,34.57512,49.32124,28.1662,80,80,64.88729,20,37.15287,20,34.08488,52.95413,39.12819,NA,NA,NA,50.63353,64.99462,40.42696,0.08605,4.20617,103.46,69.48,73.78,147.92,101.96,145.1,76.1,4.12,-8.17999999999999,92.22,84.46,83.42,NA,NA,NA,115.031515151515,87.3139393939394,103.696767676768,0.01020408,0.41836735,NA,0.37755102,0.19387755,96.0999984741211,94.9048804306402,NA,78.9297270903716,90.4894698293586,6.21665954589844,10.0479691668255,NA,-7.47057115709459,8.93587774979441,5.69652128219604,4.35963104992378,NA,-8.87533981735642,1.59271069576866,-0.351199358701706,2.423126231879,NA,2.08744840323925,-0.013983566313982,-35.1199358701706,5.91006398019267,NA,5.64175244118716,-0.0735977174420106,0.33333333,0.68181818,0.48979592,0.5,0.8,0.6875,0.44897959,19.2027027,0.19387755,0.37755102,NA,NA,0.42857143,NA,90.7309441817434,79.1469198690878,NA,NA,95.1708693731399,NA,8.92010498046875,-7.55374557907517,NA,NA,9.69578915550595,NA,-0.0838328348962884,-10.4881962956609,NA,NA,2.94532521565755,NA,-0.013983566313982,2.08744840323925,NA,NA,2.07192687317729,NA,-0.0735977174420106,5.64175244118716,NA,NA,4.93315922185069,NA,0.33962264,0.66666667,0.48979592,0.5,0.8,0.6875,0.45918367,13,89.9027193509615,-0.879737560565655,0,0,106.881,6,0.46153846,"2024-08-30",0
"Framber Valdez",17295,"2024-08-24","@BAL",21,2024,"HOU","A",30,0,1,4.7647064169386,1,1,0,0,0,0,0,0,5.2,24,6,3,3,0,1,0,0,0,0,8,12.7058837785029,1.58823547231287,9.52941283387721,8,0.222222222,0,9,1,5,0,2,0,0,0.33333333,0.04166667,0.29166667,1.91668741391248,0,0.260869565217391,1.23529425624334,0.4,0.57142857,0.872361873837875,3.89234454310073,1.13918691663752,120.04589253568,20.0429465154906,26.4947327978524,9,0.333333333,0.6,0.066666666,0,0,2,3.17647094462574,39,66,105,0.250380039215088,-0.283079952001572,0.533460021018982,2.06400012969971,0.221935495734215,1.17683339118958,1.15333342552185,0.925999999046326,4.73199987411499,1,1,0.136940628290176,0.0758167943743836,0,0,0.46153846,95.14583333,NA,NA,0.33653846,79.17142857,0.20192308,90.57142857,0.00952381,0.26869985461235,NA,0.0393714569509029,0.381567984819412,0.55979136377573,NA,0.11248987700258,1.81699040390196,0.28333333,0.63636364,0.43269231,0.58823529,0.89285714,0.77777778,0.42307692,0.54166667,0.0952381,5,6,4,4,9,2,15,0.33333333,0.4,0.26666667,0.26666667,0.6,0.13333333,2.56811926010383,58,71.67872,57.48248,76.99899,61.20354,67.47646,51.9614,NA,NA,NA,62.57676,65.65151,62.6665,NA,NA,NA,66.83842,64.35051,67.04874,-0.9207,2.69604,103.94,141.58,158.38,120.3,99.74,120.48,NA,NA,NA,100.98,123.72,128.4,NA,NA,NA,108.165,119.771346153846,132.653076923077,NA,0.43269231,NA,0.33653846,0.23076923,NA,95.3111111111111,NA,79.1800013950893,90.5833333333333,NA,10.3220933702257,NA,-5.74598737444196,9.87888463338216,NA,4.90101962619358,NA,-8.19866245814732,2.39178657531738,NA,0.858513820916414,NA,0.0404657833278179,-0.169546466320753,NA,1.90780849092536,NA,0.115616523793765,-0.706443609669805,0.22222222,0.59322034,0.43269231,0.4,0.88571429,0.77777778,0.56730769,19.75,0.19230769,0.33653846,NA,NA,0.47115385,NA,89.9669128417969,79.0286411830357,NA,NA,94.9382075095663,NA,9.59840393066406,-6.37318071637835,NA,NA,10.0340576171875,NA,0.928905773162842,-9.98909214564732,NA,NA,3.59224373953683,NA,0.718696836382151,0.0404657833278179,NA,NA,-0.00565025955438614,NA,3.59348418191075,0.115616523793765,NA,NA,-0.0115311419477268,NA,0.24489796,0.6,0.43269231,0.5,0.87878788,0.77777778,0.52884615,15,85.0431396484375,-6.70177561442057,0,0,102.376,4,0.26666667,"2024-08-24",0
"Framber Valdez",17295,"2024-08-18","CHW",21,2024,"HOU","H",30,1,0,0,1,1,1,0,0,0,0,0,7,23,3,0,0,0,1,0,0,0,0,9,11.5714285714286,1.28571428571429,3.85714285714286,9,0.125,0,8,3,2,0,1,0,0,0.39130435,0.04347826,0.34782609,1.8344077209378,0,0.136363636363636,0.571428571428571,0.230769230769231,1,1.02362263543265,-1.02362263543265,1.67162623809917,0,23.8412276129932,39.740529070686,2.666666666,0.153846153,0.615384615,0.23076923,0,0,1,1.28571428571429,25,57,82,0.441821962594986,-0.155007973313332,0.596829950809479,3.33870005607605,0.353863269090652,1.10139131546021,1.16142857074738,0.870000004768372,2.14740014076233,1,1,0.359926611185074,0.0412223323313141,0,0,0.34146341,94.35714286,0.07317073,84.33333333,0.40243902,79,0.18292683,89.73333333,NA,3.08813190460205,-0.141642868518829,0.781457781791687,0.368918865919113,11.0290425164359,-2.36071447531382,2.36805388421723,2.45945910612742,0.45833333,0.55882353,0.5,0.40909091,0.89473684,0.63414634,0.41463415,0.82608696,0.18292683,6,4,3,3,7,3,13,0.46153846,0.30769231,0.23076923,0.23076923,0.53846154,0.23076923,0.741197781038085,82,41.06581,54.01536,29.45448,60.55048,71.79301,52.99932,NA,NA,NA,74.40391,61.53929,79.83435,52.93474,55.80266,52.02795,60.8293,65.15273,57.93625,-0.54737,3.25604,110.76,92.6,100.26,124.62,90.48,113.44,NA,NA,NA,97.16,124.22,130.62,135.26,75.8,84.8,113.486585365854,101.314634146341,114.799756097561,NA,0.34146341,0.07317073,0.40243902,0.18292683,NA,94.3285696847098,84.4333343505859,78.9545454545455,89.6266682942708,NA,9.95470428466797,-1.55063645044963,-6.63996887207031,9.58091328938802,NA,5.27271870204381,-1.61154238382975,-8.46303766424006,1.25169003804525,NA,3.17530751973391,-0.145084127783775,0.749686472117901,0.371665839105844,NA,11.3403839990497,-2.41806879639626,2.27177718823606,2.47777226070563,0.44444444,0.56756757,0.5,0.4,0.85714286,0.63414634,0.45121951,19.20338983,0.18292683,0.40243902,NA,NA,0.34146341,0.07317073,89.5052164713542,78.8258611505682,NA,NA,94.2165004185268,84.2942199707031,9.62078043619792,-6.94602041533499,NA,NA,9.92150224958147,-1.74231259028117,-0.644091415405273,-10.6606842965791,NA,NA,3.65224320547921,-3.37688477834066,0.371665839105844,0.749686472117901,NA,NA,3.17530751973391,-0.145084127783775,2.47777226070563,2.27177718823606,NA,NA,11.3403839990497,-2.41806879639626,0.42105263,0.56818182,0.5,0.375,0.8,0.63414634,0.53658537,13,83.8264007568359,0.670915823716384,0,0,102.977,5,0.38461538,"2024-08-18",0
"Framber Valdez",17295,"2024-08-12","@TBR",21,2024,"HOU","A",30,1,0,1.58823547231287,1,1,0,0,0,0,0,0,5.2,21,3,1,1,0,1,0,0,0,0,9,14.2941192508158,1.58823547231287,4.7647064169386,9,0,0,6,5,0,0,0,0,0,0.42857143,0.04761905,0.38095238,1.81271094208689,0,0.15,0.705882432139052,0.272727272727273,0.75,0.519420657768348,1.06881481454452,1.85354587176658,40.0152975118933,11.1803047081077,44.26624741728,1.2,0,0.545454545,0.454545454,0,0,6,9.52941283387721,41,60,101,0.155392006039619,-0.09061598777771,0.246007993817329,1.50300002098083,0.16507413983345,0.560590445995331,0.677033364772797,0.928600013256073,0.296999990940094,1,1,0.172881618142128,0.104311843055236,0,0,0.37623762,95.26315789,NA,NA,0.37623762,79.26315789,0.24752475,89.4,NA,-0.223421186208725,NA,1.55251741409302,0.0598176419734955,-0.58795049002296,NA,4.08557214235005,0.239270567893982,0.3015873,0.52631579,0.38613861,0.63157895,0.85,0.74358974,0.37623762,0.47619048,0.0990099,5,2,4,2,6,3,11,0.45454545,0.18181818,0.36363636,0.18181818,0.54545455,0.27272727,-0.339084699618393,71,33.18654,54.81191,26.13664,80,80,69.43893,NA,NA,NA,20,50.01241,24.28402,NA,NA,NA,44.78845,67.1009,32.82909,0.44919,4.75088,102,78.84,84.32,127.34,117.92,159.98,NA,NA,NA,91.58,80.82,82.44,NA,NA,NA,107.613465346535,94.2883168316832,112.078811881188,NA,0.37623762,NA,0.37623762,0.24752475,NA,95.1289447985197,NA,79.2210500616776,89.34400390625,NA,10.1249237060547,NA,-7.27205778423109,8.9479736328125,NA,4.33253157766242,NA,-9.09494018554688,0.444780502319336,NA,-0.214648347347975,NA,1.55548881739378,0.0608547888696194,NA,-0.564864071968355,NA,4.09339162472047,0.243419155478477,0.29508197,0.525,0.38613861,0.61111111,0.85714286,0.74358974,0.3960396,18.05063291,0.24752475,0.37623762,NA,NA,0.37623762,NA,89.283896484375,79.1615311472039,NA,NA,95.0787610505757,NA,9.122021484375,-7.2381840756065,NA,NA,10.1762462415193,NA,-1.17527862548828,-10.9954496684827,NA,NA,2.8444017109118,NA,0.0608547888696194,1.55548881739378,NA,NA,-0.214648347347975,NA,0.243419155478477,4.09339162472047,NA,NA,-0.564864071968355,NA,0.31147541,0.5,0.38613861,0.63157895,0.85,0.74358974,0.3960396,11,88.2217906605114,4.53568961403587,0,0,98.9793,2,0.18181818,"2024-08-12",0
"Framber Valdez",17295,"2024-08-06","@TEX",21,2024,"HOU","A",30,1,0,2.07692322928526,1,1,1,0,0,0,0,0,8.2,29,1,2,2,1,3,0,0,0,0,5,5.19230807321314,3.11538484392789,1.03846161464263,1.66666667,0.083333333,0,12,7,2,1,1,0,0,0.17241379,0.10344828,0.06896552,4.78303585112503,1.03846161464263,0.0384615384615385,0.461538495396724,0,0.76923077,4.55109526447997,-2.47417203519471,4.27233280290158,52.3276947140494,112.418942465189,104.43978762324,1.714285714,0.095238095,0.571428571,0.333333333,0.142857142,0.142857142,4,4.15384645857051,40,67,107,0.53522801399231,-0.115804016590118,0.651032030582428,2.31799983978271,0.240706130862236,0.878827571868896,1.15057778358459,0.870000004768372,0.550400018692017,1,1,0.396724343299866,0.212300715909536,0,0,0.20560748,95.36363636,0.12149533,84.46153846,0.37383178,79.575,0.29906542,90.375,NA,1.10543990135193,-1.40077972412109,2.03498363494873,2.26862454414368,5.02472682432695,-10.7752286470853,5.08745908737183,7.08945170044899,0.41428571,0.56756757,0.46728972,0.48275862,0.95238095,0.68,0.34579439,0.62068966,0.14953271,10,5,6,5,8,8,21,0.47619048,0.23809524,0.28571429,0.23809524,0.38095238,0.38095238,3.89648425333086,76,56.41615,61.59706,53.9036,46.49555,70.2359,36.77963,NA,NA,NA,46.33251,57.77666,54.99413,43.95857,43.32845,40.36576,45.8876,65.30748,41.12783,0.3809,4.64844,98.42,95.86,107.58,125,75.38,98.06,NA,NA,NA,100.44,86.78,91.54,98.5,78.98,81.56,108.781495327103,84.2861682242991,97.5618691588785,NA,0.20560748,0.12149533,0.37383178,0.29906542,NA,95.3090931285511,84.453848031851,79.5,90.234375,NA,9.45106991854581,-1.77795938345102,-6.43476715087891,9.18422985076904,NA,5.67210318825462,-2.18689316969651,-9.00392913818359,0.528859257698059,NA,1.15797312930226,-1.40467513352633,2.08817900717258,2.29623539745808,NA,5.2635142241012,-10.8051933348179,5.22044751793146,7.17573561705649,0.41269841,0.54545455,0.46728972,0.46153846,0.91666667,0.68,0.41121495,17.84415584,0.29906542,0.37383178,NA,NA,0.20560748,0.12149533,90.5467147827148,79.8144165039062,NA,NA,95.6288729580966,84.7538499098558,9.35530567169189,-6.54006729125977,NA,NA,9.43434281782671,-1.82464423546424,-0.913252294063568,-10.6913230895996,NA,NA,4.36516050858931,-3.40936015202449,2.29623539745808,2.08817900717258,NA,NA,1.15797312930226,-1.40467513352633,7.17573561705649,5.22044751793146,NA,NA,5.2635142241012,-10.8051933348179,0.40983607,0.54347826,0.46728972,0.44,0.92,0.68,0.42990654,21,83.3633451915923,-0.668121065412249,2,0.0952381,104.886,7,0.33333333,"2024-08-06",0
"Framber Valdez",17295,"2024-07-31","PIT",21,2024,"HOU","H",30,1,0,6,1,1,0,0,0,0,0,0,6,25,6,4,4,1,0,0,0,0,0,10,15,0,9,10,0.142857142,0,7,5,3,0,1,0,0,0.4,0,0.4,1.60752108401489,1.5,0.24,1,0.357142857142857,0.43478261,1.99981311162313,4.00018688837687,1.09315345014135,151.168884750903,48.3541666871037,25.3495320315628,1.4,0.2,0.466666666,0.333333333,0,0.2,5,7.5,26,67,93,-0.105147935450077,-0.417212009429932,0.312064051628113,-1.13830006122589,-0.12064653635025,0.73063999414444,0.843100011348724,0.870000004768372,1.73000001907349,1,1,0.0236286483705044,-0.167540747752913,0,0,0.38043478,95.08571429,0.04347826,85.5,0.44565217,80.07317073,0.13043478,89.58333333,0.01075269,-1.68132281303406,0.00831623002886772,2.89903664588928,-1.16689550876617,-4.80377946581159,0.207905750721693,7.07082108753483,-9.72412923971812,0.41304348,0.63043478,0.52173913,0.36842105,0.68965517,0.5625,0.5,0.84,0.22580645,4,7,4,1,9,5,15,0.26666667,0.46666667,0.26666667,0.06666667,0.6,0.33333333,2.30463867567964,55,NA,NA,NA,NA,NA,NA,NA,NA,NA,NA,NA,NA,NA,NA,NA,NA,NA,NA,NA,NA,125.68,146.6,177.48,160.06,101.72,163.1,84.08,50.08,16.74,112.5,126.42,131.54,122.28,84,113.44,135.530652173913,115.370434782609,149.562173913043,0.01086957,0.36956522,0.04347826,0.44565217,0.13043478,94.3000030517578,94.9882381663603,85.4250030517578,80.0439036299543,89.4583333333333,5.9475269317627,9.95673235724954,-1.85737371444702,-6.25676076005145,8.94891039530436,4.82176828384399,5.05660831227022,-1.50081193447113,-8.71481025509718,0.943006674448649,-0.0350487045943737,-1.65255323797464,0.00773784890770912,2.95128286257386,-1.18669595941901,-3.50487045943737,-4.86045069992542,0.193446222692728,7.19825088432649,-9.88913299515843,0.42222222,0.61702128,0.52173913,0.31578947,0.72413793,0.5625,0.51086957,18.07352941,0.16304348,0.44565217,NA,NA,0.34782609,0.04347826,90.0164306640625,79.9476109946646,NA,NA,95.1093978881836,85.3458023071289,8.99513041178385,-6.59918287323742,NA,NA,9.77054500579834,-2.01908493041992,0.038253657023112,-10.7466386004192,NA,NA,3.53319811820984,-3.10448002815247,-2.58324282616377,2.96831423416734,NA,NA,-0.291055075824261,0.00773784890770912,-17.2216188410918,7.23979081504229,NA,NA,-0.909547111950815,0.193446222692728,0.40425532,0.64444444,0.52173913,0.31578947,0.72413793,0.5625,0.48913043,15,91.1556640625,12.7576802571615,2,0.13333333,107.782,8,0.53333333,"2024-07-31",0
"Framber Valdez",17295,"2024-07-26","LAD",21,2024,"HOU","H",30,1,0,0,1,1,1,0,0,0,0,0,6.1,25,4,0,0,0,2,0,0,0,0,10,14.2105270290639,2.84210540581279,5.68421081162557,5,0,0,6,3,4,0,0,0,0,0.4,0.08,0.32,2.32679148401489,0,0.173913043478261,0.947368468604262,0.307692307692308,1,0.955953351546518,-0.955953351546518,1.67216789570611,0,22.1419967010478,39.7540041954974,2,0.307692307,0.461538461,0.23076923,0,0,4,5.68421081162557,32,66,98,0.228260040283203,-0.256548017263412,0.484808027744293,2.18670010566711,0.231764703989029,0.958088040351868,0.81145715713501,0.870000004768372,1.410600066185,1,1,0.191275477409363,0.0469698932346255,0,0,0.35416667,95.5,0.0625,86.16666667,0.375,80.25,0.20833333,91.15,0.02040816,1.1683361530304,-0.253641605377197,0.764406085014343,0.166242659091949,3.43628280303057,-4.22736008961996,2.12335023615095,0.831213295459747,0.41071429,0.6,0.48958333,0.47826087,0.79166667,0.63829787,0.41666667,0.76,0.17346939,5,4,4,0,7,6,13,0.38461538,0.30769231,0.30769231,0,0.53846154,0.46153846,1.97441765598581,75,59.46835,54.22912,59.54677,80,73.30557,76.46437,NA,NA,NA,69.33148,61.06036,67.74665,75.076,57.71149,76.19846,76.80526,65.45854,75.46366,-1.5399,1.76724,106.66,131.8,132.7,124.78,125.3,149.8,NA,NA,NA,97.78,107.56,104.06,126.6,138.02,158.92,111.55625,121.16625,130.607916666667,NA,0.35416667,0.0625,0.375,0.20833333,NA,95.4470573874081,86.1166687011719,80.1722208658854,91.2049987792969,NA,9.87822050206801,-1.63940858840942,-6.26609505547418,8.7001838684082,NA,5.44750393138212,-0.585094650586446,-8.46480984157986,1.40808210372925,NA,1.22291463240981,-0.21616018936038,0.83736078068614,0.166474673897028,NA,3.5968077423818,-3.602669822673,2.32600216857261,0.83237336948514,0.4,0.6097561,0.48958333,0.54545455,0.72,0.63829787,0.42708333,20.61643836,0.20833333,0.375,NA,NA,0.35416667,0.0625,91.029150390625,79.9769694010417,NA,NA,95.2602826286765,85.9278157552083,8.66579284667969,-6.63490634494358,NA,NA,9.80917627671186,-2.09448830286662,-0.49722146987915,-10.6981709798177,NA,NA,3.78777043959674,-2.36327568689982,0.166474673897028,0.83736078068614,NA,NA,1.2018676660955,-0.21616018936038,0.83237336948514,2.32600216857261,NA,NA,3.53490490028087,-3.602669822673,0.39622642,0.60465116,0.48958333,0.52380952,0.73076923,0.63829787,0.44791667,13,92.9706561748798,14.7430619459886,0,0,108.171,5,0.38461538,"2024-07-26",0
"Framber Valdez",17295,"2024-07-20","@SEA",21,2024,"HOU","A",30,0,0,3.17647094462574,1,1,0,0,0,0,0,0,5.2,24,3,2,2,1,4,0,0,0,0,6,9.52941283387721,6.35294188925147,4.7647064169386,1.5,0,1,8,3,2,0,0,1,1,0.25,0.16666667,0.08333333,4.80306587899759,1.58823547231287,0.15,1.23529425624334,0.153846153846154,0.89285714,5.46059768274172,-2.28412673811598,3.96695490668873,80.0305950237866,135.257290011469,96.842727758545,2.666666666,0.153846153,0.615384615,0.23076923,0,0.333333333,1,1.58823547231287,41,59,100,-0.0884419828653336,-0.492999941110611,0.404557973146439,0.379000067710876,0.0430437214672565,1.04739999771118,1.15593338012695,0.870000004768372,0.731800019741058,1,1,0.104043796658516,-0.18848334512004,0,0,0.43,94.95348837,0.06,85.66666667,0.39,79.53846154,0.12,90.91666667,NA,0.877063155174255,0.0921953022480011,-0.632241487503052,0.233963057398796,2.0396817562192,1.53658837080002,-1.62113201923859,1.94969214498997,0.31666667,0.625,0.44,0.36842105,0.96,0.70454545,0.4,0.54166667,0.13,7,5,2,2,8,4,14,0.5,0.35714286,0.14285714,0.14285714,0.57142857,0.28571429,5.60418551546892,53,53.10729,42.06929,47.07985,70.38643,69.73523,58.97881,20,45.98005,20,53.21735,40.3177,59.56608,40.21197,54.04439,46.77986,59.06062,52.04583,57.59596,-0.43749,3.42086,92.7,127.26,123.66,126.72,113.2,133.82,79.44,62.06,55.3,87.86,109.3,104.12,132.86,69.92,85.2,106.030297029703,110.132673267327,116.302574257426,0.01,0.42,0.06,0.39,0.12,95.9000015258789,94.8190452938988,85.4500020345052,79.5461550981571,90.9416707356771,5.7682671546936,8.51632763090588,-2.04516919453939,-6.57889889448117,8.07320594787598,8.19694232940674,4.05862281436012,-1.34977960586548,-8.2745361328125,1.75675392150879,-0.0350487045943737,0.911288730800152,0.0925028026103973,-0.640660338103771,0.232467789202929,-3.50487045943737,2.16973507333369,1.54171337683996,-1.6427188156507,1.93723157669107,0.33333333,0.53846154,0.44,0.3125,0.92857143,0.70454545,0.52,17.22368421,0.12,0.39,NA,NA,0.43,0.06,90.7644551595052,79.3627741887019,NA,NA,94.6878236282704,85.286366780599,8.4395440419515,-6.59450041942107,NA,NA,8.84940355877544,-1.81968704859416,0.362851937611898,-9.90405038686899,NA,NA,3.09049952307413,-2.16289281845093,0.232467789202929,-0.640660338103771,NA,NA,0.876240026205778,0.0925028026103973,1.93723157669107,-1.6427188156507,NA,NA,2.03776750280414,1.54171337683996,0.31372549,0.57142857,0.44,0.3125,0.92857143,0.70454545,0.49,14,88.8166222205529,8.75953556941106,1,0.07142857,103.789,5,0.35714286,"2024-07-20",0
"Framber Valdez",17295,"2024-07-10","MIA",21,2024,"HOU","H",30,1,0,1.28571428571429,1,1,1,0,0,0,0,0,7,25,6,1,1,0,1,0,0,0,0,10,12.8571428571429,1.28571428571429,7.71428571428571,10,0,0,8,4,2,0,0,0,0,0.4,0.04,0.36,1.84505068401489,0,0.25,1,0.428571428571429,0.85714286,0.737908349718367,0.547805935995919,1.60191315327372,32.3933324466221,16.666708859595,38.0062369515132,2,0.142857142,0.571428571,0.285714285,0,0,9,11.5714285714286,32,63,95,0.164502084255219,-0.123024009168148,0.287526100873947,2.33870005607605,0.247874945402145,0.527064025402069,0.499657154083252,0.870000004768372,0.0257999990135431,1,1,0.174673646688461,0.137436602402678,0,0,0.38947368,93.7027027,0.14736842,86,0.37894737,79.44444444,0.08421053,88.625,NA,0.182725727558136,0.590614140033722,3.01973724365234,-0.631637096405029,0.493853317724692,4.2186724288123,8.3881590101454,-7.89546370506287,0.36538462,0.58139535,0.46315789,0.42105263,0.88,0.68181818,0.45263158,0.52,0.14736842,3,6,5,1,11,2,14,0.21428571,0.42857143,0.35714286,0.07142857,0.78571429,0.14285714,0.572188465898009,74,28.07856,43.14327,23.56702,64.97987,69.60686,53.30781,NA,NA,NA,56.84205,51.31276,63.81189,53.43526,51.53754,47.2071,56.46664,57.88227,53.25006,-0.27634,3.66258,96.88,64.96,68.88,128.14,103.74,129.3,NA,NA,NA,87.86,116.3,109.32,110.38,105.28,111.22,107.202315789474,105.593052631579,113.765894736842,NA,0.38947368,0.14736842,0.37894737,0.08421053,NA,93.7621608424831,86.0499965122768,79.3888888888889,88.5250015258789,NA,10.1504425873628,-0.581830024719238,-5.65280278523763,8.99777793884277,NA,4.6647858490815,0.935943467276437,-8.26115247938368,1.37143933773041,NA,0.225213255733252,0.595887295901775,3.0482968762517,-0.642814595252275,NA,0.608684474954734,4.25633782786982,8.46749132292138,-8.03518244065344,0.32608696,0.59183673,0.46315789,0.26666667,0.89655172,0.68181818,0.51578947,17.75714286,0.08421053,0.37894737,NA,0.06315789,0.38947368,0.08421053,88.5760269165039,79.4408637152778,NA,87.2020874023438,93.7999630489865,85.2384338378906,8.89581775665283,-6.04459677802192,NA,-0.678080399831136,10.0606516245249,-1.20233130455017,-0.382226377725601,-10.306037902832,NA,2.28784338633219,3.07461032351932,-2.90578866004944,-0.642814595252275,3.0482968762517,NA,0.270505610853434,0.225213255733252,0.325381685048342,-8.03518244065344,8.46749132292138,NA,4.50842684755723,0.608684474954734,4.06727106310427,0.30434783,0.6122449,0.46315789,0.28571429,0.86666667,0.68181818,0.51578947,14,85.9619140625,5.12979507446289,0,0,97.1099,6,0.42857143,"2024-07-10",0
"Framber Valdez",17295,"2024-07-04","@TOR",21,2024,"HOU","A",30,1,0,4.5,1,1,1,0,0,0,0,0,6,25,9,3,3,0,2,0,0,0,0,4,6,3,13.5,2,0.111111111,0,9,2,7,0,1,1,0,0.16,0.08,0.08,4.25851308401489,0,0.391304347826087,1.83333333333333,0.473684210526316,0.72727273,2.83314644495646,1.66685355504354,3.33714924703042,113.376663563177,69.2798463845151,81.1746936313688,4.5,0.388888888,0.5,0.111111111,0,0,5,7.5,36,55,91,0.077765978872776,-0.786042034626007,0.86380797624588,-0.125999972224236,-0.0133121982216835,1.79168796539307,1.12269997596741,0.822399973869324,1.51339995861053,1,1,0.00654003256931901,0.0368637187394171,0,0,0.5,94.51111111,0.02222222,85.5,0.32222222,78.93103448,0.15555556,89.71428571,0.01098901,-1.30225801467896,0.210907548666,0.51320743560791,0.690422296524048,-2.89390669928657,10.5453774333,1.76968081244107,4.93158783231463,0.26,0.625,0.42222222,0.84615385,0.92,0.89473684,0.44444444,0.56,0.04395604,11,5,3,2,8,9,19,0.57894737,0.26315789,0.15789474,0.10526316,0.42105263,0.47368421,5.70951533644359,48,33.76797,43.67479,23.41136,47.07172,63.12728,35.04607,74.93852,31.97839,80,50.37502,45.3799,70.92716,55.36113,36.49715,60.00071,44.98429,48.03901,52.41724,0.43702,4.73262,104.9,81.02,95.38,117.54,90.94,104.22,60.38,180,140.28,95.14,110.94,116.16,102.72,119.74,128.1,103.658222222222,100.804222222222,109.613555555556,0.02222222,0.47777778,0.02222222,0.32222222,0.15555556,95,94.4348825853924,85.5,78.9586223733836,89.5928606305804,5.93815517425537,8.62744211596112,-1.08089745044708,-6.49434688173491,6.73505728585379,5.41822671890259,3.31311248069586,0.43909764289856,-7.8060618433459,0.209251710346767,0.11999562010169,-1.43930649012327,0.213400099426508,0.461430225521326,0.697371944785118,5.99978100508451,-3.34722439563552,10.6700049713254,1.59113870869423,4.98122817703656,0.28571429,0.54166667,0.42222222,0.83333333,0.92307692,0.89473684,0.53333333,17.93939394,0.15555556,0.32222222,0.01111111,NA,0.48888889,0.02222222,89.4849679129464,78.817104997306,95.0623016357422,NA,94.3276922052557,85.3732452392578,6.81696265084403,-6.68625772410426,5.37885999679565,NA,8.75088154185902,-1.3070240020752,-1.10082483291626,-9.40063160863416,6.48696994781494,NA,2.20279416170987,-0.649837017059326,0.697371944785118,0.461430225521326,0.054773960262537,NA,-1.34575985744596,0.213400099426508,4.98122817703656,1.59113870869423,5.4773960262537,NA,-3.05854513055899,10.6700049713254,0.27906977,0.55319149,0.42222222,0.83333333,0.92307692,0.89473684,0.52222222,19,91.7125244140625,-3.03911760118273,1,0.05263158,109.988,10,0.52631579,"2024-07-04",0
"Framber Valdez",17295,"2024-06-29","@NYM",21,2024,"HOU","A",30,0,0,5.78571507395541,1,1,0,0,0,0,0,0,4.2,26,8,6,3,1,3,0,0,0,0,5,9.64285845659235,5.78571507395541,15.4285735305478,1.66666667,0.111111111,0,9,5,4,1,1,0,0,0.19230769,0.11538462,0.07692308,4.76371429111019,1.92857169131847,0.347826086956522,2.35714317827813,0.411764705882353,0.52083333,5.73790870004775,0.0478063739076546,4.57220326218499,145.770015869388,142.22079584112,111.899835842454,1.8,0.222222222,0.5,0.277777777,0.2,0.2,4,7.71428676527388,33,62,95,-0.383595943450928,-0.718812048435211,0.335216075181961,-4.01000022888184,-0.436106592416763,0.949118494987488,0.646759986877441,0.870000004768372,0.763000011444092,1,1,-0.428637892007828,0.0244776680981834,0,0,0.51578947,94.71428571,NA,NA,0.27368421,80.34615385,0.21052632,89.05,NA,-2.46015453338623,NA,-0.725901961326599,0.0180288925766945,-5.02072353752292,NA,-2.79193062048692,0.0901444628834724,0.28301887,0.5952381,0.42105263,0.66666667,0.92,0.825,0.44210526,0.73076923,0.07368421,4,8,6,3,11,4,18,0.22222222,0.44444444,0.33333333,0.16666667,0.61111111,0.22222222,5.57436889972404,26,47.09477,51.56787,45.99871,68.96368,71.10426,58.14307,NA,NA,NA,53.54664,47.7587,58.58641,NA,NA,NA,56.48978,54.21774,57.40116,-0.27777,3.66044,101.28,96.28,98.5,114.7,94.28,110.86,NA,NA,NA,86.8,116.58,107.12,NA,NA,NA,97.4842105263158,106.203157894737,106.328842105263,NA,0.51578947,NA,0.27368421,0.21052632,NA,94.6734693877551,NA,80.2730806790865,88.9799987792969,NA,9.88080207669005,NA,-5.28757652869591,8.57570571899414,NA,4.31073963398836,NA,-8.32045745849609,0.84013843536377,NA,-1.4161573164165,NA,-0.742186360061169,0.0157091431319714,NA,-2.89011697227858,NA,-2.85456292331219,0.0785457156598568,0.26829268,0.53703704,0.42105263,0.54545455,0.93103448,0.825,0.56842105,18.10144928,0.21052632,0.27368421,NA,NA,0.51578947,NA,88.9456176757812,80.2181114783654,NA,NA,94.6380440848214,NA,8.17292633056641,-6.05688359187199,NA,NA,9.46676199776786,NA,-0.545964288711548,-10.0361633300781,NA,NA,3.05275399344308,NA,0.0157091431319714,-0.742186360061169,NA,NA,-1.4161573164165,NA,0.0785457156598568,-2.85456292331219,NA,NA,-2.89011697227858,NA,0.27906977,0.53846154,0.42105263,0.58333333,0.92857143,0.825,0.54736842,18,92.9534979926215,8.68504248725043,1,0.05555556,108.78,10,0.55555556,"2024-06-29",0
"Framber Valdez",17295,"2024-06-23","BAL",21,2024,"HOU","H",30,1,0,1.28571428571429,1,1,1,0,0,0,0,0,7,29,6,1,1,1,2,0,0,0,0,7,9,2.57142857142857,7.71428571428571,3.5,0,0,13,2,5,0,0,0,0,0.24137931,0.06896552,0.17241379,2.84968747073419,1.28571428571429,0.222222222222222,1.14285714285714,0.263157894736842,1,3.88076549257551,-2.59505120686122,2.45562503721033,32.3933324466221,95.5864151469751,59.2445137551092,6.5,0.25,0.65,0.1,0,0.5,7,9,35,69,104,0.173606008291245,-0.130165979266167,0.303772002458572,2.33870005607605,0.247874930500984,0.526331007480621,0.546657145023346,0.870000004768372,0.127399995923042,1,1,0.147611379623413,0.182230499011557,0,0,0.48076923,94.34,0.02884615,85.33333333,0.29807692,80.64516129,0.19230769,89.55,NA,0.178569436073303,0.209018498659134,-0.401346325874329,0.909021437168121,0.357138872146606,6.9672832886378,-1.29466556733654,4.54510718584061,0.27586207,0.60869565,0.42307692,0.5,0.96428571,0.79545455,0.44230769,0.62068966,0.08653846,8,7,5,2,15,3,20,0.4,0.35,0.25,0.1,0.75,0.15,4.81644814606959,63,58.72863,50.19446,60.45209,42.59158,63.31284,31.5048,44.10173,30.57263,70.34133,58.32502,56.22537,58.55747,20,42.38899,20,51.93485,54.99412,49.57053,0.00521,4.08491,102.96,114.02,116.06,117.7,66.96,85.82,59.46,131.78,107.38,96.3,118.06,117.92,112.26,50.54,59.02,103.589142857143,100.379619047619,105.949714285714,0.01923077,0.46153846,0.03846154,0.28846154,0.19230769,94.8500061035156,94.2791646321615,84.6750030517578,80.4600016276042,89.55,7.470862865448,10.0064678192139,-2.42965888977051,-5.3845713297526,9.14459838867188,8.40652084350586,4.26931571960449,-0.462626218795776,-7.24919586181641,0.659209632873535,-1.32829742133617,1.54565171897411,0.162927467375994,-0.378985155373812,0.916491605341434,-66.4148710668087,3.22010774786274,4.07318668439984,-1.26328385124604,4.58245802670717,0.30769231,0.53846154,0.42307692,0.4375,0.96428571,0.77272727,0.5,19.26666667,0.19230769,0.26923077,NA,NA,0.48076923,0.05769231,89.7359191894531,80.4882376534598,NA,NA,94.485390625,84.0876820882161,9.05805969238281,-5.87209047589983,NA,NA,9.77085205078125,-2.40975824991862,-0.984013938903809,-9.2974352155413,NA,NA,2.93092834472656,-2.97504138946533,0.916491605341434,-0.475343585014343,NA,NA,0.217354297637939,0.259285897016525,4.58245802670717,-1.69765566076551,NA,NA,0.434708595275879,4.32143161694209,0.26086957,0.56896552,0.43269231,0.25,0.96969697,0.77777778,0.55769231,20,92.2990905761719,0.121130228042603,0,0,105.718,14,0.7,"2024-06-23",0
"Framber Valdez",17295,"2024-06-18","@CHW",21,2024,"HOU","A",30,0,1,3,1,1,1,0,0,0,0,0,6,24,2,2,2,0,5,0,0,1,0,5,7.5,7.5,3,1,0,0,9,4,1,0,0,0,0,0.20833333,0.20833333,0,6.01790095718714,0,0.105263157894737,1.16666666666667,0.142857142857143,0.71428571,3.99981311162313,-0.999813111623129,5.00781871577104,75.5844423754515,98.5757979608911,122.736889604108,2.25,0.071428571,0.642857142,0.285714285,0,0,0,0,44,49,93,0.0295200441032648,-0.354405999183655,0.383926063776016,0.98199999332428,0.101184949278831,1.09935200214386,0.823800027370453,0.870000004768372,0.397000014781952,1,1,0.154509916901588,-0.127657694823767,0,0,0.6344086,93.28813559,0.03225806,84,0.25806452,80,0.07526882,88.57142857,NA,2.34360289573669,0.4659024477005,-0.463854312896729,0.00903032347559929,3.9722082978588,15.5300815900167,-1.93272630373637,0.12900462107999,0.27868852,0.5,0.35483871,0.64705882,0.875,0.75757576,0.34408602,0.625,0.08602151,7,5,2,2,9,3,14,0.5,0.35714286,0.14285714,0.14285714,0.64285714,0.21428571,3.22023708467976,60,20,47.37872,20,57.1312,57.74116,52.1989,NA,NA,NA,44.60501,45.09205,40.73636,80,46.05836,80,43.08465,45.04512,35.55667,0.55504,4.90965,97.5,23.64,25.42,112.24,83.78,91.58,NA,NA,NA,88.96,94.18,86.42,110.6,155.84,155.06,96.3086021505376,88.1756989247312,85.3744086021505,NA,0.6344086,0.03225806,0.25806452,0.07526882,NA,93.228813559322,84.1666666666667,79.9666697184245,88.6285749162946,NA,9.86339090638242,-1.00519482294718,-4.01495552062988,9.40475899832589,NA,3.86816251075874,-0.413338661193848,-6.70185724894206,0.735499177660261,NA,2.36075967177749,0.471263024955988,-0.477047491818666,0.00744685903191566,NA,4.00128757928388,15.7087674985329,-1.98769788257778,0.106383700455938,0.22641509,0.525,0.35483871,0.5,0.9047619,0.75757576,0.43010753,18.68115942,0.07526882,0.25806452,NA,NA,0.6344086,0.03225806,88.8870675223214,80.2427266438802,NA,NA,93.502251059322,84.4252014160156,8.93882261003767,-4.53906504313151,NA,NA,9.78071413201801,-1.52740001678467,-0.691459860120501,-8.00077120463053,NA,NA,2.92315104856329,-1.27674531936646,0.00744685903191566,-0.477047491818666,NA,NA,2.36075967177749,0.471263024955988,0.106383700455938,-1.98769788257778,NA,NA,4.00128757928388,15.7087674985329,0.23529412,0.5,0.35483871,0.5,0.9047619,0.75757576,0.4516129,14,88.5297677176339,4.61854062761579,0,0,101.635,4,0.28571429,"2024-06-18",0
"Framber Valdez",17295,"2024-06-12","@SFG",21,2024,"HOU","A",30,0,1,11.25,1,1,0,0,0,0,0,0,4,21,8,5,5,0,1,0,1,0,0,1,2.25,2.25,18,1,0,1,7,5,5,0,0,1,1,0.04761905,0.04761905,0,5.92399212511362,0,0.421052631578947,2.25,0.444444444444444,0.5,4.1664797782898,7.0835202217102,6.05649028606713,283.441658907943,102.760933900373,148.82528957262,1.4,0.294117647,0.411764705,0.294117647,0,0,1,2.25,22,37,59,-0.304571986198425,-0.580292046070099,0.275720059871674,-3.10399985313416,-0.330037206411362,1.19283640384674,0.899049997329712,0.870000004768372,0.20160000026226,1,1,-0.231520429253578,-0.0238138187759258,0,0,0.55932203,93.09090909,NA,NA,0.28813559,79.17647059,0.15254237,89.11111111,NA,-2.4767746925354,NA,0.510970532894135,-0.139950692653656,-7.50537785616788,NA,3.00570901702432,-1.55500769615173,0.26666667,0.68965517,0.47457627,0.75,0.95,0.89285714,0.49152542,0.57142857,0.05084746,5,11,2,3,10,5,18,0.27777778,0.61111111,0.11111111,0.16666667,0.55555556,0.27777778,5.89332606331362,31,60.71034,47.60679,51.80104,80,66.60847,77.96362,NA,NA,NA,52.56995,52.31809,49.24169,NA,NA,NA,66.72733,53.68136,60.56382,-0.9138,2.70639,114.1,121.22,128.74,103,124.92,143.36,NA,NA,NA,93.42,102.78,105.64,NA,NA,NA,99.3349152542373,111.972203389831,120.032203389831,NA,0.55932203,NA,0.28813559,0.15254237,NA,92.9818152225379,NA,79.1058852251838,88.9333360460069,NA,9.77913134025805,NA,-5.60248924704159,7.40167914496528,NA,2.98026391231652,NA,-8.06251795151654,-0.923646503024631,NA,-2.54596479609609,NA,0.505286075174809,-0.136961959302425,NA,-7.71504483665481,NA,2.97227103044005,-1.52179954780473,0.2,0.67647059,0.47457627,0.8,0.91304348,0.89285714,0.57627119,19.76315789,0.15254237,0.28813559,NA,NA,0.55932203,NA,89.9164225260417,80.0968951056985,NA,NA,93.9615737452652,NA,6.73943328857422,-6.39279085047105,NA,NA,9.18243315725616,NA,-2.04948425292969,-9.15014558679917,NA,NA,1.97515152439927,NA,-0.136961959302425,0.505286075174809,NA,NA,-2.54596479609609,NA,-1.52179954780473,2.97227103044005,NA,NA,-7.71504483665481,NA,0.17391304,0.66666667,0.47457627,0.75,0.91666667,0.89285714,0.61016949,18,89.106201171875,0.857924517463235,3,0.16666667,111.183,6,0.33333333,"2024-06-12",0
"Framber Valdez",17295,"2024-06-07","@LAA",21,2024,"HOU","A",30,1,0,1,1,1,1,1,0,0,0,0,9,31,4,1,1,1,1,0,0,0,0,8,8,1,4,8,0,0,13,5,4,0,0,0,0,0.25806452,0.03225806,0.22580645,2.73831180664067,1,0.133333333333333,0.555555555555556,0.142857142857143,1,3.1664797782898,-2.1664797782898,2.56204000396861,25.1948141251505,77.6501182634796,61.8918594961996,2.6,0.181818181,0.59090909,0.227272727,0,0.2,7,7,35,71,106,0.28152796626091,-0.227011993527412,0.508539974689484,3.57200002670288,0.362455606460571,0.707638740539551,0.792977809906006,0.920000016689301,NA,0,1,0.383610904216766,0.0142304661500601,0,0,0.5754717,94.01639344,0.00943396,89,0.30188679,80.4375,0.11320755,90,NA,2.22645616531372,-0.0879258811473846,1.24062883853912,-0.0658024623990059,3.64992813985856,-8.79258811473846,3.87696512043476,-0.548353853325049,0.38709677,0.59090909,0.47169811,0.41666667,0.80769231,0.62,0.41509434,0.70967742,0.17924528,11,4,7,1,12,9,22,0.5,0.18181818,0.31818182,0.04545455,0.54545455,0.40909091,3.3058794491863,82,36.93791,55.32529,27.18631,51.76635,66.71782,37.00415,NA,NA,NA,59.09655,45.60309,56.32548,20,56.91271,20,53.08212,51.32584,44.11757,-0.06607,3.97799,92.22,59.02,57.28,120.64,83.04,97.44,NA,NA,NA,92,133.52,131.3,110.84,-32.46,-21.76,100.848679245283,108.280943396226,111.254528301887,NA,0.5754717,0.00943396,0.30188679,0.11320755,NA,93.9524606173156,89.4000015258789,80.3656234741211,89.8666687011719,NA,10.1179719518443,-1.06892001628876,-5.91319561004639,8.96533584594727,NA,3.64626850065638,2.4364275932312,-7.40033578872681,-0.145333965619405,NA,2.25793711841106,-0.0897959321737289,1.27406520396471,-0.0711581856012344,NA,3.70153625969027,-8.97959321737289,3.98145376238972,-0.592984880010287,0.38461538,0.55555556,0.47169811,0.3,0.83333333,0.62,0.50943396,20.56944444,0.11320755,0.30188679,NA,0.00943396,0.5754717,NA,89.9174499511719,80.4050369262695,NA,89.4363021850586,93.997838755123,NA,8.74844360351562,-6.45577430725098,NA,-1.76502001285553,9.98015156730277,NA,-1.91451104482015,-9.35863399505615,NA,1.02965998649597,2.04759641553535,NA,-0.0711581856012344,1.27406520396471,NA,-0.0897959321737289,2.25793711841106,NA,-0.592984880010287,3.98145376238972,NA,-8.97959321737289,3.70153625969027,NA,0.36734694,0.56140351,0.47169811,0.27777778,0.8125,0.62,0.53773585,22,90.4499178799716,2.50631072304466,1,0.04545455,106.679,9,0.40909091,"2024-06-07",0
"Framber Valdez",17295,"2024-06-01","MIN",21,2024,"HOU","H",30,1,0,1.28571428571429,1,1,1,0,0,0,0,0,7,24,2,1,1,0,2,0,1,2,0,4,5.14285714285714,2.57142857142857,2.57142857142857,2,0,0,8,6,3,0,0,0,0,0.16666667,0.08333333,0.08333333,4.78706242203689,0,0.0952380952380952,0.571428571428571,0.117647058823529,0.8,3.30933692114694,-2.02362263543265,4.60534412647997,32.3933324466221,81.2373776401787,112.724300000269,1.333333333,0.176470588,0.470588235,0.352941176,0,0,5,6.42857142857143,36,50,86,0.222460061311722,-0.0963879898190498,0.318848043680191,2.33870005607605,0.247874930500984,0.563846170902252,0.658685684204102,0.870000004768372,0.464800000190735,1,1,0.271070837974548,0.123469504395334,0,0,0.62352941,93.0754717,NA,NA,0.22352941,79.42105263,0.15294118,89.30769231,0.01162791,3.34038591384888,NA,0.0763348042964935,0.517453670501709,6.30261493179033,NA,0.401762127876282,3.98041285001315,0.28,0.54285714,0.38823529,0.64285714,0.94736842,0.81818182,0.41176471,0.45833333,0.06976744,6,8,3,2,11,4,17,0.35294118,0.47058824,0.17647059,0.11764706,0.64705882,0.23529412,3.42343429233141,74,21.30813,49.48956,20,30.08664,63.00941,20,NA,NA,NA,62.11865,44.80575,54.92342,NA,NA,NA,47.40786,46.89292,32.90973,0.28645,4.50677,100.36,53.42,55.14,104.16,66.8,77.12,NA,NA,NA,82.48,115.72,105.56,NA,NA,NA,90.0607058823529,95.2567058823529,91.4915294117647,NA,0.62352941,NA,0.22352941,0.15294118,NA,93.0396244840802,NA,79.4052605879934,89.2076885516827,NA,10.2776397129275,NA,-5.52176144248561,8.91248849722055,NA,3.98748145913178,NA,-7.30114987021998,0.714520894564115,NA,3.46769116818905,NA,0.111262794584036,0.552870780229568,NA,6.542813524885,NA,0.585593655705452,4.25285215561207,0.24444444,0.55,0.38823529,0.63636364,0.90909091,0.81818182,0.47058824,18.83870968,0.16470588,0.22352941,NA,NA,0.61176471,NA,89.3875470842634,79.6432013260691,NA,NA,93.3752723106971,NA,8.70784487043108,-5.94130666632401,NA,NA,10.0603156456581,NA,-1.023759160723,-8.99181968287418,NA,NA,2.54814118605394,NA,0.453040257096291,0.111262794584036,NA,NA,3.55671592056751,NA,3.23600183640208,0.585593655705452,NA,NA,6.83983830878368,NA,0.23913043,0.56410256,0.38823529,0.63636364,0.90909091,0.81818182,0.45882353,17,92.5693790211397,2.12740011776195,1,0.05882353,110.789,9,0.52941176,"2024-06-01",0
"Framber Valdez",17295,"2024-05-27","@SEA",21,2024,"HOU","A",30,0,1,4.5,1,1,1,0,0,0,0,0,6,27,6,3,3,0,3,0,0,2,0,4,6,4.5,9,1.33333333,0.066666666,0,15,3,2,0,1,0,0,0.14814815,0.11111111,0.03703704,4.08068656229208,0,0.25,1.5,0.3,0.66666667,3.33314644495646,1.16685355504354,4.0891506480674,113.376663563177,81.8352542029619,99.8826608184594,5,0.1,0.75,0.15,0,0,2,3,37,59,96,-0.114572025835514,-0.392299979925156,0.277727961540222,-0.419999957084656,-0.0477001741528511,0.860737919807434,0.59416663646698,0.870000004768372,0.671800017356873,1,1,0.039112888276577,-0.172221960386641,0,0,0.61458333,93.59322034,0.04166667,87.25,0.16666667,79.5625,0.17708333,89.70588235,NA,1.76914620399475,-1.38758492469788,-0.241568997502327,-0.0079059973359108,2.9985528881267,-34.6896231174469,-1.50980623438954,-0.0465058666818282,0.21568627,0.68888889,0.4375,0.72727273,0.90322581,0.85714286,0.46875,0.62962963,0.0625,8,8,4,3,6,11,20,0.4,0.4,0.2,0.15,0.3,0.55,2.72707350740284,52,80,20,20,80,20,20,59.90762,42.76746,20,68.38556,25.63623,20,80,31.94473,20,80,20,20,-2.27877,0.65894,108.8,53,68.06,105.82,47.82,50.08,88.84,83.7,101.28,98.88,103.26,103.52,128.94,115.54,111.88,101.855922330097,84.8427184466019,88.9384466019417,0.07291667,0.54166667,0.03125,0.17708333,0.17708333,93.4285714285714,93.5769230769231,89.0666707356771,79.5941162109375,89.6352969898897,5.95191083635603,8.62524824876052,0.440905729929606,-6.04832727768842,7.62864505543428,3.09402138846261,2.70506051870493,2.97616449991862,-7.31264989516314,-0.187603361466352,-0.0649563930928707,1.89515575021505,-0.603426545858383,-1.05119451135397,-0.0127358846366405,-0.927948472755296,3.6445302888751,-20.1142181952794,-6.18349712561159,-0.0749169684508268,0.24489796,0.63829787,0.4375,0.75,0.9,0.85714286,0.48958333,20.97101449,0.16666667,0.16666667,NA,0.03125,0.625,0.01041667,89.8905487060547,79.8232650756836,NA,89.4387003580729,93.9023518880208,81.8095016479492,7.68748044967651,-6.10232734680176,NA,0.265585343043009,8.60794982910156,-1.28545999526978,-1.34142744541168,-8.51030731201172,NA,1.86106332143148,1.84010810852051,-4.53024005889893,0.0253424383699894,-0.250648103654385,NA,-0.603426545858383,1.79212103411555,-0.800546407699585,0.158390239812434,-1.5665506478399,NA,-20.1142181952794,2.98686839019259,-80.0546407699585,0.25,0.625,0.4375,0.75,0.9,0.85714286,0.5,20,94.3080810546875,0.877668285369873,1,0.05,111.518,11,0.55,"2024-05-27",0
"Framber Valdez",17295,"2024-05-20","LAA",21,2024,"HOU","H",30,0,1,14.4,1,1,0,0,0,0,0,0,5,25,10,8,8,3,1,0,0,0,0,3,5.4,1.8,18,3,0.076923076,0,13,5,3,0,1,0,0,0.12,0.04,0.08,4.05522668401489,5.4,0.416666666666667,2.2,0.388888888888889,0.44117647,10.3664797782898,4.03352022171021,4.07848818451166,362.805323402167,258.447990849114,99.6174046393364,2.6,0.142857142,0.619047619,0.238095238,0,0.6,6,10.8,29,57,86,-0.596549987792969,-0.940769970417023,0.344219982624054,-5.61529970169067,-0.595156311988831,0.946392297744751,0.762239992618561,0.870000004768372,0.634800016880035,1,1,-0.566291391849518,-0.0640497354129768,0,0,0.47674419,94.51219512,0.02325581,90,0.25581395,79.54545455,0.24418605,89,NA,-2.40365815162659,0.129674822092056,-1.01997947692871,-0.809187293052673,-5.86258085762582,6.48374110460281,-4.63627034967596,-3.85327282406035,0.26190476,0.68181818,0.47674419,0.45454545,0.9,0.7804878,0.51162791,0.68,0.10465116,8,9,4,2,12,7,21,0.38095238,0.42857143,0.19047619,0.0952381,0.57142857,0.33333333,9.18547050529385,8,55.50905,56.0417,59.15239,77.93004,74.24219,67.65865,NA,NA,NA,48.41599,55.01748,48.69129,NA,NA,NA,58.11027,59.89099,58.01875,-0.37845,3.50942,100.06,91.18,93.48,129.54,123.32,149.64,NA,NA,NA,92.32,103.42,105.22,86.72,125.76,104.42,103.601162790698,106.041395348837,113.697906976744,NA,0.47674419,0.02325581,0.25581395,0.24418605,NA,94.4219524104421,89.6999969482422,79.4363625266335,89.009521484375,NA,10.1611759837081,1.91205620765686,-5.98059706254439,9.22113981701079,NA,4.58533459174924,6.7506103515625,-8.51225072687322,0.400687036060152,NA,-2.42568454891443,0.131404474377632,-1.02340187132359,-0.803983967751265,NA,-5.91630377784008,6.57022371888161,-4.65182668783448,-3.82849508452983,0.25,0.67391304,0.47674419,0.5,0.87096774,0.7804878,0.53488372,16.27868852,0.24418605,0.25581395,NA,0.02325581,0.47674419,NA,89.2905157180059,79.726151899858,NA,89.9685974121094,94.7135515910823,NA,8.99366978236607,-6.37582258744673,NA,1.25297594070435,9.91116258574695,NA,-1.06297184172131,-10.1834515658292,NA,5.29488468170166,3.17185043707127,NA,-0.803983967751265,-1.02340187132359,NA,0.131404474377632,-2.42568454891443,NA,-3.82849508452983,-4.65182668783448,NA,6.57022371888161,-5.91630377784008,NA,0.26315789,0.64583333,0.47674419,0.5,0.87096774,0.7804878,0.55813953,21,89.4578334263393,-2.99877275739397,2,0.0952381,109.693,10,0.47619048,"2024-05-20",0
"Framber Valdez",17295,"2024-05-15","OAK",21,2024,"HOU","H",30,1,0,0,1,1,1,0,0,0,0,0,7,24,2,0,0,0,2,0,0,0,1,8,10.2857142857143,2.57142857142857,2.57142857142857,4,0.076923076,0,13,1,0,0,1,0,0,0.33333333,0.08333333,0.25,1.69892352625661,0,0.0909090909090909,0.571428571428571,0.142857142857143,1,1.73790834971837,-1.73790834971837,1.9539095506072,0,41.7775244964887,46.7630518220817,13,0,0.928571428,0.071428571,0,0,3,3.85714285714286,38,59,97,0.334627985954285,-0.0895539671182632,0.424181967973709,3.33870005607605,0.353863269090652,0.740872025489807,0.922885715961456,0.870000004768372,0.842199981212616,1,1,0.386252671480179,0.0654150584939076,0,0,0.44329897,94.13953488,0.03092784,87,0.31958763,80.5483871,0.20618557,89.7,NA,1.47959971427917,0.21243217587471,0.417750775814056,1.62039601802826,3.4409295680911,7.081072529157,1.34758314778728,8.1019800901413,0.21568627,0.69565217,0.44329897,0.27272727,0.84375,0.69767442,0.4742268,0.5,0.13402062,7,7,0,2,9,3,14,0.5,0.5,0,0.14285714,0.64285714,0.21428571,0.52850977860855,81,43.39019,51.24569,38.36584,44.47804,66.79732,30.15556,NA,NA,NA,55.99302,49.81814,60.58407,63.50166,55.25119,63.21634,46.26685,55.72598,41.10099,0.35734,4.6131,102.7,74.44,76.4,129.52,68.52,88.68,NA,NA,NA,93.6,102.18,103.32,115.12,-61.06,-66.82,107.7675,80.4302083333333,87.6672916666667,NA,0.44329897,0.03092784,0.31958763,0.20618557,NA,94.13720703125,87.0666707356771,80.545158140121,89.65,NA,10.080006444177,-0.459500670433044,-5.62442016601562,9.28670196533203,NA,3.74248132040334,1.39532645543416,-7.52648679671749,1.28829689025879,NA,1.49403761327267,0.214686140418053,0.395392522215843,1.63938944414258,NA,3.47450607737829,7.15620468060176,1.27545974908337,8.1969472207129,0.22727273,0.62264151,0.44329897,0.2,0.84848485,0.69767442,0.54639175,19.26388889,0.20618557,0.31958763,NA,NA,0.44329897,0.03092784,89.8775329589844,80.765617124496,NA,NA,94.3681924509448,87.3206990559896,9.10792999267578,-6.03931303947203,NA,NA,9.85166824695676,-1.17109529177348,-0.260758829116821,-9.25459732547883,NA,NA,2.3399095757063,-0.246757348378499,1.63938944414258,0.395392522215843,NA,NA,1.49403761327267,0.214686140418053,8.1969472207129,1.27545974908337,NA,NA,3.47450607737829,7.15620468060176,0.22727273,0.62264151,0.44329897,0.2,0.84848485,0.69767442,0.54639175,14,88.7598964146205,-19.754632132394,0,0,106.628,7,0.5,"2024-05-15",0
"Framber Valdez",17295,"2024-05-10","@DET",21,2024,"HOU","A",30,1,0,2.57142857142857,1,1,1,0,0,0,0,0,7,29,6,2,2,0,2,0,0,0,0,4,5.14285714285714,2.57142857142857,7.71428571428571,2,0,0,16,2,5,0,0,0,0,0.13793103,0.06896552,0.06896552,3.35213574879102,0,0.222222222222222,1.14285714285714,0.260869565217391,0.75,2.88076549257551,-0.309336921146938,3.31276789435319,64.7866648932442,70.4755995100814,80.5681448334097,8,0.217391304,0.695652173,0.086956521,0,0,5,6.42857142857143,41,62,103,0.062376044690609,-0.411188095808029,0.473564118146896,1.36000001430511,0.143459916114807,0.875706672668457,0.77920001745224,0.870000004768372,1.0103999376297,1,1,0.127531796693802,-0.0563024151698077,0,0,0.61165049,92.20634921,0.05825243,87,0.26213592,79.77777778,0.06796117,88.85714286,NA,1.26230478286743,0.359213918447495,-0.508855581283569,-0.288224369287491,2.00365838550386,5.98689864079157,-1.88465030105026,-4.1174909898213,0.26984127,0.775,0.46601942,0.52941176,0.93548387,0.79166667,0.38834951,0.48275862,0.09708738,12,8,3,0,13,10,23,0.52173913,0.34782609,0.13043478,0,0.56521739,0.43478261,3.64259271135659,63,53.24399,44.87423,54.75575,53.91115,66.28751,41.56447,NA,NA,NA,42.73676,34.53324,52.71065,80,44.80355,80,45.87706,49.39925,46.61235,0.38155,4.64942,92.54,117.1,111.26,109.8,84.36,92.44,NA,NA,NA,87.44,107.72,102.84,106.86,103.22,105.6,94.8782524271845,102.153980582524,101.010291262136,NA,0.59223301,0.05825243,0.26213592,0.08737864,NA,92.2688508580943,86.9500020345052,79.7259295428241,88.8111097547743,NA,9.27545466188525,-0.947699149449666,-5.37271909360532,9.12498643663194,NA,3.11353764768507,1.24763226509094,-7.76142487702546,0.828126642439101,NA,1.08169730380177,0.362609695643187,-0.520061500370502,-0.0154592469334602,NA,1.7732742685275,6.04349492738644,-1.92615370507593,-0.17176941037178,0.25,0.72340426,0.46601942,0.5,0.91176471,0.79166667,0.45631068,18.49315068,0.12621359,0.26213592,NA,NA,0.55339806,0.05825243,88.9352276141827,79.9199490017361,NA,NA,92.74462890625,87.1511637369792,8.93597529484675,-6.14469740125868,NA,NA,9.04811497738487,-1.75094668070475,-0.159636552517231,-9.21840187355324,NA,NA,2.28023729826275,0.128800670305888,0.291929263621569,-0.520061500370502,NA,NA,0.774308793246746,0.362609695643187,2.24560972016591,-1.92615370507593,NA,NA,1.35843647938026,6.04349492738644,0.25,0.76744186,0.46601942,0.53333333,0.90909091,0.79166667,0.41747573,23,95.7147057574728,-4.10211380668308,0,0,105.74,14,0.60869565,"2024-05-10",0
"Framber Valdez",17295,"2024-05-04","SEA",21,2024,"HOU","H",30,0,1,8.43750050291422,1,1,0,0,0,0,0,0,5.1,25,9,5,5,2,1,0,1,1,0,3,5.06250030174853,1.68750010058284,15.1875009052456,3,0,0,9,4,7,0,0,0,0,0.12,0.04,0.08,4.54194188401489,3.37500020116569,0.391304347826087,1.87500011175872,0.388888888888889,0.73170732,8.04148006886246,0.396020434051765,4.30048615054824,212.581256851788,200.065351789853,105.14017448855,2.25,0.35,0.45,0.2,0,0.5,0,0,33,58,91,-0.185431972146034,-0.581716001033783,0.396284013986588,-2.39129996299744,-0.2534499168396,0.892130792140961,0.769766688346863,0.870000004768372,0.107400000095367,1,1,-0.317889124155045,0.110036224356542,0,0,0.57142857,94.19230769,0.03296703,84.33333333,0.31868132,80.65517241,0.07692308,89.71428571,NA,0.43215075135231,-1.86036241054535,-0.606528103351593,-0.847407817840576,0.831059137215981,-62.0120803515116,-2.09147621845377,-12.1058259691511,0.27659574,0.61363636,0.43956044,0.61538462,0.88888889,0.8,0.48351648,0.76,0.08791209,8,7,5,1,11,8,20,0.4,0.35,0.25,0.05,0.55,0.4,11.1638842139384,27,24.34878,49.20086,20,80,74.38702,71.81467,NA,NA,NA,55.88571,54.86848,56.28831,20,57.92763,20,59.45727,59.30313,55.60439,-0.46213,3.3839,101.8,58.1,60.42,130.16,100.02,122.46,NA,NA,NA,100.28,102.28,109.84,104.04,86.46,81.04,110.043076923077,97.6397802197802,109.110769230769,NA,0.57142857,0.03296703,0.31868132,0.07692308,NA,94.1384652944712,84.2666676839193,80.6206896551724,89.7142857142857,NA,10.6740570068359,-1.79152886072795,-5.13766742574758,9.01291765485491,NA,3.6807626577524,-0.376032829284668,-7.48665329505657,1.12894739423479,NA,0.499744735658169,-1.86745968088508,-0.633921653032303,-0.857131291180849,NA,0.961047568573401,-62.2486560295025,-2.18593673459415,-12.244732731155,0.21428571,0.63265306,0.43956044,0.44444444,0.90322581,0.8,0.53846154,20.03076923,0.07692308,0.30769231,NA,NA,0.57142857,0.04395604,90.0251116071429,80.8572998046875,NA,NA,94.483407827524,84.2821273803711,8.55224718366351,-5.73947252546038,NA,NA,10.2622715876653,-2.15619254112244,-0.627408232007708,-9.26402827671596,NA,NA,2.07014568035419,-2.96735978126526,-0.857131291180849,-0.813648283481598,NA,NA,0.499744735658169,-1.68773305043578,-12.244732731155,-2.90588672671999,NA,NA,0.961047568573401,-42.1933262608945,0.21428571,0.63265306,0.43956044,0.44444444,0.90322581,0.8,0.53846154,20,95.4498474121094,4.91882629394531,3,0.15,109.944,12,0.6,"2024-05-04",0
"Framber Valdez",17295,"2024-04-28","@COL",21,2024,"HOU","A",30,1,0,3.6,1,1,0,0,0,0,0,0,5,18,5,2,2,0,0,0,0,0,0,6,10.8,0,9,6,0,0,5,3,3,0,0,1,0,0.33333333,0,0.33333333,2.12013649455749,0,0.277777777777778,1,0.416666666666667,0.6,0.766479778289795,2.8335202217102,1.67368482202292,90.7013308505418,17.3841607349348,39.7917416355087,1.666666666,0.272727272,0.454545454,0.272727272,0,0,4,7.2,25,46,71,0.132440000772476,-0.25179597735405,0.384236007928848,1.14499998092651,0.0996518656611443,1.01818943023682,1.07263994216919,0.910000026226044,1.44320011138916,1,1,0.165047064423561,-0.0349730361146318,0,0,0.47887324,94.35294118,0.08450704,82.33333333,0.26760563,80.73684211,0.16901408,90.41666667,NA,0.290097922086716,-0.648079335689545,1.13941860198975,0.079695388674736,0.853229182607987,-10.8013222614924,5.99694001047235,0.664128238956134,0.42857143,0.63636364,0.49295775,0.47619048,0.92857143,0.65714286,0.30985915,0.66666667,0.16901408,2,6,4,0,6,6,12,0.16666667,0.5,0.33333333,0,0.5,0.5,1.62475431142917,59,20,28.05503,20,20,42.67029,20,62.55316,33.94358,80,28.568,34.13674,30.89796,49.0619,39.06114,38.4288,31.04275,34.17149,21.77968,1.30315,6.03182,117.2,47.28,66.62,116.52,90.24,87.48,115.76,80.36,99.08,102.3,125.68,134.86,123.94,134.4,153.66,112.374857142857,96.1217142857143,106.021714285714,0.15492958,0.32394366,0.08450704,0.26760563,0.16901408,94.8090931285511,94.0608653192935,82.2166646321615,80.773681640625,90.2833353678385,5.50893714211204,7.12565546450408,-1.32830055554708,-3.65093672902961,5.82763799031575,3.04157118363814,2.08440432341202,-2.33080705006917,-5.76193719161184,1.75151570638021,0.24629944562912,0.0928174369037151,-0.653068736195564,1.13996877893806,0.0793594308197498,2.23908586935564,0.403554073494414,-10.8844789365927,5.99983567862134,0.661328590164582,0.40909091,0.62962963,0.49295775,0.38888889,0.94117647,0.65714286,0.38028169,20.41176471,0.16901408,0.26760563,0.01408451,NA,0.46478873,0.08450704,90.2709554036458,80.7530003597862,96.0863037109375,NA,94.1844667376894,82.1489817301432,5.71082814534505,-3.86307324861225,4.48584985733032,NA,6.68395857377486,-1.55757029851278,1.76867278416951,-5.53114720394737,6.69877004623413,NA,2.58970827044863,-1.84919230143229,0.0793594308197498,1.13996877893806,0.054773960262537,NA,0.284342922270298,-0.653068736195564,0.661328590164582,5.99983567862134,5.4773960262537,NA,0.861645219000903,-10.8844789365927,0.40909091,0.62962963,0.49295775,0.38888889,0.94117647,0.65714286,0.38028169,12,89.8762318004261,8.1667050448331,0,0,99.5598,3,0.25,"2024-04-28",0
"Framber Valdez",17295,"2024-04-02","TOR",21,2024,"HOU","H",30,0,0,0,1,1,1,0,0,0,0,0,7.2,27,6,0,0,0,0,0,1,0,0,5,5.86956570414383,0,7.0434788449726,5,0.066666666,0,15,2,4,0,1,0,0,0.18518519,0,0.18518519,2.05429013125363,0,0.230769230769231,0.782608760552511,0.285714285714286,1,2.25343622431187,-2.25343622431187,2.64787323255796,0,54.7228499110857,64.0271816136814,7.5,0.19047619,0.714285714,0.095238095,0,0,1,1.17391314082877,24,61,85,0.511010050773621,-0.248717963695526,0.759728014469147,3.59570002555847,0.38110226392746,1.23387408256531,1.30947506427765,0.870000004768372,2.03740000724792,1,1,0.324580729007721,0.08957016207121,0,0,0.54117647,94.2826087,0.10588235,84.77777778,0.24705882,80.80952381,0.10588235,90.44444444,NA,2.33268451690674,1.16898512840271,-0.108188547194004,-1.14230012893677,5.07105329762334,12.988723648919,-0.515183558066686,-12.692223654853,0.38297872,0.68421053,0.51764706,0.77777778,0.84615385,0.81818182,0.44705882,0.7037037,0.09411765,8,9,4,4,11,6,21,0.38095238,0.42857143,0.19047619,0.19047619,0.52380952,0.28571429,2.55396975817404,78,49.46849,55.26287,45.05936,75.8764,77.87738,59.93867,NA,NA,NA,75.73937,59.28076,75.78306,28.50624,48.02093,28.76263,65.89285,63.43775,62.01258,-0.86195,2.78417,103.16,82.12,78.72,127.7,108.4,128.5,NA,NA,NA,105.36,123.08,134.66,109.98,54.74,58.4,111.135529411765,107.880235294118,119.140470588235,NA,0.54117647,0.10588235,0.24705882,0.10588235,NA,94.2326129415761,84.7111138237847,80.7047642299107,90.3555569118924,NA,10.5500116762908,-1.2214601304796,-5.45613279796782,9.39281717936198,NA,3.38702392578125,-0.278513537512885,-7.31953866141183,0.823302851782905,NA,2.40523411333561,1.22878442332149,-0.135358598083258,-1.15659435093403,NA,5.22876981159915,13.6531602591276,-0.644564752777417,-12.8510483437114,0.37837838,0.625,0.51764706,0.71428571,0.86666667,0.81818182,0.56470588,21.36206897,0.10588235,0.24705882,NA,NA,0.54117647,0.10588235,90.7239854600694,81.0680629185268,NA,NA,94.5995775305707,85.0804443359375,9.30536905924479,-5.7317381359282,NA,NA,10.5761877972147,-1.2846917046441,-0.961206330193414,-9.12256368001302,NA,NA,1.91620851599652,-1.67910120222304,-1.15659435093403,-0.135358598083258,NA,NA,2.40523411333561,1.22878442332149,-12.8510483437114,-0.644564752777417,NA,NA,5.22876981159915,13.6531602591276,0.37837838,0.625,0.51764706,0.71428571,0.83333333,0.79545455,0.56470588,21,90.1572730654762,-7.81563241141183,0,0,107.918,9,0.42857143,"2024-04-02",0
"Framber Valdez",17295,"2024-03-28","NYY",21,2024,"HOU","H",30,0,0,5.78571507395541,1,1,0,0,0,0,0,0,4.2,23,5,3,3,0,6,0,1,0,0,5,9.64285845659235,11.5714301479108,9.64285845659235,0.83333333,0.125,0,8,0,3,0,1,0,0,0.2173913,0.26086957,-0.04347826,6.61517332054262,0,0.3125,2.35714317827813,0.454545454545455,0.75,5.52362295656792,0.262092117387485,5.52362295656792,145.770015869388,136.839906042983,135.568845500047,8,0.272727272,0.727272727,0,0,0,4,7.71428676527388,41,45,86,-0.0275059528648853,-0.607749998569489,0.58024400472641,-0.358300000429153,-0.0379756279289722,1.49813914299011,0.720040023326874,0.870000004768372,3.85879993438721,1,1,-0.121558673679829,0.103198594782226,0,0,0.48837209,94.02380952,0.03488372,84.33333333,0.24418605,80.71428571,0.23255814,90.2,NA,-0.0274385251104832,0.264933526515961,-0.149247825145721,-0.286501318216324,-0.0653298216916266,8.83111755053202,-0.71070392926534,-1.43250659108162,0.23333333,0.53846154,0.3255814,0.42857143,0.92857143,0.67857143,0.30232558,0.43478261,0.10465116,5,5,1,2,3,6,11,0.45454545,0.45454545,0.09090909,0.18181818,0.27272727,0.54545455,6.81470514504631,41,69.22292,60.1127,70.43627,35.04932,80,20,NA,NA,NA,37.00748,63.0366,34.57948,80,43.48229,80,45.59991,68.37641,35.63398,0.39877,4.67525,99.1,143.46,152.28,118.4,49.96,73.04,112.72,87.68,84.62,114.46,71.76,94.3,93.44,147.28,148.82,111.54511627907,84.1504651162791,102.713720930233,0.03488372,0.46511628,0.02325581,0.25581395,0.22093023,92.9000040690104,93.9849975585937,84.4499969482422,80.8272705078125,90.0894775390625,6.1642697652181,10.0576171875,-1.51478290557861,-5.97431460293857,9.48701878597862,2.35668420791626,3.33571510314941,-0.850855767726898,-7.61632329767401,0.477844589634946,0.0977058075368404,0.0587140992283821,0.334340363740921,-0.197337802499533,-0.4886688105762,3.25686025122801,0.146785248070955,16.7170181870461,-0.896990011361512,-2.57194110829579,0.24561404,0.48275862,0.3255814,0.42857143,0.92857143,0.67857143,0.3372093,21.34920635,0.24418605,0.25581395,NA,NA,0.47674419,0.02325581,90.6057942708333,81.1321744051847,NA,NA,94.3239507907774,84.7642517089844,9.18164498465402,-6.55459941517223,NA,NA,9.55534176710175,-1.98558497428894,-0.970702670869373,-9.32409113103693,NA,NA,1.94433463492045,-1.94569492340088,-0.416283022612333,-0.197337802499533,NA,NA,0.0840341188013554,0.334340363740921,-1.98230010767778,-0.896990011361512,NA,NA,0.204961265369159,16.7170181870461,0.25925926,0.4375,0.3255814,0.42857143,0.92857143,0.67857143,0.37209302,11,89.3376575816761,-3.22250400890004,0,0,105.213,4,0.36363636,"2024-03-28",0
