"PlayerName","playerid","Date","Opp","teamid","season","Team","HomeAway","Age","W","L","ERA","G","GS","QS","CG","ShO","SV","HLD","BS","IP","TBF","H","R","ER","HR","BB","IBB","HBP","WP","BK","SO","K/9","BB/9","H/9","K/BB","IFH%","BUH%","GB","FB","LD","IFFB","IFH","BU","BUH","K%","BB%","K-BB%","SIERA","HR/9","AVG","WHIP","BABIP","LOB%","FIP","E-F","xFIP","ERA-","FIP-","xFIP-","GB/FB","LD%","GB%","FB%","IFFB%","HR/FB","RS","RS/9","Balls","Strikes","Pitches","WPA","-WPA","+WPA","RE24","REW","pLI","inLI","gmLI","exLI","Pulls","Games","WPA/LI","Clutch","SD","MD","FB%1","FBv","CT%","CTv","CH%","CHv","XX%","wFB","wCT","wCH","wFB/C","wCT/C","wCH/C","O-Swing%","Z-Swing%","Swing%","O-Contact%","Z-Contact%","Contact%","Zone%","F-Strike%","SwStr%","Pull","Cent","Oppo","Soft","Med","Hard","bipCount","Pull%","Cent%","Oppo%","Soft%","Med%","Hard%","tERA","pb_o_CH","pb_s_CH","pb_c_CH","pb_o_FF","pb_s_FF","pb_c_FF","pb_o_SI","pb_s_SI","pb_c_SI","pb_o_FC","pb_s_FC","pb_c_FC","pb_overall","pb_stuff","pb_command","pb_xRV100","pb_ERA","sp_s_CH","sp_l_CH","sp_p_CH","sp_s_FF","sp_l_FF","sp_p_FF","sp_s_SI","sp_l_SI","sp_p_SI","sp_s_FC","sp_l_FC","sp_p_FC","sp_stuff","sp_location","sp_pitching","pfxFA%","pfxFC%","pfxSI%","pfxCH%","pfxvFA","pfxvFC","pfxvSI","pfxvCH","pfxFA-X","pfxFC-X","pfxSI-X","pfxCH-X","pfxFA-Z","pfxFC-Z","pfxSI-Z","pfxCH-Z","pfxwFA","pfxwFC","pfxwSI","pfxwCH","pfxwFA/C","pfxwFC/C","pfxwSI/C","pfxwCH/C","pfxO-Swing%","pfxZ-Swing%","pfxSwing%","pfxO-Contact%","pfxZ-Contact%","pfxContact%","pfxZone%","pfxPace","piCH%","piFA%","piFC%","piSI%","piSL%","pivCH","pivFA","pivFC","pivSI","pivSL","piCH-X","piFA-X","piFC-X","piSI-X","piSL-X","piCH-Z","piFA-Z","piFC-Z","piSI-Z","piSL-Z","piwCH","piwFA","piwFC","piwSI","piwSL","piwCH/C","piwFA/C","piwFC/C","piwSI/C","piwSL/C","piO-Swing%","piZ-Swing%","piSwing%","piO-Contact%","piZ-Contact%","piContact%","piZone%","Events","EV","LA","Barrels","Barrel%","maxEV","HardHit","HardHit%","gamedate","dh"
"Huascar Brazoban",6107,"2024-09-30","@ATL",25,2024,"NYM","A",34,0,0,18,1,0,0,0,0,0,0,0,1,6,3,2,2,0,1,0,0,0,0,1,9,9,27,1,1,0,1,1,2,1,1,0,0,0.16666667,0.16666667,0,5.73367352628778,0,0.6,4,0.75,0.5,4.1664797782898,13.8335202217102,5.67848818451166,454.149698062268,103.103404788804,139.014259199392,1,0.5,0.25,0.25,1,0,0,0,9,13,22,-0.139763966202736,-0.19709999859333,0.0573360435664654,-1.49299991130829,-0.151727631688118,0.922866642475128,0.755999982357025,0.755999982357025,0.112399995326996,1,1,-0.0840001851320267,-0.0674452781343549,0,1,0.59090909,97.23076923,0.27272727,91.33333333,0.13636364,91.66666667,NA,-1.13447904586792,0.376765251159668,-0.443252891302109,-8.72676189129169,6.27942085266113,-14.775096376737,0.18181818,0.54545455,0.36363636,1,1,1,0.5,0.66666667,0,4,0,0,2,1,1,4,1,0,0,0.5,0.25,0.25,6.96686929524557,77.37817,51.78585,20,80,28.55349,20,80,20,20,80,43.46753,20,80,24.0872,20,-2.91579,-0.29659,106.1,124.6,124.44,108.24,96.18,87.32,103.64,83.94,93.62,95.06,139.24,144.66,102.680909090909,107.348181818182,110.310909090909,0.22727273,0.27272727,0.36363636,0.13636364,98.0400024414062,91.2333374023438,96.7750015258789,91.5666707356771,-5.06439895629883,-1.20902760823568,-9.46737766265869,-8.48236910502116,8.82794799804688,4.82807318369548,4.738685131073,1.90461285909017,-0.0548096112906933,0.378947958350182,-1.09897293150425,-0.450162943452597,-1.09619222581387,6.31579930583636,-13.7371616438031,-15.0054314484199,0,0.53333333,0.36363636,NA,1,1,0.68181818,17.6875,0.13636364,0.22727273,0.27272727,0.36363636,NA,91.4962666829427,97.9638000488281,91.1351826985677,96.7333221435547,NA,-8.33033625284831,-4.66203384399414,-0.795576413472494,-9.37989234924316,NA,0.921666701634725,7.8991081237793,3.92901166280111,3.80836868286133,NA,-0.450162943452597,-0.0548096112906933,0.378947958350182,-1.09897293150425,NA,-15.0054314484199,-1.09619222581387,6.31579930583636,-13.7371616438031,NA,0,0.53333333,0.36363636,NA,1,1,0.68181818,4,82.7750015258789,12.25,0,0,101.2,1,0.25,"2024-09-30",2
"Huascar Brazoban",6107,"2024-09-30","@ATL",25,2024,"NYM","A",34,0,0,0,1,0,0,0,0,0,0,0,0.1,2,0,0,0,0,1,0,0,0,0,0,0,27.000028163224,0,0,0,0,0,0,1,0,0,0,0,0,0.5,-0.5,16.6767290840149,0,0,3.00000312924711,0,1,12.1664891660311,-12.1664891660311,12.1664891660311,0,297.61403367553,295.801497607635,0,1,0,0,0,0,0,0,7,6,13,0.00828002672642469,-0.00658400543034077,0.0148640321567655,0.23199999332428,0.0235772337764502,0.435999989509583,0.147399991750717,0.294799983501434,0.213599994778633,1,1,0.00341815641149879,0.0155727310326458,0,0,0.61538462,96.75,NA,NA,0.38461538,91.2,NA,-0.149411469697952,NA,0.0853086113929749,-1.8676433712244,NA,1.7061722278595,0.22222222,0.75,0.38461538,0.5,0.66666667,0.6,0.30769231,NA,0.15384615,1,0,0,0,0,1,1,1,0,0,0,0,1,60.829483916896,80,20,20,NA,NA,NA,80,20,20,NA,NA,NA,80,20,20,-3.63625,-1.37728,74.06,54.34,60.56,NA,NA,NA,106.08,85.32,109.66,NA,NA,NA,93.7646153846154,73.4046153846154,90.7753846153846,NA,NA,0.61538462,0.38461538,NA,NA,96.8000030517578,91.1200012207031,NA,NA,-10.0868272781372,-9.33824157714844,NA,NA,4.79213047027588,2.10409183502197,NA,NA,-0.153205260634422,0.126185975968838,NA,NA,-1.91506575793028,2.52371951937675,0.22222222,0.75,0.38461538,0.5,0.66666667,0.6,0.30769231,18,0.38461538,NA,NA,0.61538462,NA,91.0781616210938,NA,NA,96.7546615600586,NA,-9.18864974975586,NA,NA,-10.0596771240234,NA,0.835037803649902,NA,NA,3.8029899597168,NA,0.126185975968838,NA,NA,-0.153205260634422,NA,2.52371951937675,NA,NA,-1.91506575793028,NA,0.22222222,0.75,0.38461538,0.5,0.66666667,0.6,0.30769231,1,97.3000030517578,17,0,0,97.3,1,1,"2024-09-30",1
"Huascar Brazoban",6107,"2024-09-24","@ATL",25,2024,"NYM","A",34,0,0,0,1,0,0,0,0,0,0,0,1,4,1,0,0,0,0,0,0,0,0,1,9,0,9,1,0,0,1,1,1,0,0,0,0,0.25,0,0.25,2.72685408401489,0,0.25,1,0.333333333333333,1,1.1664797782898,-1.1664797782898,2.67848818451166,0,30.1620045506571,66.5170884121943,1,0.333333333,0.333333333,0.333333333,0,0,1,9,8,13,21,0.0054560424759984,-0.00450801150873303,0.00996405351907015,0.506999969482422,0.0515243895351887,0.109599992632866,0.092399999499321,0.092399999499321,0.112399995326996,1,1,0.0176316481083632,0.0321497646904028,0,0,0.71428571,97.8,NA,NA,0.28571429,93,NA,-0.247367382049561,NA,0.217465132474899,-1.6491158803304,NA,3.62441887458166,0.35714286,0.85714286,0.52380952,0.6,0.83333333,0.72727273,0.33333333,0.25,0.14285714,3,0,0,0,2,1,3,1,0,0,0,0.66666667,0.33333333,2.82508216143325,66.39386,40.91687,78.12726,22.62619,42.08066,20.91931,23.74332,55.05803,20,NA,NA,NA,31.87962,42.88248,32.70368,1.25116,5.95383,117.78,126.46,133.52,74.72,108.32,97.68,102.74,91.52,105.48,NA,NA,NA,99.0314285714286,106.302857142857,111.262857142857,0.33333333,NA,0.38095238,0.28571429,97.971426827567,NA,97.5250015258789,92.7000020345052,-6.46947588239397,NA,-9.11702346801758,-7.57575670878092,6.63384028843471,NA,4.46856117248535,1.83056942621867,0.6147839166224,NA,-0.862669736146927,0.219076160341501,8.78262738032,NA,-10.7833717018366,3.65126933902502,0.38461538,0.75,0.52380952,0.4,1,0.72727273,0.38095238,16.94117647,0.28571429,0.28571429,NA,0.42857143,NA,92.5198974609375,97.6658833821615,NA,97.4845241970486,NA,-7.28784497578939,-5.78743171691895,NA,-8.62734815809462,NA,0.478694160779317,5.59714508056641,NA,3.18518214755588,NA,0.219076160341501,0.345261339098215,NA,-0.593147158622742,NA,3.65126933902502,5.75435565163692,NA,-6.59052398469713,NA,0.38461538,0.75,0.52380952,0.4,1,0.72727273,0.38095238,3,96.3745930989583,18.8579012552897,0,0,103.533,2,0.66666667,"2024-09-24",0
"Huascar Brazoban",6107,"2024-09-20","PHI",25,2024,"NYM","H",34,0,0,13.5000032186516,1,0,0,0,0,0,0,0,1.1,8,2,2,2,0,2,0,0,0,0,1,6.75000160932579,13.5000032186516,13.5000032186516,0.5,0,0,2,2,1,0,0,0,0,0.125,0.25,-0.125,7.85326033401489,0,0.333333333333333,3.00000071525591,0.4,0.5,6.1664804935457,7.33352272510588,8.43449364361497,340.612354755015,151.731022338158,205.615125352414,1,0.2,0.4,0.4,0,0,0,0,16,20,36,-0.00775999948382378,-0.0203440003097057,0.012584000825882,-1.22200000286102,-0.132898330688477,0.0996888875961304,0.0851999968290329,0.0952000021934509,0.0851999968290329,1,1,-0.0714251101016998,-0.00641706138748224,0,0,0.47222222,97.23529412,0.30555556,92.18181818,0.22222222,92,NA,-0.374195992946625,-0.652650535106659,0.428922206163406,-2.20115289968603,-5.93318668278781,5.36152757704258,0.28,0.72727273,0.41666667,0.57142857,0.875,0.73333333,0.30555556,0.625,0.11111111,2,0,3,3,2,0,5,0.4,0,0.6,0.6,0.4,0,5.77950579676992,32.51233,73.60594,26.72313,20,59.32012,20,80,73.64562,68.85774,44.96672,30.20178,36.3375,20.46531,59.50939,20,1.96029,7.01753,135.72,59.56,97.86,85.84,-33.32,-35.24,112.06,159.9,178.52,82.2,113.3,103.46,101.638888888889,75.0583333333333,84.2205555555556,0.25,0.30555556,0.22222222,0.22222222,97.1888902452257,92.127274946733,97.2874984741211,91.9875030517578,-7.17496914333767,-2.09821510314941,-10.6999893188477,-9.95840072631836,8.99760352240668,6.29975405606357,5.08727788925171,1.29065430164337,-0.296992462128401,-0.666154265403748,-0.0878642462193966,0.404707431793213,-3.29991624587112,-6.0559478673068,-1.09830307774246,5.05884289741516,0.25,0.625,0.41666667,0.4,0.9,0.73333333,0.44444444,17.92857143,0.22222222,0.25,0.30555556,0.22222222,NA,91.630126953125,96.8355102539062,91.7529518821023,96.9303588867188,NA,-9.81631755828857,-6.9226688808865,-1.65004834261808,-10.7342977523804,NA,-0.401617109775543,7.61039225260417,5.01328173550692,3.7015974521637,NA,0.404707431793213,-0.296992462128401,-0.666154265403748,-0.0878642462193966,NA,5.05884289741516,-3.29991624587112,-6.0559478673068,-1.09830307774246,NA,0.25,0.625,0.41666667,0.4,0.9,0.73333333,0.44444444,5,77.8572265625,16.2142959594727,0,0,96.47,1,0.2,"2024-09-20",0
"Huascar Brazoban",6107,"2024-09-18","WSN",25,2024,"NYM","H",34,0,0,0,1,0,0,0,0,0,0,0,1,3,0,0,0,0,0,0,0,0,0,1,9,0,0,1,0,0,1,0,1,0,0,0,0,0.33333333,0,0.33333333,1.13839575453556,0,0,0,0,1,1.1664797782898,-1.1664797782898,1.1664797782898,0,30.1620045506571,29.9783111930123,1,0.5,0.5,0,0,0,0,0,7,10,17,2.60043143498478e-05,0,2.60043143498478e-05,0.458999991416931,0.0499184317886829,0,0,0,NA,0,1,0,NA,0,0,0.64705882,96.90909091,0.11764706,90.5,0.23529412,91.75,NA,0.469116479158401,0.106812082231045,0.193908214569092,4.26469526507638,5.34060411155224,4.84770536422729,0.3,0.85714286,0.52941176,0.66666667,0.66666667,0.66666667,0.41176471,0.33333333,0.17647059,2,0,0,0,1,1,2,1,0,0,0,0.5,0.5,3.68244760268354,78.91153,76.13111,64.44465,20,57.59407,20,76.29298,73.11181,61.14054,53.31468,43.17678,64.0859,42.46382,65.09356,32.74011,0.59361,4.96751,137.62,112.08,148.92,101.02,43.26,42.82,106.44,169.54,183.42,91.48,85.06,85.12,110.103529411765,101.511764705882,114.114117647059,0.35294118,0.11764706,0.29411765,0.23529412,96.9666646321615,90.6499938964844,96.8200012207031,91.5999984741211,-5.64274342854818,-0.86023211479187,-10.9774299621582,-10.0557708740234,9.23961130777995,4.85764360427856,4.88367691040039,2.62649703025818,-0.186831712722778,0.108140081167221,0.661498699337244,0.19612817466259,-3.11386187871297,5.40700405836105,13.2299739867449,4.90320436656475,0.3,0.85714286,0.52941176,0.66666667,0.66666667,0.66666667,0.41176471,16.78571429,0.23529412,0.35294118,0.11764706,0.29411765,NA,91.4419250488281,96.8163146972656,90.4951019287109,96.6882019042969,NA,-9.92564487457275,-5.31471347808838,-0.649230480194092,-10.828182220459,NA,1.07841897010803,8.33736673990885,3.59218001365662,3.4305061340332,NA,0.19612817466259,-0.186831712722778,0.108140081167221,0.661498699337244,NA,4.90320436656475,-3.11386187871297,5.40700405836105,13.2299739867449,NA,0.33333333,0.75,0.52941176,0.66666667,0.66666667,0.66666667,0.47058824,2,95.6831359863281,0.627904415130615,0,0,106.695,1,0.5,"2024-09-18",0
"Huascar Brazoban",6107,"2024-09-17","WSN",25,2024,"NYM","H",34,0,0,0,1,0,0,0,0,0,0,0,1,3,0,0,0,0,0,0,0,0,0,1,9,0,0,1,0,0,1,1,0,1,0,0,0,0.33333333,0,0.33333333,1.87828464271067,0,0,0,0,1,1.1664797782898,-1.1664797782898,2.67848818451166,0,30.1620045506571,66.5170884121943,1,0,0.5,0.5,1,0,1,9,1,7,8,0.00100401637610048,0,0.00100401637610048,0.458999991416931,0.0499184317886829,0.0126000000163913,0.0225999988615513,0.0225999988615513,0,1,1,0.0647240281105042,0.0149598111588896,0,0,0.875,98,0.125,91,NA,NA,NA,0.493508100509644,0.234712973237038,NA,7.05011572156634,23.4712973237038,NA,0,0.85714286,0.75,NA,0.83333333,0.83333333,0.875,0.66666667,0.125,1,0,1,1,1,0,2,0.5,0,0.5,0.5,0.5,0,-1.33385517121138,NA,NA,NA,63.85571,65.01404,55.54253,80,80,66.49359,80,63.63655,80,80,66.59222,76.32163,-1.79954,1.37778,NA,NA,NA,103.54,119.62,123.28,119.2,140.96,155.9,105.3,157.58,168.7,107.675,129.7,137.1125,0.625,0.125,0.25,NA,98.1400024414063,91.1999969482422,97.5999984741211,NA,-6.22492561340332,-1.42883729934692,-10.3540325164795,NA,9.02556076049805,4.32108306884766,4.83077335357666,NA,0.284340985119343,0.237643033266068,0.214739695191383,NA,5.68681970238686,23.7643033266068,10.7369847595692,NA,0,0.85714286,0.75,NA,0.83333333,0.83333333,0.875,14.25,NA,0.625,0.125,0.25,NA,NA,98.0264831542969,91.0587997436523,97.4313049316406,NA,NA,-5.95408592224121,-0.922007977962494,-10.1337547302246,NA,NA,7.78526611328125,3.14362001419067,3.61091995239258,NA,NA,0.284340985119343,0.237643033266068,0.214739695191383,NA,NA,5.68681970238686,23.7643033266068,10.7369847595692,NA,0,0.85714286,0.75,NA,0.83333333,0.83333333,0.875,2,99.4911727905273,33.188102722168,0,0,100.497,2,1,"2024-09-17",0
"Huascar Brazoban",6107,"2024-09-10","@TOR",25,2024,"NYM","A",34,0,0,4.5,1,0,0,0,0,0,0,0,2,8,2,1,1,0,1,0,0,0,0,1,4.5,4.5,9,1,0,0,1,3,2,0,0,0,0,0.125,0.125,0,6.22954158401489,0,0.285714285714286,1.5,0.333333333333333,0.66666667,3.6664797782898,0.833520221710205,5.9344923876226,113.537424515567,90.9465047491131,145.200786011117,0.333333333,0.333333333,0.166666666,0.5,0,0,1,4.5,14,20,34,0.00744600966572762,-0.0231979768723249,0.0306439865380526,0.541999995708466,0.0572636015713215,0.195924997329712,0.19794999063015,0.270999997854233,0.368599981069565,1,1,0.00273463618941605,0.0352697520571593,0,0,0.63636364,96.52380952,0.03030303,91,0.33333333,90.63636364,0.02941176,-0.663752257823944,0.0572940893471241,0.0920887142419815,-3.16072503725688,5.72940893471241,0.837170129472559,0.38095238,0.66666667,0.48484848,0.75,0.875,0.8125,0.36363636,0.125,0.08823529,4,2,0,1,3,2,6,0.66666667,0.33333333,0,0.16666667,0.5,0.33333333,5.50175448907015,59.63384,59.80287,62.28764,20,52.53639,20,69.71673,59.4143,60.16448,80,56.07273,80,56.95425,58.28795,53.6131,-0.30663,3.61715,116.4,101.62,126.9,78.94,48.56,28.46,106.28,132.52,150.42,107.22,147.78,161.14,106.367878787879,112.505454545455,128.121818181818,0.12121212,0.03030303,0.51515152,0.33333333,97.1000061035156,90.5999984741211,96.2647058823529,90.4818170720881,-6.48371362686157,-0.297579944133759,-10.6930057301241,-9.83281083540483,8.39878749847412,4.33852815628052,5.34444966035731,2.51366476579146,0.0365022085607052,0.057969942688942,-0.705049842596054,0.091751042753458,0.91255521401763,5.7969942688942,-4.14735201527091,0.8341003886678,0.375,0.58823529,0.48484848,0.66666667,0.9,0.8125,0.51515152,18.73076923,0.33333333,0.12121212,0.03030303,0.51515152,NA,90.3817027698864,96.9857025146484,90.4422988891602,96.1745102826287,NA,-9.64318015358665,-5.82152986526489,0.329172998666763,-10.425708546358,NA,1.3348577672785,7.18714237213135,3.28356003761292,4.15802046831916,NA,0.00195512548089027,0.0365022085607052,0.057969942688942,-0.705049842596054,NA,0.0177738680080934,0.91255521401763,5.7969942688942,-4.14735201527091,NA,0.375,0.58823529,0.48484848,0.66666667,0.9,0.8125,0.51515152,6,93.0330098470052,22.6861216227214,1,0.16666667,102.735,3,0.5,"2024-09-10",0
"Huascar Brazoban",6107,"2024-09-04","BOS",25,2024,"NYM","H",34,0,0,0,1,0,0,0,0,0,1,0,1.1,5,1,0,0,0,1,0,0,0,0,1,6.75000160932579,6.75000160932579,6.75000160932579,1,0,0,1,1,1,0,0,0,0,0.2,0.2,0,5.87600908401489,0,0.25,1.50000035762795,0.333333333333333,1,3.91647995710377,-3.91647995710377,5.05048653213841,0,97.024959116606,123.838144850477,1,0.333333333,0.333333333,0.333333333,0,0,0,0,5,13,18,0.132153987884521,-0.165066003799438,0.29721999168396,0.800999999046326,0.0871125608682632,2.74036002159119,1.98046672344208,2.48140001296997,2.33219981193542,1,1,0.0136871701106429,0.0345378758115299,1,0,0.27777778,96.6,0.27777778,91,0.44444444,92.25,NA,0.0334002152085304,-0.724966466426849,1.21458351612091,0.668004304170609,-14.499329328537,15.1822939515114,0.54545455,1,0.72222222,0.33333333,0.85714286,0.61538462,0.38888889,0.8,0.27777778,1,2,0,0,3,0,3,0.33333333,0.66666667,0,0,1,0,5.65176731273946,67.92921,72.26605,54.26752,20,37.57312,20,79.23185,76.69432,57.08972,20,38.69694,20,28.79048,65.37831,20,1.44308,6.24171,121.44,97.06,114.78,99.18,44.12,27.28,112.98,134.14,160.56,103.96,14.24,7.72,112.701111111111,74.3522222222222,82.9488888888889,0.11111111,0.27777778,0.16666667,0.44444444,97,90.8599975585937,96.3333333333333,92.0625,-6.0468373298645,-1.19105081558228,-11.2145741780599,-9.10067749023438,8.42374229431152,5.10506019592285,4.66566848754883,0.865881025791168,-0.050431564450264,-0.738422315567732,0.0833352096378803,1.23300892487168,-2.5215782225132,-14.7684463113546,2.77784032126268,15.412611560896,0.5,1,0.72222222,0.2,0.875,0.61538462,0.44444444,22.15384615,0.44444444,0.11111111,0.27777778,0.16666667,NA,92.2140350341797,97.1294021606445,91.030078125,96.4973653157552,NA,-8.70277404785156,-5.2234001159668,-0.273029112815857,-10.9491996765137,NA,-0.487854421138763,7.21523475646973,3.42039604187012,3.44819323221842,NA,1.23300892487168,-0.050431564450264,-0.738422315567732,0.0833352096378803,NA,15.412611560896,-2.5215782225132,-14.7684463113546,2.77784032126268,NA,0.54545455,1,0.72222222,0.16666667,1,0.61538462,0.38888889,3,82.2101643880208,17.7504323323568,0,0,93.3227,0,0,"2024-09-04",0
"Huascar Brazoban",6107,"2024-08-31","@CHW",25,2024,"NYM","A",34,0,0,0,1,0,0,0,0,0,1,0,1,4,0,0,0,0,0,0,1,1,0,0,0,0,0,0,0,0,1,1,1,0,0,0,0,0,0,0,6.03472908401489,0,0,0,0,1,6.1664797782898,-6.1664797782898,7.67848818451166,0,151.731004947569,187.345706390858,1,0.333333333,0.333333333,0.333333333,0,0,0,0,7,6,13,0.0542219989001751,-0.0220100022852421,0.0762320011854172,0.496999979019165,0.0512107163667679,0.822520017623901,1.04579997062683,1.04579997062683,1.06459999084473,1,1,0.0332243666052818,0.0326974319386755,0,0,0.76923077,96.6,0.23076923,91.33333333,NA,NA,NA,0.0575734525918961,0.310705006122589,NA,0.575734525918961,10.3568335374196,NA,0.11111111,0.75,0.30769231,1,1,1,0.30769231,0.25,0,2,0,1,0,1,2,3,0.66666667,0,0.33333333,0,0.33333333,0.66666667,9.88114214715071,NA,NA,NA,NA,NA,NA,20,65.75577,20,80,41.01381,80,20,57.24324,20,3.53538,9.38016,NA,NA,NA,NA,NA,NA,108.52,16.16,37.64,84.48,150.86,149.66,102.972307692308,47.2446153846154,63.4907692307692,NA,0.23076923,0.76923077,NA,NA,91.4333292643229,96.6900024414062,NA,NA,-1.21927873293559,-10.7507881164551,NA,NA,5.57468032836914,4.9324275970459,NA,NA,0.315010048449039,0.0962707661092281,NA,NA,10.5003349483013,0.962707661092281,NA,0,0.8,0.30769231,NA,1,1,0.38461538,15,NA,NA,0.23076923,0.76923077,NA,NA,NA,91.427734375,96.7064086914063,NA,NA,NA,-0.614744345347087,-10.3813720703125,NA,NA,NA,4.42830340067546,3.65335311889648,NA,NA,NA,0.315010048449039,0.0962707661092281,NA,NA,NA,10.5003349483013,0.962707661092281,NA,0,0.66666667,0.30769231,NA,1,1,0.46153846,3,95.8485209147135,15.7477544148763,0,0,101.617,1,0.33333333,"2024-08-31",0
"Huascar Brazoban",6107,"2024-08-28","@ARI",25,2024,"NYM","A",34,0,0,0,1,0,0,0,0,0,0,0,1,4,0,0,0,0,1,0,0,0,0,0,0,9,0,0,0,0,3,0,0,0,0,0,0,0,0.25,-0.25,6.13760408401489,0,0,1,0,1,6.1664797782898,-6.1664797782898,6.1664797782898,0,151.731004947569,150.806929171676,3,0,1,0,0,0,1,9,6,7,13,0.0926200151443481,-0.0225000027567148,0.115120023488998,0.603999972343445,0.0610100999474525,1.27300000190735,1.58533334732056,1.62000000476837,1.48600006103516,1,1,0.049177061766386,0.023580216321261,1,0,0.53846154,97.42857143,0.15384615,93.5,0.30769231,90.25,NA,0.0294647067785263,0.177677512168884,0.115187354385853,0.420924382550376,8.88387560844421,2.87968385964632,0.4,0.66666667,0.46153846,0.75,1,0.83333333,0.23076923,0.25,0.07692308,2,1,0,2,1,0,3,0.66666667,0.33333333,0,0.66666667,0.33333333,0,4.75985653192835,23.25507,52.36907,20,71.79317,53.43074,75.32392,NA,NA,NA,20,43.58175,20,37.3082,51.15617,34.25636,0.91391,5.44796,94.4,63.74,70.64,86.54,109.56,105.14,NA,NA,NA,88.46,42.2,39.82,89.2538461538462,85.0984615384615,84.4753846153846,0.53846154,0.15384615,NA,0.30769231,97.3428606305804,93.3000030517578,NA,90.3249969482422,-4.85109002249582,-2.2597975730896,NA,-9.36775398254395,8.1191760471889,5.46809053421021,NA,1.81068861484528,0.0269026346504688,0.17969099059701,NA,0.115630146116018,0.384323352149555,8.98454952985048,NA,2.89075365290046,0.16666667,0.71428571,0.46153846,1,0.8,0.83333333,0.53846154,15.77777778,0.30769231,0.53846154,0.15384615,NA,NA,90.4271469116211,97.4424874441964,93.3654022216797,NA,NA,-9.28663444519043,-4.41430418831961,-1.95155000686646,NA,NA,0.395420730113983,6.79512132917132,4.38774967193604,NA,NA,0.115630146116018,0.0269026346504688,0.17969099059701,NA,NA,2.89075365290046,0.384323352149555,8.98454952985048,NA,NA,0,0.75,0.46153846,NA,0.83333333,0.83333333,0.61538462,3,81.015614827474,-32.2733891805013,0,0,96.3678,1,0.33333333,"2024-08-28",0
"Huascar Brazoban",6107,"2024-08-22","@SDP",25,2024,"NYM","A",34,0,0,18,1,0,0,0,0,0,0,0,1,7,2,2,2,0,2,0,0,0,0,0,0,18,18,0,0,0,2,2,1,0,0,0,0,0,0.28571429,-0.28571429,10.5686066185431,0,0.4,4,0.4,0.5,9.16647977828979,8.83352022171021,12.1904965907335,454.149698062268,224.672405185716,296.381654397238,1,0.2,0.4,0.4,0,0,0,0,16,20,36,0.000988000188954175,-0.00924200005829334,0.0102300001308322,-1.54299998283386,-0.168357878923416,0.0873777791857719,0.0221999995410442,0.0221999995410442,NA,0,1,-0.0764810144901276,0.0877882392578069,0,0,0.72222222,96.88461538,NA,NA,0.27777778,90.6,NA,-0.517779588699341,NA,-0.326246708631516,-1.99145995653593,NA,-3.26246708631516,0.2,0.6875,0.41666667,0.5,1,0.86666667,0.44444444,0.42857143,0.05555556,3,2,0,2,1,2,5,0.6,0.4,0,0.4,0.2,0.4,8.08800029022717,58.35044,74.22333,58.35515,23.14403,47.91612,20,20,71.12494,20,NA,NA,NA,20,59.65501,20,2.12786,7.26888,107.02,111.26,135.64,77.56,79.36,62.94,108.44,33.16,45.88,NA,NA,NA,93.4633333333333,76.6711111111111,78.8694444444445,0.47222222,NA,0.25,0.27777778,97.1529397403493,NA,96.2555541992188,90.65,-6.58098647173713,NA,-11.0662384033203,-9.43844909667969,8.56664500517004,NA,4.81083297729492,1.62176189422607,-0.431653682142496,NA,-0.102431546896696,-0.332056473940611,-2.53913930672057,NA,-1.13812829885218,-3.32056473940611,0.15789474,0.70588235,0.41666667,0.33333333,1,0.86666667,0.47222222,17.17857143,0.27777778,0.47222222,NA,0.25,NA,90.7195922851563,97.2456198299632,NA,96.3379245334201,NA,-8.87774429321289,-5.93068291159237,NA,-10.4850913153754,NA,0.301657819747925,7.4730951645795,NA,3.46263101365831,NA,-0.332056473940611,-0.431653682142496,NA,-0.102431546896696,NA,-3.32056473940611,-2.53913930672057,NA,-1.13812829885218,NA,0.15789474,0.70588235,0.41666667,0.33333333,1,0.86666667,0.47222222,5,86.8130310058594,19.4749069213867,1,0.2,102.492,2,0.4,"2024-08-22",0
"Huascar Brazoban",6107,"2024-08-20","BAL",25,2024,"NYM","H",34,0,0,0,1,0,0,0,0,0,0,0,1,4,0,0,0,0,1,0,0,0,0,1,9,9,0,1,0,0,0,1,1,0,0,0,0,0.25,0.25,0,6.49179158401489,0,0,1,0,1,4.1664797782898,-4.1664797782898,5.67848818451166,0,103.103404788804,139.014259199392,0,0.5,0,0.5,0,0,4,36,10,11,21,0.00143000029493123,-0.000352000002749264,0.0017820002976805,0.458999991416931,0.0499184317886829,0.0187999997287989,0.0225999988615513,0.0225999988615513,0.260399997234344,1,1,0.0462495721876621,0.0298142743846695,0,0,0.52380952,96.90909091,0.14285714,91,0.33333333,90.71428571,NA,0.275421291589737,-0.000688102096319199,0.218915477395058,2.50382992354306,-0.0229367365439733,3.12736396278654,0.33333333,0.5,0.38095238,0.6,1,0.75,0.28571429,0.75,0.0952381,1,1,0,0,2,0,2,0.5,0.5,0,0,1,0,7.2776448253856,79.11101,80,66.68109,46.873,47.06984,46.84879,20,64.03155,25.95449,43.69037,43.63369,43.63334,50.55766,65.76648,47.92418,0.09077,4.21325,133.32,112.3,150.42,102.46,106.54,89.12,107.94,21.94,46.18,84.3,83.12,79.68,111.457142857143,84.9714285714286,97.9809523809524,0.28571429,0.14285714,0.23809524,0.33333333,97.5166625976562,91.2333374023438,96.0200012207031,90.7857142857143,-5.8520253499349,-1.5620018641154,-10.4125389099121,-10.6989266531808,8.37649536132812,6.40709177652995,5.00755844116211,1.04994378771101,0.190443225204945,-0.00177522748708725,0.0853993482887745,0.220897395163774,3.17405375341574,-0.059174249569575,1.70798696577549,3.15567707376821,0.16666667,0.66666667,0.38095238,0.5,0.83333333,0.75,0.42857143,16.94117647,0.33333333,0.28571429,0.14285714,0.23809524,NA,91.2073451450893,97.9642028808594,91.6724039713542,96.457958984375,NA,-10.2270246233259,-5.4016850789388,-0.909727652867635,-9.9413818359375,NA,-0.320687328066145,7.438658396403,5.29419676462809,3.75496788024902,NA,0.220897395163774,0.190443225204945,-0.00177522748708725,0.0853993482887745,NA,3.15567707376821,3.17405375341574,-0.059174249569575,1.70798696577549,NA,0.16666667,0.66666667,0.38095238,0.5,0.83333333,0.75,0.42857143,2,69.8069000244141,20.1169204711914,0,0,74.5415,0,0,"2024-08-20",0
"Huascar Brazoban",6107,"2024-08-18","MIA",25,2024,"NYM","H",34,0,0,13.500014081612,1,0,0,0,0,0,0,1,0.2,5,3,1,1,0,0,0,0,1,0,0,0,0,40.5000422448361,0,0.666666666,0,3,1,1,0,2,0,0,0,0,0,4.32832908401489,0,0.6,4.50000469387067,0.6,0.66666667,3.1664797782898,10.3335343033222,5.43449475334657,340.612628833359,78.7896047094219,133.117981382682,3,0.2,0.6,0.2,0,0,0,0,4,9,13,-0.209298014640808,-0.3123439848423,0.103045970201492,-1.01199996471405,-0.110059812664986,2.24853324890137,1.73000001907349,1.73000001907349,3.2195999622345,1,1,-0.0833127424120903,-0.00976927660767339,0,1,0.53846154,97.71428571,0.15384615,91,0.30769231,91.75,NA,-0.598910748958588,0.284230947494507,-0.615270435810089,-8.55586784226554,14.2115473747253,-15.3817608952522,0.375,0.8,0.53846154,1,1,1,0.38461538,0.8,0,1,4,0,3,2,0,5,0.2,0.8,0,0.6,0.4,0,3.68366165936627,20,65.69224,20,80,61.63239,80,80,80,74.79626,20.42246,60.54378,27.38423,54.37753,68.99162,50.69991,-0.14655,3.85727,131.62,30.68,55.14,98.86,118.5,123.24,117.52,125.66,143.32,98.76,91.72,107.48,113.230769230769,89.0107692307692,104.495384615385,0.30769231,0.15384615,0.23076923,0.30769231,98.0999984741211,90.9499969482422,97.0999959309896,91.9000015258789,-6.05372285842896,-1.49416947364807,-10.6133187611898,-9.37271308898926,8.87735939025879,4.37033939361572,5.3506457010905,1.17921137809753,0.333120945841074,0.287813194096088,-0.942419737577438,-0.624639861285686,8.32802364602685,14.3906597048044,-31.4139912525813,-15.6159965321422,0.42857143,0.66666667,0.53846154,1,1,1,0.46153846,22.375,0.30769231,0.30769231,0.15384615,0.23076923,NA,92.153678894043,98.3530044555664,91.2121505737305,97.3623352050781,NA,-8.73715972900391,-5.54659748077393,-0.908447980880737,-10.5028998057048,NA,-0.351817637681961,7.93017482757568,3.33385491371155,4.26690324147542,NA,-0.624639861285686,0.333120945841074,0.287813194096088,-0.942419737577438,NA,-15.6159965321422,8.32802364602685,14.3906597048044,-31.4139912525813,NA,0.42857143,0.66666667,0.53846154,1,1,1,0.46153846,5,58.5208129882812,16.5736663818359,0,0,85.1598,0,0,"2024-08-18",0
"Huascar Brazoban",6107,"2024-08-15","OAK",25,2024,"NYM","H",34,0,0,9,1,0,0,0,0,0,0,0,1,6,1,1,1,0,2,0,0,1,0,1,9,18,9,0.5,0,0,0,1,2,0,0,0,0,0.16666667,0.33333333,-0.16666667,9.29281241806656,0,0.25,3,0.333333333333333,0.66666667,7.1664797782898,1.8335202217102,8.67848818451166,227.074849031134,176.044805026951,211.511429986591,0,0.666666666,0,0.333333333,0,0,0,0,13,14,27,-0.0501759946346283,-0.22188600897789,0.171710014343262,-0.541000008583069,-0.0588363297283649,1.92957150936127,1.11520004272461,1.11520004272461,1.45740008354187,1,1,-0.0437631867825985,0.0177594888676984,0,0,0.44444444,96.33333333,0.18518519,90.2,0.37037037,90.3,NA,-0.428111493587494,-0.165275260806084,0.30915641784668,-3.56759577989578,-3.30550521612167,3.0915641784668,0.29411765,0.7,0.44444444,0,0.85714286,0.5,0.37037037,0.16666667,0.22222222,1,2,0,1,2,0,3,0.33333333,0.66666667,0,0.33333333,0.66666667,0,13.6482848668409,46.46354,64.0484,39.59705,80,62.95745,80,25.81006,69.43444,20,20,50.50687,20,29.42658,65.7387,20,1.40356,6.18243,101.32,80.18,94.34,82.86,175.46,173.32,111.06,53.68,68.32,87.98,-38.38,-30.98,100.045185185185,59.9777777777778,71.2348148148148,0.11111111,0.18518519,0.33333333,0.37037037,95.8666687011719,90,96.4666680230035,90.3200012207031,-5.68886057535807,-0.455837774276733,-10.5517840915256,-8.87219619750977,9.10730743408203,5.00120697021484,4.62081231011285,1.28007097244263,-0.431321062147617,-0.170656979084015,-0.00536947324872017,0.309107098728418,-14.3773687382539,-3.4131395816803,-0.0596608138746685,3.09107098728418,0.25,0.72727273,0.44444444,0,0.75,0.5,0.40740741,15.95238095,0.37037037,0.11111111,0.18518519,0.33333333,NA,90.2992553710938,95.8585713704427,89.9593994140625,96.4302029079861,NA,-8.64810791015625,-5.28650347391764,0.0373961687088013,-10.5219768948025,NA,-0.0385654926300049,8.27389335632324,3.95504989624023,3.39289220174154,NA,0.309107098728418,-0.431321062147617,-0.170656979084015,-0.00536947324872017,NA,3.09107098728418,-14.3773687382539,-3.4131395816803,-0.0596608138746685,NA,0.26666667,0.66666667,0.44444444,0,0.75,0.5,0.44444444,3,72.445317586263,27.3837916056315,0,0,79.7445,0,0,"2024-08-15",0
"Huascar Brazoban",6107,"2024-08-14","OAK",25,2024,"NYM","H",34,0,0,0,1,0,0,0,0,0,1,0,0.2,1,0,0,0,0,0,0,0,0,0,0,0,0,0,0,0,0,1,0,0,0,0,0,0,0,0,0,-1.18327091598511,0,0,0,0,1,3.1664797782898,-3.1664797782898,3.1664797782898,0,78.7896047094219,78.3097583844777,1,0,1,0,0,0,6,81.0000844896721,1,4,5,0.072473980486393,0,0.072473980486393,0.488999992609024,0.0531810745596886,1.76300001144409,0.881500005722046,1.76300001144409,0.0225999988615513,1,1,0.0411083251237869,1.60108290514493e-09,1,0,0.6,95.66666667,NA,NA,0.4,89,NA,0.727466344833374,NA,0.0572940893471241,24.2488781611125,NA,2.8647044673562,0,0.75,0.6,NA,1,1,0.8,1,0,1,0,0,0,1,0,1,1,0,0,0,1,0,1.32001229239029,55.86797,32.48626,74.9668,20,34.46988,33.83737,45.08581,61.46616,43.71774,NA,NA,NA,40.5094,41.17299,58.32941,0.71503,5.14964,106.52,84.74,82.56,92.5,22.84,-39.92,108.98,93.36,103.54,NA,NA,NA,104.7,75.808,66.456,0.2,NA,0.4,0.4,96.9000015258789,NA,95.0500030517578,89.0500030517578,-5.85420703887939,NA,-10.8228130340576,-7.17350482940674,7.37477970123291,NA,4.56577777862549,3.00393056869507,0.725620031356812,NA,0.0151214338839054,0.057969942688942,72.5620031356812,NA,0.756071694195271,2.8984971344471,0,0.75,0.6,NA,1,1,0.8,19.25,0.4,0.2,NA,0.4,NA,89.0674514770508,97.0099029541016,NA,95.126350402832,NA,-6.94587993621826,-5.57756996154785,NA,-10.449649810791,NA,1.84547996520996,6.21723985671997,NA,3.28538513183594,NA,0.057969942688942,0.725620031356812,NA,0.0151214338839054,NA,2.8984971344471,72.5620031356812,NA,0.756071694195271,NA,0,0.75,0.6,NA,1,1,0.8,1,96.7721633911133,-2.62875509262085,0,0,96.7722,1,1,"2024-08-14",0
"Huascar Brazoban",6107,"2024-08-10","@SEA",25,2024,"NYM","A",34,0,0,0,1,0,0,0,0,0,0,0,2,6,0,0,0,0,0,0,0,0,0,3,13.5,0,0,3,0,0,1,1,1,0,0,0,0,0.5,0,0.5,0.562229084014893,0,0,0,0,1,0.166479778289795,-0.166479778289795,0.922483981400728,0,5.84820447127473,24.0819762068706,1,0.333333333,0.333333333,0.333333333,0,0,0,0,6,17,23,0.0351279824972153,0,0.0351279824972153,0.860000014305115,0.097671777009964,0.241266667842865,0.328299999237061,0.34960001707077,0.249599993228912,1,1,0.145919606089592,-0.000321447789109974,0,0,0.43478261,96.9,0.2173913,90.8,0.34782609,90.625,NA,0.454152405261993,0.253304302692413,0.775914967060089,4.54152405261993,5.06608605384827,9.69893708825111,0.57142857,0.33333333,0.47826087,0.25,1,0.45454545,0.39130435,0.5,0.26086957,3,0,0,0,2,1,3,1,0,0,0,0.66666667,0.33333333,0.600075212575103,80,58.26193,80,80,66.1016,80,29.06478,74.28729,20,39.93527,55.14593,46.10969,62.47565,65.12947,58.7915,-0.64966,3.1026,120.7,135.9,153.58,94.44,101.68,89.42,117.38,68.3,89.92,102.24,79.44,82.42,112.251304347826,98.5886956521739,110.366956521739,0.13043478,0.2173913,0.30434783,0.34782609,97.2999979654948,90.9400024414062,96.7999965122768,90.6500015258789,-4.58965682983398,-1.10304698944092,-10.148554120745,-7.99823760986328,8.98512776692708,4.75914535522461,4.20914459228516,0.979723930358887,0.274306073784828,0.278316486626863,0.184985183179379,0.809817861765623,9.14353579282761,5.56632973253727,2.64264547399112,10.1227232720703,0.53846154,0.4,0.47826087,0.14285714,1,0.45454545,0.43478261,14.47058824,0.34782609,0.13043478,0.17391304,0.30434783,0.04347826,90.5226516723633,97.1790364583333,91.4919738769531,96.6650390625,88.1122970581055,-7.62747001647949,-4.02500979105632,0.0409915149211884,-9.90880911690848,-1.90508997440338,-0.431203007698059,7.9048900604248,4.41584253311157,2.78638131277902,-0.534874022006989,0.809817861765623,0.274306073784828,0.114591885358095,0.184985183179379,0.163724601268768,10.1227232720703,9.14353579282761,2.86479713395238,2.64264547399112,16.3724601268768,0.53846154,0.4,0.47826087,0.14285714,1,0.45454545,0.43478261,3,80.3097941080729,18.4004592895508,0,0,97.0449,1,0.33333333,"2024-08-10",0
"Huascar Brazoban",6107,"2024-08-06","@COL",25,2024,"NYM","A",34,0,0,0,1,0,0,0,0,0,0,0,2,6,0,0,0,0,0,0,0,0,0,1,4.5,0,0,1,0,0,3,2,0,0,0,0,0,0.16666667,0,0.16666667,3.32597909380756,0,0,0,0,1,2.1664797782898,-2.1664797782898,3.67848818451166,0,54.4758046300395,90.682812007927,1.5,0,0.6,0.4,0,0,0,0,9,19,28,0.0715920180082321,0,0.0715920180082321,1.25800001621246,0.109486505389214,0.435000002384186,0.554399967193604,0.602799952030182,0.312800019979477,1,1,0.164590463042259,-1.1112201237673e-05,1,0,0.64285714,97.05555556,0.17857143,89.4,0.17857143,91.8,NA,0.753136038780212,0.380877137184143,0.268201649188995,4.18408910433451,7.61754274368286,5.36403298377991,0.5,1,0.64285714,0.7,0.875,0.77777778,0.28571429,0.5,0.14285714,1,3,1,1,2,2,5,0.2,0.6,0.2,0.2,0.4,0.4,0.358843677773741,71.06987,47.32646,62.93474,43.72388,46.90178,50.35288,80,58.8584,80,NA,NA,NA,50.26851,48.11965,51.9599,0.10873,4.24019,120.86,105.48,123.94,87.92,111.38,93.16,92.98,96.66,97.42,NA,NA,NA,101.057037037037,106.468888888889,105.348888888889,0.57142857,NA,0.07142857,0.35714286,97.0687484741211,NA,96.6499938964844,90.4400024414062,-4.60913324356079,NA,-8.66099834442139,-6.85550231933594,5.88654136657715,NA,3.90437269210815,2.15764198303223,0.463984373956919,NA,0.29811055958271,0.699084181338549,2.89990233723074,NA,14.9055279791355,6.99084181338549,0.46666667,0.84615385,0.64285714,0.57142857,0.90909091,0.77777778,0.46428571,17.86363636,0.35714286,0.5,NA,0.14285714,NA,90.1455017089844,96.6460222516741,NA,97.0464477539062,NA,-7.23260345458984,-4.46123858860561,NA,-8.0599479675293,NA,1.32812461853027,5.82476643153599,NA,3.46673250198364,NA,0.699084181338549,0.459668710827827,NA,0.302426222711802,NA,6.99084181338549,3.28334793448448,NA,7.56065556779504,NA,0.4375,0.91666667,0.64285714,0.57142857,0.90909091,0.77777778,0.42857143,5,79.9279663085938,21.3366317749023,0,0,97.7467,1,0.2,"2024-08-06",0
"Huascar Brazoban",6107,"2024-08-03","@LAA",25,2024,"NYM","A",34,0,1,40.5000422448361,1,0,0,0,0,0,0,1,0.2,6,3,3,3,1,1,0,0,0,0,2,27.000028163224,13.500014081612,40.5000422448361,2,1,0,1,1,1,0,1,0,0,0.33333333,0.16666667,0.16666667,3.79739574356156,13.500014081612,0.6,6.00000625849423,1,0.38461538,21.1664985537725,19.3335436910636,3.93449318872301,1021.83788650008,516.438462641637,96.8693581788228,1,0.333333333,0.333333333,0.333333333,0,1,0,0,16,20,36,-0.548775970935822,-0.614817976951599,0.0660419911146164,-2.72399997711182,-0.276407927274704,1.31560003757477,1.54699993133545,1.54699993133545,0.736999988555908,1,1,-0.227137073874474,-0.189992718814996,0,1,0.47222222,96.82352941,0.19444444,90.14285714,0.33333333,91.16666667,NA,-0.424084812402725,-1.79511630535126,0.0882702991366386,-2.49461654354544,-25.6445186478751,0.735585826138655,0.24,0.72727273,0.38888889,0.83333333,0.625,0.71428571,0.30555556,0.5,0.11111111,2,1,0,1,1,1,3,0.66666667,0.33333333,0,0.33333333,0.33333333,0.33333333,15.0583646631853,63.9755,48.49248,60.45267,80,66.52351,80,43.53031,59.14291,33.35042,64.55295,52.43069,76.80647,64.49794,56.22079,64.23572,-0.77529,2.91416,95.48,111.2,122.64,69.12,167.46,145.36,105.04,111.6,122.82,90.5,129.92,125.1,93.0394444444444,124.338888888889,126.96,0.16666667,0.19444444,0.30555556,0.33333333,96.8666687011719,90.2428588867188,96.6363636363636,91.0083312988281,-4.65525817871094,-0.658569812774658,-9.41306304931641,-7.54497655232747,8.09146817525228,4.80649839128767,4.2760800448331,1.29657014211019,0.114029947668314,-1.80130777880549,-0.546887759119272,0.0851647295057774,1.90049912780523,-25.7329682686499,-4.97170690108429,0.709706079214811,0.16666667,0.61111111,0.38888889,0.66666667,0.72727273,0.71428571,0.5,19.24137931,0.33333333,0.16666667,0.19444444,0.30555556,NA,91.018788655599,96.8854166666667,90.2569405691964,96.6623313210227,NA,-7.46718152364095,-4.39849662780762,-0.424957411629813,-9.17271076549183,NA,-0.122481435537338,6.97109858194987,3.60058130536761,2.93901339444247,NA,0.0851647295057774,0.114029947668314,-1.80130777880549,-0.546887759119272,NA,0.709706079214811,1.90049912780523,-25.7329682686499,-4.97170690108429,NA,0.16666667,0.61111111,0.38888889,0.66666667,0.72727273,0.71428571,0.5,3,81.6688995361328,-1.58194414774577,1,0.33333333,109.249,1,0.33333333,"2024-08-03",0
"Huascar Brazoban",6107,"2024-07-31","MIN",25,2024,"NYM","H",34,0,0,0,1,0,0,0,0,0,0,0,1,4,0,0,0,0,1,0,0,0,0,2,18,9,0,2,0,0,1,0,0,0,0,0,0,0.5,0.25,0.25,3.84572908401489,0,0,1,0,1,2.1664797782898,-2.1664797782898,2.1664797782898,0,54.4758046300395,54.144034788745,1,0,1,0,0,0,1,9,6,13,19,0.00045200006570667,-0.000100000062957406,0.000552000128664076,0.458999991416931,0.0499184317886829,0.00999999977648258,0.00999999977648258,0.00999999977648258,NA,0,1,0.0452000051736832,2.40728276201807e-09,0,0,0.42105263,97.625,0.31578947,90.33333333,0.26315789,91.2,NA,0.275331437587738,-0.0695540457963943,0.213689208030701,3.44164296984673,-1.15923409660657,4.27378416061401,0.3,0.77777778,0.52631579,0.66666667,0.85714286,0.8,0.47368421,0.75,0.10526316,1,0,0,0,1,0,1,1,0,0,0,1,0,1.46432423324173,80,57.29972,80,70.11207,50.43742,80,20,74.68751,20,44.80999,62.47085,45.14488,63.31417,57.50028,69.61517,-0.70175,3.02447,116.7,120.18,124.54,97.56,108.06,93.9,111.48,-30.46,-5.06,92.76,59.86,58.66,101.813684210526,88.7378947368421,85.6263157894737,0.36842105,0.31578947,0.05263158,0.26315789,97.8571428571429,90.1333312988281,95.4000015258789,91.1799987792969,-4.92450223650251,-0.524280309677124,-9.25307273864746,-7.65093688964844,8.20689337594169,3.813232421875,2.09059810638428,0.633645486831665,0.32635048404336,-0.0740548856556416,-0.0483221560716629,0.215853430330753,4.662149772048,-1.23424809426069,-4.83221560716629,4.31706860661507,0.28571429,0.66666667,0.52631579,0.5,0.875,0.8,0.63157895,18,0.26315789,0.36842105,0.26315789,0.05263158,0.05263158,91.1512573242187,97.844473702567,90.7377380371094,95.3868026733398,86.8477020263672,-7.61616973876953,-4.73779133387974,-0.1522292137146,-9.37895965576172,-0.983237028121948,-0.384592580795288,7.44333975655692,3.58545188903809,1.52399003505707,-0.0338730998337269,0.215853430330753,0.32635048404336,-0.194656249135733,-0.0483221560716629,0.120601363480091,4.31706860661507,4.662149772048,-3.89312498271465,-4.83221560716629,12.0601363480091,0.28571429,0.66666667,0.52631579,0.5,0.875,0.8,0.63157895,1,74.3919906616211,4.15337038040161,0,0,74.392,0,0,"2024-07-31",0
"Huascar Brazoban",6107,"2024-07-27","@MIL",20,2024,"MIA","A",34,0,0,0,1,0,0,0,0,0,0,0,1,3,0,0,0,0,0,0,0,0,0,2,18,0,0,2,0,0,1,0,0,0,0,0,0,0.66666667,0,0.66666667,-0.412826469756885,0,0,0,0,1,-0.833520221710205,0.833520221710205,-0.833520221710205,0,-18.3471082248025,-18.3531359984531,1,0,1,0,0,0,0,0,4,9,13,0.0277960002422333,0,0.0277960002422333,0.499000012874603,0.051258347928524,0.365466684103012,0.598200023174286,0.598200023174286,0.43860000371933,1,1,0.0763289704918861,-0.000272789583208366,0,0,0.38461538,96.2,0.38461538,89.8,0.23076923,90.66666667,NA,0.115586347877979,0.0992253571748734,0.507263362407684,2.31172695755959,1.98450714349747,16.9087787469228,0.2,0.375,0.30769231,1,0.66666667,0.75,0.61538462,0.66666667,0.07692308,1,0,0,0,1,0,1,1,0,0,0,1,0,-1.6322213160051,38.26251,53.3256,44.23471,58.38,55.02528,58.27118,39.99499,61.57259,22.05375,20.19975,45.79539,28.22459,36.81305,53.42247,34.45115,0.94467,5.4941,108.2,82.98,100.12,82.16,76.02,55.24,99.56,83,87.1,112.76,102.74,109.5,102.615384615385,88.9769230769231,91.3676923076923,0.23076923,0.38461538,0.15384615,0.23076923,96.1666666666667,89.7400024414062,96.4000015258789,90.6333312988281,-5.27773729960124,-2.1626371383667,-9.98385810852051,-9.39712778727213,8.20735422770182,3.3962890625,4.82179832458496,0.949684619903564,0.124917026609182,0.100234713405371,-0.00859971717000008,0.513913527131081,4.16390088697275,2.00469426810741,-0.429985858500004,17.1304509043694,0.2,0.375,0.30769231,1,0.66666667,0.75,0.61538462,16.3,0.23076923,0.23076923,0.15384615,0.15384615,0.23076923,90.6844278971354,96.233896891276,91.1309051513672,96.4731979370117,88.8927307128906,-9.19855626424154,-4.90056355794271,-0.923413515090942,-10.1110095977783,-2.24832820892334,-0.238863527774811,7.48623339335124,5.05235481262207,3.68913006782532,-0.129747887452443,0.513913527131081,0.124917026609182,0.104586027562618,-0.00859971717000008,-0.00435131415724754,17.1304509043694,4.16390088697275,5.22930137813091,-0.429985858500004,-0.145043805241585,0.2,0.375,0.30769231,1,0.66666667,0.75,0.61538462,1,80.0032501220703,-42.5539932250977,0,0,80.0033,0,0,"2024-07-27",0
"Huascar Brazoban",6107,"2024-07-26","@MIL",20,2024,"MIA","A",34,0,0,0,1,0,0,0,0,0,1,0,1,3,0,0,0,0,0,0,0,0,0,1,9,0,0,1,0,0,2,0,0,0,0,0,0,0.33333333,0,0.33333333,-0.694826464786218,0,0,0,0,1,1.1664797782898,-1.1664797782898,1.1664797782898,0,29.9684653293782,29.9783111930123,2,0,1,0,0,0,1,9,6,9,15,0.0509460009634495,0,0.0509460009634495,0.499000012874603,0.051258347928524,0.66839998960495,1.04779994487762,1.04779994487762,0.43860000371933,1,1,0.076530747115612,-0.000309918636005796,0,0,0.57142857,95.875,0.28571429,90.5,0.14285714,91,0.06666667,0.156998664140701,0.455000013113022,0.102289795875549,1.96248330175877,11.3750003278255,5.11448979377747,0.28571429,0.57142857,0.42857143,1,0.5,0.66666667,0.5,0.33333333,0.13333333,1,1,0,0,2,0,2,0.5,0.5,0,0,1,0,-0.222353379893029,44.23668,58.10779,53.66135,20,48.67928,20,20,48.19502,20,80,45.97772,80,40.50206,48.08834,49.96895,0.71548,5.15031,131.58,82.12,93.56,87.34,73.26,57.14,86.9,61.58,58.06,69.82,222.16,231.34,88.5285714285714,113.731428571429,112.377142857143,0.28571429,0.28571429,0.28571429,0.14285714,96,90.5750045776367,95.9250030517578,90.8000030517578,-5.75790309906006,-0.637967884540558,-8.9097146987915,-8.80791854858398,8.04596138000488,4.45760726928711,4.22559452056885,0.656773149967194,0.296492103487253,0.462441757321358,-0.139561977237463,0.103569999337196,7.41230258718133,11.5610439330339,-3.48904943093657,5.17849996685982,0.16666667,0.625,0.42857143,1,0.6,0.66666667,0.57142857,15.33333333,0.14285714,0.28571429,0.28571429,0.28571429,NA,90.9223022460938,96.1124267578125,90.6730728149414,96.0505752563477,NA,-8.84957504272461,-5.66155242919922,-0.205286681652069,-8.94198036193848,NA,-0.71038544178009,7.22435474395752,3.36454510688782,3.36672258377075,NA,0.103569999337196,0.293296121060848,0.462441757321358,-0.139561977237463,NA,5.17849996685982,7.33240302652121,11.5610439330339,-3.48904943093657,NA,0.33333333,0.5,0.42857143,0.5,0.75,0.66666667,0.57142857,2,83.8484802246094,-28.8466377258301,0,0,101.453,1,0.5,"2024-07-26",0
"Huascar Brazoban",6107,"2024-07-24","BAL",20,2024,"MIA","H",34,0,0,0,1,0,0,0,0,0,0,1,0.2,3,1,0,0,0,0,0,0,0,0,0,0,0,13.500014081612,0,0,0,1,1,1,1,0,0,0,0,0,0,6.03472908401489,0,0.333333333333333,1.50000156462356,0.333333333333333,1,3.1664797782898,-3.1664797782898,5.43449475334657,0,78.284038883559,133.117981382682,1,0.333333333,0.333333333,0.333333333,1,0,0,0,4,6,10,-0.164779990911484,-0.302919983863831,0.138139992952347,-1.39999985694885,-0.139303490519524,2.81066656112671,1.70200002193451,3.40400004386902,1.54399991035461,1,1,-0.040493231266737,-0.0181334280426578,0,1,0.2,95.5,0.4,89,0.4,89.5,NA,0.025712575763464,0.209351256489754,-0.513751208782196,1.2856287881732,5.23378141224384,-12.8437802195549,0.33333333,0.75,0.5,0.5,0.66666667,0.6,0.4,0.66666667,0.2,2,0,1,1,1,1,3,0.66666667,0,0.33333333,0.33333333,0.33333333,0.33333333,4.28588464118939,70.45095,55.84102,67.4786,NA,NA,NA,20.63599,60.74016,20,20,46.57981,29.67405,39.4028,57.56995,37.36388,0.78378,5.25276,88.54,131.84,131.22,NA,NA,NA,98.9,105.74,110.56,89.84,69.56,64.9,91.132,101.708,100.56,NA,0.4,0.2,0.4,NA,88.8499984741211,95.5500030517578,89.5,NA,-0.585283219814301,-10.3332061767578,-8.85428905487061,NA,4.43803691864014,5.39108562469482,1.00273907184601,NA,0.193636540323496,0.0259272046387196,-0.517592962831259,NA,4.8409135080874,1.29636023193598,-12.9398240707815,0.33333333,0.75,0.5,0.5,0.66666667,0.6,0.4,16.85714286,0.4,NA,0.4,0.2,NA,89.6144485473633,NA,88.9496765136719,95.6910018920898,NA,-8.67743968963623,NA,-0.200464010238647,-10.2409496307373,NA,-0.512297987937927,NA,3.10043001174927,3.94071483612061,NA,-0.517592962831259,NA,0.193636540323496,0.0259272046387196,NA,-12.9398240707815,NA,4.8409135080874,1.29636023193598,NA,0.25,0.66666667,0.5,1,0.5,0.6,0.6,3,83.0633036295573,30.0733820597331,0,0,93.2894,0,0,"2024-07-24",0
"Huascar Brazoban",6107,"2024-07-22","NYM",20,2024,"MIA","H",34,0,0,0,1,0,0,0,0,0,0,0,2,6,0,0,0,0,0,0,0,0,0,2,9,0,0,2,0,0,1,3,0,0,0,0,0,0.33333333,0,0.33333333,2.61817353088578,0,0,0,0,1,1.1664797782898,-1.1664797782898,3.4344923876226,0,29.9684653293782,84.7864770217853,0.333333333,0,0.25,0.75,0,0,1,4.5,9,14,23,0.0480599999427795,0,0.0480599999427795,1.0440000295639,0.103880599141121,0.311666667461395,0.409999996423721,0.449999988079071,0.513999998569489,1,1,0.154444456100464,-0.000241248121116783,0,0,0.30434783,95.57142857,0.47826087,88.63636364,0.2173913,89.2,NA,0.520744383335114,1.07785439491272,-0.104418657720089,7.43920547621591,9.79867631738836,-2.08837315440178,0.30769231,0.7,0.47826087,0.25,0.71428571,0.54545455,0.43478261,0.33333333,0.2173913,1,2,1,0,4,0,4,0.25,0.5,0.25,0,1,0,-0.453804316305952,20,54.10058,20,64.13667,43.00361,80,20,73.01507,20,51.45854,44.56745,28.43863,39.54332,50.74765,20,0.77505,5.23967,88.26,47.1,53.18,71.54,126.92,115.32,104.26,99.5,110.88,102.52,136.94,141.98,92.8365217391304,111.975652173913,114.175652173913,0.2173913,0.47826087,0.08695652,0.2173913,95.0799987792969,88.7000011097301,96.5,89.5,-5.54469528198242,-0.166703592647206,-10.4752864837646,-8.24647750854492,8.43117828369141,4.34197200428356,3.99405169487,0.601882028579712,0.511021487414837,1.09206287935376,0.0151214338839054,-0.106733541935682,10.2204297482967,9.92784435776147,0.756071694195271,-2.13467083871365,0.25,0.72727273,0.47826087,0.33333333,0.625,0.54545455,0.47826087,16.29411765,0.2173913,0.2173913,0.34782609,0.08695652,0.13043478,89.4694396972656,95.0678588867188,89.0824279785156,96.491943359375,87.6024373372396,-8.12016220092773,-5.11492614746094,0.495408117771149,-10.3381004333496,-0.0799693365891774,-1.05044994354248,7.13239822387695,2.85485863685608,2.46086001396179,2.62624327341715,-0.106733541935682,0.511021487414837,0.713231980800629,0.0151214338839054,0.378830898553133,-2.13467083871365,10.2204297482967,8.91539976000786,0.756071694195271,12.6276966184378,0.25,0.72727273,0.47826087,0.33333333,0.625,0.54545455,0.47826087,4,87.7968978881836,25.729076385498,0,0,90.7932,0,0,"2024-07-22",0
"Huascar Brazoban",6107,"2024-07-20","NYM",20,2024,"MIA","H",34,0,0,0,1,0,0,0,0,0,0,0,1,4,1,0,0,0,0,0,0,0,0,1,9,0,9,1,0,0,1,1,1,0,0,0,0,0.25,0,0.25,2.72685408401489,0,0.25,1,0.333333333333333,1,1.1664797782898,-1.1664797782898,2.67848818451166,0,29.9684653293782,66.5170884121943,1,0.333333333,0.333333333,0.333333333,0,0,0,0,6,11,17,0.0544600151479244,-0.0345599986612797,0.0890200138092041,0.522000014781952,0.0519402995705605,1.22900009155273,0.927999973297119,0.927999973297119,0.688000023365021,1,1,0.0288927853107452,0.0154196728593099,0,0,0.41176471,96.28571429,0.35294118,87.66666667,0.23529412,90.75,NA,0.306517839431763,0.202530845999718,-0.244780540466309,4.37882627759661,3.3755140999953,-6.11951351165771,0.45454545,0.33333333,0.41176471,0.4,1,0.57142857,0.35294118,0.25,0.17647059,0,2,1,1,2,0,3,0,0.66666667,0.33333333,0.33333333,0.66666667,0,3.01008425913543,48.9959,76.41679,54.93543,77.97515,45.85363,80,54.48201,80,45.24856,29.68933,45.08546,20,49.638,63.34919,40.1686,0.1479,4.29894,119.64,97.96,118.14,83.5,122.14,120.98,111.76,147.04,163.98,121.8,97.14,100.32,112.170588235294,113.485882352941,123.137647058824,0.17647059,0.35294118,0.23529412,0.23529412,95.9000040690104,87.7999979654948,96.5250015258789,90.6750030517578,-6.25823148091634,-0.766438484191895,-10.859302520752,-9.40843105316162,8.8883736928304,3.73891131083171,3.52236032485962,1.13917684555054,0.0544858016073704,0.204404823482037,0.255718421190977,-0.249095167964697,1.81619338691235,3.40674705803394,6.39296052977443,-6.22737919911742,0.33333333,0.5,0.41176471,0.33333333,0.75,0.57142857,0.47058824,17.38461538,0.23529412,0.17647059,NA,0.23529412,0.35294118,90.6893005371094,95.9189046223958,NA,96.5681228637695,87.8266805013021,-8.98476791381836,-5.60498682657878,NA,-10.5414400100708,0.145653347174327,-0.694016635417938,7.55966313680013,NA,2.09559750556946,1.75965627034505,-0.249095167964697,0.0544858016073704,NA,0.255718421190977,0.204404823482037,-6.22737919911742,1.81619338691235,NA,6.39296052977443,3.40674705803394,0.33333333,0.5,0.41176471,0.33333333,0.75,0.57142857,0.47058824,3,82.836191813151,9.85038312276204,0,0,89.7182,0,0,"2024-07-20",0
"Huascar Brazoban",6107,"2024-07-13","@CIN",20,2024,"MIA","A",34,0,0,0,1,0,0,0,0,0,0,0,1.2,6,1,0,0,0,0,0,0,0,0,1,5.40000205993731,0,5.40000205993731,1,0,0,2,3,0,1,0,0,0,0.16666667,0,0.16666667,4.07892353529245,0,0.166666666666667,0.600000228881923,0.2,1,1.96647932052595,-1.96647932052595,4.68809548993948,0,49.2946836924891,115.080703091128,0.666666666,0,0.4,0.6,0.333333333,0,1,5.40000205993731,9,15,24,-0.140949994325638,-0.195499956607819,0.0545499697327614,-0.796000003814697,-0.0752718672156334,1.26542854309082,1.46600008010864,3.17000007629395,0.873000025749207,1,1,-0.00312920683063567,-0.108255979709701,0,1,0.34782609,97,0.43478261,90.1,0.2173913,91.4,0.04166667,0.463946431875229,-0.380750387907028,0.677388310432434,5.79933039844036,-3.80750387907028,13.5477662086487,0.5,0.2,0.43478261,0.66666667,1,0.7,0.2173913,0.16666667,0.125,0,4,1,2,3,0,5,0,0.8,0.2,0.4,0.6,0,-0.261490588076005,72.69524,57.45776,63.83364,20,20,27.11169,20,46.27461,20,38.50635,35.3162,33.58681,33.64244,43.56034,20.3465,1.14165,5.78957,99.54,150.58,171.46,104.26,88.58,44.78,105.02,57.74,71.7,94.72,110.44,117.96,99.284347826087,103.517391304348,111.159130434783,0.08695652,0.43478261,0.26086957,0.2173913,97.75,90.1799987792969,96.9333292643229,91.3199951171875,-5.59977245330811,-1.92894535064697,-8.93586158752441,-8.76470947265625,8.23269081115723,4.43428459167481,4.24994373321533,1.65413970947266,0.413879603147507,-0.388332661241293,0.0556631609797478,0.686856605112553,20.6939801573753,-3.88332661241293,0.927719349662463,13.7371321022511,0.42857143,0.44444444,0.43478261,0.5,1,0.7,0.39130435,15.88235294,0.2173913,0.08695652,0.2173913,0.26086957,0.2173913,91.1035400390625,97.5191497802734,90.7627197265625,96.7136027018229,89.1179626464844,-8.81384963989258,-5.82419490814209,-0.705597019195557,-9.27721659342448,-2.85634956359863,-0.00579322576522827,7.19678020477295,3.37772216796875,2.9573933283488,2.48018608093262,0.651807896792889,0.413879603147507,0.0146634578704834,0.0556631609797478,-0.402996119111776,13.0361579358578,20.6939801573753,0.293269157409668,0.927719349662463,-8.05992238223553,0.42857143,0.44444444,0.43478261,0.5,1,0.7,0.39130435,5,72.7070495605469,24.3278472900391,0,0,89.6615,0,0,"2024-07-13",0
"Huascar Brazoban",6107,"2024-07-09","@HOU",20,2024,"MIA","A",34,0,1,0,1,0,0,0,0,0,0,0,1.1,5,1,2,0,1,0,0,0,0,0,1,6.75000160932579,0,6.75000160932579,1,0,0,2,1,1,0,0,0,0,0.2,0,0.2,2.84676908401489,6.75000160932579,0.2,0.750000178813977,0,2.5,11.4164817452435,-11.4164817452435,2.80048599569648,0,277.585827311804,69.4652537965709,2,0.25,0.5,0.25,0,1,1,6.75000160932579,2,10,12,-0.213860005140305,-0.376406013965607,0.162546008825302,-0.741999983787537,-0.0786433443427086,1.68509995937347,1.57546663284302,1.71480000019073,0.207399994134903,1,1,-0.0949554443359375,-0.0319569111897361,0,1,0.25,97.66666667,0.41666667,91.6,0.33333333,90.5,NA,0.00450797751545906,0.57721734046936,-1.12790167331696,0.150265917181969,11.5443468093872,-28.1975418329239,0.66666667,1,0.75,0.83333333,1,0.88888889,0.25,0.8,0.08333333,2,1,1,0,3,1,4,0.5,0.25,0.25,0,0.75,0.25,15.4590301398812,50.4535,57.23234,56.99166,80,41.33851,80,46.68022,80,34.8801,35.39333,24.59176,44.73044,47.06613,51.82382,53.42029,0.30768,4.53861,127.66,75.28,92.22,138.54,203.8,190.72,116.22,90.66,104.2,106.58,117.94,123.54,119.633333333333,102.773333333333,112.865,0.08333333,0.41666667,0.16666667,0.33333333,97.9000015258789,91.4599975585938,97.8000030517578,90.5750045776367,-5.33123397827148,-2.61013717651367,-10.7826595306396,-9.13449859619141,9.81107330322266,5.13614959716797,4.01311206817627,1.39949977397919,0,0.628003492951393,0.00431566312909126,-1.12571742758155,0,12.5600698590279,0.215783156454563,-28.1429356895387,0.66666667,0.83333333,0.75,0.75,1,0.88888889,0.5,18.14285714,0.33333333,0.08333333,0.25,0.16666667,0.16666667,90.5849227905273,97.9001998901367,93.00390625,97.85400390625,89.1552505493164,-9.03536796569824,-5.03142976760864,-0.732251008351644,-10.7695503234863,-4.00541973114014,-0.197583973407745,8.68360042572021,4.79758993784587,2.59559488296509,1.83459603786469,-1.12571742758155,0,0.649050444364548,0.00431566312909126,-0.0210469514131546,-28.1429356895387,0,21.6350148121516,0.215783156454563,-1.05234757065773,0.66666667,0.83333333,0.75,0.75,1,0.88888889,0.5,4,93.2550811767578,13.5136556625366,0,0,100.785,2,0.5,"2024-07-09",0
"Huascar Brazoban",6107,"2024-07-06","CHW",20,2024,"MIA","H",34,1,0,0,1,0,0,0,0,0,0,0,2,7,0,0,0,0,1,0,0,0,0,5,22.5,4.5,0,5,0,0,1,0,0,0,0,0,0,0.71428571,0.14285714,0.57142857,1.14621886836281,0,0,0.5,0,1,-0.333520221710205,0.333520221710205,-0.333520221710205,0,-6.26821483625735,-6.27027420058678,1,0,1,0,0,0,2,9,10,20,30,0.114700004458427,-0.0270399991422892,0.141740009188652,1.0440000295639,0.103880599141121,0.889999985694885,0.993000030517578,0.986000001430511,2.16400003433228,1,1,0.119237996637821,0.00963841493748138,1,0,0.23333333,95.85714286,0.46666667,88.92857143,0.3,89.44444444,NA,0.22569751739502,0.565203607082367,0.438820868730545,3.22425024850028,4.03716862201691,4.87578743033939,0.47619048,0.55555556,0.5,0.4,0.6,0.46666667,0.3,0.57142857,0.26666667,1,0,0,1,0,0,1,1,0,0,1,0,0,-0.717804216748268,20,65.23148,20,24.77536,39.17582,32.95392,49.44932,45.45923,50.87104,20,27.88112,24.04867,20,47.26224,20,2.62401,8.01311,103.3,32.76,44.64,99.02,100.34,96.82,86.9,84.16,72.88,94.74,82.2,70.38,98.188,69.4133333333333,67.1713333333333,0.16666667,0.46666667,0.06666667,0.3,95.3599975585937,88.8214285714286,96.3999938964844,89.5444471571181,-6.31652069091797,-2.69991929190499,-9.10405254364014,-9.22604709201389,9.12688369750976,4.31314195905413,6.08463954925537,1.09818787044949,0.223865699023008,0.570282906293869,0.00431566312909126,0.44037788361311,4.47731398046017,4.07344933067049,0.215783156454563,4.89308759570122,0.42105263,0.63636364,0.5,0.375,0.57142857,0.46666667,0.36666667,18.86956522,0.3,0.2,0.26666667,0.03333333,0.2,89.5133124457465,95.6393025716146,90.2460327148438,95.5559997558594,86.8297526041667,-9.06585523817274,-6.39153989156087,-1.80713927745819,-9.15900993347168,-2.86761347452799,-0.692369302113851,7.31620152791341,3.19418263435364,3.04897999763489,1.76100524266561,0.44037788361311,0.263230066746473,0.156652789562941,-0.0350487045943737,0.413630116730928,4.89308759570122,4.38716777910789,1.95815986953676,-3.50487045943737,6.89383527884881,0.38888889,0.66666667,0.5,0.28571429,0.625,0.46666667,0.4,1,53.7312164306641,-58.9825782775879,0,0,53.7312,0,0,"2024-07-06",0
"Huascar Brazoban",6107,"2024-07-03","BOS",20,2024,"MIA","H",34,0,0,0,1,0,0,0,0,0,0,0,3,12,3,0,0,0,0,0,0,0,0,3,9,0,9,3,0.333333333,0,6,2,1,1,2,0,0,0.25,0,0.25,1.84377075211131,0,0.25,1,0.333333333333333,1,1.1664797782898,-1.1664797782898,2.17448538243771,0,29.9684653293782,54.3374960058003,3,0.111111111,0.666666666,0.222222222,0.5,0,0,0,13,26,39,0.163320049643517,-0.13222000002861,0.295540034770966,1.56599998474121,0.155820891261101,1.03753852844238,0.94866669178009,0.907999992370605,1,1,1,0.0514403991401196,0.105970670585361,1,0,0.38461538,96.13333333,0.35897436,88.28571429,0.25641026,89.8,NA,0.772830307483673,-0.190817132592201,-0.43125781416893,5.15220204989115,-1.36297951851572,-4.3125781416893,0.36,0.71428571,0.48717949,0.66666667,1,0.84210526,0.35897436,0.5,0.07692308,4,3,2,4,3,2,9,0.44444444,0.33333333,0.22222222,0.44444444,0.33333333,0.22222222,0.665305877081622,31.76396,65.84137,32.38638,33.63946,37.19599,34.34093,20,39.22897,20,61.18972,37.22172,58.06112,31.61866,45.44991,27.70475,1.26738,5.97816,117.02,72.1,82.66,81.18,101.98,86.82,82.12,51.48,49.12,104.18,117.28,117.98,98.7466666666667,93.3364102564103,92.105641025641,0.23076923,0.35897436,0.15384615,0.25641026,96.0888875325521,88.2142857142857,96.1500040690104,89.6099975585937,-6.03884845309787,-0.935063634599958,-9.9851131439209,-9.80771331787109,8.26965755886502,4.34053502764021,5.52306747436523,1.77343921661377,0.124837569892406,-0.161494586616755,0.657325096428394,-0.429113250225782,1.38708410991563,-1.15353276154825,10.9554182738066,-4.29113250225782,0.33333333,0.66666667,0.48717949,0.71428571,0.91666667,0.84210526,0.46153846,17.03846154,0.25641026,0.25641026,0.15384615,0.12820513,0.20512821,89.6886108398437,96.0432189941406,90.3132629394531,96.4806579589844,86.7330017089844,-9.61831893920898,-5.90463790893555,0.151830494403839,-10.0157455444336,-1.05426645278931,-0.144384384155273,6.84146194458008,3.98919169108073,3.41837196350098,1.81991612911224,-0.429113250225782,0.175007708370686,-0.654479008167982,0.607154957950115,0.492984421551228,-4.29113250225782,1.75007708370686,-10.9079834694664,12.1430991590023,6.16230526939034,0.33333333,0.66666667,0.48717949,0.71428571,0.91666667,0.84210526,0.46153846,9,74.8971421983507,2.26045269436306,1,0.11111111,103.126,1,0.11111111,"2024-07-03",0
"Huascar Brazoban",6107,"2024-06-30","@PHI",20,2024,"MIA","A",34,0,0,0,1,0,0,0,0,0,0,0,1,6,1,2,0,0,1,0,0,0,0,3,27,9,9,3,1,0,1,0,1,0,1,0,0,0.5,0.16666667,0.33333333,2.40542351832012,0,0.2,2,0.5,0,0.166479778289795,-0.166479778289795,0.166479778289795,0,5.81067855228783,5.81258759727958,1,0.5,0.5,0,0,0,0,0,11,18,29,-0.0648939907550812,-0.208092018961906,0.143198028206825,-0.39300000667572,-0.0402457751333714,1.79530000686646,1.16753327846527,1.40020000934601,3.83839988708496,1,1,-0.0363953337073326,0.00024873397086396,0,1,0.31034483,96.66666667,0.44827586,90.30769231,0.24137931,90.57142857,NA,0.160149946808815,-1.16590619087219,0.292212218046188,1.77944385343128,-8.96850916055532,4.17446025780269,0.25,0.76923077,0.48275862,0.25,0.7,0.57142857,0.44827586,0.83333333,0.20689655,0,2,0,1,1,0,2,0,1,0,0.5,0.5,0,2.79270747002105,47.25109,65.34403,41.4169,40.97867,36.04307,53.52819,35.01139,59.65657,20.62033,44.89873,36.15305,41.64984,41.68909,47.63381,38.61764,0.64174,5.0397,131.14,98.76,116.74,85.3,78,52.06,99.76,97.8,100.22,100.8,104.44,108.08,103.775862068966,95.3172413793103,94.1744827586207,0.24137931,0.44827586,0.06896552,0.24137931,96.4428536551339,90.2538499098558,97.0999984741211,90.528573172433,-6.70636204310826,-0.966670916630672,-10.0091915130615,-9.88011169433594,8.29017857142857,4.47730460533729,4.8404541015625,1.68855544498989,0.0821219198405743,-0.108406335115433,0.0787287354469299,0.294886417686939,1.17317028343678,-0.833894885503329,3.9364367723465,4.21266310981342,0.26666667,0.71428571,0.48275862,0.25,0.7,0.57142857,0.48275862,18.39130435,0.24137931,0.20689655,0.34482759,0.10344828,0.10344828,90.412841796875,96.413330078125,90.6023620605469,96.508534749349,88.447499593099,-9.91894095284598,-6.03281847635905,-0.348968291282654,-9.42158635457357,-1.25934902826945,0.0636534648282187,7.32078297932943,3.46455993652344,4.27567990620931,1.76612901687622,0.294886417686939,0.0273479595780373,-0.0250381268560886,0.133502695709467,-0.0833682082593441,4.21266310981342,0.455799326300621,-0.250381268560886,4.45008985698223,-2.77894027531147,0.28571429,0.66666667,0.48275862,0.25,0.7,0.57142857,0.51724138,2,75.7124786376953,0.124985694885254,0,0,84.0092,0,0,"2024-06-30",0
"Huascar Brazoban",6107,"2024-06-26","@KCR",20,2024,"MIA","A",34,0,1,67.5000704080601,1,0,0,0,0,0,0,1,0.2,7,5,5,5,0,0,0,0,0,0,1,13.500014081612,0,67.5000704080601,1,0,0,1,1,4,0,0,0,0,0.14285714,0,0.14285714,4.00452501344355,0,0.714285714285714,7.50000782311779,0.833333333333333,0,0.166476649042681,67.3335937590174,2.43449162409945,1598.39157119209,5.81060295660326,60.6207349749633,1,0.666666666,0.166666666,0.166666666,0,0,0,0,10,18,28,-0.620036005973816,-0.73308002948761,0.113044016063213,-2.98699998855591,-0.292413115501404,1.93330001831055,2.49860000610352,2.49860000610352,0.547199964523315,1,1,-0.310823082923889,-0.00989072253898299,0,1,0.39285714,96.36363636,0.25,89.42857143,0.35714286,90.2,NA,-2.5509090423584,-0.0287389419972897,-0.144219920039177,-23.1900822032582,-0.410556314246995,-1.44219920039177,0.23076923,0.8,0.53571429,0.33333333,0.83333333,0.73333333,0.53571429,0.71428571,0.14285714,4,1,1,0,4,2,6,0.66666667,0.16666667,0.16666667,0,0.66666667,0.33333333,10.2114206781616,47.56006,60.6642,44.71978,37.91322,37.77205,48.25105,80,68.56198,80,44.14473,58.37462,57.05136,46.64117,55.31481,54.58466,0.33408,4.57821,106.4,102.72,112.32,70.72,108.48,78.68,102.86,153.08,160.02,115.18,122.14,117.72,98.0214285714286,114.616428571429,109.169285714286,0.28571429,0.25,0.10714286,0.35714286,96.3000030517578,89.4285714285714,96.5333353678385,90.1700012207031,-5.20898389816284,-0.895960875919887,-8.77744674682617,-7.45683670043945,7.15734815597534,3.35623577662877,2.42079130808512,0.633680009841919,-1.62547877058387,-0.0303961373865604,-0.949530035257339,-0.147468861192465,-20.3184846322984,-0.434230534093721,-31.6510011752446,-1.47468861192465,0.28571429,0.78571429,0.53571429,0.5,0.81818182,0.73333333,0.5,14.52631579,0.35714286,0.28571429,0.10714286,0.10714286,0.14285714,90.1950622558594,96.3012008666992,91.5226643880208,96.5676676432292,87.8968200683594,-7.4304313659668,-5.00881624221802,-0.336780707041423,-8.54566319783529,-0.0833375155925751,-0.508023738861084,6.42453384399414,3.24300670623779,1.49150800704956,1.13719201087952,-0.147468861192465,-1.62547877058387,-0.0199272707104683,-0.949530035257339,-0.0104688666760921,-1.47468861192465,-20.3184846322984,-0.66424235701561,-31.6510011752446,-0.261721666902304,0.28571429,0.78571429,0.53571429,0.5,0.81818182,0.73333333,0.5,6,93.7418314615885,12.383617401123,1,0.16666667,110.1,4,0.66666667,"2024-06-26",0
"Huascar Brazoban",6107,"2024-06-25","@KCR",20,2024,"MIA","A",34,0,0,0,1,0,0,0,0,0,1,0,0.2,2,0,0,0,0,0,0,0,0,0,1,13.500014081612,0,0,1,0,0,1,0,0,0,0,0,0,0.5,0,0.5,-0.528020915985107,0,0,0,0,1,0.166476649042681,-0.166476649042681,0.166476649042681,0,5.81060295660326,5.81251197675874,1,0,1,0,0,0,0,0,0,4,4,0.0612460076808929,0,0.0612460076808929,0.284000009298325,0.0278022512793541,1.19050002098083,0.714300036430359,1.42860007286072,2.49860000610352,1,1,0.0516099743545055,-0.0001643577215606,1,0,NA,NA,0.25,89,0.75,90.33333333,NA,NA,0.212085232138634,0.266312569379807,NA,21.2085232138634,8.87708564599355,1,1,1,0,1,0.25,0.25,1,0.75,0,0,1,1,0,0,1,0,0,1,1,0,0,-0.951799860625513,80,67.48443,80,NA,NA,NA,NA,NA,NA,62.40862,30.70977,74.75971,80,69.0541,80,-3.39625,-1.01728,95.44,151.72,144.18,NA,NA,NA,NA,NA,NA,81.52,106.8,105.32,91.96,140.49,134.465,NA,0.25,NA,0.75,NA,88.9000015258789,NA,90.2000020345052,NA,0.141014143824577,NA,-9.48799769083659,NA,4.03336000442505,NA,-0.236078421274821,NA,0.214739695191383,NA,0.269219551235437,NA,21.4739695191383,NA,8.97398504118125,1,1,1,0,0.5,0.25,0.5,16.5,0.75,NA,0.25,NA,NA,90.0487976074219,NA,88.7706985473633,NA,NA,-9.39251708984375,NA,0.741393983364105,NA,NA,-1.77975034713745,NA,2.83494997024536,NA,NA,0.269219551235437,NA,0.214739695191383,NA,NA,8.97398504118125,NA,21.4739695191383,NA,NA,1,1,1,0,0.5,0.25,0.5,1,59.603458404541,-14.175763130188,0,0,59.6035,0,0,"2024-06-25",0
"Huascar Brazoban",6107,"2024-06-23","SEA",20,2024,"MIA","H",34,0,0,27.000028163224,1,0,0,0,0,0,0,0,0.2,4,1,2,2,0,1,0,0,0,0,0,0,13.500014081612,13.500014081612,0,0.333333333,0,3,0,0,0,1,0,0,0,0.25,-0.25,6.13760408401489,0,0.333333333333333,3.00000312924711,0.333333333333333,0,7.66648447216047,19.3335436910636,7.66648447216047,639.356628476835,186.994192773993,187.055627996056,3,0,1,0,0,0,0,0,6,9,15,-0.0258799772709608,-0.0774199962615967,0.0515400171279907,-0.809999942779541,-0.0805970132350922,1.25250005722046,0.613999962806702,0.613999962806702,0.919999957084656,1,1,-0.055612463504076,0.0349498079442882,0,0,0.4,95.5,0.4,87.83333333,0.2,90.33333333,NA,0.0221558175981045,-0.0515923500061035,-0.324272036552429,0.369263626635075,-0.859872500101725,-10.809067885081,0.4,0.4,0.4,0.5,1,0.66666667,0.33333333,0.75,0.13333333,1,1,1,1,2,0,3,0.33333333,0.33333333,0.33333333,0.33333333,0.66666667,0,5.07155841982014,80,63.51921,80,80,42.65201,80,20,66.4664,20,20,38.27074,20,40.99364,53.48692,20,0.68494,5.1045,98.94,161.88,159.7,89.74,187.02,189.2,100.06,36.76,40.5,101.24,20.26,19.88,98.932,75.2186666666667,75.9186666666667,0.13333333,0.4,0.26666667,0.2,95.1499938964844,87.75,95.5250015258789,89.9000040690104,-7.19743776321411,-0.179055571556091,-10.763352394104,-9.2035338083903,8.60218143463135,4.30441729227702,5.21117496490479,2.05695072809855,0.105307012796402,-0.0561702959239483,-0.0833009481430054,-0.329561576247215,5.2653506398201,-0.936171598732471,-2.08252370357513,-10.9853858749072,0.4,0.4,0.4,0.5,1,0.66666667,0.33333333,18.45454545,0.2,0.13333333,0.2,0.26666667,0.2,89.9516296386719,95.2181549072266,90.0192057291667,95.6349258422852,85.6354370117188,-8.89265950520833,-6.72126483917236,0.841421365737915,-10.3392171859741,0.21672131617864,0.224974671999613,7.1426248550415,3.56863657633464,3.75533509254456,1.62191661198934,-0.329561576247215,0.105307012796402,-0.231545627117157,-0.0833009481430054,0.175375331193209,-10.9853858749072,5.2653506398201,-7.7181875705719,-2.08252370357513,5.84584437310696,0.4,0.4,0.4,0.5,1,0.66666667,0.33333333,3,78.7042643229167,-6.46578534444173,0,0,96.2896,1,0.33333333,"2024-06-23",0
"Huascar Brazoban",6107,"2024-06-21","SEA",20,2024,"MIA","H",34,0,0,0,1,0,0,0,0,0,0,0,0.2,2,0,0,0,0,0,0,0,0,0,2,27.000028163224,0,0,2,0,0,0,0,0,0,0,0,0,1,0,1,-0.337270915985107,0,0,0,0,1,-2.83352648020443,2.83352648020443,-2.83352648020443,0,-66.6628329703524,-66.6847344309602,0,0,0,0,0,0,0,0,2,6,8,0.0497599951922894,0,0.0497599951922894,0.27700001001358,0.0275621898472309,0.97299998998642,0.578999996185303,1.15799999237061,1.85800004005432,1,1,0.0513315796852112,-0.000190782455620396,0,0,0.5,95.25,0.5,87.75,NA,NA,NA,0.270312637090683,0.250994831323624,NA,6.75781592726707,6.27487078309059,NA,0.25,0.5,0.375,0,0.5,0.33333333,0.5,0.5,0.25,0,0,0,0,0,0,0,NA,NA,NA,NA,NA,NA,-2.86451356943607,NA,NA,NA,80,39.51863,80,67.1,62.43284,65.0447,66.63387,45.98031,64.83305,75.79873,50.67674,80,-1.47737,1.86104,NA,NA,NA,100.64,107.18,93.48,100.38,200.72,230.86,113.4,112.98,119.6,106.955,133.465,140.885,0.25,0.5,0.25,NA,96.3500061035156,87.6750030517578,94,NA,-6.99387788772583,-0.275392115116119,-11.5238351821899,NA,8.36005401611328,3.54559898376465,2.57957410812378,NA,0.140032518655062,0.253614526242018,0.133435435593128,NA,7.00162593275309,6.34036315605044,6.67177177965641,NA,0,0.42857143,0.375,NA,0.33333333,0.33333333,0.875,14.5,NA,0.25,0.25,0.25,0.25,NA,96.4667510986328,89.277946472168,94.1110000610352,86.3162994384766,NA,-6.45739984512329,0.676319003105164,-11.0293998718262,0.26282000541687,NA,6.84653472900391,2.50390911102295,0.873469531536102,0.932973504066467,NA,0.140032518655062,-0.0240093097090721,0.133435435593128,0.27762383595109,NA,7.00162593275309,-1.20046548545361,6.67177177965641,13.8811917975545,0,0.42857143,0.375,NA,0.33333333,0.33333333,0.875,0,NA,NA,0,NA,NA,0,NA,"2024-06-21",0
"Huascar Brazoban",6107,"2024-06-19","STL",20,2024,"MIA","H",34,0,0,0,1,0,0,0,0,0,0,1,1.1,5,0,0,0,0,0,0,1,0,0,2,13.5000032186516,0,0,2,0.5,0,2,0,0,0,1,0,0,0.4,0,0.4,0.409289084014893,0,0,0,0,1,2.41647959947582,-2.41647959947582,2.41647959947582,0,60.1656944809912,60.185461366509,2,0,1,0,0,0,0,0,7,17,24,-0.0427199900150299,-0.282460004091263,0.239740014076233,-0.239999979734421,-0.02388059720397,1.80766665935516,1.77400004863739,1.60600006580353,2.34400010108948,1,1,-0.04881851375103,0.0251858435383321,0,0,0.45833333,95.72727273,0.20833333,88.4,0.33333333,89.625,NA,-0.949312090873718,0.474686861038208,0.439215987920761,-8.6301099170338,9.49373722076416,5.49019984900951,0.5,0.7,0.58333333,0.71428571,0.57142857,0.64285714,0.41666667,0.2,0.20833333,1,1,0,0,1,1,2,0.5,0.5,0,0,0.5,0.5,1.52593723492878,60.65915,80,46.29666,34.60948,43.58293,37.06938,20,66.25927,20,74.94745,63.84051,74.54603,36.73494,66.83452,30.14719,0.94952,5.50137,78.92,114.06,126.34,101.18,92.58,72.3,95.94,39.48,41.24,124.34,105.84,103.62,97.4933333333333,91.44,90.3675,0.25,0.20833333,0.20833333,0.33333333,95.9666646321615,88.4400024414062,95.3799987792969,89.4375,-6.32867813110352,-1.01665802001953,-10.9366279602051,-9.83795738220215,9.26778793334961,4.56496810913086,3.68737297058105,0.384501159191132,-0.623731099069118,0.480798918753862,-0.345035713165998,0.445310413837433,-10.3955183178186,9.61597837507725,-6.90071426331997,5.56638017296791,0.5,0.66666667,0.58333333,0.66666667,0.625,0.64285714,0.5,18.83333333,0.33333333,0.25,0.125,0.20833333,0.08333333,89.4964447021484,96.0411682128906,89.94873046875,95.4606811523438,86.2442016601562,-9.75056743621826,-6.04332860310872,-0.497565348943075,-10.8664962768555,-0.540971279144287,-1.17240357398987,7.7081553141276,3.32611338297526,2.2271448135376,2.28264927864075,0.445310413837433,-0.623731099069118,0.284670729190111,-0.345035713165998,0.196128189563751,5.56638017296791,-10.3955183178186,9.48902430633704,-6.90071426331997,9.80640947818756,0.38461538,0.81818182,0.58333333,0.6,0.66666667,0.64285714,0.45833333,2,78.7753295898438,6.58995389938354,0,0,89.9393,0,0,"2024-06-19",0
"Huascar Brazoban",6107,"2024-06-17","STL",20,2024,"MIA","H",34,0,0,0,1,0,0,0,0,0,0,0,1,3,0,0,0,0,0,0,0,0,0,2,18,0,0,2,0,0,0,1,0,0,0,0,0,0.66666667,0,0.66666667,-0.078604246671107,0,0,0,0,1,-0.833520221710205,0.833520221710205,0.678488184511662,0,-18.3471082248025,18.1856412207288,0,0,0,1,0,0,0,0,7,8,15,0.0894999951124191,0,0.0894999951124191,0.522000014781952,0.0519402995705605,1.16333329677582,1.54399991035461,1.54399991035461,1.85800004005432,1,1,0.0770699232816696,-0.000135827644186653,1,0,0.53333333,95.25,0.4,87.33333333,0.06666667,90,NA,0.333026230335236,0.496819287538528,-0.04739710688591,4.16282787919044,8.28032145897548,-4.739710688591,0.45454545,0.5,0.46666667,0.4,1,0.57142857,0.26666667,NA,0.2,0,1,0,0,1,0,1,0,1,0,0,1,0,-1.74939429653324,20,27.82398,20,38.66014,45.87801,59.7112,20,56.75703,20,20,39.19177,20,20,41.94439,20,2.94238,8.49066,77.28,29.1,10.5,68.94,92.18,78.46,101.8,-29.1,-12.12,92.7,71.86,69,83.3813333333333,63.676,58.068,0.4,0.4,0.13333333,0.06666667,95.1166687011719,87.3166707356771,95.3000030517578,89.5999984741211,-6.09646479288737,-0.00671204924583435,-10.5430965423584,-8.27188396453857,8.60990397135417,3.50411542256673,3.86301875114441,2.63306450843811,0.49949699640274,0.503232967108488,-0.163204200565815,-0.0483221560716629,8.32494994004567,8.3872161184748,-8.16021002829075,-4.83221560716629,0.45454545,0.5,0.46666667,0.4,1,0.57142857,0.26666667,15.81818182,0.06666667,0.4,0.2,0.13333333,0.2,89.6651992797852,95.2472127278646,89.7082010904948,95.4275970458984,85.1439310709635,-7.91670989990234,-5.62744649251302,0.426527341206868,-10.2204599380493,0.785220623016357,1.60342001914978,7.2913818359375,2.98638661702474,2.27023983001709,0.689375321070353,-0.0483221560716629,0.49949699640274,0.253905035555363,-0.163204200565815,0.249327931553125,-4.83221560716629,8.32494994004567,8.46350118517876,-8.16021002829075,8.31093105177085,0.45454545,0.5,0.46666667,0.4,1,0.57142857,0.26666667,1,82.9372100830078,33.4161491394043,0,0,82.9372,0,0,"2024-06-17",0
"Huascar Brazoban",6107,"2024-06-14","@WSN",20,2024,"MIA","A",34,0,0,2.70000025749209,1,0,0,0,0,0,0,0,3.1,14,2,1,1,0,2,0,0,0,0,1,2.70000025749209,5.40000051498418,5.40000051498418,0.5,0,0,6,2,3,0,0,0,0,0.07142857,0.14285714,-0.07142857,5.91551479246196,0,0.166666666666667,1.20000011444093,0.181818181818182,0.75,4.36647989273072,-1.66647963523863,5.27368502298167,63.9356022549644,107.273385780707,129.23189788718,3,0.272727272,0.545454545,0.181818181,0,0,0,0,17,34,51,-0.0209880284965038,-0.0771440342068672,0.0561560019850731,-0.226000025868416,-0.0234683211892843,0.264857143163681,0.167359992861748,0.551999986171722,0.0984000042080879,1,1,0.0881180018186569,-0.167360827765523,0,0,0.37254902,95.26315789,0.29411765,88.66666667,0.33333333,89.94117647,NA,0.449334710836411,-0.00121724978089333,0.442546099424362,2.36491953071795,-0.00811499853928884,2.60321234955507,0.34615385,0.68,0.50980392,0.88888889,0.94117647,0.92307692,0.49019608,0.57142857,0.03921569,6,2,3,2,8,1,11,0.54545455,0.18181818,0.27272727,0.18181818,0.72727273,0.09090909,6.27750752095955,61.53029,60.47871,56.11109,39.11012,33.39739,41.56148,67.93981,50.34833,74.57378,20,38.41493,20,45.40509,51.21056,42.3294,0.41088,4.69341,103.24,90.12,97.22,84.56,118.7,96.86,90.9,148.42,153.38,95.12,59.8,57.86,95.7505882352941,98.2823529411765,98.8152941176471,0.11764706,0.29411765,0.23529412,0.35294118,95.7999979654948,88.7533365885417,95.3333333333333,90.1333346896701,-6.47802988688151,-0.742157491048177,-9.91383298238119,-8.67393069797092,7.50492032368978,4.30318908691406,3.7187557220459,0.639906194474962,0.304487835615873,-0.00663270428776741,0.212705187499523,0.379329510033131,5.07479726026456,-0.0442180285851161,1.77254322916269,2.10738616685073,0.33333333,0.63333333,0.50980392,1,0.89473684,0.92307692,0.58823529,17.37837838,0.35294118,0.11764706,0.21568627,0.23529412,0.07843137,90.1428968641493,95.818115234375,89.3540094549006,95.34423828125,87.0934295654297,-8.48045179578993,-5.92526817321777,0.700975201346657,-9.67953364054362,-2.54066824913025,-0.583218468560113,6.45341682434082,3.30005541714755,2.59558582305908,2.58186078071594,0.379329510033131,0.304487835615873,0.333706744015217,0.212705187499523,-0.340339448302984,2.10738616685073,5.07479726026456,3.03369767286561,1.77254322916269,-8.50848620757461,0.30434783,0.67857143,0.50980392,1,0.89473684,0.92307692,0.54901961,11,80.202470259233,1.27734045548873,0,0,99.089,2,0.18181818,"2024-06-14",0
"Huascar Brazoban",6107,"2024-06-08","CLE",20,2024,"MIA","H",34,0,0,0,1,0,0,0,0,0,0,0,3.2,14,2,0,0,0,2,0,0,0,0,0,0,4.9090917603045,4.9090917603045,0,0.2,0,5,6,1,0,1,0,0,0,0.14285714,-0.14285714,7.92876988601036,0,0.166666666666667,1.09090928006767,0.166666666666667,1,4.80284369839129,-4.80284369839129,7.27703970122293,0,117.814969555095,177.644413305776,0.833333333,0.083333333,0.416666666,0.5,0,0,0,0,21,32,53,0.00589999929070473,-0.00203999970108271,0.00793999899178743,2.10899996757507,0.209850743412971,0.0242857150733471,0.0235999990254641,0.0540000014007092,0,1,1,0.207930594682693,0.0350105447025666,0,0,0.5,95.65384615,0.15384615,86.375,0.34615385,89.38888889,0.01886792,1.05361318588257,0.603591322898865,-0.101365655660629,4.05235840724065,7.54489153623581,-0.56314253144794,0.25,0.70833333,0.46153846,0.71428571,0.94117647,0.875,0.46153846,0.42857143,0.05660377,3,7,2,3,6,3,12,0.25,0.58333333,0.16666667,0.25,0.5,0.25,3.95414468199211,50.97437,58.45468,47.94882,21.02584,56.45276,20,43.50959,60.1097,35.20431,60.09772,61.3657,51.54273,42.53479,59.99577,33.84371,0.5892,4.96089,99.26,80.84,85.56,88.24,48.1,40.96,86.3,118.26,117.72,109.48,88.56,79.78,94.6507692307692,89.9438461538462,88.9415384615384,0.15384615,0.15384615,0.34615385,0.34615385,95.7624969482422,86.3125,95.5777791341146,89.4444444444444,-6.64639568328857,-2.75948143005371,-11.0399525960286,-9.536009894477,8.62445163726807,4.98462295532227,4.67499457465278,0.903630998399523,0.326846204698086,0.652685206383467,0.78151373937726,-0.0670629628002644,4.08557755872607,8.15856507979333,4.34174299654033,-0.372572015557024,0.17391304,0.68965517,0.46153846,0.75,0.9,0.875,0.55769231,17.8974359,0.34615385,0.15384615,NA,0.34615385,0.15384615,89.6947970920139,96.0171279907227,NA,95.8255615234375,86.545654296875,-9.26695336235894,-6.15155363082886,NA,-10.7604836357964,-2.27032279968262,-0.662837717268202,7.28834390640259,NA,3.19756804572211,3.45717763900757,-0.0670629628002644,0.326846204698086,NA,0.78151373937726,0.652685206383467,-0.372572015557024,4.08557755872607,NA,4.34174299654033,8.15856507979333,0.17391304,0.68965517,0.46153846,0.75,0.9,0.875,0.55769231,12,84.4291839599609,15.3521207173665,0,0,102.828,2,0.16666667,"2024-06-08",0
"Huascar Brazoban",6107,"2024-06-04","TBR",20,2024,"MIA","H",34,0,0,0,1,0,0,0,0,0,0,0,2,8,0,0,0,0,1,0,1,0,0,3,13.5,4.5,0,3,0,0,1,2,0,0,0,0,0,0.375,0.125,0.25,2.83977595901489,0,0,0.5,0,1,3.1664797782898,-3.1664797782898,4.67848818451166,0,78.284038883559,114.84853560366,0.5,0,0.333333333,0.666666666,0,0,1,4.5,15,29,44,0.00944000016897917,-0.00228000176139176,0.0117200026288629,1.0440000295639,0.10388059169054,0.0659999996423721,0.0810000002384186,0.0980000048875809,0.0679999962449074,1,1,0.107350945472717,0.0356793608929008,0,0,0.43181818,94.89473684,0.31818182,86.64285714,0.25,89.09090909,NA,0.217977643013,0.685400068759918,-0.0500876121222973,1.1472507527,4.89571477685656,-0.455341928384521,0.37037037,0.82352941,0.54545455,0.7,0.71428571,0.70833333,0.38636364,0.375,0.15909091,2,0,1,0,1,2,3,0.66666667,0,0.33333333,0,0.33333333,0.66666667,2.143763604164,66.30206,72.9606,58.83726,20.9709,34.52217,23.91386,52.75807,48.9958,55.08807,21.09392,30.73798,20,42.59755,50.07721,36.07447,0.5853,4.95504,109.84,102.16,110.34,95.3,63.64,42.82,97.72,121.82,127.82,113.66,98.64,86.4,105.546818181818,102.918181818182,100.611818181818,0.11363636,0.31818182,0.31818182,0.25,94.6599975585937,86.6857125418527,94.9500034877232,89.0090886896307,-5.60510063171387,-2.37924657549177,-10.1670107160296,-9.47516978870739,8.16586303710938,3.71147019522531,4.77567618233817,0.930767319419167,0.00469689443707466,0.692622944712639,0.209545150399208,-0.0521323271095753,0.0939378887414932,4.94730674794742,1.49675107428006,-0.473930246450684,0.36363636,0.72727273,0.54545455,0.5,0.8125,0.70833333,0.5,16.25714286,0.25,0.11363636,NA,0.31818182,0.31818182,89.5119018554688,95.1801208496094,NA,95.467276436942,87.1849278041295,-9.01213073730469,-5.1469898223877,NA,-9.75781685965402,-1.78857912336077,-0.641644954681396,6.84768981933594,NA,3.3014886038644,1.95977428981236,-0.0521323271095753,0.00469689443707466,NA,0.209545150399208,0.692622944712639,-0.473930246450684,0.0939378887414932,NA,1.49675107428006,4.94730674794742,0.39130435,0.71428571,0.54545455,0.55555556,0.8,0.70833333,0.47727273,3,96.4716186523438,19.6987851460775,1,0.33333333,100.59,2,0.66666667,"2024-06-04",0
"Huascar Brazoban",6107,"2024-06-01","TEX",20,2024,"MIA","H",34,0,0,9,1,0,0,0,0,0,0,0,2,11,2,2,2,0,3,0,0,1,0,3,13.5,13.5,9,1,0,0,2,1,2,0,0,0,0,0.27272727,0.27272727,0,6.41186130821957,0,0.25,2.5,0.4,0.6,4.6664797782898,4.3335202217102,5.42248398140073,213.118653858634,114.520719049195,132.827732387668,2,0.4,0.4,0.2,0,0,0,0,22,24,46,-0.000879998842719942,-0.0100999996066093,0.00922000128775835,-0.955999970436096,-0.0951243788003922,0.0471666641533375,0.0459999963641167,0.0679999962449074,NA,0,1,-0.0340505093336105,0.015393289059158,0,0,0.36956522,95.17647059,0.2826087,86.46153846,0.34782609,88.9375,NA,-0.719906687736511,0.154745846986771,0.407642245292664,-4.23474522197948,1.190352669129,2.54776403307915,0.34285714,0.81818182,0.45652174,0.5,0.88888889,0.66666667,0.23913043,0.45454545,0.15217391,2,0,3,2,3,0,5,0.4,0,0.6,0.4,0.6,0,6.76732340217225,37.78168,72.87472,28.72099,20,38.99505,20,26.58943,45.56965,31.77756,30.88825,47.05136,20,23.48802,58.01387,20,1.7725,6.73584,97.46,60.48,63.38,97.96,34.48,35.76,86.64,75.72,77.22,110.58,86.88,85.98,98.645652173913,68.1939130434783,69.4739130434783,0.13043478,0.2826087,0.23913043,0.34782609,95.0499979654948,86.4307673527644,95.154541015625,88.9250030517578,-5.73481941223145,0.759263552152194,-10.5442921031605,-10.1551961898804,8.90769322713216,3.5053837115948,4.49738727916371,1.51405251026154,-0.10940745472908,0.13633294403553,-0.629228930920362,0.408718764781952,-1.823457578818,1.04871495411946,-5.72026300836693,2.5544922798872,0.34482759,0.64705882,0.45652174,0.4,0.90909091,0.66666667,0.36956522,17.26470588,0.34782609,0.13043478,0.10869565,0.23913043,0.17391304,89.2854690551758,95.4327290852865,88.9839965820313,95.523759321733,85.4250869750977,-9.8028564453125,-5.31869665781657,0.499111795425415,-10.4079243053089,1.90295147895813,-0.405099004507065,7.56847190856934,2.77428607940674,3.07465813376687,0.929886341094971,0.408718764781952,-0.10940745472908,0.038170762360096,-0.629228930920362,0.0981621816754341,2.5544922798872,-1.823457578818,0.76341524720192,-5.72026300836693,1.22702727094293,0.33333333,0.6875,0.45652174,0.4,0.90909091,0.66666667,0.34782609,5,77.6441802978516,-9.49120330810547,0,0,86.4493,0,0,"2024-06-01",0
