"PlayerName","playerid","Date","Opp","teamid","season","Team","HomeAway","Age","W","L","ERA","G","GS","QS","CG","ShO","SV","HLD","BS","IP","TBF","H","R","ER","HR","BB","IBB","HBP","WP","BK","SO","K/9","BB/9","H/9","K/BB","IFH%","BUH%","GB","FB","LD","IFFB","IFH","BU","BUH","K%","BB%","K-BB%","SIERA","HR/9","AVG","WHIP","BABIP","LOB%","FIP","E-F","xFIP","ERA-","FIP-","xFIP-","GB/FB","LD%","GB%","FB%","IFFB%","HR/FB","RS","RS/9","Balls","Strikes","Pitches","WPA","-WPA","+WPA","RE24","REW","pLI","inLI","gmLI","exLI","Pulls","Games","WPA/LI","Clutch","SD","MD","FB%1","FBv","SL%","SLv","CH%","CHv","wFB","wSL","wCH","wFB/C","wSL/C","wCH/C","O-Swing%","Z-Swing%","Swing%","O-Contact%","Z-Contact%","Contact%","Zone%","F-Strike%","SwStr%","Pull","Cent","Oppo","Soft","Med","Hard","bipCount","Pull%","Cent%","Oppo%","Soft%","Med%","Hard%","tERA","pb_o_CH","pb_s_CH","pb_c_CH","pb_o_FF","pb_s_FF","pb_c_FF","pb_o_SI","pb_s_SI","pb_c_SI","pb_o_SL","pb_s_SL","pb_c_SL","pb_overall","pb_stuff","pb_command","pb_xRV100","pb_ERA","sp_s_CH","sp_l_CH","sp_p_CH","sp_s_FF","sp_l_FF","sp_p_FF","sp_s_SI","sp_l_SI","sp_p_SI","sp_s_SL","sp_l_SL","sp_p_SL","sp_stuff","sp_location","sp_pitching","pfxFA%","pfxSI%","pfxSL%","pfxCH%","pfxvFA","pfxvSI","pfxvSL","pfxvCH","pfxFA-X","pfxSI-X","pfxSL-X","pfxCH-X","pfxFA-Z","pfxSI-Z","pfxSL-Z","pfxCH-Z","pfxwFA","pfxwSI","pfxwSL","pfxwCH","pfxwFA/C","pfxwSI/C","pfxwSL/C","pfxwCH/C","pfxO-Swing%","pfxZ-Swing%","pfxSwing%","pfxO-Contact%","pfxZ-Contact%","pfxContact%","pfxZone%","pfxPace","piCH%","piFA%","piSL%","pivCH","pivFA","pivSL","piCH-X","piFA-X","piSL-X","piCH-Z","piFA-Z","piSL-Z","piwCH","piwFA","piwSL","piwCH/C","piwFA/C","piwSL/C","piO-Swing%","piZ-Swing%","piSwing%","piO-Contact%","piZ-Contact%","piContact%","piZone%","Events","EV","LA","Barrels","Barrel%","maxEV","HardHit","HardHit%","gamedate","dh"
"Jake Diekman",5003,"2024-07-28","ATL",25,2024,"NYM","H",37,0,0,18,1,0,0,0,0,0,0,0,1,5,2,2,2,1,0,0,0,0,0,2,18,0,18,2,0,0,0,2,1,0,0,0,0,0.4,0,0.4,2.17248908401489,9,0.4,2,0.5,0,12.1664797782898,5.83352022171021,2.19049659073353,454.149698062268,297.613805423863,54.7244184399108,0,0.333333333,0,0.666666666,0,0.5,2,18,7,14,21,-0.00225599994882941,-0.002381999976933,0.000125999969895929,-1.54100000858307,-0.167591094970703,0.00555999996140599,0.0126000000163913,0.0126000000163913,0.00260000000707805,1,1,-0.162846699357033,-0.242908689939575,0,0,0.76190476,94.8125,0.19047619,81.25,0.04761905,86,0.230468556284904,0.0767092853784561,-1.41040623188019,1.44042847678065,1.9177321344614,-141.040623188019,0.27272727,0.4,0.33333333,1,0.5,0.71428571,0.47619048,0.4,0.0952381,1,1,1,0,1,2,3,0.33333333,0.33333333,0.33333333,0,0.33333333,0.66666667,12.0580221235014,80,60.6074,80,67.83664,67.58294,51.46088,NA,NA,NA,32.40368,74.82889,20,67.23842,68.55936,50.04964,-0.94555,2.65877,88.22,148.08,143.46,97.4,125.24,127.12,NA,NA,NA,130.4,63,85.68,102.637142857143,113.180952380952,118.606666666667,0.76190476,NA,0.19047619,0.04761905,94.65625,NA,80.9000015258789,86.4000015258789,11.6681537628174,NA,-8.48830699920654,12.4764366149902,6.21969938278198,NA,1.60961413383484,1.99981784820557,0.231978256255388,NA,0.0766588412225246,-1.41166830062866,1.44986410159618,NA,1.91647103056312,-141.166830062866,0.11111111,0.5,0.33333333,1,0.66666667,0.71428571,0.57142857,17.6875,0.04761905,0.76190476,0.19047619,86.4010009765625,94.6625595092773,80.8733978271484,11.4430999755859,10.5481519699097,-10.1220149993896,0.939930975437164,5.18464517593384,0.558429956436157,-1.41166830062866,0.231978256255388,0.0766588412225246,-141.166830062866,1.44986410159618,1.91647103056312,0.11111111,0.5,0.33333333,1,0.66666667,0.71428571,0.57142857,3,94.6241149902344,24.7689030965169,2,0.66666667,102.642,2,0.66666667,"2024-07-28",0
"Jake Diekman",5003,"2024-07-26","ATL",25,2024,"NYM","H",37,0,0,9,1,0,0,0,0,0,0,0,1,5,2,1,1,1,0,0,0,0,0,3,27,0,18,3,0,0,0,1,1,0,0,0,0,0.6,0,0.6,0.0542890840148928,9,0.4,2,1,1,10.1664797782898,-1.16647977828979,-1.32151181548834,227.074849031134,248.986205265099,-30.1458059707366,0,0.5,0,0.5,0,1,0,0,5,13,18,0.00521198334172368,-0.0160499922931194,0.0212619751691818,-0.541000008583069,-0.0588363222777843,0.20156666636467,0.137799993157387,0.137799993157387,NA,0,1,-0.0317749083042145,0.057632275674146,0,0,0.61111111,95.45454545,0.16666667,81.66666667,0.22222222,87.5,-1.36435127258301,0.0434236712753773,0.234188497066498,-12.4031933871183,1.44745570917924,5.85471242666245,0.45454545,0.57142857,0.5,0.2,0.75,0.44444444,0.38888889,0.6,0.27777778,0,1,1,0,1,1,2,0,0.5,0.5,0,0.5,0.5,10.5595354377417,70.88126,53.86688,67.54383,74.40699,67.51057,50.93612,NA,NA,NA,20,62.27827,20,63.69558,64.80884,45.17825,-0.72544,2.98893,96.66,137.96,127.56,114.9,143.16,155.56,NA,NA,NA,79.54,22.88,19.38,106.81,107.765555555556,112.681111111111,0.61111111,NA,0.16666667,0.22222222,95.3090931285511,NA,81.6666666666667,87.375,11.8800118186257,NA,-7.85437393188477,10.1897010803223,5.70175899158825,NA,1.16432174046834,1.5608446598053,-1.3665630929172,NA,0.0436800308525562,0.236306987702847,-12.4233008447019,NA,1.45600102841854,5.90767469257116,0.45454545,0.57142857,0.5,0.2,0.75,0.44444444,0.38888889,19,0.22222222,0.61111111,0.16666667,87.474479675293,95.4165704900568,81.7486673990885,9.19045734405518,10.6495638760653,-9.50556310017904,0.487708002328873,4.92789910056374,0.302703658739726,0.236306987702847,-1.3665630929172,0.0436800308525562,5.90767469257116,-12.4233008447019,1.45600102841854,0.45454545,0.57142857,0.5,0.2,0.75,0.44444444,0.38888889,2,105.510147094727,15.0196743011475,1,0.5,108.659,2,1,"2024-07-26",0
"Jake Diekman",5003,"2024-07-23","@NYY",25,2024,"NYM","A",37,0,0,0,1,0,0,0,0,1,0,0,1,4,0,0,0,0,1,0,0,0,0,1,9,9,0,1,0,0,1,1,0,0,0,0,0,0.25,0.25,0,6.21610408401489,0,0,1,0,1,4.1664797782898,-4.1664797782898,5.67848818451166,0,103.103404788804,139.014259199392,1,0,0.5,0.5,0,0,0,0,10,12,22,0.196960002183914,-0.0965960025787354,0.29355600476265,0.49099999666214,0.0509865023195744,3.5391001701355,3.44440007209778,3.44440007209778,NA,0,1,0.0396702624857426,0.0159823024927653,1,0,0.59090909,95.76923077,0.31818182,83.42857143,0.09090909,88,0.322976291179657,0.0465122833848,0.0334886722266674,2.48443300907428,0.664461191211428,1.67443361133337,0,0.6,0.27272727,NA,1,1,0.45454545,0.5,0,0,2,0,0,1,1,2,0,1,0,0,0.5,0.5,2.7796065091963,80,45.88096,80,65.99328,70.35325,49.14712,NA,NA,NA,33.98159,80,20,59.34623,80,30.85315,-0.45524,3.39423,86.82,117.62,108.36,127.16,89.42,105.24,NA,NA,NA,130.06,78.06,97.94,126.220909090909,88.4454545454546,103.506363636364,0.59090909,NA,0.31818182,0.09090909,95.7153883713942,NA,83.2142857142857,87.9499969482422,12.0245936467097,NA,-8.28545161655971,10.6299533843994,6.36955906794621,NA,1.58784661974226,4.42569732666016,0.323442760854959,NA,0.0462020039558411,0.0337270088493824,2.48802123734584,NA,0.660028627940587,1.68635044246912,0,0.54545455,0.27272727,NA,1,1,0.5,21.66666667,0.09090909,0.59090909,0.31818182,87.7091522216797,95.5165264423077,82.9525756835938,9.47550487518311,10.7315274752103,-10.1186861310686,3.18707513809204,5.33128591684195,0.545024701527187,0.0337270088493824,0.323442760854959,0.0462020039558411,1.68635044246912,2.48802123734584,0.660028627940587,0,0.6,0.27272727,NA,1,1,0.45454545,2,89.8896789550781,16.3470020294189,1,0.5,100.246,1,0.5,"2024-07-23",0
"Jake Diekman",5003,"2024-07-21","@MIA",25,2024,"NYM","A",37,0,0,0,1,0,0,0,0,0,0,0,1.1,5,0,0,0,0,1,0,1,0,0,1,6.75000160932579,6.75000160932579,0,1,0,0,0,2,0,1,0,0,0,0.2,0.2,0,6.80632908401489,0,0,0.750000178813977,0,1,6.1664804935457,-6.1664804935457,8.43449364361497,0,151.731022338158,205.615125352414,0,0,0,1,0.5,0,0,0,7,13,20,0.0210599787533283,-0.0152199976146221,0.0362799763679504,0.63100004196167,0.0627860724925995,0.288666665554047,0.241333335638046,0.23199999332428,NA,0,1,0.0520675666630268,0.0208884801077608,0,0,0.8,94.25,0.05,83,0.15,86.33333333,0.00940344855189323,0,0.099176250398159,0.0587715534493327,0,3.30587501327197,0.27272727,0.77777778,0.5,0.66666667,1,0.9,0.45,1,0.05,1,0,1,1,1,0,2,0.5,0,0.5,0.5,0.5,0,4.4475947574509,55.87889,51.42781,41.19412,66.68078,65.68672,46.38876,NA,NA,NA,80,69.47796,58.42231,71.51059,61.99982,45.75889,-1.21096,2.26065,76.12,94.84,61.04,103.9,96.68,97.1,NA,NA,NA,142.24,190.12,164.48,104.956,75.975,69.431,0.8,NA,0.05,0.15,94.2249984741211,NA,82.5,86.5999959309896,11.3714847564697,NA,-6.81254625320435,10.1664288838704,6.48943948745728,NA,2.94919490814209,2.86264642079671,0.00219262391328812,NA,0,0.0993612445890903,0.0137038994580507,NA,0,3.31204148630301,0.3,0.7,0.5,0.66666667,1,0.9,0.5,24.46666667,0.15,0.8,0.05,86.6282348632812,94.2581787109375,82.5370025634766,9.29155349731445,10.3358879089355,-7.91539001464844,1.29124863942464,5.19086503982544,1.32829999923706,0.0993612445890903,0.00219262391328812,0,3.31204148630301,0.0137038994580507,0,0.3,0.7,0.5,0.66666667,1,0.9,0.5,2,82.3883361816406,56.1260070800781,0,0,90.6979,0,0,"2024-07-21",0
"Jake Diekman",5003,"2024-07-12","COL",25,2024,"NYM","H",37,0,0,54.0000563264481,1,0,0,0,0,0,0,0,0.1,3,2,2,2,1,0,0,0,0,0,0,0,0,54.0000563264481,0,0,0,2,1,0,0,0,0,0,0,0,0,4.72206241920756,27.000028163224,0.666666666666667,6.00000625849423,0.5,0,42.1665204585023,11.8335358679458,7.70250972840334,1362.45051533344,1027.02879689589,187.926204380887,2,0,0.666666666,0.333333333,0,1,0,0,6,10,16,-0.0519139803946018,-0.0835419744253159,0.0316279977560043,-1.44900000095367,-0.157585635781288,0.913266658782959,0.445600003004074,0.445600003004074,1.15820002555847,1,1,-0.113579124212265,0.0567348499848629,0,0,0.6875,95.18181818,0.25,82.75,0.0625,89,-1.14490067958832,-0.0383101105690002,-0.773233532905579,-10.4081879962574,-0.957752764225006,-77.3233532905579,0.25,0.625,0.4375,0.5,0.8,0.71428571,0.5,0.33333333,0.125,2,1,0,0,2,1,3,0.66666667,0.33333333,0,0,0.66666667,0.33333333,21.7708020579505,25.1938,51.69879,20,58.35986,64.03382,46.02074,NA,NA,NA,45.16725,80,27.58486,53.24721,68.31017,37.41978,-0.07633,3.9626,86.16,50.16,45.74,110.86,109.9,113.92,NA,NA,NA,114.42,135.1,143.58,114.51125,112.33125,118.28375,0.6875,NA,0.25,0.0625,95.0909090909091,NA,82.625,88.5999984741211,11.2143152410334,NA,-8.3329439163208,10.5429439544678,6.13478781960227,NA,1.48660480976105,1.00259590148926,-1.14240717515349,NA,-0.0394000187516212,-0.780654788017273,-10.3855197741227,NA,-0.985000468790531,-78.0654788017273,0.28571429,0.55555556,0.4375,0.5,0.8,0.71428571,0.5625,21.23076923,0.0625,0.6875,0.25,88.620002746582,95.1342662464489,82.6436996459961,9.34727001190186,9.76554939963601,-10.1567649841309,0.222597002983093,5.31456617875533,0.522736251354218,-0.780654788017273,-1.14240717515349,-0.0394000187516212,-78.0654788017273,-10.3855197741227,-0.985000468790531,0.28571429,0.55555556,0.4375,0.5,0.8,0.71428571,0.5625,3,95.6966857910156,12.7273661295573,1,0.33333333,102.939,2,0.66666667,"2024-07-12",0
"Jake Diekman",5003,"2024-07-10","WSN",25,2024,"NYM","H",37,0,0,0,1,0,0,0,0,0,1,0,0.2,2,0,0,0,0,0,0,0,0,0,2,27.000028163224,0,0,2,0,0,0,0,0,0,0,0,0,1,0,1,-0.337270915985107,0,0,0,0,1,-2.83352648020443,2.83352648020443,-2.83352648020443,0,-67.0933479346499,-66.6847344309602,0,0,0,0,0,0,0,0,4,7,11,0.0569519959390163,0,0.0569519959390163,0.643999993801117,0.0700380653142929,1.03800010681152,0.606500029563904,1.21300005912781,0.813400030136108,1,1,0.0549923703074455,-0.000125327842528423,0,0,0.54545455,95,0.45454545,83.6,NA,NA,0.396930068731308,0.135695084929466,NA,6.6155011455218,2.71390169858932,NA,0.4,0.66666667,0.54545455,0.5,0.5,0.5,0.54545455,0.5,0.27272727,0,0,0,0,0,0,0,NA,NA,NA,NA,NA,NA,-2.68845835847855,NA,NA,NA,80,63.25302,80,NA,NA,NA,20,80,20,54.52584,77.59516,39.14491,-0.15576,3.84345,NA,NA,NA,130.48,160.52,175.68,NA,NA,NA,119.42,41.58,52.64,119.256363636364,95.0618181818182,109.76,0.54545455,NA,0.45454545,NA,95,NA,83.6799987792969,NA,10.3158232371012,NA,-6.53823318481445,NA,6.14096705118815,NA,1.79576377868652,NA,0.401602566242218,NA,0.136836536228657,NA,6.69337610403697,NA,2.73673072457314,NA,0.4,0.66666667,0.54545455,0.5,0.5,0.5,0.54545455,23.11111111,NA,0.54545455,0.45454545,NA,95.0106709798177,83.6533447265625,NA,8.96873664855957,-8.44589996337891,NA,5.49839019775391,0.745526552200317,NA,0.401602566242218,0.136836536228657,NA,6.69337610403697,2.73673072457314,0.33333333,0.8,0.54545455,0.5,0.5,0.5,0.45454545,0,NA,NA,0,NA,NA,0,NA,"2024-07-10",0
"Jake Diekman",5003,"2024-07-05","@PIT",25,2024,"NYM","A",37,0,0,9,1,0,0,0,0,0,0,0,0,3,2,1,1,1,1,0,0,0,0,0,0,9,18,0,0,0,0,1,1,0,0,0,0,0,0.33333333,-0.33333333,NA,9,1,3,1,1,19.1664797782898,-10.1664797782898,7.67848818451166,227.074849031134,467.81040597954,187.345706390858,0,0.5,0,0.5,0,1,0,0,6,4,10,-0.0438199900090694,-0.0438199900090694,0,-3.15799999237061,-0.314698547124863,0.24379999935627,0.328799992799759,0.657599985599518,0.0438000001013279,1,1,-0.130347460508347,-0.049389988731899,0,0,0.7,95.28571429,0.2,83,0.1,87,-2.16910982131958,0.0182156562805176,-0.0373910665512085,-30.9872831617083,0.910782814025879,-3.73910665512085,0.14285714,0.66666667,0.3,0,1,0.66666667,0.3,0.66666667,0.1,0,2,0,0,1,1,2,0,1,0,0,0.5,0.5,166.585575670406,80,60.59206,80,48.34621,61.86046,60.71355,NA,NA,NA,60.01208,60.89974,68.58597,55.58592,61.05263,71.84584,-0.22162,3.74466,102.32,157.82,120.32,107.48,48.16,56.38,NA,NA,NA,101.68,114.44,100.96,104.808,85.038,84.686,0.7,NA,0.2,0.1,95,NA,83.0999984741211,86.9000015258789,10.2745339529855,NA,-2.48423933982849,9.62885570526123,5.80145154680525,NA,0.302939355373383,3.77652335166931,-2.18511261045933,NA,0.0183174163103104,-0.0380783230066299,-31.2158944351333,NA,0.915870815515518,-3.80783230066299,0.16666667,0.5,0.3,0,1,0.66666667,0.4,20.42857143,0.1,0.7,0.2,86.8486022949219,94.995125906808,83.0718536376953,8.53108024597168,8.75800268990653,-4.25161457061768,2.9917299747467,5.07370703560965,-0.90871798992157,-0.0380783230066299,-2.18511261045933,0.0183174163103104,-3.80783230066299,-31.2158944351333,0.915870815515518,0.14285714,0.66666667,0.3,0,1,0.66666667,0.3,2,94.9551620483398,18.752721786499,1,0.5,107.41,1,0.5,"2024-07-05",0
"Jake Diekman",5003,"2024-07-03","@WSN",25,2024,"NYM","A",37,0,1,54.0000563264481,1,0,0,0,0,0,0,1,0.1,4,2,2,2,0,1,0,0,0,0,1,27.000028163224,27.000028163224,54.0000563264481,1,0,0,1,0,1,0,0,0,0,0.25,0.25,0,5.94041658401489,0,0.666666666666667,9.00000938774135,1,0.33333333,6.16648290753691,47.8335734189112,6.16648290753691,1362.45051533344,151.731081031458,150.807004792197,1,0.5,0.5,0,0,0,0,0,9,18,27,-0.47733199596405,-0.50789999961853,0.0305680129677057,-1.8989999294281,-0.197196260094643,1.36679995059967,0.467599987983704,0.935199975967407,0.521999955177307,1,1,-0.251357465982437,-0.0978757892240951,0,1,0.44444444,94.16666667,0.51851852,83.28571429,0.03703704,87,0.373124659061432,-1.60542333126068,-0.0373910665512085,3.10937215884527,-11.4673095090049,-3.73910665512085,0.4375,0.63636364,0.51851852,0.85714286,0.71428571,0.78571429,0.40740741,0.25,0.11111111,1,1,0,0,1,1,2,0.5,0.5,0,0,0.5,0.5,7.67090638546927,20,58.17771,20,80,55.78246,80,NA,NA,NA,22.50819,75.33609,20,50.06288,70.27095,40.33852,0.1215,4.25934,98.66,57,22.56,125.84,120.14,126,NA,NA,NA,115.98,57.52,64.16,125.972592592593,82.2911111111111,88.2185185185185,0.44444444,NA,0.51851852,0.03703704,94.0416666666667,NA,83.25,87.1999969482422,10.5206597646077,NA,-5.67386191231864,9.44051170349121,6.41409492492676,NA,1.69479833330427,2.63649845123291,0.377359632402658,NA,-1.6288003064692,-0.0380783230066299,3.14466360335549,NA,-11.6342879033514,-3.80783230066299,0.27272727,0.6875,0.51851852,0.66666667,0.81818182,0.78571429,0.59259259,22.2173913,0.03703704,0.44444444,0.51851852,86.9558029174805,93.8263041178385,83.0217982700893,8.9465799331665,9.5730660756429,-7.26217487880162,1.67980003356934,5.48726018269857,0.270157132829939,-0.0380783230066299,0.377359632402658,-1.6288003064692,-3.80783230066299,3.14466360335549,-11.6342879033514,0.27272727,0.6875,0.51851852,0.66666667,0.81818182,0.78571429,0.59259259,2,100.193435668945,11.9820585250854,1,0.5,105.488,1,0.5,"2024-07-03",0
"Jake Diekman",5003,"2024-07-01","@WSN",25,2024,"NYM","A",37,1,0,0,1,0,0,0,0,0,0,0,1,4,0,0,0,0,0,0,0,0,0,0,0,0,0,0,0.333333333,0,3,0,1,0,1,0,0,0,0,0,1.54372908401489,0,0,0,0,1,3.1664797782898,-3.1664797782898,3.1664797782898,0,78.7896047094219,78.3097583844777,3,0.25,0.75,0,0,0,6,54,2,5,7,0.135492026805878,-0.173536002635956,0.309028029441833,0.49099999666214,0.0509864985942841,3.16300010681152,2.25040006637573,2.25040006637573,0.173600003123283,1,1,0.0156521275639534,0.0271844270457336,1,0,0.85714286,95.5,0.14285714,84,NA,NA,0.0252421088516712,0.212085232138634,NA,0.42070181419452,21.2085232138634,NA,0.5,0.66666667,0.57142857,1,1,1,0.42857143,0.75,0,2,0,2,1,1,2,4,0.5,0,0.5,0.25,0.25,0.5,4.61958425263504,NA,NA,NA,53.67161,68.09357,45.62365,NA,NA,NA,80,66.96394,80,66.33171,66.28829,60.48817,-0.88922,2.74326,NA,NA,NA,101.28,74.32,86.68,NA,NA,NA,80.38,165.8,164.08,98.2942857142857,87.3885714285714,97.7371428571429,0.85714286,NA,0.14285714,NA,95.5,NA,84.1999969482422,NA,10.8153114318848,NA,-6.10114622116089,NA,6.59169896443685,NA,1.9614189863205,NA,0.0650787316262722,NA,0.214739695191383,NA,1.08464552710454,NA,21.4739695191383,NA,0.33333333,0.75,0.57142857,1,1,1,0.57142857,20.66666667,NA,0.85714286,0.14285714,NA,95.6776021321615,84.3399963378906,NA,9.83050346374512,-7.43178987503052,NA,5.37010192871094,0.701242983341217,NA,0.0650787316262722,0.214739695191383,NA,1.08464552710454,21.4739695191383,0.33333333,0.75,0.57142857,1,1,1,0.57142857,4,82.9237060546875,-22.8385372161865,0,0,95.9763,1,0.25,"2024-07-01",0
"Jake Diekman",5003,"2024-06-29","HOU",25,2024,"NYM","H",37,0,0,27.000028163224,1,0,0,0,0,0,1,0,0.2,4,0,2,2,0,2,0,0,1,0,1,13.500014081612,27.000028163224,0,0.5,0,0,1,0,0,0,0,0,0,0.25,0.5,-0.25,12.8727915840149,0,0,3.00000312924711,0,0,9.16648603678403,17.83354212644,9.16648603678403,681.225257666719,224.672557353494,223.304251199916,1,0,1,0,0,0,0,0,11,9,20,-0.0313679799437523,-0.173281997442245,0.141914010047913,-0.111000001430511,-0.0120717789977789,2.74259996414185,1.39079999923706,1.39079999923706,3.44519996643066,1,1,-0.0549101158976555,0.0434728008120166,0,0,0.85,95.76470588,0.05,86,0.1,88,-0.264449447393417,-0.0344077162444592,0.149402767419815,-1.55558498466716,-3.44077162444592,7.47013837099075,0.29411765,0.33333333,0.3,0.4,1,0.5,0.15,0.5,0.15,1,0,0,0,1,0,1,1,0,0,0,1,0,8.28738657136586,39.07416,58.28735,25.0157,50.07781,63.24387,34.3545,NA,NA,NA,20,59.64518,20,41.79131,59.89805,23.25774,0.63539,5.03018,116.22,85.68,82.12,82.4,104.7,98.44,NA,NA,NA,66.78,-12.3,-40.94,82.49,68.385,59.503,0.85,NA,0.05,0.1,95.7941176470588,NA,86,87.75,11.3220717486213,NA,-6.31335639953613,8.91024208068848,6.24650304457721,NA,0.246994376182556,1.87600600719452,-0.275820940732956,NA,-0.0350487045943737,0.139481667429209,-1.62247612195856,NA,-3.50487045943737,6.97408337146044,0.25,0.375,0.3,0,1,0.5,0.4,19.07142857,0.1,0.85,0.05,87.7089996337891,95.7669462316177,85.9648971557617,7.20738506317139,9.83650656307445,-8.74277019500732,0.142569899559021,4.97168866325827,-1.54379999637604,0.139481667429209,-0.275820940732956,-0.0350487045943737,6.97408337146044,-1.62247612195856,-3.50487045943737,0.23076923,0.42857143,0.3,0,1,0.5,0.35,1,82.300407409668,-31.2154846191406,0,0,82.3004,0,0,"2024-06-29",0
"Jake Diekman",5003,"2024-06-28","HOU",25,2024,"NYM","H",37,0,0,0,1,0,0,0,0,0,0,0,1,4,1,0,0,0,0,0,0,0,0,0,0,0,9,0,0,0,2,1,1,0,0,0,0,0,0,0,5.15272908401489,0,0.25,1,0.25,1,3.1664797782898,-3.1664797782898,4.67848818451166,0,78.7896047094219,114.84853560366,2,0.25,0.5,0.25,0,0,1,9,3,5,8,0.0201140083372593,-0.0066339815966785,0.0267479903995991,0.458999991416931,0.0499184317886829,0.281049996614456,0.445600003004074,0.445600003004074,0.137799993157387,1,1,0.0157982036471367,0.0557691636524675,0,0,0.625,95.6,0.25,84.5,0.125,88,0.461908459663391,0.251000940799713,-0.797038972377777,9.23816919326782,12.5500470399857,-79.7038972377777,0.5,0.75,0.625,1,1,1,0.5,0.5,0,1,1,2,1,2,1,4,0.25,0.25,0.5,0.25,0.5,0.25,4.37649019698901,59.76504,52.50721,60.25199,52.17688,70.70783,52.15832,NA,NA,NA,80,59.51771,80,62.64225,67.13101,66.08375,-0.66001,3.08708,84.5,59.52,41.36,92.54,94.64,102.36,NA,NA,NA,85.9,130.12,134.46,91.5,106.42,111.1475,0.625,NA,0.25,0.125,95.4,NA,84.4000015258789,87.8000030517578,11.4374290466309,NA,-2.80515050888062,9.67041683197021,6.89608688354492,NA,3.2133994102478,1.79023909568787,0.467504188418388,NA,0.254104062914848,-0.804897725582123,9.35008376836777,NA,12.7052031457424,-80.4897725582123,0.33333333,0.8,0.625,1,1,1,0.625,17.75,0.125,0.625,0.25,87.9140014648438,95.5130981445313,84.4990997314453,8.41983032226562,9.91801452636719,-4.42636489868164,0.691910028457642,5.83247604370117,2.08509492874146,-0.804897725582123,0.467504188418388,0.254104062914848,-80.4897725582123,9.35008376836777,12.7052031457424,0.33333333,0.8,0.625,1,1,1,0.625,4,83.4054870605469,5.49467182159424,0,0,103.464,1,0.25,"2024-06-28",0
"Jake Diekman",5003,"2024-06-23","@CHC",25,2024,"NYM","A",37,0,0,0,1,0,0,0,0,1,0,0,0.1,1,0,0,0,0,0,0,0,0,0,1,27.000028163224,0,0,1,0,0,0,0,0,0,0,0,0,1,0,1,-0.337270915985107,0,0,0,0,1,-2.83352648020443,2.83352648020443,-2.83352648020443,0,-67.0933479346499,-66.6847344309602,0,0,0,0,0,0,0,0,0,3,3,0.0137240001931787,0,0.0137240001931787,0.216000005602837,0.0231511257588863,0.466399997472763,0.233199998736382,0.466399997472763,NA,0,1,0.029425386339426,1.69029314850411e-10,0,0,1,96,NA,NA,NA,NA,0.2549948990345,NA,NA,8.49982996781667,NA,NA,0.5,0,0.33333333,0,NA,0,0.33333333,1,0.33333333,0,0,0,0,0,0,0,NA,NA,NA,NA,NA,NA,-2.68845835847855,NA,NA,NA,80,58.35155,80,NA,NA,NA,NA,NA,NA,80,52.48317,80,-3.22392,-0.75879,NA,NA,NA,97.94,167.84,163.12,NA,NA,NA,NA,NA,NA,97.94,167.84,163.12,1,NA,NA,NA,95.6333312988281,NA,NA,NA,11.6940612792969,NA,NA,NA,5.63067245483398,NA,NA,NA,0.25786292925477,NA,NA,NA,8.59543097515901,NA,NA,NA,0,0.5,0.33333333,NA,0,0,0.66666667,18.5,NA,1,NA,NA,96.1157633463542,NA,NA,10.2379264831543,NA,NA,4.79236666361491,NA,NA,0.25786292925477,NA,NA,8.59543097515901,NA,0,0.5,0.33333333,NA,0,0,0.66666667,0,NA,NA,0,NA,NA,0,NA,"2024-06-23",0
"Jake Diekman",5003,"2024-06-18","@TEX",25,2024,"NYM","A",37,0,0,0,1,0,0,0,0,0,0,0,0.2,2,0,0,0,0,0,0,0,0,0,0,0,0,0,0,0,0,1,0,1,0,0,0,0,0,0,0,3.65572908401489,0,0,0,0,1,3.1664797782898,-3.1664797782898,3.1664797782898,0,78.7896047094219,78.3097583844777,1,0.5,0.5,0,0,0,2,27.000028163224,5,5,10,0.0127479769289494,0,0.0127479769289494,0.257999986410141,0.0267912745475769,0.258599996566772,0.150999993085861,0.301999986171722,1.80519998073578,1,1,0.0493651740252972,-6.90522225355317e-05,0,0,0.8,94.375,0.2,82.5,NA,NA,0.556702733039856,-0.0947942137718201,NA,6.9587841629982,-4.739710688591,NA,0,0.66666667,0.4,NA,1,1,0.6,NA,0,1,1,0,0,1,1,2,0.5,0.5,0,0,0.5,0.5,9.54426632214177,NA,NA,NA,53.03835,60.34542,55.14087,NA,NA,NA,20,60.62415,26.17461,44.97751,58.13759,51.15669,0.43744,4.73325,NA,NA,NA,107.44,117.8,134.76,NA,NA,NA,100.46,62.82,71.5,106.044,106.804,122.108,0.8,NA,0.2,NA,94.3249969482422,NA,82.6999969482422,NA,10.6023530960083,NA,-5.8567066192627,NA,6.59102344512939,NA,1.46218526363373,NA,0.606360025703907,NA,-0.0966443121433258,NA,7.57950032129884,NA,-4.83221560716629,NA,0,0.57142857,0.4,NA,1,1,0.7,22.125,NA,0.8,0.2,NA,94.5349273681641,82.9326019287109,NA,9.51357078552246,-6.84281539916992,NA,5.52647352218628,0.44283601641655,NA,0.606360025703907,-0.0966443121433258,NA,7.57950032129884,-4.83221560716629,0,0.57142857,0.4,NA,1,1,0.7,2,95.337516784668,7.54788398742676,0,0,99.4272,1,0.5,"2024-06-18",0
"Jake Diekman",5003,"2024-06-16","SDP",25,2024,"NYM","H",37,0,0,27.000028163224,1,0,0,0,0,0,0,0,0.1,4,0,3,1,0,2,0,0,0,0,0,0,54.0000563264481,0,0,0.5,0,2,0,0,0,1,0,0,0,0.5,-0.5,15.4342290840149,0,0,6.00000625849423,0,-0.5,21.1664985537725,5.83352960945155,21.1664985537725,681.225257666719,516.438462641637,513.293236830792,2,0,1,0,0,0,0,0,9,9,18,-0.0993900001049042,-0.149471998214722,0.0500819943845272,-2.30900001525879,-0.251114755868912,1.62279999256134,0.242799997329712,0.485599994659424,2.1956000328064,1,1,-0.128379762172699,0.0671337672500392,0,1,0.66666667,93.91666667,0.33333333,82.83333333,NA,NA,-1.03935027122498,0.00549272820353508,NA,-8.66125226020813,0.091545470058918,NA,0.35714286,0.5,0.38888889,0.8,1,0.85714286,0.22222222,0.5,0.05555556,0,2,0,1,1,0,2,0,1,0,0.5,0.5,0,11.5064550071533,NA,NA,NA,20,71.66696,20,NA,NA,NA,21.05254,78.29263,31.15019,20,76.31655,20,3.40722,9.18792,NA,NA,NA,134.6,-0.420000000000002,19.96,NA,NA,NA,106.32,20.96,26.36,110.746666666667,-0.393333333333331,10.4066666666667,0.66666667,NA,0.33333333,NA,93.875,NA,82.6333312988281,NA,11.9711405436198,NA,-5.10039234161377,NA,6.7737865447998,NA,2.07974370320638,NA,0.0194727182388306,NA,0.00229113921523094,NA,0.162272651990255,NA,0.0381856535871824,NA,0.25,0.66666667,0.38888889,1,0.75,0.85714286,0.33333333,23.42857143,NA,0.66666667,0.33333333,NA,93.9238586425781,82.6839650472005,NA,10.5464337666829,-6.76139322916667,NA,5.51898765563965,0.602536837259928,NA,0.0194727182388306,0.00229113921523094,NA,0.162272651990255,0.0381856535871824,0.25,0.66666667,0.38888889,1,0.75,0.85714286,0.33333333,2,49.4802398681641,4.06475830078125,0,0,58.9711,0,0,"2024-06-16",0
"Jake Diekman",5003,"2024-06-14","SDP",25,2024,"NYM","H",37,0,0,0,1,0,0,0,0,0,1,0,0.1,3,0,0,0,0,1,0,1,0,0,0,0,27.000028163224,0,0,0,0,0,1,0,0,0,0,0,0,0.33333333,-0.33333333,12.5329512968893,0,0,3.00000312924711,0,1,21.1664985537725,-21.1664985537725,25.702528503886,0,516.438462641637,622.909682827201,0,0,0,1,0,0,0,0,8,7,15,0.0198860354721546,-0.0632480084896088,0.0831340402364731,0.0949999988079071,0.0103317014873028,1.90726673603058,0.39630001783371,0.792600035667419,2.1378002166748,1,1,-0.0299341604113579,0.0403606178629997,0,0,0.66666667,94.9,0.2,84.33333333,0.13333333,87,-0.0631246864795685,-0.122333601117134,-0.222097843885422,-0.631246864795685,-4.07778670390447,-11.1048921942711,0.2,0.6,0.33333333,1,1,1,0.33333333,0.66666667,0,0,0,1,0,1,0,1,0,0,1,0,1,0,19.484745913363,20,80,20,61.90799,66.36857,43.86662,NA,NA,NA,20,80,20,27.48348,79.58226,20,1.52428,6.36351,51.76,-158.6,-182.44,131.26,90.08,105.1,NA,NA,NA,91.88,122,98.8,112.784,63.3066666666667,65.5013333333333,0.66666667,NA,0.2,0.13333333,94.9200012207031,NA,84.2333374023438,86.6999969482422,11.1999954223633,NA,-4.58713150024414,9.89793014526367,6.64917144775391,NA,2.22107855478923,1.38719391822815,-0.0677374862134457,NA,-0.124844636768103,-0.227848052978516,-0.677374862134457,NA,-4.16148789227009,-11.3924026489258,0.14285714,0.5,0.33333333,1,1,1,0.53333333,26.66666667,0.13333333,0.66666667,0.2,86.6735000610352,94.9344970703125,84.2183990478516,9.2422399520874,10.1704948425293,-6.03044319152832,0.443099975585938,5.77112312316895,1.32101043065389,-0.227848052978516,-0.0677374862134457,-0.124844636768103,-11.3924026489258,-0.677374862134457,-4.16148789227009,0.14285714,0.5,0.33333333,1,1,1,0.53333333,1,91.6470565795898,40.0737495422363,0,0,91.6471,0,0,"2024-06-14",0
"Jake Diekman",5003,"2024-06-12","MIA",25,2024,"NYM","H",37,0,0,0,1,0,0,0,0,0,0,0,0.2,3,1,0,0,0,0,0,0,0,0,0,0,0,13.500014081612,0,1,0,1,0,2,0,1,0,0,0,0,0,4.72206241920756,0,0.333333333333333,1.50000156462356,0.333333333333333,1,3.1664797782898,-3.1664797782898,3.1664797782898,0,78.7896047094219,78.3097583844777,1,0.666666666,0.333333333,0,0,0,2,27.000028163224,3,14,17,0.00889401230961084,-0.00498196110129356,0.0138759734109044,0.243000000715256,0.0264274049550295,0.205333337187767,0.121500000357628,0.243000000715256,0.0626000016927719,1,1,0.00679681356996298,0.0365181806312841,0,0,0.52941176,93.77777778,0.29411765,83.6,0.17647059,86.66666667,0.284836560487747,0.237250238656998,-0.444777488708496,3.16485067208608,4.74500477313995,-14.8259162902832,0.66666667,0.75,0.70588235,0.83333333,1,0.91666667,0.47058824,1,0.05882353,1,1,1,2,1,0,3,0.33333333,0.33333333,0.33333333,0.66666667,0.33333333,0,14.4395728254527,71.54661,60.58038,60.56718,79.03358,61.3465,80,NA,NA,NA,80,80,71.48124,80,70.18486,80,-2.25229,0.69866,79.48,99,61.26,124.34,117.94,125.02,NA,NA,NA,105.56,147.66,126.76,110.9,123.338823529412,114.28,0.52941176,NA,0.29411765,0.17647059,93.6999986436632,NA,83.5200012207031,86.4666646321615,11.1667700873481,NA,-4.45804443359375,10.6497898101807,6.51387108696832,NA,2.02156734466553,3.24642244974772,0.329989053308964,NA,0.240202054381371,-0.451448943465948,3.66654503676626,NA,4.80404108762741,-15.0482981155316,0.66666667,0.75,0.70588235,0.83333333,1,0.91666667,0.47058824,20.21428571,0.17647059,0.52941176,0.29411765,86.651133219401,93.8971015082465,83.6663391113281,10.0118630727132,10.3877953423394,-5.76797027587891,2.19917662938436,5.71692233615451,0.87886381149292,-0.451448943465948,0.329989053308964,0.240202054381371,-15.0482981155316,3.66654503676626,4.80404108762741,0.625,0.77777778,0.70588235,0.8,1,0.91666667,0.52941176,3,73.7381032307943,-1.68952051798503,0,0,87.388,0,0,"2024-06-12",0
"Jake Diekman",5003,"2024-06-09","@PHI",25,2024,"NYM","A",37,0,0,0,1,0,0,0,0,0,0,0,0.2,3,0,0,0,0,1,0,0,0,0,1,13.500014081612,13.500014081612,0,1,0,0,1,0,0,0,0,0,0,0.33333333,0.33333333,0,6.88572907925689,0,0,1.50000156462356,0,1,4.66648134291335,-4.66648134291335,4.66648134291335,0,115.26034287044,114.558381588337,1,0,1,0,0,0,0,0,8,8,16,0.0226600542664528,-0.010317980311811,0.0329780355095863,0.269999980926514,0.0276497714221478,0.56766664981842,0.375499993562698,0.750999987125397,0.731000006198883,1,1,0.0237867645919323,0.0161311243199865,0,0,0.4375,94.71428571,0.5,83.5,0.0625,89,0.0884901732206345,0.0966815650463104,-0.0207000374794006,1.26414533172335,1.20851956307888,-2.07000374794006,0.27272727,0.4,0.3125,0.66666667,0.5,0.6,0.3125,0.33333333,0.125,0,0,1,0,1,0,1,0,0,1,0,1,0,3.73724100162231,NA,NA,NA,NA,NA,NA,NA,NA,NA,NA,NA,NA,NA,NA,NA,NA,NA,207.66,-14.54,47.66,80.68,81.74,111.9,NA,NA,NA,51.34,67.02,61.08,73.94625,68.3625,82.475,0.4375,NA,0.5,0.0625,94.7000034877232,NA,83.5250015258789,88.5,11.146594456264,NA,-5.08241510391235,9.54021549224854,7.21580723353795,NA,2.43223428726196,2.29603242874146,0.0880262702703476,NA,0.0949846468865871,-0.0210469514131546,1.25751814671925,NA,1.18730808608234,-2.10469514131546,0.22222222,0.42857143,0.3125,1,0.33333333,0.6,0.4375,19.30769231,0.0625,0.4375,0.5,88.7154006958008,94.9039742606027,83.7250518798828,9.04512977600098,9.82759530203683,-6.38047981262207,1.70904004573822,5.86931283133371,1.28577983379364,-0.0210469514131546,0.0880262702703476,0.0949846468865871,-2.10469514131546,1.25751814671925,1.18730808608234,0.22222222,0.42857143,0.3125,1,0.33333333,0.6,0.4375,1,NA,NA,0,0,NA,0,0,"2024-06-09",0
"Jake Diekman",5003,"2024-06-08","PHI",25,2024,"NYM","H",37,0,0,0,1,0,0,0,0,0,0,0,1,3,0,0,0,0,0,0,0,0,0,0,0,0,0,0,0,0,2,0,1,0,0,0,0,0,0,0,2.31606242325356,0,0,0,0,1,3.1664797782898,-3.1664797782898,3.1664797782898,0,78.7896047094219,78.3097583844777,2,0.333333333,0.666666666,0,0,0,0,0,6,12,18,0.00120400008745492,0,0.00120400008745492,0.458999991416931,0.0499184317886829,0.0175333321094513,0.0199999995529652,0.0199999995529652,NA,0,1,0.0697730258107185,-0.00110381450855526,0,0,0.55555556,94.8,0.27777778,83.2,0.16666667,88.33333333,0.649582743644714,0.0228863731026649,0.00152462720870972,6.49582743644714,0.457727462053299,0.0508209069569906,0.25,0.8,0.55555556,1,1,1,0.55555556,0.66666667,0,2,1,0,0,0,3,3,0.66666667,0.33333333,0,0,0,1,6.02964917382061,NA,NA,NA,NA,NA,NA,NA,NA,NA,NA,NA,NA,NA,NA,NA,NA,NA,182.96,31.8,114.38,111.94,96.36,195.1,NA,NA,NA,137.34,71.22,151.26,130.832222222222,78.6166666666667,169.468888888889,0.55555556,NA,0.27777778,0.16666667,94.7700012207031,NA,83.3200012207031,88.1333312988281,11.0384742736816,NA,-3.21846046447754,10.768014272054,6.17751274108887,NA,1.09805660247803,2.88423124949137,0.700248118489981,NA,0.0229212380945683,0.00128604471683502,7.00248118489981,NA,0.458424761891365,0.0428681572278341,0.28571429,0.72727273,0.55555556,1,1,1,0.61111111,23,0.16666667,0.55555556,0.27777778,88.4345296223958,95.0804626464844,83.65166015625,9.8993771870931,10.0290878295898,-4.39444198608398,1.98951562245687,4.9358772277832,-0.0856619894504547,0.00128604471683502,0.700248118489981,0.0229212380945683,0.0428681572278341,7.00248118489981,0.458424761891365,0.14285714,0.81818182,0.55555556,1,1,1,0.61111111,3,102.106943766276,-2.81493854522705,0,0,105.42,3,1,"2024-06-08",0
"Jake Diekman",5003,"2024-06-03","@WSN",25,2024,"NYM","A",37,0,0,0,1,0,0,0,0,1,0,0,0.2,2,0,0,0,0,0,0,0,0,0,1,13.500014081612,0,0,1,0,0,0,1,0,0,0,0,0,0.5,0,0.5,1.65247908401489,0,0,0,0,1,0.166476649042681,-0.166476649042681,2.43449162409945,0,5.84812838738598,60.6207349749633,0,0,0,1,0,0,0,0,3,6,9,0.326995968818665,0,0.326995968818665,0.559999942779541,0.0581516027450562,7.28499984741211,3.68680000305176,7.37360000610352,NA,0,1,0.0450083389878273,-0.00012213779801875,1,0,0.88888889,95.25,0.11111111,83,NA,NA,0.332352072000504,-0.0344077162444592,NA,4.15440090000629,-3.44077162444592,NA,0,0.66666667,0.44444444,NA,0.75,0.75,0.66666667,0.5,0.11111111,0,1,0,0,0,1,1,0,1,0,0,0,1,-1.0819439254996,NA,NA,NA,61.46486,63.66063,55.54363,NA,NA,NA,20,52.47165,20,27.06518,59.1899,20,1.55027,6.4025,NA,NA,NA,74.68,121.04,95.86,NA,NA,NA,71.58,-255.72,-259.32,76.1333333333333,86.0844444444444,65.2155555555556,0.88888889,NA,0.11111111,NA,95.4375,NA,83.0999984741211,NA,11.7362957000732,NA,-2.96431446075439,NA,5.76778841018677,NA,0.934641242027283,NA,0.342881944030523,NA,-0.0350487045943737,NA,4.28602430038154,NA,-3.50487045943737,NA,0,0.66666667,0.44444444,NA,0.75,0.75,0.66666667,22.57142857,NA,0.88888889,0.11111111,NA,95.3355407714844,82.994499206543,NA,10.6495199203491,-4.9089298248291,NA,4.60918235778809,-0.662340998649597,NA,0.342881944030523,-0.0350487045943737,NA,4.28602430038154,-3.50487045943737,0,0.8,0.44444444,NA,0.75,0.75,0.55555556,1,100.594032287598,37.0642242431641,0,0,100.594,1,1,"2024-06-03",0
"Jake Diekman",5003,"2024-06-02","ARI",25,2024,"NYM","H",37,0,1,54.0000563264481,1,0,0,0,0,0,0,1,0.1,3,2,2,2,1,0,0,0,0,0,0,0,0,54.0000563264481,0,0,0,1,2,0,0,0,0,0,0,0,0,7.34739574882223,27.000028163224,0.666666666666667,6.00000625849423,0.5,0,42.1665204585023,11.8335358679458,12.2385396785169,1362.45051533344,1027.02879689589,297.542650377296,0.5,0,0.333333333,0.666666666,0,0.5,0,0,5,8,13,-0.68011599779129,-0.694840013980865,0.014723988249898,-1.78399991989136,-0.194018483161926,2.42779994010925,2.80340003967285,2.80340003967285,0.448200017213821,1,1,-0.174298688769341,-0.105838066551893,0,1,0.46153846,95.66666667,0.53846154,84.14285714,NA,NA,-0.620256185531616,-1.33618819713593,NA,-10.3376030921936,-19.0884028162275,NA,0.28571429,0.66666667,0.46153846,0.5,0.75,0.66666667,0.46153846,NA,0.15384615,0,2,1,0,0,3,3,0,0.66666667,0.33333333,0,0,1,20.7872010101783,NA,NA,NA,41.35233,73.61982,20,NA,NA,NA,80,80,71.8586,70.16318,80,46.72435,-1.12725,2.38622,NA,NA,NA,123.32,101.84,114.7,NA,NA,NA,110.78,178.62,168.02,110.598461538462,141.546153846154,140.346153846154,0.46153846,NA,0.53846154,NA,95.6833292643229,NA,83.9285714285714,NA,11.3324737548828,NA,-6.59087317330497,NA,5.79032135009766,NA,4.15350151062012,NA,-0.62625914812088,NA,-1.33620283380151,NA,-10.4376524686813,NA,-19.0886119114501,NA,0,0.85714286,0.46153846,NA,0.66666667,0.66666667,0.53846154,18.3,NA,0.46153846,0.53846154,NA,95.7357788085938,83.9312395368304,NA,10.6048666636149,-7.5897957938058,NA,4.64262008666992,3.14843423025949,NA,-0.62625914812088,-1.33620283380151,NA,-10.4376524686813,-19.0886119114501,0,0.75,0.46153846,NA,0.66666667,0.66666667,0.61538462,3,103.790405273438,9.32956822713216,1,0.33333333,106.101,3,1,"2024-06-02",0
"Jake Diekman",5003,"2024-05-31","ARI",25,2024,"NYM","H",37,0,0,0,1,0,0,0,0,0,0,0,1,3,0,0,0,0,0,0,0,0,0,1,9,0,0,1,0,0,1,0,1,0,0,0,0,0.33333333,0,0.33333333,1.13839575453556,0,0,0,0,1,1.1664797782898,-1.1664797782898,1.1664797782898,0,30.1620045506571,29.9783111930123,1,0.5,0.5,0,0,0,0,0,3,10,13,0.0143320336937904,0,0.0143320336937904,0.458999991416931,0.0499184317886829,0.19200000166893,0.312999993562698,0.312999993562698,0.232999995350838,1,1,0.0750710964202881,-0.000425088247311689,0,0,0.38461538,94.8,0.61538462,83.875,NA,NA,0.0724043697118759,0.644499003887177,NA,1.44808739423752,8.05623754858971,NA,0.42857143,0.5,0.46153846,0.66666667,1,0.83333333,0.46153846,1,0.07692308,1,0,1,0,2,0,2,0.5,0,0.5,0,1,0,3.68244760268354,NA,NA,NA,80,62.23192,80,NA,NA,NA,80,80,80,80,80,80,-3.54829,-1.24534,NA,NA,NA,139.9,131.44,136.84,NA,NA,NA,132.7,150.84,175.3,133.235384615385,142.552307692308,160.807692307692,0.38461538,NA,0.61538462,NA,94.5599975585938,NA,83.75,NA,9.9461540222168,NA,-6.94425058364868,NA,7.47257995605469,NA,1.22739338874817,NA,0.0730913765728474,NA,0.694487247616053,NA,1.46182753145695,NA,8.68109059520066,NA,0.25,0.55555556,0.46153846,1,0.8,0.83333333,0.69230769,19.5,NA,0.38461538,0.61538462,NA,94.6224792480469,83.7471237182617,NA,8.80654220581055,-8.27195835113525,NA,6.20734786987305,-0.166070148348808,NA,0.0730913765728474,0.694487247616053,NA,1.46182753145695,8.68109059520066,0.25,0.55555556,0.46153846,1,0.8,0.83333333,0.69230769,2,89.0166778564453,7.71401309967041,0,0,97.5494,1,0.5,"2024-05-31",0
"Jake Diekman",5003,"2024-05-29","LAD",25,2024,"NYM","H",37,0,0,0,1,0,0,0,0,0,0,0,0.2,2,0,0,0,0,0,0,0,0,0,1,13.500014081612,0,0,1,0,0,1,0,0,0,0,0,0,0.5,0,0.5,-0.528020915985107,0,0,0,0,1,0.166476649042681,-0.166476649042681,0.166476649042681,0,5.84812838738598,5.81251197675874,1,0,1,0,0,0,0,0,2,5,7,0.0877619832754135,0,0.0877619832754135,0.488999962806702,0.0531810745596886,1.75629997253418,1.02499997615814,2.04999995231628,1.82780003547668,1,1,0.0506655052304268,-0.000695691048410364,1,0,0.71428571,95.6,0.28571429,84,NA,NA,0.653123140335083,-0.0582131333649158,NA,13.0624628067017,-2.91065666824579,NA,0.66666667,0.5,0.57142857,0.5,1,0.75,0.57142857,0.5,0.14285714,0,1,0,0,0,1,1,0,1,0,0,0,1,-0.893301507872114,NA,NA,NA,63.67898,63.65351,28.01905,NA,NA,NA,77.01565,62.46443,54.84402,72.08867,62.99805,34.12517,-1.24688,2.20677,NA,NA,NA,134.9,133.98,141,NA,NA,NA,103.78,110.14,118.38,127.285714285714,101.694285714286,115.782857142857,0.71428571,NA,0.28571429,NA,95.6,NA,83.8000030517578,NA,10.645393371582,NA,-4.37489175796509,NA,6.11142959594727,NA,1.62146902084351,NA,0.66138844192028,NA,-0.0592916384339333,NA,13.2277688384056,NA,-2.96458192169666,NA,0.66666667,0.5,0.57142857,0.5,1,0.75,0.57142857,22.6,NA,0.71428571,0.28571429,NA,95.6387573242187,83.7769470214844,NA,9.57956008911133,-6.06830501556396,NA,5.19863586425781,0.468713998794556,NA,0.66138844192028,-0.0592916384339333,NA,13.2277688384056,-2.96458192169666,0.66666667,0.5,0.57142857,0.5,1,0.75,0.57142857,1,97.4903869628906,7.48788976669312,0,0,97.4904,1,1,"2024-05-29",0
"Jake Diekman",5003,"2024-05-28","LAD",25,2024,"NYM","H",37,0,0,0,1,0,0,0,0,0,1,0,0.2,3,1,0,0,0,0,0,0,0,0,1,13.500014081612,0,13.500014081612,1,0,0,2,0,0,0,0,0,0,0.33333333,0,0.33333333,-0.694826464786218,0,0.333333333333333,1.50000156462356,0.5,1,0.166476649042681,-0.166476649042681,0.166476649042681,0,5.84812838738598,5.81251197675874,2,0,1,0,0,0,0,0,2,7,9,0.0751219838857651,-0.0998039767146111,0.174925953149796,-0.135000020265579,-0.0146818906068802,3.45766663551331,1.75759994983673,3.51519989967346,2.80340003967285,1,1,0.00880926195532084,0.0129169458618804,1,0,0.66666667,97,0.33333333,84.33333333,NA,NA,0.16384020447731,-0.0328830890357494,NA,2.73067007462184,-1.09610296785831,NA,0,0.66666667,0.44444444,NA,0.5,0.5,0.66666667,0.66666667,0.22222222,0,1,1,0,2,0,2,0,0.5,0.5,0,1,0,-0.208687369851438,NA,NA,NA,80,64.07343,80,NA,NA,NA,72.34403,66.19715,80,80,65.48004,80,-4.03016,-1.96815,NA,NA,NA,120.58,196.38,205.72,NA,NA,NA,122.06,85.56,102.04,121.073333333333,159.44,171.16,0.66666667,NA,0.33333333,NA,96.8333333333333,NA,84.2999979654948,NA,10.8730061848958,NA,-4.60016441345215,NA,5.64746411641439,NA,1.52093760172526,NA,0.164649549871683,NA,-0.0337626598775387,NA,2.74415916452805,NA,-1.12542199591796,NA,0,0.57142857,0.44444444,NA,0.5,0.5,0.77777778,19.83333333,NA,0.66666667,0.33333333,NA,97.006846110026,84.457265218099,NA,9.58155186971029,-6.31906318664551,NA,4.56824493408203,0.347968339920044,NA,0.164649549871683,-0.0337626598775387,NA,2.74415916452805,-1.12542199591796,0,0.57142857,0.44444444,NA,0.5,0.5,0.77777778,2,93.9830322265625,-20.6327037811279,0,0,99.4226,1,0.5,"2024-05-28",1
"Jake Diekman",5003,"2024-05-21","@CLE",25,2024,"NYM","A",37,0,0,13.500014081612,1,0,0,0,0,0,0,0,0.2,4,1,1,1,1,1,0,0,0,0,2,27.000028163224,13.500014081612,13.500014081612,2,0,0,0,1,0,0,0,0,0,0.5,0.25,0.25,3.75272908401489,13.500014081612,0.333333333333333,3.00000312924711,0,1,21.1664985537725,-7.66648447216047,3.93449318872301,340.612628833359,516.438462641637,96.8693581788228,0,0,0,1,0,1,0,0,9,13,22,-0.131536021828651,-0.143808051943779,0.0122720189392567,-1.37199997901917,-0.144725739955902,0.480799973011017,0.639599978923798,1.2791999578476,0.275599986314774,1,1,-0.085792563855648,-0.187784867950151,0,1,0.40909091,94,0.45454545,83.5,0.13636364,86,-1.54793858528137,0.572438538074493,-0.227524861693382,-17.1993176142375,5.72438538074493,-7.58416205644608,0.35714286,0.625,0.45454545,0,0.8,0.4,0.36363636,0.75,0.27272727,0,0,1,0,1,0,1,0,0,1,0,1,0,18.0076691316807,34.61275,57.5624,48.91803,20,54.36909,20,NA,NA,NA,80,74.56484,80,54.82605,68.36616,54.37854,-0.17441,3.81548,63.34,41.54,7.02,106.26,17.98,1.09999999999999,NA,NA,NA,98.2,182.3,170.86,90.2436363636364,106.624545454545,90.2481818181818,0.40909091,NA,0.45454545,0.13636364,94.1444430881076,NA,83.4,86.0999959309896,9.84353468153212,NA,-6.32556953430176,9.82304128011068,6.71054924858941,NA,1.16079406738281,4.34720230102539,-1.55245776101947,NA,0.579362042248249,-0.233485411852598,-17.2495306779941,NA,5.79362042248249,-7.78284706175327,0.38461538,0.55555556,0.45454545,0,0.8,0.4,0.40909091,17.38888889,0.13636364,0.40909091,0.45454545,85.7982686360677,93.8473239474826,83.0852294921875,9.03759384155273,9.05870225694444,-7.92482223510742,2.77295684814453,5.38986672295464,-0.507819700241089,-0.233485411852598,-1.55245776101947,0.579362042248249,-7.78284706175327,-17.2495306779941,5.79362042248249,0.41666667,0.5,0.45454545,0,0.8,0.4,0.45454545,1,93.7605743408203,39.7754974365234,0,0,93.7606,0,0,"2024-05-21",0
"Jake Diekman",5003,"2024-05-19","@MIA",25,2024,"NYM","A",37,0,0,9,1,0,0,0,0,0,1,0,1,4,1,1,1,1,0,0,1,0,0,1,9,0,9,1,0,0,0,1,1,0,0,0,0,0.25,0,0.25,3.28666658401489,9,0.333333333333333,1,0,1,17.1664797782898,-8.16647977828979,5.67848818451166,227.074849031134,419.182805820775,139.014259199392,0,0.5,0,0.5,0,1,0,0,4,10,14,-0.034319993108511,-0.220000013709068,0.185680016875267,-0.477999985218048,-0.0475621931254864,1.77639997005463,1.55999994277954,1.55999994277954,2.49200010299683,1,1,-0.0397565141320229,0.02043654470675,0,0,0.5,94.14285714,0.14285714,81,0.35714286,86.6,-1.12028837203979,-0.343453258275986,0.226017832756042,-16.0041196005685,-17.1726629137993,4.52035665512085,0.42857143,0.42857143,0.42857143,0.33333333,0.66666667,0.5,0.5,0.75,0.21428571,0,0,2,0,1,1,2,0,0,1,0,0.5,0.5,37.1490100657355,55.61831,48.68608,56.71357,67.26633,61.88972,74.1954,NA,NA,NA,20,56.98044,20,48.99654,57.77423,54.3468,0.18775,4.35872,87.02,111.96,90.18,109.74,58.94,58.88,NA,NA,NA,102.56,-189.42,-187.1,97.6742857142857,59.43,50.77,0.5,NA,0.14285714,0.35714286,94.1285749162946,NA,80.8499984741211,86.4799987792969,11.1710455758231,NA,-8.61002349853516,10.0375518798828,6.57891573224749,NA,0.0128157138824463,3.11563663482666,-1.11820582672954,NA,-0.351199358701706,0.270733080804348,-15.9743689532791,NA,-17.5599679350853,5.41466161608696,0.4,0.44444444,0.42857143,0,0.75,0.5,0.64285714,19,0.35714286,0.5,0.14285714,86.7574584960937,94.4163992745536,81.0964965820312,9.10585784912109,9.90735953194755,-9.40982437133789,1.65645523071289,5.37539291381836,-1.10061550140381,0.270733080804348,-1.11820582672954,-0.351199358701706,5.41466161608696,-15.9743689532791,-17.5599679350853,0.4,0.44444444,0.42857143,0,0.75,0.5,0.64285714,2,96.0066986083984,24.3287677764893,0,0,97.4391,1,0.5,"2024-05-19",0
"Jake Diekman",5003,"2024-05-18","@MIA",25,2024,"NYM","A",37,0,0,0,1,0,0,0,0,0,0,0,0.2,2,0,0,0,0,0,0,0,0,0,2,27.000028163224,0,0,2,0,0,0,0,0,0,0,0,0,1,0,1,-0.337270915985107,0,0,0,0,1,-2.83352648020443,2.83352648020443,-2.83352648020443,0,-67.0933479346499,-66.6847344309602,0,0,0,0,0,0,0,0,4,8,12,0.0828799903392792,0,0.0828799903392792,0.27700001001358,0.0275621898472309,1.62800002098083,0.917999982833862,1.83599996566772,2.5479998588562,1,1,0.0510007627308369,-9.16784119400146e-05,1,0,0.41666667,94.2,0.41666667,82.4,0.16666667,86,0.422352910041809,0.260289311408997,-0.15001705288887,8.44705820083618,5.20578622817993,-7.50085264444351,0.25,0.75,0.58333333,0,0.66666667,0.57142857,0.66666667,0.5,0.25,0,0,0,0,0,0,0,NA,NA,NA,NA,NA,NA,-2.68845835847855,20,52.90951,20,80,80,80,NA,NA,NA,51.54021,69.27558,33.48258,79.67809,78.8505,52.38041,-1.71838,1.49952,86.26,-17.66,-40.3,103.74,223.92,220.52,NA,NA,NA,123.58,77.42,98.76,109.093333333333,122.615,126.316666666667,0.41666667,NA,0.41666667,0.16666667,94.2,NA,82.4599975585938,85.8999938964844,11.5365669250488,NA,-5.55409927368164,10.8401203155518,7.41156311035156,NA,2.01785488128662,4.7143611907959,0.428588472306728,NA,0.263020269572735,-0.153169609606266,8.57176944613457,NA,5.2604053914547,-7.6584804803133,0.2,0.85714286,0.58333333,0,0.66666667,0.57142857,0.58333333,23.9,0.16666667,0.41666667,0.41666667,86.1991500854492,94.5325378417969,82.7397399902344,9.20815467834473,10.2030334472656,-7.24281005859375,2.93900012969971,6.0790641784668,0.395396208763123,-0.153169609606266,0.428588472306728,0.263020269572735,-7.6584804803133,8.57176944613457,5.2604053914547,0.2,0.85714286,0.58333333,0,0.66666667,0.57142857,0.58333333,0,NA,NA,0,NA,NA,0,NA,"2024-05-18",0
"Jake Diekman",5003,"2024-05-16","@PHI",25,2024,"NYM","A",37,0,0,0,1,0,0,0,0,1,0,0,1,5,1,1,0,0,1,0,0,0,0,1,9,9,9,1,0.5,0,2,1,0,0,1,0,0,0.2,0.2,0,5.60764908401489,0,0.25,2,0.333333333333333,0.5,4.1664797782898,-4.1664797782898,5.67848818451166,0,103.103404788804,139.014259199392,2,0,0.666666666,0.333333333,0,0,0,0,8,14,22,0.198550015687943,-0.253685981035233,0.452235996723175,0.123000025749207,0.0125960055738688,5.5753002166748,3.20280003547668,3.20280003547668,NA,0,1,0.00474956212565303,0.0308628727158129,1,0,0.54545455,94.66666667,0.45454545,83.1,NA,NA,-0.459240317344666,0.526094555854797,NA,-3.82700264453888,5.26094555854797,NA,0.33333333,0.6,0.45454545,0.5,0.66666667,0.6,0.45454545,0.6,0.18181818,1,2,0,0,3,0,3,0.33333333,0.66666667,0,0,1,0,2.44206895815784,NA,NA,NA,50.93632,75.72115,39.13815,NA,NA,NA,40.69245,62.8242,35.77424,46.29551,73.56699,35.76671,0.35556,4.61043,NA,NA,NA,110.94,80.78,78.32,NA,NA,NA,120.72,78.5,82.66,113.247272727273,72.0563636363636,78.5427272727273,0.54545455,NA,0.45454545,NA,94.5499979654948,NA,82.9900024414062,NA,11.0696983337402,NA,-6.11965637207031,NA,6.50892893473307,NA,1.23209590911865,NA,-0.428131762892008,NA,0.531999375671148,NA,-3.56776469076673,NA,5.31999375671148,NA,0.33333333,0.53846154,0.45454545,0.66666667,0.42857143,0.5,0.59090909,19.35294118,NA,0.54545455,0.45454545,NA,94.9540710449219,83.3945434570312,NA,9.78786913553874,-7.47740325927734,NA,5.18626085917155,-0.187762975692749,NA,-0.428131762892008,0.531999375671148,NA,-3.56776469076673,5.31999375671148,0.27272727,0.63636364,0.45454545,0.66666667,0.42857143,0.5,0.5,3,81.1220194498698,6.57057952880859,0,0,92.9276,0,0,"2024-05-16",0
"Jake Diekman",5003,"2024-05-14","PHI",25,2024,"NYM","H",37,0,0,0,1,0,0,0,0,0,0,0,0.2,4,0,0,0,0,3,0,0,0,0,0,0,40.5000422448361,0,0,0,0,1,0,0,0,0,0,0,0,0.75,-0.75,26.7066040840149,0,0,4.50000469387067,0,1,16.6664938599018,-16.6664938599018,16.6664938599018,0,407.026248158583,404.547367219213,1,0,1,0,0,0,0,0,13,5,18,0.00389000494033098,-0.0481260009109974,0.0520160049200058,0.0460000336170197,0.00500272028148174,0.677760004997253,0.548200011253357,0.548200011253357,1.06599998474121,1,1,-0.0310289766639471,0.0367684787172539,0,0,0.72222222,95.07692308,0.16666667,83.33333333,0.11111111,87.5,-0.542937397956848,-0.0550334714353085,-0.131722286343575,-4.17644152274499,-1.83444904784362,-6.58611431717873,0.07142857,0.25,0.11111111,1,1,1,0.22222222,0.25,0,0,1,0,1,0,0,1,0,1,0,1,0,0,30.7410208306191,20,48.40792,20,20,71.6366,20,NA,NA,NA,68.02602,77.59037,66.82993,20,70.79101,20,4.71315,11.14682,77.42,-50.82,-53,105.34,-43.22,-27.54,NA,NA,NA,91.48,143.38,138.8,99.9277777777778,-12.9644444444444,-2.64555555555555,0.72222222,NA,0.16666667,0.11111111,95.0538423978365,NA,83.4666646321615,87.6000061035156,10.8932577279898,NA,-6.41837437947591,10.1839990615845,7.46078667273888,NA,0.21291720867157,2.77624177932739,-0.559736140072346,NA,-0.0566308610141277,-0.134879227727652,-4.30566261594112,NA,-1.88769536713759,-6.74396138638258,0.07692308,0.2,0.11111111,1,1,1,0.27777778,20.92307692,0.11111111,0.72222222,0.16666667,87.7182006835938,95.2040640024038,83.5768330891927,8.50405502319336,9.28304408146785,-8.24162038167318,1.10159945487976,5.89779017521785,-1.34852997461955,-0.134879227727652,-0.559736140072346,-0.0566308610141277,-6.74396138638258,-4.30566261594112,-1.88769536713759,0,0.4,0.11111111,NA,1,1,0.27777778,1,49.5601539611816,19.1726169586182,0,0,49.5602,0,0,"2024-05-14",0
"Jake Diekman",5003,"2024-05-12","ATL",25,2024,"NYM","H",37,0,0,0,1,0,0,0,0,0,0,0,0.2,3,0,0,0,0,1,0,0,0,0,0,0,13.500014081612,0,0,0,0,0,1,1,0,0,0,0,0,0.33333333,-0.33333333,12.5329512968893,0,0,1.50000156462356,0,1,7.66648447216047,-7.66648447216047,9.93449944721724,0,188.201819192476,241.863850994261,0,0.5,0,0.5,0,0,0,0,7,4,11,0.0483640022575855,-0.0314720012247562,0.0798360034823418,0.488999992609024,0.0531810745596886,1.50700008869171,0.558000028133392,1.11600005626678,0.600799977779388,1,1,0.0188259650021791,0.0132669344080474,0,0,0.54545455,93.83333333,0.18181818,80,0.27272727,86,-0.12706384062767,-0.219149127602577,0.531933307647705,-2.11773067712784,-10.9574563801289,17.7311102549235,0,0.75,0.27272727,NA,1,1,0.36363636,NA,0,1,1,0,0,2,0,2,0.5,0.5,0,0,1,0,15.8624228704055,57.47764,52.94816,55.6256,23.08428,69.67304,20,NA,NA,NA,20,67.73839,20,20,67.15205,20,3.70289,9.63143,69.62,108.84,99.5,91.98,38.88,50.36,NA,NA,NA,88.98,-133.78,-144.84,85.3363636363636,26.5672727272727,28.2709090909091,0.54545455,NA,0.18181818,0.27272727,93.7333374023438,NA,80.0500030517578,85.9333292643229,11.1688817342122,NA,-9.36485862731934,11.0359242757161,7.13058853149414,NA,2.01917767524719,3.45899073282878,-0.130462277680635,NA,-0.224733751267195,0.580941218882799,-2.17437129467726,NA,-11.2366875633597,19.3647072960933,0,0.6,0.27272727,NA,1,1,0.45454545,20.625,0.27272727,0.54545455,0.18181818,86.4003702799479,94.2000834147135,80.5290985107422,9.74665323893229,9.55315844217936,-10.4934997558594,1.92838001251221,5.45692189534505,1.1336225271225,0.580941218882799,-0.130462277680635,-0.224733751267195,19.3647072960933,-2.17437129467726,-11.2366875633597,0,0.6,0.27272727,NA,1,1,0.45454545,2,98.3165130615234,30.1167278289795,0,0,101.535,2,1,"2024-05-12",0
"Jake Diekman",5003,"2024-05-06","@STL",25,2024,"NYM","A",37,0,0,0,1,0,0,0,0,0,1,0,1,4,1,0,0,0,0,0,0,0,0,1,9,0,9,1,0,0,0,2,1,0,0,0,0,0.25,0,0.25,4.46147908401489,0,0.25,1,0.333333333333333,1,1.1664797782898,-1.1664797782898,4.19049659073353,0,30.1620045506571,103.055865631376,0,0.333333333,0,0.666666666,0,0,0,0,5,7,12,0.106020011007786,-0.0504800118505955,0.156500026583672,0.480000019073486,0.0506329089403152,1.72070002555847,1.9099999666214,1.9099999666214,2.46560001373291,1,1,0.0234278701245785,0.0381865945892091,1,0,0.75,94.44444444,0.16666667,82,0.08333333,87,-0.190498605370522,-0.0858965888619423,0.284230947494507,-2.11665117078357,-4.29482944309711,28.4230947494507,0.33333333,0.5,0.41666667,0.5,0.66666667,0.6,0.5,0.25,0.16666667,1,2,0,1,2,0,3,0.33333333,0.66666667,0,0.33333333,0.66666667,0,2.63647390962968,80,50.83584,80,72.72137,71.9491,75.30547,NA,NA,NA,20,57.76464,20,59.35114,67.826,57.7353,-0.45554,3.39378,88.78,140,146.12,110.16,113.96,133.24,NA,NA,NA,91.92,26.96,20.46,105.338333333333,101.63,115.516666666667,0.75,NA,0.16666667,0.08333333,94.3777804904514,NA,81.9000015258789,86.6999969482422,11.3595309787326,NA,-6.7428126335144,10.0550680160522,6.36055035061306,NA,0.533991098403931,2.06418585777283,-0.190981414169073,NA,-0.0876166112720966,0.287813186645508,-2.1220157129897,NA,-4.38083056360483,28.7813186645508,0.4,0.42857143,0.41666667,0.5,0.66666667,0.6,0.58333333,17.875,0.08333333,0.75,0.16666667,86.9610977172852,94.6156005859375,82.1517028808594,9.03911972045898,10.0961600409614,-8.33691501617432,1.2367399930954,5.4414545694987,-0.596219003200531,0.287813186645508,-0.190981414169073,-0.0876166112720966,28.7813186645508,-2.1220157129897,-4.38083056360483,0.4,0.42857143,0.41666667,0.5,0.66666667,0.6,0.58333333,3,75.4646352132161,37.437136332194,0,0,87.1495,0,0,"2024-05-06",0
"Jake Diekman",5003,"2024-05-05","@TBR",25,2024,"NYM","A",37,0,1,9,1,0,0,0,0,0,0,1,0,2,1,2,1,0,1,0,0,0,0,0,0,9,9,0,0,0,0,0,1,0,0,0,0,0,0.5,-0.5,NA,0,1,2,1,0,6.1664797782898,2.8335202217102,6.1664797782898,227.074849031134,151.731004947569,150.806929171676,0,1,0,0,0,0,0,0,4,7,11,-0.573643982410431,-0.573643982410431,0,-2.30399990081787,-0.2530477643013,5.08559989929199,4.38439989089966,4.38439989089966,NA,0,1,-0.116403333842754,0.00360563174859384,0,1,0.36363636,94.75,0.45454545,82.2,0.18181818,88.5,-0.0905856639146805,-0.130236059427261,-1.14538824558258,-2.26464159786701,-2.60472118854523,-57.269412279129,0.28571429,0.75,0.45454545,1,1,1,0.36363636,0.5,0,0,1,0,0,0,1,1,0,1,0,0,0,1,60.829483916896,77.17718,61.17411,80,20,60.52298,20,NA,NA,NA,20,75.16642,20,20,73.0845,20,2.60671,7.98716,98.08,51.94,18.38,123.96,-215.8,-203.98,NA,NA,NA,118.74,54.72,59.46,115.308888888889,-6.01333333333332,-8.21111111111112,0.36363636,NA,0.45454545,0.18181818,94.5250015258789,NA,81.9400024414062,88.0500030517578,11.4731101989746,NA,-7.41302108764648,11.5254354476929,6.78862476348877,NA,2.25533084869385,3.88364887237549,-0.0944126173853874,NA,-0.133444353938103,-1.15180838108063,-2.36031543463469,NA,-2.66888707876205,-57.5904190540314,0.16666667,0.8,0.45454545,1,1,1,0.45454545,25,0.18181818,0.36363636,0.45454545,88.0437469482422,94.5421752929688,81.92333984375,10.7574005126953,10.5389375686646,-8.77047805786133,2.34174489974976,5.51259517669678,0.558552694320679,-1.15180838108063,-0.0944126173853874,-0.133444353938103,-57.5904190540314,-2.36031543463469,-2.66888707876205,0.16666667,0.8,0.45454545,1,1,1,0.45454545,1,93.3853912353516,15.9745264053345,0,0,93.3854,0,0,"2024-05-05",0
"Jake Diekman",5003,"2024-05-02","CHC",25,2024,"NYM","H",37,0,0,0,1,0,0,0,0,0,0,0,1,4,0,0,0,0,1,0,0,0,0,2,18,9,0,2,0,0,0,0,1,0,0,0,0,0.5,0.25,0.25,3.79922908401489,0,0,1,0,1,2.1664797782898,-2.1664797782898,2.1664797782898,0,54.4758046300395,54.144034788745,0,1,0,0,0,0,0,0,9,13,22,0.0841479897499084,-0.0209560487419367,0.105104044079781,0.458999991416931,0.0499184317886829,1.21834993362427,1.53259992599487,1.53259992599487,1.82780003547668,1,1,0.0486989170312881,0.0203682593419157,1,0,0.54545455,94.83333333,0.22727273,82.6,0.22727273,88.8,0.743883669376373,-0.0350958183407784,-0.19864983856678,6.19903057813644,-0.701916366815567,-3.9729967713356,0.25,0.8,0.5,0.66666667,0.625,0.63636364,0.45454545,0.5,0.18181818,0,0,1,1,0,0,1,0,0,1,1,0,0,5.39828795762725,48.48618,47.55871,52.03361,80,66.19952,80,NA,NA,NA,20,71.01336,20,70.01513,65.03346,65.9875,-1.11805,2.40002,70.88,87.46,64.4,134.94,147.44,171.8,NA,NA,NA,93.92,52,53.22,111.058181818182,112.117272727273,120.440909090909,0.54545455,NA,0.22727273,0.22727273,94.8833312988281,NA,82.5,88.7799987792969,11.2633018493652,NA,-7.37051467895508,10.4967697143555,6.12110773722331,NA,1.02887296676636,2.49743213653564,0.710312433540821,NA,-0.036823932081461,-0.204280193895102,5.91927027950684,NA,-0.736478641629219,-4.08560387790203,0.18181818,0.81818182,0.5,0.5,0.66666667,0.63636364,0.5,19.61111111,0.22727273,0.54545455,0.22727273,89.1513427734375,95.2965291341146,82.8812377929687,9.21441192626953,9.98478444417318,-8.69074554443359,1.29679260253906,5.10947418212891,-0.0262544929981232,-0.204280193895102,0.710312433540821,-0.036823932081461,-4.08560387790203,5.91927027950684,-0.736478641629219,0.2,0.75,0.5,0.5,0.66666667,0.63636364,0.54545455,1,60.5930862426758,25.0975227355957,0,0,60.5931,0,0,"2024-05-02",0
"Jake Diekman",5003,"2024-05-01","CHC",25,2024,"NYM","H",37,0,0,0,1,0,0,0,0,0,0,0,0.1,1,0,0,0,0,0,0,0,0,0,1,27.000028163224,0,0,1,0,0,0,0,0,0,0,0,0,1,0,1,-0.337270915985107,0,0,0,0,1,-2.83352648020443,2.83352648020443,-2.83352648020443,0,-67.0933479346499,-66.6847344309602,0,0,0,0,0,0,0,0,1,3,4,0.0424580127000809,0,0.0424580127000809,0.342999994754791,0.0373028814792633,1.58820009231567,0.794100046157837,1.58820009231567,0.840799987316132,1,1,0.0267334152013063,1.31880673048812e-10,0,0,0.5,94,0.5,82,NA,NA,0.0151102766394615,0.251202315092087,NA,0.755513831973076,12.5601157546043,NA,0.5,1,0.75,0,1,0.66666667,0.5,NA,0.25,0,0,0,0,0,0,0,NA,NA,NA,NA,NA,NA,-2.68845835847855,NA,NA,NA,80,78.60548,54.33521,NA,NA,NA,80,75.97567,80,80,80,80,-3.1832,-0.69771,NA,NA,NA,156.96,-44.4,18.8,NA,NA,NA,181.08,107.58,164.22,175.435,82.145,151.125,0.5,NA,0.5,NA,93.6999969482422,NA,81.8000030517578,NA,11.8076820373535,NA,-7.86747455596924,NA,8.34280109405518,NA,1.51180171966553,NA,0.0151214338839054,NA,0.254098132252693,NA,0.756071694195271,NA,12.7049066126347,NA,0,1,0.75,NA,0.66666667,0.66666667,0.75,20.33333333,NA,0.5,0.5,NA,94.3257446289062,82.4552001953125,NA,10.4515342712402,-9.50864028930664,NA,6.92062520980835,0.310938477516174,NA,0.0151214338839054,0.254098132252693,NA,0.756071694195271,12.7049066126347,0,1,0.75,NA,0.66666667,0.66666667,0.75,0,NA,NA,0,NA,NA,0,NA,"2024-05-01",0
"Jake Diekman",5003,"2024-04-27","STL",25,2024,"NYM","H",37,0,0,6.75000160932579,1,0,0,0,0,0,0,0,1.1,6,1,1,1,0,1,0,0,0,0,1,6.75000160932579,6.75000160932579,6.75000160932579,1,0,0,0,1,2,0,0,1,0,0.16666667,0.16666667,0,5.98386797026267,0,0.2,1.50000035762795,0.25,0.5,3.91647995710377,2.83352165222202,5.05048653213841,170.306177377507,97.024959116606,123.838144850477,0,0.666666666,0,0.333333333,0,0,0,0,10,12,22,-0.0267059952020645,-0.059932004660368,0.0332260057330132,-0.236000001430511,-0.0256661232560873,0.658999979496002,0.561533331871033,0.808200001716614,0.115199998021126,1,1,-0.0424622744321823,0.00193724251565776,0,0,0.68181818,93.06666667,0.27272727,81.66666667,0.04545455,87,-0.335441678762436,0.294731229543686,-0.0344077162444592,-2.23627785841624,4.91218715906143,-3.44077162444592,0.33333333,1,0.54545455,0.8,0.71428571,0.75,0.31818182,0.33333333,0.13636364,1,2,1,1,3,0,4,0.25,0.5,0.25,0.25,0.75,0,10.8075566310149,20,45.57796,20,40.21017,63.98222,30.26924,NA,NA,NA,44.58207,71.01446,35.59681,34.05056,65.48563,22.72047,1.11629,5.75153,67.88,35.84,16.9,115.5,65.9,83.38,NA,NA,NA,119.52,101.56,98.92,117.929523809524,74.8057142857143,86.5485714285714,0.68181818,NA,0.27272727,0.04545455,93.0466634114583,NA,81.5833333333333,87.0999984741211,11.6870890299479,NA,-6.09952545166016,11.3134422302246,6.52066396077474,NA,2.42713705698649,2.48700189590454,-0.336487989872694,NA,0.339482065290213,-0.0350487045943737,-2.24325326581796,NA,5.65803442150354,-3.50487045943737,0.25,0.9,0.54545455,0.66666667,0.77777778,0.75,0.45454545,19.375,0.04545455,0.68181818,0.27272727,87.418701171875,93.4228352864583,81.918467203776,10.2005996704102,10.3420450846354,-7.71260833740234,1.59693002700806,5.20071258544922,0.944935003916422,-0.0350487045943737,-0.336487989872694,0.339482065290213,-3.50487045943737,-2.24325326581796,5.65803442150354,0.18181818,0.90909091,0.54545455,1,0.7,0.75,0.5,4,85.459706624349,24.0730387369792,0,0,101.88,1,0.25,"2024-04-27",0
"Jake Diekman",5003,"2024-04-23","@SFG",25,2024,"NYM","A",37,0,0,0,1,0,0,0,0,0,0,0,1,3,0,0,0,0,0,0,0,0,0,2,18,0,0,2,0,0,0,1,0,0,0,0,0,0.66666667,0,0.66666667,-0.078604246671107,0,0,0,0,1,-0.833520221710205,0.833520221710205,0.678488184511662,0,-18.4655956081077,18.1856412207288,0,0,0,1,0,0,1,9,3,9,12,0.00106199737638235,0,0.00106199737638235,0.474000006914139,0.0503987222909927,0.0151333333924413,0.0199999995529652,0.0199999995529652,NA,0,1,0.0726992562413216,-0.00252321842847641,0,0,0.91666667,93.27272727,0.08333333,82,NA,NA,0.725154340267181,0.0572940893471241,NA,6.5923121842471,5.72940893471241,NA,0.4,0.57142857,0.5,0.5,1,0.83333333,0.58333333,NA,0.08333333,0,0,1,0,1,0,1,0,0,1,0,1,0,-1.641875175238,NA,NA,NA,80,70.50851,79.1025,NA,NA,NA,80,62.32523,80,80,67.65545,80,-2.7331,-0.02256,NA,NA,NA,118.92,100.9,113.74,NA,NA,NA,93.44,191.62,201.76,116.796666666667,108.46,121.075,0.91666667,NA,0.08333333,NA,93.1909068714489,NA,82.3000030517578,NA,11.3809308138761,NA,-6.24587440490723,NA,7.3459174416282,NA,3.14659357070923,NA,0.733233671635389,NA,0.057969942688942,NA,6.66576065123081,NA,5.7969942688942,NA,0,0.6,0.5,NA,0.83333333,0.83333333,0.83333333,15.55555556,NA,0.91666667,0.08333333,NA,93.8868519176136,83.0382995605469,NA,9.70401555841619,-7.86731004714966,NA,6.245661648837,2.05193996429443,NA,0.733233671635389,0.057969942688942,NA,6.66576065123081,5.7969942688942,0,0.6,0.5,NA,0.83333333,0.83333333,0.83333333,1,79.1665954589844,53.07177734375,0,0,79.1666,0,0,"2024-04-23",0
"Jake Diekman",5003,"2024-04-19","@LAD",25,2024,"NYM","A",37,0,0,0,1,0,0,0,0,0,0,0,1,5,0,0,0,0,2,0,0,0,0,2,18,18,0,1,0,0,1,0,0,0,0,0,0,0.4,0.4,0,8.26752908401489,0,0,2,0,1,5.1664797782898,-5.1664797782898,5.1664797782898,0,127.417204868187,126.641205575943,1,0,1,0,0,0,0,0,11,11,22,0.00696000084280968,-0.0117199989035726,0.0186800006777048,0.477999985218048,0.0505820102989674,0.176333338022232,0.184000000357628,0.184000000357628,NA,0,1,-0.0263155922293663,0.0657862953923278,0,0,0.5,94.54545455,0.31818182,81.85714286,0.18181818,86.75,0.0494791492819786,0.226109802722931,-0.0422185845673084,0.449810448017987,3.23014003889901,-1.05546461418271,0.26666667,0.42857143,0.31818182,0.75,1,0.85714286,0.31818182,0.8,0.04545455,1,0,0,0,1,0,1,1,0,0,0,1,0,4.42682836888474,58.90689,53.67933,51.5049,30.10176,58.11337,31.5044,20,28.21671,20,23.55411,56.28304,24.06603,20.58281,57.00501,20,1.95299,7.00658,83.88,84.18,67.24,110.24,49.46,53.64,46.78,-403.14,-473.28,113.26,68.74,75.4,103.523636363636,41.3345454545455,39.0854545454546,0.45454545,0.04545455,0.31818182,0.18181818,94.5700012207031,93.5999984741211,81.5428553989955,86.4749984741211,10.2741722106934,9.85661029815674,-6.4799325125558,9.44265556335449,6.81978378295898,3.95191669464111,0.816655431474958,3.06642723083496,0.233148388564587,-0.189685046672821,0.227842181921005,-0.0439797602593899,2.33148388564587,-18.9685046672821,3.25488831315722,-1.09949400648475,0.15384615,0.55555556,0.31818182,1,0.8,0.85714286,0.40909091,18.17647059,0.18181818,0.5,0.31818182,86.9203720092773,94.956132368608,81.9921875,8.61166000366211,9.1892748746005,-7.38656561715262,2.04701924324036,5.62040918523615,-0.216910702841622,-0.0439797602593899,0.0434633418917656,0.227842181921005,-1.09949400648475,0.395121289925142,3.25488831315722,0.16666667,0.5,0.31818182,1,0.8,0.85714286,0.45454545,1,77.159423828125,2.43939232826233,0,0,77.1594,0,0,"2024-04-19",0
"Jake Diekman",5003,"2024-04-17","PIT",25,2024,"NYM","H",37,0,0,0,1,0,0,0,0,0,0,0,1,3,0,0,0,0,0,0,0,0,0,2,18,0,0,2,0,0,0,1,0,1,0,0,0,0.66666667,0,0.66666667,-0.078604246671107,0,0,0,0,1,-0.833520221710205,0.833520221710205,0.678488184511662,0,-18.4655956081077,18.1856412207288,0,0,0,1,1,0,3,27,5,10,15,0.0100240204483271,0,0.0100240204483271,0.458999991416931,0.0499184317886829,0.134466663002968,0.232999995350838,0.232999995350838,0.00999999977648258,1,1,0.0758805945515633,-0.00133408447637963,0,0,0.33333333,94.6,0.53333333,80.875,0.13333333,88,0.667848944664001,0.0964901745319366,0.006791602820158,13.35697889328,1.20612718164921,0.3395801410079,0.22222222,0.5,0.33333333,0.5,1,0.8,0.4,1,0.06666667,0,0,1,1,0,0,1,0,0,1,1,0,0,-2.51410866904656,23.72026,45.53654,20,80,80,80,NA,NA,NA,20,63.38819,20,63.44104,77.19276,49.11109,-0.70963,3.01265,76.42,45.06,24.48,105.22,191.94,195.7,NA,NA,NA,129.44,56.86,58.34,114.297333333333,100.313333333333,99.612,0.33333333,NA,0.53333333,0.13333333,94.3400024414063,NA,80.8125,87.8499984741211,11.5608009338379,NA,-7.95169734954834,10.3439435958862,7.48392791748047,NA,0.691752374172211,2.67925548553467,0.677339747548103,NA,0.0960554108023643,0.0064518041908741,13.5467949509621,NA,1.20069263502955,0.322590209543705,0.16666667,0.44444444,0.33333333,0,1,0.8,0.6,18.66666667,0.13333333,0.33333333,0.53333333,88.1701965332031,94.6603210449219,81.1297454833984,9.53413486480713,10.2201362609863,-9.03019046783447,1.52892351150513,6.07121200561523,-0.845675587654114,0.0064518041908741,0.677339747548103,0.0960554108023643,0.322590209543705,13.5467949509621,1.20069263502955,0.14285714,0.5,0.33333333,0,1,0.8,0.53333333,1,70.0098876953125,63.2327041625977,0,0,70.0099,0,0,"2024-04-17",0
"Jake Diekman",5003,"2024-04-13","KCR",25,2024,"NYM","H",37,0,0,0,1,0,0,0,0,0,0,0,1,3,0,0,0,0,0,0,0,0,0,1,9,0,0,1,0,0,1,1,0,0,0,0,0,0.33333333,0,0.33333333,1.87828464271067,0,0,0,0,1,1.1664797782898,-1.1664797782898,2.67848818451166,0,30.1620045506571,66.5170884121943,1,0,0.5,0.5,0,0,0,0,5,7,12,0.00263400049880147,0,0.00263400049880147,0.458999991416931,0.0499184317886829,0.0367999970912933,0.0451999977231026,0.0451999977231026,0.0225999988615513,1,1,0.0708098635077477,0.00076624266060471,0,0,0.66666667,93.125,0.33333333,80.5,NA,NA,0.500678598880768,0.227542459964752,NA,6.2584824860096,5.6885614991188,NA,0.375,0.66666667,0.45454545,0.33333333,1,0.6,0.27272727,1,0.16666667,1,0,1,0,2,0,2,0.5,0,0.5,0,1,0,-0.355073006517256,NA,NA,NA,41.74546,41.83643,42.62261,NA,NA,NA,20,57.11871,20,27.10044,44.03757,25.89324,1.54808,6.39921,NA,NA,NA,89.94,133.46,114.76,NA,NA,NA,92.06,82.2,69,85.6033333333333,111.386666666667,91.26,0.66666667,NA,0.33333333,NA,93.1000061035156,NA,80.5500030517578,NA,8.49910640716553,NA,-6.62939596176147,NA,6.34504270553589,NA,1.21909034252167,NA,0.506916139274836,NA,0.229807574301958,NA,6.33645174093544,NA,5.74518935754895,NA,0.33333333,0.66666667,0.41666667,0.33333333,1,0.6,0.25,16.33333333,NA,0.66666667,0.33333333,NA,93.5581512451172,80.9605484008789,NA,7.71889781951904,-7.07048511505127,NA,5.04050254821777,-0.304284811019897,NA,0.506916139274836,0.229807574301958,NA,6.33645174093544,5.74518935754895,0.375,0.5,0.41666667,0.33333333,1,0.6,0.33333333,2,95.3764953613281,24.6263008117676,0,0,100.145,1,0.5,"2024-04-13",0
"Jake Diekman",5003,"2024-04-12","KCR",25,2024,"NYM","H",37,0,0,0,1,0,0,0,0,0,0,0,0.2,3,1,0,0,0,0,0,0,0,0,1,13.500014081612,0,13.500014081612,1,0.5,0,2,0,0,0,1,0,0,0.33333333,0,0.33333333,-0.694826464786218,0,0.333333333333333,1.50000156462356,0.5,1,0.166476649042681,-0.166476649042681,0.166476649042681,0,5.84812838738598,5.81251197675874,2,0,1,0,0,0,0,0,4,9,13,0.0124499909579754,-0.0273199863731861,0.0397699773311615,0.153999984264374,0.0167482290416956,0.844000041484833,0.588199973106384,0.588199973106384,0.573000013828278,1,1,-0.00365476263687015,0.0184059360326349,0,0,0.92307692,94.33333333,0.07692308,83,NA,NA,-0.179463267326355,0.182590544223785,NA,-1.49552722771962,18.2590544223785,NA,0.5,0.2,0.38461538,1,1,1,0.38461538,1,0,1,1,0,2,0,0,2,0.5,0.5,0,1,0,0,-0.208687369851438,NA,NA,NA,80,71.01982,80,NA,NA,NA,60.47045,80,73.21652,80,70.31901,80,-2.97782,-0.38964,NA,NA,NA,121.44,185.32,196.64,NA,NA,NA,162.42,103.26,134.6,116.090769230769,131.109230769231,142.658461538462,0.92307692,NA,0.07692308,NA,94.3166707356771,NA,82.8000030517578,NA,10.9568049112956,NA,-6.49711227416992,NA,7.49853006998698,NA,0.0818798467516899,NA,-0.183378797024488,NA,0.184771567583084,NA,-1.52815664187074,NA,18.4771567583084,NA,0.5,0.33333333,0.38461538,1,1,1,0.69230769,19.4,NA,0.92307692,0.07692308,NA,94.718027750651,83.2044982910156,NA,9.91196505228678,-6.95044994354248,NA,5.99184226989746,-1.2367399930954,NA,-0.183378797024488,0.184771567583084,NA,-1.52815664187074,18.4771567583084,0.5,0.33333333,0.38461538,1,1,1,0.69230769,2,79.102165222168,-29.95436668396,0,0,96.3214,1,0.5,"2024-04-12",0
"Jake Diekman",5003,"2024-04-08","@ATL",25,2024,"NYM","A",37,1,0,9,1,0,0,0,0,0,0,0,1,3,0,1,1,0,1,0,0,0,0,1,9,9,0,1,0,0,1,0,0,0,0,0,0,0.33333333,0.33333333,0,6.88572907925689,0,0,1,0,0,4.1664797782898,4.8335202217102,4.1664797782898,227.074849031134,103.103404788804,102.47548198021,1,0,1,0,0,0,3,27,8,6,14,0.0946599990129471,-0.0497599951922894,0.144419997930527,0.506999969482422,0.051524393260479,1.39866662025452,1.48186659812927,2.32159996032715,1.99080002307892,1,1,0.0320407152175903,0.0356380279812155,1,0,0.85714286,94.91666667,0.14285714,83.5,NA,NA,0.466931939125061,0.258897304534912,NA,3.89109949270884,12.9448652267456,NA,0,0.5,0.14285714,NA,1,1,0.28571429,0.33333333,0,1,0,0,0,1,0,1,1,0,0,0,1,0,3.73724100162231,NA,NA,NA,51.26745,75.85021,33.54648,NA,NA,NA,80,80,50.27458,57.12901,78.77838,34.76782,-0.31749,3.60086,NA,NA,NA,147.54,120.54,146.86,NA,NA,NA,117.56,194.98,189.9,131.145714285714,60.5114285714286,88.8128571428572,0.85714286,NA,0.14285714,NA,94.7583312988281,NA,83.8500061035156,NA,11.0941492716471,NA,-8.26311302185059,NA,7.38504918416341,NA,1.81709015369415,NA,0.472364831715822,NA,0.262214243412018,NA,3.93637359763185,NA,13.1107121706009,NA,0,0.28571429,0.14285714,NA,1,1,0.5,17.45454545,NA,0.85714286,0.14285714,NA,95.1785481770833,84.2091979980469,NA,10.106289545695,-8.82592010498047,NA,6.15806007385254,0.567786037921906,NA,0.472364831715822,0.262214243412018,NA,3.93637359763185,13.1107121706009,0,0.28571429,0.14285714,NA,1,1,0.5,1,91.2435760498047,-38.0567092895508,0,0,91.2436,0,0,"2024-04-08",0
"Jake Diekman",5003,"2024-04-06","@CIN",25,2024,"NYM","A",37,0,0,18,1,0,0,0,0,0,1,0,1,6,1,2,2,0,1,0,1,0,0,1,9,9,9,1,0,0,2,1,0,0,0,0,0,0.16666667,0.16666667,0,5.48347908231289,0,0.25,2,0.333333333333333,0.33333333,7.1664797782898,10.8335202217102,8.67848818451166,454.149698062268,176.044805026951,211.511429986591,2,0,0.666666666,0.333333333,0,0,0,0,7,11,18,-0.141149997711182,-0.250270009040833,0.10912000387907,-1.43900001049042,-0.136075645685196,1.41757142543793,1.11500000953674,1.11500000953674,1.90899991989136,1,1,-0.0737946182489395,-0.0257770824627735,0,1,0.44444444,94.5,0.33333333,82.66666667,0.22222222,86.75,-0.367367118597031,-0.264257282018661,0.227195501327515,-4.59208898246288,-4.40428803364436,5.67988753318787,0.11111111,0.33333333,0.22222222,1,0.66666667,0.75,0.5,0.66666667,0.05555556,1,1,1,1,1,1,3,0.33333333,0.33333333,0.33333333,0.33333333,0.33333333,0.33333333,4.82819429967118,67.45834,49.05877,70.7578,60.50794,62.59789,63.00411,NA,NA,NA,20,54.8847,20,43.8874,59.52417,40.21694,0.50516,4.83483,84.22,100.6,95.4,102.94,145.5,137.64,NA,NA,NA,97.86,23.22,32.58,94.0666666666667,81.7255555555556,81.0433333333333,0.44444444,NA,0.33333333,0.22222222,94.4625015258789,NA,82.5499979654948,86.5999984741211,10.6199340820312,NA,-6.66882197062175,11.0300569534302,7.07153367996216,NA,0.792557875315348,3.43796801567078,-0.377242390066385,NA,-0.271656177937984,0.229861129075289,-4.71552987582982,NA,-4.52760296563307,5.74652822688222,0.11111111,0.33333333,0.22222222,1,0.66666667,0.75,0.5,18.33333333,0.22222222,0.44444444,0.33333333,86.9677276611328,94.8440246582031,82.910634358724,9.67214488983154,9.33657073974609,-8.28477350870768,1.84558320045471,5.80312871932983,-0.560625195503235,0.229861129075289,-0.377242390066385,-0.271656177937984,5.74652822688222,-4.71552987582982,-4.52760296563307,0.125,0.3,0.22222222,1,0.66666667,0.75,0.55555556,3,77.5795186360677,11.1900316874186,0,0,97.5407,1,0.33333333,"2024-04-06",0
"Jake Diekman",5003,"2024-04-04","DET",25,2024,"NYM","H",37,0,0,0,1,0,0,0,0,0,1,0,0.1,2,0,0,0,0,1,0,0,1,0,1,27.000028163224,27.000028163224,0,1,0,0,0,0,0,0,0,0,0,0.5,0.5,0,10.1952290840149,0,0,3.00000312924711,0,1,6.16648290753691,-6.16648290753691,6.16648290753691,0,151.731081031458,150.807004792197,0,0,0,0,0,0,0,0,6,5,11,-0.0356799773871899,-0.131565988063812,0.0958860069513321,-0.587000012397766,-0.0638390406966209,2.9621000289917,1.23759996891022,2.47519993782043,2.1378002166748,1,1,-0.0187843218445778,0.0067388213422415,0,0,0.63636364,93,0.27272727,83,0.09090909,85,-0.121027037501335,0.0344977974891663,0.0389156937599182,-1.7289576785905,1.14992658297221,3.89156937599182,0.14285714,0.5,0.27272727,1,1,1,0.36363636,0.5,0,0,0,0,0,0,0,0,NA,NA,NA,NA,NA,NA,5.66691278266156,80,55.84947,80,20,65.91871,20,NA,NA,NA,80,69.57334,76.71635,35.72769,67.34387,20,1.0121,5.59524,80.96,164.32,155.32,112.42,49.34,51.2,NA,NA,NA,108.02,162.38,149.6,108.36,90.6218181818182,87.5018181818182,0.63636364,NA,0.27272727,0.09090909,92.971426827567,NA,82.8666687011719,84.8000030517578,11.9579827444894,NA,-8.02325630187988,12.0176286697388,6.6836313520159,NA,0.36943781375885,4.6628246307373,-0.124355852603912,NA,0.0322157368063927,0.039364367723465,-1.77651218005589,NA,1.07385789354642,3.9364367723465,0.14285714,0.5,0.27272727,1,1,1,0.36363636,21,0.09090909,0.63636364,0.27272727,85.2809982299805,93.4947248186384,83.3820343017578,11.2534999847412,11.4114576067243,-8.63428688049316,3.2632200717926,5.21597290039062,-1.06231435139974,0.039364367723465,-0.124355852603912,0.0322157368063927,3.9364367723465,-1.77651218005589,1.07385789354642,0.14285714,0.5,0.27272727,1,1,1,0.36363636,0,NA,NA,0,NA,NA,0,NA,"2024-04-04",1
"Jake Diekman",5003,"2024-03-30","MIL",25,2024,"NYM","H",37,0,0,0,1,0,0,0,0,0,0,0,1,3,0,0,0,0,0,0,0,0,0,1,9,0,0,1,0,0,2,0,0,0,0,0,0,0.33333333,0,0.33333333,-0.694826464786218,0,0,0,0,1,1.1664797782898,-1.1664797782898,1.1664797782898,0,30.1620045506571,29.9783111930123,2,0,1,0,0,0,0,0,2,10,12,0.0126320049166679,0,0.0126320049166679,0.458999991416931,0.0499184317886829,0.16953332722187,0.22299998998642,0.22299998998642,0.172999992966652,1,1,0.0745044723153114,5.98013476213466e-06,0,0,0.66666667,93.125,0.25,82,0.08333333,87,0.389762759208679,0.106812082231045,0.193908214569092,4.87203449010849,3.56040274103483,19.3908214569092,0.2,0.71428571,0.5,0,1,0.83333333,0.58333333,0.66666667,0.08333333,0,1,1,1,1,0,2,0,0.5,0.5,0.5,0.5,0,-0.208687369851438,74.24137,41.33386,80,67.60367,52.99755,63.19574,NA,NA,NA,80,65.66927,80,80,53.79785,80,-2.40494,0.46968,81.56,142.82,93.68,165.94,62.14,77.42,NA,NA,NA,103.22,153.32,160.3,113.408333333333,107.888333333333,109.625,0.66666667,NA,0.25,0.08333333,93.0999984741211,NA,82.0666656494141,86.6999969482422,10.2632884979248,NA,-6.14167976379395,8.54122161865234,5.95182800292969,NA,1.48064883550008,3.23575687408447,0.394430685788393,NA,0.108140081167221,0.196128189563751,4.93038357235491,NA,3.6046693722407,19.6128189563751,0.25,0.75,0.58333333,0,0.83333333,0.71428571,0.66666667,17.44444444,0.08333333,0.66666667,0.25,87.4087982177734,93.8430023193359,82.8000996907552,8.39231014251709,10.0576677322388,-6.00760650634766,1.60758996009827,4.5836386680603,0.201907336711884,0.196128189563751,0.394430685788393,0.108140081167221,19.6128189563751,4.93038357235491,3.6046693722407,0.25,0.75,0.58333333,0,0.83333333,0.71428571,0.66666667,2,82.7588958740234,-23.9462985992432,0,0,96.2426,1,0.5,"2024-03-30",0
