"PlayerName","playerid","Date","Opp","teamid","season","Team","HomeAway","Age","W","L","ERA","G","GS","QS","CG","ShO","SV","HLD","BS","IP","TBF","H","R","ER","HR","BB","IBB","HBP","WP","BK","SO","K/9","BB/9","H/9","K/BB","IFH%","BUH%","GB","FB","LD","IFFB","IFH","BU","BUH","K%","BB%","K-BB%","SIERA","HR/9","AVG","WHIP","BABIP","LOB%","FIP","E-F","xFIP","ERA-","FIP-","xFIP-","GB/FB","LD%","GB%","FB%","IFFB%","HR/FB","RS","RS/9","Balls","Strikes","Pitches","WPA","-WPA","+WPA","RE24","REW","pLI","inLI","gmLI","exLI","Pulls","Games","WPA/LI","Clutch","SD","MD","FB%1","FBv","SL%","SLv","CT%","CTv","CH%","CHv","XX%","wFB","wSL","wCT","wCH","wFB/C","wSL/C","wCT/C","wCH/C","O-Swing%","Z-Swing%","Swing%","O-Contact%","Z-Contact%","Contact%","Zone%","F-Strike%","SwStr%","Pull","Cent","Oppo","Soft","Med","Hard","bipCount","Pull%","Cent%","Oppo%","Soft%","Med%","Hard%","tERA","pb_o_CH","pb_s_CH","pb_c_CH","pb_o_FF","pb_s_FF","pb_c_FF","pb_o_SI","pb_s_SI","pb_c_SI","pb_o_SL","pb_s_SL","pb_c_SL","pb_o_KC","pb_s_KC","pb_c_KC","pb_overall","pb_stuff","pb_command","pb_xRV100","pb_ERA","sp_s_CH","sp_l_CH","sp_p_CH","sp_s_FF","sp_l_FF","sp_p_FF","sp_s_SI","sp_l_SI","sp_p_SI","sp_s_SL","sp_l_SL","sp_p_SL","sp_s_KC","sp_l_KC","sp_p_KC","sp_stuff","sp_location","sp_pitching","pfxFA%","pfxSI%","pfxSL%","pfxKC%","pfxCH%","pfxvFA","pfxvSI","pfxvSL","pfxvKC","pfxvCH","pfxFA-X","pfxSI-X","pfxSL-X","pfxKC-X","pfxCH-X","pfxFA-Z","pfxSI-Z","pfxSL-Z","pfxKC-Z","pfxCH-Z","pfxwFA","pfxwSI","pfxwSL","pfxwKC","pfxwCH","pfxwFA/C","pfxwSI/C","pfxwSL/C","pfxwKC/C","pfxwCH/C","pfxO-Swing%","pfxZ-Swing%","pfxSwing%","pfxO-Contact%","pfxZ-Contact%","pfxContact%","pfxZone%","pfxPace","piCH%","piFA%","piFC%","piSI%","piSL%","pivCH","pivFA","pivFC","pivSI","pivSL","piCH-X","piFA-X","piFC-X","piSI-X","piSL-X","piCH-Z","piFA-Z","piFC-Z","piSI-Z","piSL-Z","piwCH","piwFA","piwFC","piwSI","piwSL","piwCH/C","piwFA/C","piwFC/C","piwSI/C","piwSL/C","piO-Swing%","piZ-Swing%","piSwing%","piO-Contact%","piZ-Contact%","piContact%","piZone%","Events","EV","LA","Barrels","Barrel%","maxEV","HardHit","HardHit%","gamedate","dh"
"Jhony Brito",25386,"2024-08-10","@MIA",29,2024,"SDP","A",26,0,0,0,1,0,0,0,0,0,0,0,2.1,8,1,0,0,0,1,0,0,0,0,3,11.5714301479108,3.85714338263694,3.85714338263694,3,0,0,2,0,2,0,0,0,0,0.375,0.125,0.25,2.53166658401489,0,0.142857142857143,0.85714297391932,0.25,1,1.88076531741082,-1.88076531741082,1.88076531741082,0,47.5373047469316,47.2395380998398,2,0.5,0.5,0,0,0,5,19.2857169131847,10,19,29,0.0492200292646885,-0.0344799757003784,0.0837000012397766,1.55799996852875,0.155024871230125,0.417333334684372,0.342999994754791,0.483999997377396,2.49200010299683,1,1,0.132962957024574,-0.0150235901587248,0,0,0.65517241,96.57894737,0.13793103,83,NA,NA,0.20689655,88.5,NA,0.344920575618744,0.338513880968094,NA,0.0796539932489395,1.81537145062497,8.46284702420235,NA,1.32756655414899,0.33333333,0.84615385,0.57142857,0.8,0.81818182,0.8125,0.46428571,0.5,0.10344828,2,1,1,1,2,1,4,0.5,0.25,0.25,0.25,0.5,0.25,4.06386220364685,34.83385,51.18834,32.45953,36.5551,45.13591,38.51537,80,67.24601,66.52563,51.50153,50.42525,48.62172,NA,NA,NA,57.88958,53.83651,50.54835,-0.36474,3.52998,111.82,91.32,100.74,71.34,109.54,89.52,111.82,120.56,138.28,123.576,94.808,105.452,NA,NA,NA,102.909333333333,106.237333333333,109.649333333333,0.27586207,0.37931034,0.13793103,NA,0.20689655,96.3499984741211,96.5999977805398,83,NA,88.5666707356771,-5.36861562728882,-10.1644321788441,6.30609893798828,NA,-9.04428672790527,8.03828525543213,6.18123765425249,-0.300716578960419,NA,3.9143009185791,0.303786017000675,0.0402457155287266,0.341562729328871,NA,0.079982552677393,3.79732521250844,0.365870141170242,8.53906823322177,NA,1.33304254462322,0.26666667,0.85714286,0.55172414,0.75,0.83333333,0.8125,0.48275862,21.42105263,0.20689655,0.27586207,NA,0.37931034,0.13793103,88.6227823893229,96.4479141235352,NA,96.6815518465909,83.052375793457,-9.10772450764974,-5.15916013717651,NA,-10.0476864901456,6.67978286743164,2.65754159291585,6.96513509750366,NA,4.80147899280895,-1.65852248668671,0.079982552677393,0.303786017000675,NA,0.0402457155287266,0.341562729328871,1.33304254462322,3.79732521250844,NA,0.365870141170242,8.53906823322177,0.26666667,0.85714286,0.55172414,0.75,0.83333333,0.8125,0.48275862,4,80.0125045776367,-5.66995906829834,0,0,100.034,1,0.25,"2024-08-10",0
"Jhony Brito",25386,"2024-06-23","MIL",29,2024,"SDP","H",26,0,0,0,1,0,0,0,0,0,0,0,2,8,2,0,0,0,0,0,0,0,0,2,9,0,9,2,0,0,4,2,0,0,0,0,0,0.25,0,0.25,2.16704158401489,0,0.25,1,0.333333333333333,1,1.1664797782898,-1.1664797782898,2.67848818451166,0,30.1672745395749,66.5170884121943,2,0,0.666666666,0.333333333,0,0,1,4.5,7,21,28,0.00591800082474947,-0.00588599964976311,0.0118040004745126,0.913999974727631,0.0997272282838821,0.0692222192883492,0.0522000007331371,0.0522000007331371,NA,0,1,0.021474314853549,0.0640184775704803,0,0,0.40740741,96.63636364,0.11111111,88,NA,NA,0.48148148,89.92307692,0.03571429,-0.693291842937469,0.144188836216927,NA,0.589560747146606,-6.30265311761336,4.80629454056422,NA,4.53508267035851,0.38461538,0.71428571,0.55555556,0.8,0.7,0.73333333,0.51851852,0.375,0.14285714,2,3,1,1,3,2,6,0.33333333,0.5,0.16666667,0.16666667,0.5,0.33333333,0.0340137286270082,60.42909,44.63199,67.5331,26.08177,57.52716,20,80,67.00381,80,64.42509,43.81597,67.37293,NA,NA,NA,69.89051,53.59716,76.0018,-1.11031,2.41163,107.36,121.98,133.6,84.18,79.92,74.26,119.36,169.82,183.76,112.1,118.74,125.86,NA,NA,NA,107.563703703704,127.791851851852,136.953333333333,0.14814815,0.25925926,0.11111111,NA,0.48148148,96.5250015258789,96.7142857142857,87.8666585286458,NA,90.030771108774,-6.34171056747437,-10.3156542096819,0.625731031099955,NA,-9.15225571852464,8.92883777618408,6.38294492449079,1.38309494654338,NA,4.63161028348483,0.217715762555599,-0.919495072215796,0.145963985472918,NA,0.59639135748148,5.44289406388998,-13.1356438887971,4.86546618243059,NA,4.58762582678061,0.1,0.82352941,0.55555556,1,0.71428571,0.73333333,0.62962963,19.2,0.48148148,0.14814815,0.11111111,0.25925926,NA,89.873056265024,96.3632507324219,87.7145690917969,96.5756138392857,NA,-8.54617309570312,-5.45753002166748,1.48225339253743,-9.77208818708147,NA,3.09344687828651,7.64158487319946,0.205434441566467,4.99792861938477,NA,0.59639135748148,0.217715762555599,0.145963985472918,-0.919495072215796,NA,4.58762582678061,5.44289406388998,4.86546618243059,-13.1356438887971,NA,0.125,0.73684211,0.55555556,1,0.71428571,0.73333333,0.7037037,6,94.5969848632812,0.556725740432739,1,0.16666667,106.283,4,0.66666667,"2024-06-23",0
"Jhony Brito",25386,"2024-06-22","MIL",29,2024,"SDP","H",26,0,0,54.0000563264481,1,0,0,0,0,0,0,0,0.2,6,3,4,4,1,1,0,0,0,0,2,27.000028163224,13.500014081612,40.5000422448361,2,0,0,0,1,2,0,0,0,0,0.33333333,0.16666667,0.16666667,3.90439574337839,13.500014081612,0.6,6.00000625849423,1,0,21.1664985537725,32.8335577726756,3.93449318872301,1364.82723948345,516.528696199234,96.8693581788228,0,0.666666666,0,0.333333333,0,1,0,0,9,17,26,-0.00831998325884342,-0.0111740007996559,0.00285401707515121,-3.63700008392334,-0.396835774183273,0.0525666661560535,0.0621999986469746,0.0621999986469746,0.400999993085861,1,1,-0.188035026192665,0.0297601370424941,0,0,0.5,96.69230769,0.07692308,88.5,NA,NA,0.42307692,89.72727273,NA,-1.63868761062622,-0.390629470348358,NA,-0.0902959182858467,-12.6052893125094,-19.5314735174179,NA,-0.820871984416788,0.23076923,0.69230769,0.46153846,1,0.55555556,0.66666667,0.5,0.5,0.15384615,1,1,1,0,1,2,3,0.33333333,0.33333333,0.33333333,0,0.33333333,0.66666667,21.3274388182411,46.02691,51.02421,54.87393,41.15611,32.95159,59.15182,36.01616,65.67724,42.97873,80,35.52277,80,NA,NA,NA,41.09644,46.26357,58.94936,0.67856,5.09493,106.44,69.28,81.88,87,105.66,77.72,109.14,60.88,66.04,87.76,164.16,165.84,NA,NA,NA,99.5407692307692,86.1569230769231,84.0123076923077,0.30769231,0.19230769,0.07692308,NA,0.42307692,96.6374969482422,96.7,88.4499969482422,NA,89.6181807084517,-6.77246236801147,-10.4322387695312,1.12212991714478,NA,-9.81137570467862,8.15016460418701,6.14021606445313,3.45196294784546,NA,5.52901354703036,-1.10409558564425,-0.541280530393124,-0.39679679274559,NA,-0.095471303910017,-13.8011948205531,-10.8256106078625,-19.8398396372795,NA,-0.867920944636518,0.09090909,0.73333333,0.46153846,1,0.63636364,0.66666667,0.57692308,18.65,0.42307692,0.30769231,0.07692308,0.19230769,NA,89.4227905273438,96.431510925293,88.2420959472656,96.5105590820312,NA,-9.22028697620739,-6.10406494140625,2.14324498176575,-9.65179595947266,NA,3.67318101362749,6.72219896316528,1.81247496604919,4.51977806091309,NA,-0.095471303910017,-1.10409558564425,-0.39679679274559,-0.541280530393124,NA,-0.867920944636518,-13.8011948205531,-19.8398396372795,-10.8256106078625,NA,0.09090909,0.73333333,0.46153846,1,0.63636364,0.66666667,0.57692308,3,87.8649495442708,19.4342447916667,0,0,93.6687,0,0,"2024-06-22",0
"Jhony Brito",25386,"2024-06-17","@PHI",29,2024,"SDP","A",26,0,0,6.75000160932579,1,0,0,0,0,0,0,0,1.1,8,3,1,1,0,1,0,0,0,0,0,0,6.75000160932579,20.2500048279774,0,0,0,2,3,2,0,0,0,0,0,0.125,-0.125,7.80369783401489,0,0.428571428571429,3.00000071525591,0.428571428571429,0.75,5.41648031473173,1.33352129459407,8.81850003983563,170.603267657202,133.518992663566,214.894917782475,0.666666666,0.285714285,0.285714285,0.428571428,0,0,1,6.75000160932579,8,18,26,-0.00240398058667779,-0.00522002810612321,0.00281604751944542,-0.395000010728836,-0.0404505878686905,0.0226750001311302,0.0233999993652105,0.0101999994367361,0,1,1,-0.145694106817245,0.0396751179407076,0,0,0.46153846,96,0.26923077,87.28571429,NA,NA,0.26923077,90,NA,0.0269318670034409,-0.70477706193924,NA,-0.398293018341064,0.224432225028674,-10.0682437419891,NA,-5.68990026201521,0.47058824,0.55555556,0.5,1,0.6,0.84615385,0.34615385,0.875,0.07692308,2,2,3,1,4,2,7,0.28571429,0.28571429,0.42857143,0.14285714,0.57142857,0.28571429,6.49073167747738,48.45168,37.91692,55.71807,53.30633,35.1772,63.81841,80,47.41208,80,24.83267,42.84167,24.98716,NA,NA,NA,51.82607,40.13901,61.97574,0.01196,4.09503,96.04,79.16,84.28,86.34,126.52,103.12,100.6,152.98,154.28,109.84,74.32,75.6,NA,NA,NA,98.5692307692308,105.821538461538,102.444615384615,0.23076923,0.23076923,0.26923077,NA,0.26923077,95.9833374023438,95.75,87.3285696847098,NA,90.0428553989955,-6.56651306152344,-9.26631291707357,0.858771256038121,NA,-9.52762603759766,7.82494163513184,6.37328783671061,2.16361263820103,NA,5.76362609863281,0.264856282621622,-0.235707968473434,-0.716345731168985,NA,-0.407742694020271,4.41427137702703,-3.92846614122391,-10.2335104452712,NA,-5.82489562886102,0.33333333,0.64285714,0.5,1,0.77777778,0.84615385,0.53846154,19.77777778,0.26923077,0.23076923,0.26923077,0.23076923,NA,89.8129185267857,95.7774963378906,87.1241280691964,95.5496826171875,NA,-9.67627171107701,-6.42310523986816,1.29092570713588,-9.26692644755046,NA,4.08946718488421,6.66237640380859,1.00772414888654,5.15596834818522,NA,-0.407742694020271,0.264856282621622,-0.716345731168985,-0.235707968473434,NA,-5.82489562886102,4.41427137702703,-10.2335104452712,-3.92846614122391,NA,0.30769231,0.69230769,0.5,1,0.77777778,0.84615385,0.5,7,80.8093523297991,12.2772652762277,0,0,99.8211,2,0.28571429,"2024-06-17",0
"Jhony Brito",25386,"2024-06-15","@NYM",29,2024,"SDP","A",26,0,0,3.85714338263694,1,0,0,0,0,0,0,0,2.1,9,2,1,1,1,0,0,0,0,0,2,7.71428676527388,0,7.71428676527388,2,0,0,1,6,0,1,0,0,0,0.22222222,0,0.22222222,5.19670439216114,3.85714338263694,0.222222222222222,0.85714297391932,0.166666666666667,1,7.02362316092673,-3.1664797782898,5.34021597615122,97.4875715571779,172.601569948131,130.839666512036,0.166666666,0,0.142857142,0.857142857,0.166666666,0.166666666,1,3.85714338263694,14,23,37,-0.116208001971245,-0.183334022760391,0.0671260207891464,-0.776999950408936,-0.0845024585723877,0.450933337211609,0.659150004386902,1.14259994029999,0.363000005483627,1,1,-0.00518178008496761,-0.252523721774417,0,1,0.58333333,95.76190476,0.27777778,86.9,NA,NA,0.13888889,89.6,0.02702703,0.890426814556122,0.294710427522659,NA,-1.2861932516098,4.24012768836248,2.94710427522659,NA,-25.723865032196,0.19230769,0.8,0.36111111,1,0.875,0.92307692,0.27777778,0.55555556,0.02702703,2,3,2,1,2,4,7,0.28571429,0.42857143,0.28571429,0.14285714,0.28571429,0.57142857,4.08729883040389,34.20702,45.19661,30.56875,80,56.47023,80,68.11816,61.13057,68.22124,25.63108,40.10167,25.41285,20,40.8976,20,54.90024,51.06237,58.40435,-0.17902,3.80856,104.52,74,108.16,89.8,133.38,138.74,118.98,135.18,147.26,88.42,72.36,70.98,87.34,14.96,16.74,104.4,107.388333333333,117.950555555556,0.22222222,0.36111111,0.25,0.02777778,0.13888889,95.6999969482422,95.6769268329327,87.5555555555556,81.3000030517578,89.5799987792969,-7.34213829040527,-10.3763462946965,-0.0251262618435754,1.43456745147705,-9.61013793945312,9.24675846099854,7.56681530292218,3.27076890733507,-1.45660984516144,5.90573120117188,0.581661935895681,0.318876411765814,0.315134763717651,-0.0350487045943737,-1.28693043813109,7.27077419869602,2.45289547512164,3.50149737464057,-3.50487045943737,-25.7386087626219,0.19047619,0.6,0.36111111,1,0.88888889,0.92307692,0.41666667,19.67857143,0.13888889,0.16666667,0.25,0.41666667,0.02777778,89.6477600097656,95.7249145507812,87.6084526909722,95.7627115885417,81.3860015869141,-9.7577880859375,-6.60957145690918,0.554259988996718,-10.0820536295573,1.44941997528076,4.44399604797363,8.68194325764974,1.93871625264486,6.34400939941406,-2.27192997932434,-1.28693043813109,0.263570245355368,0.315134763717651,0.626162331551313,-0.0350487045943737,-25.7386087626219,4.39283742258946,3.50149737464057,4.17441554367542,-3.50487045943737,0.19047619,0.6,0.36111111,1,0.88888889,0.92307692,0.41666667,7,85.6712036132812,32.4056374686105,1,0.14285714,105.139,1,0.14285714,"2024-06-15",0
"Jhony Brito",25386,"2024-06-09","ARI",29,2024,"SDP","H",26,0,0,3,1,0,0,0,0,0,0,0,3,13,5,1,1,0,0,0,0,0,0,3,9,0,15,3,0,0,5,3,2,0,0,0,0,0.23076923,0,0.23076923,2.65374684579276,0,0.384615384615385,1.66666666666667,0.5,0.8,1.1664797782898,1.8335202217102,2.67848818451166,75.8236564365391,30.1672745395749,66.5170884121943,1.666666666,0.2,0.5,0.3,0,0,0,0,16,29,45,-0.0397239997982979,-0.078514002263546,0.0387900024652481,-0.260999977588654,-0.0284779109060764,0.217840000987053,0.189099997282028,0.503199994564056,0.0443999990820885,1,1,-0.0251603536307812,-0.157193665917074,0,0,0.48888889,96.95454545,0.15555556,87.14285714,NA,NA,0.35555556,90.25,NA,-0.744626998901367,0.243177711963654,NA,0.233036935329437,-3.3846681768244,3.47396731376648,NA,1.45648084580898,0.22727273,0.7826087,0.51111111,0.4,0.94444444,0.82608696,0.51111111,0.53846154,0.08888889,2,5,3,2,6,2,10,0.2,0.5,0.3,0.2,0.6,0.2,1.74854707624222,66.35571,53.65233,69.67939,20,42.07652,20,55.85753,73.87378,53.92668,29.37613,43.19268,31.75288,NA,NA,NA,37.67636,53.85281,37.9534,0.89103,5.41364,113.8,135.08,157.42,92.6,53.36,47.96,128.48,105.92,147.18,113.2,75.78,77.32,NA,NA,NA,111.315555555556,97.5835555555555,113.495111111111,0.26666667,0.22222222,0.15555556,NA,0.35555556,96.9333292643229,96.9299987792969,86.8714250837054,NA,90.1999969482422,-6.89719390869141,-9.52841491699219,1.60439028058733,NA,-9.35154438018799,7.83664194742839,6.19786758422852,1.48876639774867,NA,4.39922428131104,-0.418879888951778,-0.339843451976776,0.245003364980221,NA,0.275426395237446,-3.49066574126482,-3.39843451976776,3.50004807114601,NA,1.72141497023404,0.15789474,0.76923077,0.51111111,0,0.95,0.82608696,0.57777778,20.8125,0.35555556,0.26666667,0.15555556,0.22222222,NA,90.3035507202148,97.0675557454427,86.9827880859375,97.0624816894531,NA,-8.64235782623291,-6.08053334554036,2.66529437473842,-9.00459136962891,NA,2.87382125854492,6.6288808186849,0.0469250210693904,5.02827186584473,NA,0.275426395237446,-0.418879888951778,0.245003364980221,-0.339843451976776,NA,1.72141497023404,-3.49066574126482,3.50004807114601,-3.39843451976776,NA,0.15789474,0.76923077,0.51111111,0,0.95,0.82608696,0.57777778,10,88.8131469726563,9.64957885742188,0,0,107.828,4,0.4,"2024-06-09",0
"Jhony Brito",25386,"2024-06-08","ARI",29,2024,"SDP","H",26,0,0,0,1,0,0,0,0,0,0,0,1,4,1,0,0,0,0,0,0,0,0,0,0,0,9,0,0,0,2,2,0,1,0,0,0,0,0,0,6.03472908401489,0,0.25,1,0.25,1,3.1664797782898,-3.1664797782898,6.19049659073353,0,78.8033710472314,151.387312822842,1,0,0.5,0.5,0.5,0,0,0,2,7,9,2.20036527025513e-05,-7.80129412305541e-05,0.000100016593933105,0.457000017166138,0.0498636141419411,0.00199999986216426,0,0,NA,0,1,0.0100016593933105,0.00100016771618762,0,0,0.66666667,95.33333333,0.11111111,87,NA,NA,0.22222222,89.5,NA,0.290667951107025,0.0389156937599182,NA,-0.0818048268556595,4.84446585178375,3.89156937599182,NA,-4.09024134278297,0.4,1,0.66666667,1,1,1,0.44444444,0.75,0,1,2,1,1,3,0,4,0.25,0.5,0.25,0.25,0.75,0,0.205764191984366,27.85406,46.26432,22.51332,NA,NA,NA,80,66.24791,80,80,38.56168,80,NA,NA,NA,80,57.23755,80,-2.5834,0.20199,99.44,60.64,65.52,NA,NA,NA,114.88,154.14,174.76,82.48,169.18,164.3,NA,NA,NA,107.848888888889,135.033333333333,149.322222222222,NA,0.66666667,0.11111111,NA,0.22222222,NA,95.4166666666667,86.9000015258789,NA,89.4000015258789,NA,-9.9871711730957,0.193413093686104,NA,-9.68458461761475,NA,6.1712818145752,3.20008039474487,NA,5.9758129119873,NA,0.335276812314987,0.039364367723465,NA,-0.0833708606660366,NA,5.58794687191645,3.9364367723465,NA,-4.16854303330183,0.33333333,0.83333333,0.66666667,1,1,1,0.66666667,18,0.22222222,NA,0.11111111,0.66666667,NA,89.5278472900391,NA,87.0050964355469,95.5347290039062,NA,-8.85989475250244,NA,1.30134999752045,-9.26675860087077,NA,4.41698503494263,NA,1.92586994171143,4.81083329518636,NA,-0.0833708606660366,NA,0.039364367723465,0.335276812314987,NA,-4.16854303330183,NA,3.9364367723465,5.58794687191645,NA,0.33333333,0.83333333,0.66666667,1,1,1,0.66666667,4,80.4389572143555,11.2590389251709,0,0,95.0516,1,0.25,"2024-06-08",0
"Jhony Brito",25386,"2024-06-05","@LAA",29,2024,"SDP","A",26,0,0,0,1,0,0,0,0,0,0,0,0.2,2,0,0,0,0,0,0,0,0,0,1,13.500014081612,0,0,1,0,0,1,0,0,0,0,0,0,0.5,0,0.5,-0.528020915985107,0,0,0,0,1,0.166476649042681,-0.166476649042681,0.166476649042681,0,5.84915018856433,5.81251197675874,1,0,1,0,0,0,0,0,1,5,6,0.017691956833005,0,0.017691956833005,0.26800000667572,0.0271943174302578,0.350600004196167,0.203500002622604,0.407000005245209,NA,0,1,0.0505985617637634,-0.000136620459547175,0,0,0.5,95.66666667,0.16666667,88,NA,NA,0.33333333,90,NA,0.132020100951195,-0.0207000374794006,NA,0.367077767848969,4.40067003170649,-2.07000374794006,NA,18.3538883924484,0,0.6,0.5,NA,0.66666667,0.66666667,0.83333333,1,0.16666667,1,0,0,0,1,0,1,1,0,0,0,1,0,-0.891745903466235,78.28045,47.66277,80,80,50.44681,80,80,80,80,80,55.28027,80,NA,NA,NA,80,58.91587,80,-3.17178,-0.68058,140.46,133.3,168.78,84.24,145.7,134.08,120.22,166.56,177.14,144.2,122.84,135.86,NA,NA,NA,118.97,141.233333333333,153.12,0.33333333,0.16666667,0.16666667,NA,0.33333333,96.1999969482422,95.3000030517578,87.5999984741211,NA,89.6500015258789,-7.14658641815186,-10.7560129165649,0.155856877565384,NA,-8.36348533630371,8.96934509277344,5.92072248458862,2.61050963401794,NA,5.27333784103394,0.094138327986002,0.039364367723465,-0.0210469514131546,NA,0.37150351703167,4.7069163993001,3.9364367723465,-2.10469514131546,NA,18.5751758515835,0,0.6,0.5,NA,0.66666667,0.66666667,0.83333333,15,0.33333333,0.33333333,0.16666667,0.16666667,NA,89.6054534912109,96.1521987915039,87.5220031738281,95.2572021484375,NA,-8.34998512268066,-6.94167995452881,0.693849980831146,-10.6635999679565,NA,3.59896993637085,7.58846998214722,1.02848994731903,4.18330001831055,NA,0.37150351703167,0.094138327986002,-0.0210469514131546,0.039364367723465,NA,18.5751758515835,4.7069163993001,-2.10469514131546,3.9364367723465,NA,0,0.6,0.5,NA,0.66666667,0.66666667,0.83333333,1,89.2550201416016,-12.5632162094116,0,0,89.255,0,0,"2024-06-05",0
"Jhony Brito",25386,"2024-05-29","MIA",29,2024,"SDP","H",26,0,0,2.70000025749209,1,0,0,0,0,0,0,0,3.1,14,3,2,1,0,1,0,0,0,0,2,5.40000051498418,2.70000025749209,8.10000077247627,2,0.142857142,0,7,4,0,1,1,0,0,0.14285714,0.07142857,0.07142857,4.21903521235734,0,0.230769230769231,1.20000011444093,0.272727272727273,0.5,2.86647974967956,-0.166479492187473,4.68089001018145,68.2412973008825,71.5079558753379,114.906577458921,1.75,0,0.636363636,0.363636363,0.25,0,0,0,14,28,42,-0.00424399925395846,-0.0100719993934035,0.00582800060510635,-0.534999966621399,-0.0583742447197437,0.0256142858415842,0.0225600004196167,0.034400001168251,NA,0,1,-0.266459047794342,0.100770288005911,0,0,0.5952381,95.92,0.02380952,87,NA,NA,0.38095238,89.8125,NA,-1.33173310756683,-0.0238054171204567,NA,1.52045595645905,-5.32693243026733,-2.38054171204567,NA,9.50284972786903,0.34782609,0.78947368,0.54761905,0.875,0.8,0.82608696,0.45238095,0.64285714,0.0952381,5,3,3,3,6,2,11,0.45454545,0.27272727,0.27272727,0.27272727,0.54545455,0.18181818,0.9270561951553,61.6378,39.05575,64.84708,24.86704,36.22512,24.59327,57.042,65.49276,53.25603,20,48.0805,20,NA,NA,NA,47.46779,44.64824,50.07371,0.28273,4.50119,105.56,128.76,132.26,74.76,72.46,53.52,110.78,92.16,100.74,95.68,47.86,42.58,NA,NA,NA,101.570952380952,101.295714285714,102.368571428571,0.26190476,0.33333333,0.02380952,NA,0.38095238,96.0727317116477,95.7071446010045,87,NA,89.8312530517578,-6.74476554177024,-10.0073656354632,0.951874852180481,NA,-9.33986759185791,7.48877646706321,6.00214059012277,2.40138292312622,NA,4.99482154846191,-0.0110407844185829,-1.33738536015153,-0.0242429338395596,NA,1.58136399462819,-0.100370767441663,-9.55275257251092,-2.42429338395596,NA,9.88352496642619,0.22222222,0.79166667,0.54761905,1,0.78947368,0.82608696,0.57142857,19.60714286,0.38095238,0.28571429,0.02380952,0.30952381,NA,89.7674407958984,96.0020039876302,86.9073028564453,95.6332350510817,NA,-8.75527095794678,-6.2553227742513,2.18690991401672,-9.65848541259766,NA,3.4551055431366,6.2340710957845,0.843281984329224,4.59172615638146,NA,1.58136399462819,0.223165713250637,-0.0242429338395596,-1.57159185782075,NA,9.88352496642619,1.85971427708864,-2.42429338395596,-12.0891681370827,NA,0.17647059,0.8,0.54761905,1,0.8,0.82608696,0.5952381,11,87.3721424449574,4.71291004527699,1,0.09090909,102.578,3,0.27272727,"2024-05-29",0
"Jhony Brito",25386,"2024-05-24","NYY",29,2024,"SDP","H",26,0,0,4.5,1,0,0,0,0,0,0,0,2,8,1,1,1,0,1,0,0,1,0,1,4.5,4.5,4.5,1,0,0,4,1,1,0,0,0,0,0.125,0.125,0,4.55180720901489,0,0.142857142857143,1,0.166666666666667,0.5,3.6664797782898,0.833520221710205,4.42248398140073,113.735484654809,90.9623951741455,108.662008791935,4,0.166666666,0.666666666,0.166666666,0,0,0,0,14,17,31,0.000166000027093105,-0.000621999963186681,0.000788000004831702,-0.0859999507665634,-0.00938352476805449,0.00542222196236253,0.00719999987632036,0.0121999997645617,NA,0,1,-0.0176545642316341,0.0482693247938847,0,0,0.5483871,96.17647059,0.06451613,85.5,NA,NA,0.38709677,90.66666667,NA,-0.359556257724762,0.00450797751545906,NA,0.647475600242615,-2.11503681014566,0.225398875772953,NA,5.39563000202179,0.16666667,0.76923077,0.41935484,1,0.8,0.84615385,0.41935484,0.5,0.06451613,2,2,2,1,4,1,6,0.33333333,0.33333333,0.33333333,0.16666667,0.66666667,0.16666667,3.69532632564624,42.00009,50.44814,49.29243,80,36.4936,80,30.29099,69.82616,25.49207,69.18214,31.08703,75.73138,NA,NA,NA,48.17605,50.37808,57.48891,0.23873,4.43519,103.92,87.82,108.9,95.72,149.5,129.14,126.52,76.14,111.66,96.68,92.3,104.64,NA,NA,NA,108.891612903226,98.2690322580645,114.085806451613,0.25806452,0.29032258,0.06451613,NA,0.38709677,96.0250015258789,96.2111070421007,85.5500030517578,NA,90.7333374023438,-6.82715892791748,-10.5715747409397,0.439073324203491,NA,-10.4118811289469,8.80863571166992,7.68868001302083,1.43938565254211,NA,4.72536277770996,-0.281602464616299,-0.0843879096210003,0.00431566312909126,NA,0.655088841915131,-3.52003080770373,-0.937643440233337,0.215783156454563,NA,5.45907368262609,0,0.76470588,0.41935484,NA,0.76923077,0.76923077,0.5483871,18.68181818,0.38709677,0.22580645,0.06451613,0.32258065,NA,90.729248046875,96.1476004464286,85.5026550292969,96.0806274414062,NA,-9.74636205037435,-5.83737291608538,1.37335848808289,-10.0021240234375,NA,2.89433415730794,7.68432562691825,-0.0364988297224045,6.21461601257324,NA,0.655088841915131,-0.551125042140484,0.00431566312909126,0.185134667903185,NA,5.45907368262609,-7.8732148877212,0.215783156454563,1.85134667903185,NA,0,0.65,0.41935484,NA,0.76923077,0.76923077,0.64516129,6,87.1799825032552,1.84520244598389,0,0,103.158,3,0.5,"2024-05-24",0
"Jhony Brito",25386,"2024-05-21","@CIN",29,2024,"SDP","A",26,0,0,0,1,0,0,0,0,0,0,0,1.2,5,0,0,0,0,0,0,0,0,0,2,10.8000041198746,0,0,2,0,0,2,0,1,0,0,0,0,0.4,0,0.4,0.409289084014893,0,0,0,0,1,0.766478862762102,-0.766478862762102,0.766478862762102,0,20.440032974197,20.31199963033,2,0.333333333,0.666666666,0,0,0,0,0,6,10,16,0.0550100058317184,0,0.0550100058317184,1.00399994850159,0.0949409008026123,0.415800005197525,0.504000008106232,0.554000020027161,0.252999991178513,1,1,0.132402867078781,-0.000103672408049843,0,0,0.5625,96.11111111,0.125,86,NA,NA,0.3125,89.4,NA,0.821594297885895,0.00212088599801064,NA,0.413201719522476,9.1288255320655,0.106044299900532,NA,8.26403439044952,0.125,0.625,0.375,0,0.8,0.66666667,0.5,0.6,0.125,2,1,0,0,3,0,3,0.66666667,0.33333333,0,0,1,0,1.55372868806385,47.18488,39.52663,47.79929,33.97925,38.84816,39.51702,80,42.03029,80,20,35.82846,24.68094,NA,NA,NA,34.31893,35.75336,42.95072,1.09962,5.72652,100.6,86.68,86.34,79.64,94.08,73.76,86.14,195.9,201.14,92.48,75.06,82.1,NA,NA,NA,89.01375,108.48125,102.6175,0.375,0.1875,0.125,NA,0.3125,95.9666646321615,95.8333333333333,85.6500015258789,NA,89.2799987792969,-6.57023811340332,-8.56972694396973,1.53496956825256,NA,-7.95212478637695,8.37915992736816,7.33263079325358,2.13158512115479,NA,4.94647026062012,-0.0242785848677158,0.856765642762184,0.00184798240661621,NA,0.417202837765217,-0.404643081128597,28.5588547587395,0.0923991203308105,NA,8.34405675530434,0.14285714,0.55555556,0.375,0,0.8,0.66666667,0.5625,16.81818182,0.3125,0.375,0.125,0.1875,NA,89.6219787597656,96.3540852864583,85.9998931884766,96.2307332356771,NA,-7.77780990600586,-6.06662178039551,2.10143995285034,-8.36065038045247,NA,3.5699821472168,7.26989809672038,0.978308975696564,6.08729998270671,NA,0.417202837765217,-0.0242785848677158,0.00184798240661621,0.856765642762184,NA,8.34405675530434,-0.404643081128597,0.0923991203308105,28.5588547587395,NA,0.14285714,0.55555556,0.375,0,0.8,0.66666667,0.5625,3,92.2934977213542,4.73863347371419,0,0,104.349,2,0.66666667,"2024-05-21",0
"Jhony Brito",25386,"2024-05-20","@ATL",29,2024,"SDP","A",26,1,0,0,1,0,0,0,0,0,0,0,1,4,1,0,0,0,0,0,0,0,0,1,9,0,9,1,0,0,1,1,1,1,0,0,0,0.25,0,0.25,2.72685408401489,0,0.25,1,0.333333333333333,1,1.1664797782898,-1.1664797782898,2.67848818451166,0,30.1672745395749,66.5170884121943,1,0.333333333,0.333333333,0.333333333,1,0,4,36,7,15,22,0.0127000231295824,-0.0106560112908483,0.0233560353517532,0.506999969482422,0.0515243895351887,0.249199986457825,0.213599994778633,0.213599994778633,2.48359990119934,1,1,0.0184475984424353,0.0325155790043331,0,0,0.59090909,96.46153846,0.09090909,86,NA,NA,0.31818182,89.85714286,NA,0.438664108514786,-0.797038972377777,NA,0.346000105142593,3.37433929626758,-39.8519486188889,NA,4.94285864489419,0.5,0.625,0.54545455,0.85714286,0.6,0.75,0.36363636,0.75,0.13636364,1,1,1,2,0,1,3,0.33333333,0.33333333,0.33333333,0.66666667,0,0.33333333,1.82496272632793,72.28584,49.89763,80,50.24315,36.69473,67.12968,31.98188,39.7966,43.7061,68.51721,40.62304,80,NA,NA,NA,54.63009,40.53383,75.20169,-0.16224,3.83373,124.52,132.92,153.6,82.26,113.62,91.38,99.86,117.56,109.78,125.74,96.94,105.3,NA,NA,NA,106.859090909091,119.856363636364,119.97,0.27272727,0.31818182,0.09090909,NA,0.31818182,96.1500040690104,96.7428588867188,85.75,NA,89.971426827567,-7.24046325683594,-8.69345310756138,0.197738170623779,NA,-9.57727813720703,7.37348747253418,6.71928187779018,1.28898143768311,NA,4.66243035452707,0.0471022166311741,0.396890353411436,-0.804897751659155,NA,0.332095514982939,0.785036943852901,5.66986219159194,-40.2448875829577,NA,4.74422164261341,0.4,0.66666667,0.54545455,1,0.625,0.75,0.54545455,20.5,0.31818182,NA,0.09090909,0.59090909,NA,90.3582589285714,NA,86.1403961181641,96.8908221905048,NA,-9.44751085553851,NA,0.464479506015778,-7.82425454946665,NA,3.47187859671456,NA,-0.0879969969391823,6.04825474665715,NA,0.332095514982939,NA,-0.804897751659155,0.44399257004261,NA,4.74422164261341,NA,-40.2448875829577,3.41532746186623,NA,0.33333333,0.69230769,0.54545455,1,0.66666667,0.75,0.59090909,3,84.8540344238281,9.91663678487142,0,0,107.265,1,0.33333333,"2024-05-20",1
"Jhony Brito",25386,"2024-05-15","COL",29,2024,"SDP","H",26,0,0,4.5,1,0,0,0,0,0,0,0,2,9,3,1,1,0,0,0,0,0,0,1,4.5,0,13.5,1,0,0,4,3,1,1,0,0,0,0.11111111,0,0.11111111,4.17098834502208,0,0.333333333333333,1.5,0.375,0.66666667,2.1664797782898,2.3335202217102,4.4344923876226,113.735484654809,54.4853227934031,108.952200617518,1.333333333,0.125,0.5,0.375,0.333333333,0,0,0,10,21,31,-0.00124399992637336,-0.00205399980768561,0.000809999881312251,-0.085999995470047,-0.00938352011144161,0.00702222203835845,0.00609999988228083,0.0121999997645617,NA,0,1,-0.084433875977993,-0.0927180169097697,0,0,0.4516129,95.78571429,0.12903226,86.5,NA,NA,0.41935484,90,NA,0.10815491527319,-0.119287587702274,NA,0.175738990306854,0.772535109094211,-2.98218969255686,NA,1.3518383869758,0.3125,0.93333333,0.61290323,0.8,0.92857143,0.89473684,0.48387097,0.77777778,0.06451613,3,4,1,1,3,4,8,0.375,0.5,0.125,0.125,0.375,0.5,1.39943329895379,67.47154,49.10901,75.2918,31.66268,45.03586,31.10487,31.80862,62.68784,20,27.13356,48.46999,44.20864,NA,NA,NA,44.8086,52.00673,49.4031,0.44793,4.74899,116.24,127.48,149.98,93.62,101.68,79.9,102.18,66.62,72.62,129.56,81.34,80.8,NA,NA,NA,110.228387096774,99.6961290322581,107.290967741935,0.19354839,0.25806452,0.12903226,NA,0.41935484,95.7333374023438,95.8874969482422,86.5500030517578,NA,89.9307673527644,-7.20242627461751,-9.76054191589355,0.823031544685364,NA,-9.78000112680289,9.0298334757487,7.18790054321289,1.56845545768738,NA,5.152465233436,-0.252157784998417,0.359009858220816,-0.121446531265974,NA,0.218306303024292,-4.20262974997362,4.4876232277602,-3.03616328164935,NA,1.67927925403302,0.33333333,0.875,0.61290323,0.8,0.85714286,0.84210526,0.51612903,20.04545455,0.41935484,0.19354839,0.12903226,0.25806452,NA,90.0321702223558,95.8359171549479,86.624397277832,95.9960403442383,NA,-9.08209580641526,-6.41287676493327,1.75148749351501,-9.06311702728271,NA,3.58632249098558,7.6922353108724,0.336365252733231,5.77647876739502,NA,0.218306303024292,-0.252157784998417,-0.121446531265974,0.359009858220816,NA,1.67927925403302,-4.20262974997362,-3.03616328164935,4.4876232277602,NA,0.4,0.8125,0.61290323,0.83333333,0.84615385,0.84210526,0.51612903,8,94.0092315673828,10.8563117980957,1,0.125,111.388,4,0.5,"2024-05-15",0
"Jhony Brito",25386,"2024-05-11","LAD",29,2024,"SDP","H",26,0,0,0,1,0,0,0,0,0,0,0,2,10,2,0,0,0,2,1,0,0,0,2,9,9,9,1,0,0,4,2,0,0,0,0,0,0.2,0.2,0,5.60764908401489,0,0.25,2,0.333333333333333,1,4.1664797782898,-4.1664797782898,5.67848818451166,0,103.12141930106,139.014259199392,2,0,0.666666666,0.333333333,0,0,0,0,19,21,40,0.00807200185954571,-0.0112499995157123,0.0193220004439354,0.913999974727631,0.0997272208333015,0.12176363915205,0.0683000013232231,0.0843999981880188,0.0199999995529652,1,1,0.0131603972986341,0.0531319861728056,0,0,0.5,96.65,0.05,86.5,0.05,87.5,0.4,90.3125,0.1,-0.485956728458405,0.00152462720870972,-0.0688154324889183,0.835314214229584,-2.42978364229202,0.0762313604354858,-3.44077162444592,5.2207138389349,0.2,0.85714286,0.43589744,0.8,0.91666667,0.88235294,0.35897436,0.4,0.05,0,3,3,3,2,1,6,0,0.5,0.5,0.5,0.33333333,0.16666667,2.4378163142327,73.00411,53.3335,75.12204,29.2584,37.46805,27.51846,42.99272,59.23427,60.07078,20,47.93966,20,NA,NA,NA,40.00935,47.61092,45.45922,0.74609,5.19623,108.5,142.96,168.26,97.08,58.16,46.26,107.5,78.42,80.08,107.7,23.22,27.88,NA,NA,NA,104.6275,94.438,101.054,0.325,0.175,0.1,NA,0.4,96.9076960637019,95.9142892020089,86.6999969482422,NA,90.1937484741211,-7.2778801551232,-9.83417075020926,0.116189353168011,NA,-9.93326854705811,8.32169811542218,7.04229572841099,2.22181010246277,NA,5.07902574539185,-0.00346860662102699,-0.496266789734364,-0.0688113644719124,NA,0.84633532166481,-0.0266815893925153,-7.08952556763377,-1.72028411179781,NA,5.28959576040506,0.17391304,0.76470588,0.425,0.75,0.92307692,0.88235294,0.425,20.93333333,0.4,0.4,0.1,0.1,NA,90.4538879394531,96.901611328125,86.9438247680664,96.5207214355469,NA,-9.36860370635986,-7.01100301742554,1.0266455411911,-10.0199680328369,NA,3.65745115280151,7.25905418395996,1.18962323665619,5.30663728713989,NA,0.84633532166481,-0.672614514827728,-0.0688113644719124,0.172879118472338,NA,5.28959576040506,-4.2038407176733,-1.72028411179781,4.32197796180844,NA,0.22727273,0.66666667,0.425,0.8,0.91666667,0.88235294,0.45,6,74.9925994873047,-4.99513339996338,0,0,97.7943,1,0.16666667,"2024-05-11",0
"Jhony Brito",25386,"2024-05-05","@ARI",29,2024,"SDP","A",26,0,0,9,1,0,0,0,0,0,0,0,3,13,5,3,3,1,0,0,0,0,0,0,0,0,15,0,0.166666666,0,6,5,2,0,1,0,0,0,0,0,5.82884743003009,3,0.384615384615385,1.66666666666667,0.333333333333333,0.55555556,7.49981311162313,1.50018688837687,5.68649378865957,227.470969309617,184.181580147154,139.207720416448,1.2,0.153846153,0.461538461,0.384615384,0,0.2,0,0,15,27,42,-0.0784000381827354,-0.123279973864555,0.0448799394071102,-1.84100008010864,-0.185959607362747,0.209846153855324,0.16949999332428,0.533999979496002,0.0199999995529652,1,1,-0.16288660466671,-0.210720615395982,0,1,0.47619048,96.1,0.0952381,85.25,0.02380952,88,0.4047619,89.35294118,NA,-0.795329689979553,-0.178303718566895,0.769650220870972,-0.641925632953644,-3.97664844989777,-4.45759296417236,76.9650220870972,-3.77603313502143,0.21052632,0.82608696,0.54761905,0.75,0.84210526,0.82608696,0.54761905,0.53846154,0.0952381,4,6,3,1,8,4,13,0.30769231,0.46153846,0.23076923,0.07692308,0.61538462,0.30769231,6.85813189313583,54.30583,42.9998,60.15054,45.36333,35.60223,57.24553,40.2134,53.72047,36.47259,20,34.15919,20,NA,NA,NA,34.64469,41.23507,38.11105,1.07938,5.69616,103.06,105.64,110.5,76.74,125.48,108.6,105.84,77.42,91.26,99.24,7.68000000000001,20.52,NA,NA,NA,97.0004761904762,91.9828571428571,94.7547619047619,0.26190476,0.21428571,0.11904762,NA,0.4047619,95.8090931285511,96.1111111111111,85.7599975585938,NA,89.2000014361213,-6.84599859064276,-9.42207590738932,0.921383285522461,NA,-9.00597246955423,8.44266232577237,6.90123918321398,1.58500299453735,NA,5.37206761977252,-0.63538558781147,-0.152753580361605,0.60179677605629,NA,-0.656176939606667,-5.77623261646791,-1.69726200401783,12.0359355211258,NA,-3.85986435062745,0.13333333,0.74074074,0.52380952,0.5,0.9,0.86363636,0.64285714,21.24137931,0.4047619,0.23809524,0.11904762,0.23809524,NA,89.1093247357537,95.6793823242188,85.6568237304687,96.0683837890625,NA,-8.91152774586397,-6.21203994750977,1.45155458450317,-9.18541870117187,NA,3.93491543040556,7.14427719116211,0.56455979347229,5.88459091186523,NA,-0.656176939606667,-0.835003837943077,0.60179677605629,0.0468646697700024,NA,-3.85986435062745,-8.35003837943077,12.0359355211258,0.468646697700024,NA,0.13333333,0.77777778,0.54761905,0.5,0.85714286,0.82608696,0.64285714,13,89.6077880859375,6.17794799804688,0,0,109.23,6,0.46153846,"2024-05-05",0
"Jhony Brito",25386,"2024-05-03","@ARI",29,2024,"SDP","A",26,0,0,0,1,0,0,0,0,0,0,0,1,3,0,0,0,0,0,0,0,0,0,1,9,0,0,1,0,0,1,1,0,0,0,0,0,0.33333333,0,0.33333333,1.87828464271067,0,0,0,0,1,1.1664797782898,-1.1664797782898,2.67848818451166,0,30.1672745395749,66.5170884121943,1,0,0.5,0.5,0,0,0,0,3,6,9,0.00323999999091029,0,0.00323999999091029,0.510999977588654,0.0516161620616913,0.0446666665375233,0.0920000001788139,0.0920000001788139,NA,0,1,0.0705706551671028,0.00196665827195704,0,0,0.55555556,97,0.22222222,84.5,NA,NA,0.22222222,90.5,NA,0.620091021060944,0.138761818408966,NA,-0.0306317918002605,12.4018204212189,6.9380909204483,NA,-1.53158959001303,0.33333333,1,0.55555556,0.5,1,0.8,0.33333333,0.66666667,0.11111111,0,0,2,0,2,0,2,0,0,1,0,1,0,-0.354454678742725,20,40.2931,26.05734,20,23.98615,34.65467,80,68.2705,80,NA,NA,NA,33.13883,36.82546,35.1193,24.44003,33.72039,44.08901,1.71336,6.64713,126.64,36.7,62.62,79.36,60.72,21.5,114.12,151.86,173.32,102.68,140.66,147.02,93.64,15.14,21.32,101.768888888889,79.4533333333333,78.3022222222222,0.33333333,0.22222222,0.11111111,0.11111111,0.22222222,96.6333312988281,96.5500030517578,85.4000015258789,83.6999969482422,90.5500030517578,-6.39391454060872,-9.40472602844238,0.702713429927826,0.574818253517151,-8.7890453338623,8.68971188863119,6.99121236801147,0.206260904669762,-2.07419013977051,5.36262130737305,0.538688585162163,0.0895345062017441,0.175375327467918,-0.0350487045943737,-0.031825989484787,17.9562861720721,4.4767253100872,17.5375327467918,-3.50487045943737,-1.59129947423935,0.25,0.8,0.55555556,0,1,0.8,0.55555556,19.83333333,0.22222222,0.33333333,0.11111111,0.22222222,0.11111111,90.5030517578125,96.6184692382812,85.2876968383789,96.5132446289062,83.6791000366211,-8.74654960632324,-6.21476364135742,0.952814996242523,-9.1915454864502,1.18742001056671,3.83543992042542,7.75863647460938,-0.754095017910004,5.69124507904053,-3.59964990615845,-0.031825989484787,0.538688585162163,0.175375327467918,0.0895345062017441,-0.0350487045943737,-1.59129947423935,17.9562861720721,17.5375327467918,4.4767253100872,-3.50487045943737,0.25,0.8,0.55555556,0,1,0.8,0.55555556,2,90.6527938842773,26.7222595214844,0,0,93.5858,0,0,"2024-05-03",0
"Jhony Brito",25386,"2024-04-25","@COL",29,2024,"SDP","A",26,0,0,0,1,0,0,0,0,0,0,0,2.1,10,3,0,0,0,0,0,0,0,0,0,0,0,11.5714301479108,0,0.285714285,0,7,2,1,1,2,0,0,0,0,0,3.65572908401489,0,0.3,1.28571446087898,0.3,1,3.1664797782898,-3.1664797782898,4.46248716018982,0,78.8033710472314,109.628714553503,3.5,0.1,0.7,0.2,0.5,0,2,7.71428676527388,12,17,29,0.0298200156539679,-0.219155997037888,0.24897600710392,0.510000050067902,0.0443864241242409,1.3996000289917,1.21303999423981,0.910000026226044,2.9047999382019,1,1,0.0737653076648712,-0.0524592094680522,0,0,0.51724138,96.4,0.13793103,82,NA,NA,0.34482759,90.1,NA,0.460498303174973,-0.305893659591675,NA,0.0513472780585289,3.06998868783315,-7.64734148979187,NA,0.513472780585289,0.21052632,0.9,0.44827586,1,1,1,0.34482759,0.6,0,5,5,0,3,5,2,10,0.5,0.5,0,0.3,0.5,0.2,1.9685532878116,50.80896,34.5449,56.3904,25.8365,37.88055,20,NA,NA,NA,20,48.31237,20,68.22272,36.58352,76.24855,30.05977,32.12554,32.3974,1.36422,6.12342,97.12,107.34,110.5,90.28,98.62,88.38,NA,NA,NA,109.32,104,104.94,113,131.88,130.54,96.9275,105.135625,101.315,0.51724138,NA,0.03448276,0.10344828,0.34482759,96.3466634114583,NA,82.8000030517578,81.6666666666667,89.8900024414063,-5.36212870279948,NA,5.73627805709839,4.91014607747396,-6.05396347045898,5.89938608805339,NA,-1.07556962966919,-3.53459866841634,3.90443267822266,0.506877157837152,NA,-0.0242429338395596,-0.28671307861805,0.0499129444360733,3.37918105224768,NA,-2.42429338395596,-9.55710262060165,0.499129444360733,0.21428571,0.66666667,0.44827586,1,1,1,0.51724138,19.94736842,0.34482759,0.31034483,NA,0.20689655,0.13793103,90.2895385742188,96.5689019097222,NA,97.090098063151,82.3363723754883,-6.16699905395508,-4.27644220987956,NA,-7.09417661031087,5.20512771606445,3.39190216064453,6.24221886528863,NA,4.56901009877523,-3.40494251251221,0.0499129444360733,0.176206853240728,NA,0.330670304596424,-0.310956012457609,0.499129444360733,1.95785392489698,NA,5.51117174327374,-7.77390031144023,0.21428571,0.66666667,0.44827586,1,1,1,0.51724138,10,80.9375732421875,0.113199293613434,0,0,104.276,2,0.2,"2024-04-25",0
"Jhony Brito",25386,"2024-04-20","TOR",29,2024,"SDP","H",26,0,0,0,1,0,0,0,0,0,0,0,3,9,1,0,0,0,0,0,0,0,0,1,3,0,3,1,0,0,3,4,1,0,0,0,0,0.11111111,0,0.11111111,4.67585254205388,0,0.111111111111111,0.333333333333333,0.125,1,2.49981311162313,-2.49981311162313,4.51582431991895,0,62.5913388780126,110.917645612899,0.75,0.125,0.375,0.5,0,0,2,6,5,19,24,0.0346800088882446,-0.00666400045156479,0.0413440093398094,1.37100005149841,0.149590834975243,0.171399995684624,0.204333320260048,0.220999985933304,0.258799999952316,1,1,0.186294808983803,0.0160389702541845,0,0,0.5,96.41666667,0.25,82.83333333,NA,NA,0.25,89.5,NA,1.20788407325745,0.126819103956223,NA,0.675880432128906,10.0657006104787,2.11365173260371,NA,11.2646738688151,0.33333333,0.73333333,0.58333333,0.66666667,1,0.92857143,0.625,0.77777778,0.04166667,2,4,2,2,4,2,8,0.25,0.5,0.25,0.25,0.5,0.25,1.73528173098742,71.74167,54.41546,79.51402,79.37306,46.80448,80,80,77.94956,80,51.29158,50.75089,56.20644,80,43.9345,80,80,54.66191,80,-2.16834,0.82458,122.04,109.1,127.84,86.56,137.2,131.96,126.84,144.12,168,115.68,112.14,112.58,92.34,158.84,161.84,107.1288,126.1376,131.84,0.33333333,0.16666667,0.20833333,0.04166667,0.25,96.2750015258789,96.3000030517578,82.7400024414062,81.5,89.4500020345052,-7.82309246063232,-10.7513618469238,5.44741096496582,2.95876383781433,-10.9859390258789,8.92479991912842,6.86416435241699,-0.731194543838501,-0.22606386244297,6.15565554300944,0.71541715040803,0.506868526339531,0.130740277469158,0.039364367723465,0.687079608440399,8.94271438010037,12.6717131584883,2.61480554938316,3.9364367723465,11.45132680734,0.33333333,0.66666667,0.58333333,0.5,1,0.92857143,0.75,18.46666667,0.25,0.375,NA,0.125,0.25,89.5992838541667,96.4663899739583,NA,96.366200764974,82.6714324951172,-10.0614649454753,-7.00220447116428,NA,-10.346066792806,6.53864351908366,4.36955006917318,7.18544175889757,NA,5.18428993225098,-2.43847831090291,0.687079608440399,0.968181613832712,NA,0.254104062914848,0.170104645192623,11.45132680734,10.7575734870301,NA,8.47013543049495,2.83507741987705,0.33333333,0.66666667,0.58333333,0.5,1,0.92857143,0.75,8,86.2489013671875,11.0701560974121,1,0.125,99.4735,4,0.5,"2024-04-20",0
"Jhony Brito",25386,"2024-04-16","@MIL",29,2024,"SDP","A",26,0,0,6.75000160932579,1,0,0,0,0,0,0,0,1.1,5,0,1,1,0,1,0,0,0,0,1,6.75000160932579,6.75000160932579,0,1,0,0,0,3,0,0,0,0,0,0.2,0.2,0,7.86188908401489,0,0,0.750000178813977,0,0,3.91647995710377,2.83352165222202,7.31849968220768,170.603267657202,97.0419115860095,178.646323746538,0,0,0,1,0,0,0,0,10,10,20,0.0272900015115738,-0.011566000059247,0.0388559997081757,0.474000006914139,0.0486902929842472,0.348839998245239,0.518400013446808,0.598200023174286,0.498600006103516,1,1,0.0462587550282478,0.031971957186091,0,0,0.5,95.9,0.15,81.33333333,NA,NA,0.35,89.57142857,NA,0.0383728928864002,0.18100780248642,NA,0.482475489377975,0.383728928864002,6.03359341621399,NA,6.89250699111393,0.07142857,0.66666667,0.25,0,0.75,0.6,0.3,0.4,0.1,0,1,2,0,1,2,3,0,0.33333333,0.66666667,0,0.33333333,0.66666667,2.13683586467813,61.44279,46.77496,75.47872,20,33.63748,20,23.56691,59.39988,20.99633,20,56.01662,20,29.80973,40.71055,24.39117,23.94694,47.49605,26.51785,1.74399,6.69308,91.96,80.68,115.86,82.4,66.88,38.14,113.44,69.36,86.74,91.56,28.1,33.1,88.6,129.6,135.34,97.836,71.836,86.708,0.15,0.35,0.05,0.1,0.35,96.0333353678385,95.6285749162946,82.0999984741211,80.8000030517578,89.5,-7.52574666341146,-9.68455178397042,5.54508495330811,1.71786189079285,-8.9984997340611,8.36281776428223,6.77086748395647,0.491993725299835,-2.03752946853638,5.0400515965053,-0.0728964284062386,0.150338593870401,-0.0350487045943737,0.217715758830309,0.487619981169701,-2.42988094687462,2.14769419814859,-3.50487045943737,10.8857879415154,6.96599973099572,0.08333333,0.5,0.25,0,0.75,0.6,0.4,18.26666667,0.35,0.15,NA,0.35,0.15,89.8258841378348,96.3376668294271,NA,95.9623849051339,81.5501658121745,-8.67906406947545,-6.8660831451416,NA,-9.49525451660156,3.66859308878581,3.45233699253627,6.97607676188151,NA,5.47631999424526,-2.91609668731689,0.487619981169701,-0.0728964284062386,NA,0.150338593870401,0.182667054235935,6.96599973099572,-2.42988094687462,NA,2.14769419814859,6.08890180786451,0,0.55555556,0.25,NA,0.6,0.6,0.45,3,93.704345703125,26.6075592041016,0,0,100.784,1,0.33333333,"2024-04-16",0
"Jhony Brito",25386,"2024-04-13","@LAD",29,2024,"SDP","A",26,0,0,0,1,0,0,0,0,0,0,0,1,4,1,0,0,0,0,0,0,0,0,1,9,0,9,1,0,0,0,2,1,0,0,0,0,0.25,0,0.25,4.46147908401489,0,0.25,1,0.333333333333333,1,1.1664797782898,-1.1664797782898,4.19049659073353,0,30.1672745395749,103.055865631376,0,0.333333333,0,0.666666666,0,0,0,0,5,9,14,0.00583999138325453,-0.00380002264864743,0.00964001379907131,0.477999985218048,0.0505820102989674,0.126000002026558,0.101999998092651,0.101999998092651,NA,0,1,0.0357298031449318,0.0106193340719358,0,0,0.57142857,96.25,NA,NA,NA,NA,0.42857143,89,NA,-0.142321556806564,NA,NA,0.444327712059021,-1.77901946008205,NA,NA,7.40546186765035,0,0.77777778,0.5,NA,0.85714286,0.85714286,0.64285714,0.75,0.07142857,1,1,1,0,2,1,3,0.33333333,0.33333333,0.33333333,0,0.66666667,0.33333333,2.63188272692858,48.69771,52.63355,47.36168,61.56687,51.64169,67.22536,80,80,80,NA,NA,NA,NA,NA,NA,57.5732,53.98259,61.5473,-0.34508,3.55947,114.18,99.48,116.8,80.64,123.34,113.88,113.66,148.76,163.54,NA,NA,NA,NA,NA,NA,97.3728571428571,114.93,118.678571428571,0.5,0.07142857,NA,NA,0.42857143,96.2000034877232,96.3000030517578,NA,NA,88.9000040690104,-6.56331961495536,-10.0835742950439,NA,NA,-9.03765678405762,9.39328983851841,6.04109477996826,NA,NA,5.41566022237142,0.3252939209342,-0.47120988368988,NA,NA,0.449454594403505,4.64705601334572,-47.120988368988,NA,NA,7.49090990672509,0,0.77777778,0.5,NA,0.85714286,0.85714286,0.64285714,20.8,0.42857143,0.5,NA,0.07142857,NA,89.0845031738281,96.4177856445312,NA,96.4925994873047,NA,-8.82290840148926,-6.20254407610212,NA,-9.97920989990234,NA,3.94364833831787,8.19422258649554,NA,4.73528003692627,NA,0.449454594403505,0.3252939209342,NA,-0.47120988368988,NA,7.49090990672509,4.64705601334572,NA,-47.120988368988,NA,0,0.77777778,0.5,NA,0.85714286,0.85714286,0.64285714,3,92.8099161783854,36.5691401163737,1,0.33333333,110.296,1,0.33333333,"2024-04-13",0
"Jhony Brito",25386,"2024-04-09","CHC",29,2024,"SDP","H",26,0,0,0,1,0,0,0,0,0,0,0,2,7,2,0,0,0,0,0,0,0,0,0,0,0,9,0,0,0,4,1,2,0,0,0,0,0,0,0,4.14619847549293,0,0.285714285714286,1,0.285714285714286,1,3.1664797782898,-3.1664797782898,3.92248398140073,0,78.8033710472314,96.5791469940687,4,0.285714285,0.571428571,0.142857142,0,0,0,0,4,12,16,0.015812000259757,-0.00769599853083491,0.0235079992562532,0.914000034332275,0.0997272208333015,0.148657143115997,0.142699986696243,0.170999988913536,0.0522000007331371,1,1,0.0700658336281776,0.0362997262656979,0,0,0.5625,97,0.1875,82,NA,NA,0.25,89.75,NA,0.698118209838867,0.0157402157783508,NA,0.242468520998955,7.75686899820964,0.524673859278361,NA,6.06171302497387,0.33333333,0.7,0.5625,0.5,1,0.88888889,0.625,0.85714286,0.0625,1,3,3,1,3,3,7,0.14285714,0.42857143,0.42857143,0.14285714,0.42857143,0.42857143,5.04027753630716,54.46,52.30684,63.70075,78.0366,41.50606,80,66.06474,68.43302,66.62498,30.1766,44.91463,38.03187,20,42.81132,20,57.13472,49.71847,75.72057,-0.31784,3.60033,107.04,95.04,103.4,89.68,125.38,118.08,118.06,135.46,162.66,93.06,69.82,78.14,92.74,-21.12,-20.3,99.955,103.58375,109.1275,0.3125,0.25,0.125,0.0625,0.25,96.9599975585938,96.8499984741211,83.1000061035156,80.0999984741211,89.4250030517578,-7.81578598022461,-10.0097284317017,6.03688335418701,0.890437066555023,-9.73046112060547,7.21987609863281,6.17596340179443,-0.524819791316986,-3.2632851600647,4.36206912994385,0.129483345896006,0.561539977788925,0.0787287354469299,-0.0633736774325371,0.245270721614361,2.58966691792011,14.0384994447231,3.9364367723465,-6.33736774325371,6.13176804035902,0.33333333,0.7,0.5625,0.5,1,0.88888889,0.625,18.55555556,0.25,0.375,NA,0.1875,0.1875,89.8733215332031,97.2126973470052,NA,97.7225036621094,82.5260670979818,-8.98960971832275,-7.4245548248291,NA,-9.4888801574707,5.33167012532552,2.95939755439758,6.10200182596842,NA,4.36475658416748,-2.57396634419759,0.245270721614361,0.33032101765275,NA,0.360702306032181,0.0153550580143929,6.13176804035902,5.5053502942125,NA,12.0234102010727,0.511835267146428,0.33333333,0.7,0.5625,0.5,1,0.88888889,0.625,7,86.8124389648438,5.09001541137695,0,0,109.876,2,0.28571429,"2024-04-09",0
"Jhony Brito",25386,"2024-04-07","@SFG",29,2024,"SDP","A",26,0,1,0,1,0,0,0,0,0,0,1,0.2,5,3,2,0,0,0,0,0,0,0,0,0,0,40.5000422448361,0,0,0,3,1,1,0,0,0,0,0,0,0,4.32832908401489,0,0.6,4.50000469387067,0.6,0.33333333,3.1664797782898,-3.1664797782898,5.43449475334657,0,78.8033710472314,133.117981382682,3,0.2,0.6,0.2,0,0,0,0,7,8,15,-0.612311959266663,-0.625992000102997,0.0136799905449152,-1.75100004673004,-0.18617756664753,2.8794801235199,0.908900022506714,1.81780004501343,NA,0,1,-0.163152530789375,-0.0494941738241533,0,1,0.53333333,96.75,0.26666667,83,NA,NA,0.2,88.66666667,NA,-0.621026337146759,0.184701427817345,NA,-0.414851129055023,-7.76282921433449,4.61753569543362,NA,-13.8283709685008,0.3,0.8,0.46666667,0.66666667,1,0.85714286,0.33333333,0.4,0.06666667,2,1,2,2,1,2,5,0.4,0.2,0.4,0.4,0.2,0.4,3.67724689317973,73.49634,66.35181,65.94563,29.24484,46.28044,27.63152,64.26854,50.65307,74.44274,20,51.75326,20,NA,NA,NA,30.97395,53.41541,30.74743,1.30743,6.03824,96.06,130.56,149.12,89.2,118,117.3,84,185.56,198.2,96.99,25.96,34.3,NA,NA,NA,91.956,104.976,112.317333333333,0.33333333,0.2,0.26666667,NA,0.2,97.1400024414063,96.4333292643229,82.875,NA,88.7333374023438,-7.78142242431641,-9.29831949869792,4.21430921554565,NA,-10.4103571573893,8.06395263671875,7.86892445882161,1.39634394645691,NA,4.34440739949544,0.0957028865814209,-0.72673861682415,0.186132680624723,NA,-0.421109639108181,1.91405773162842,-24.224620560805,4.65331701561809,NA,-14.0369879702727,0.125,0.85714286,0.46666667,1,0.83333333,0.85714286,0.46666667,20.2,0.2,0.53333333,NA,NA,0.26666667,89.5133666992188,97.6617126464844,NA,NA,83.6536026000977,-9.86794662475586,-7.84625720977783,NA,NA,4.99103736877441,2.44735272725423,6.15990877151489,NA,NA,-0.381171226501465,-0.421109639108181,-0.631035730242729,NA,NA,0.186132680624723,-14.0369879702727,-7.88794662803411,NA,NA,4.65331701561809,0.125,0.85714286,0.46666667,1,0.83333333,0.85714286,0.46666667,5,83.1314270019531,3.62227325439453,0,0,100.576,2,0.4,"2024-04-07",0
"Jhony Brito",25386,"2024-04-01","STL",29,2024,"SDP","H",26,0,0,18,1,0,0,0,0,0,0,0,1,7,3,2,2,1,1,0,0,0,0,1,9,9,27,1,0,0,2,2,1,1,0,0,0,0.14285714,0.14285714,0,5.67334132736093,9,0.5,4,0.5,0.76923077,17.1664797782898,0.833520221710206,7.19049659073353,454.941938619235,419.256046600827,175.553036418574,1,0.2,0.4,0.4,0.5,0.5,0,0,11,17,28,-0.0473180040717125,-0.095101997256279,0.0477839931845665,-1.54299998283386,-0.168357893824577,0.557650029659271,0.486533343791962,0.693199992179871,0.208800002932549,1,1,-0.1552504748106,0.0703979659698419,0,0,0.39285714,97.27272727,0.07142857,83,0.03571429,88,0.5,90.71428571,NA,-0.464960873126984,-0.591465055942535,-0.0344077162444592,-0.844501256942749,-4.22691702842712,-29.5732527971268,-3.44077162444592,-6.03215183530535,0.1875,0.66666667,0.39285714,1,0.75,0.81818182,0.42857143,0.42857143,0.07142857,2,2,1,1,2,2,5,0.4,0.4,0.2,0.2,0.4,0.4,12.4431437912,67.21586,48.324,79.13292,44.27286,40.05762,41.33963,20,66.75935,20,20,48.63054,20,20,42.77461,20,32.32238,51.51111,34.78082,1.22366,5.91258,95.46,109.94,122.24,75.04,121.54,98.36,114.9,2.30000000000001,23.8,125.95,56.93,62.33,85.68,16.28,18.02,97.8078571428572,81.8142857142857,88.88,0.17857143,0.21428571,0.07142857,0.03571429,0.5,97.3,97.1833292643229,86.75,80.9000015258789,90.5714285714286,-7.8219108581543,-9.83938026428223,3.11817383766174,0.313739269971848,-9.26605769566127,7.70235137939453,6.21816126505534,-0.656253457069397,-5.05787706375122,5.35701860700335,-0.511191476136446,0.0365749597549438,-0.600396912544966,-0.0350487045943737,-0.840654078871012,-10.2238295227289,0.609582662582397,-30.0198456272483,-3.50487045943737,-6.0046719919358,0.23076923,0.53333333,0.39285714,1,0.75,0.81818182,0.53571429,20.9047619,0.5,0.17857143,0.03571429,0.21428571,0.07142857,91.117196219308,97.8720397949219,88.6902008056641,97.740234375,83.5947570800781,-8.62517057146345,-7.29004364013672,2.81735992431641,-9.71803029378255,2.90527296066284,3.99377495901925,6.80521240234375,0.648912012577057,5.09159151713053,-4.78030490875244,-0.840654078871012,-0.511191476136446,-0.0350487045943737,0.0365749597549438,-0.600396912544966,-6.0046719919358,-10.2238295227289,-3.50487045943737,0.609582662582397,-30.0198456272483,0.23076923,0.53333333,0.39285714,1,0.75,0.81818182,0.53571429,5,91.2515380859375,13.373225402832,1,0.2,104.649,2,0.4,"2024-04-01",0
"Jhony Brito",25386,"2024-03-30","SFG",29,2024,"SDP","H",26,0,0,0,1,0,0,0,0,0,0,0,2.1,7,0,0,0,0,0,0,0,0,0,2,7.71428676527388,0,0,2,0,0,2,3,0,0,0,0,0,0.28571429,0,0.28571429,2.56591276344936,0,0,0,0,1,1.45219383045116,-1.45219383045116,3.39620490330119,0,37.1152826468317,83.8612322584982,0.666666666,0,0.4,0.6,0,0,1,3.85714338263694,6,18,24,0.0709399878978729,0,0.0709399878978729,1.25399994850159,0.136824876070023,0.400828570127487,0.529574990272522,0.725399971008301,0.435399979352951,1,1,0.175388365983963,0.00159499594383025,1,0,0.54166667,96.15384615,0.08333333,81,NA,NA,0.375,89.66666667,NA,1.28443479537964,0.0778313875198364,NA,0.350208967924118,9.88026765676645,3.89156937599182,NA,3.89121075471242,0.27272727,0.61538462,0.45833333,1,0.875,0.90909091,0.54166667,1,0.04166667,0,3,2,0,3,2,5,0,0.6,0.4,0,0.6,0.4,-0.198251335590695,47.66495,48.32288,50.11021,57.79169,41.69387,71.13867,73.68344,62.49783,63.09676,NA,NA,NA,80,37.62335,80,64.62036,47.77888,70.77728,-0.7829,2.90274,135.78,94.3,115.3,87.6,113.5,95.76,120.28,134.5,146.74,NA,NA,NA,88.5,144.5,149.42,112.550833333333,113.258333333333,118.18,0.25,0.29166667,NA,0.08333333,0.375,95.7666625976562,96.3142874581473,NA,80.9499969482422,89.477776421441,-7.48100090026855,-9.97250039236886,NA,1.18817734718323,-9.4889161851671,8.13836860656738,6.79857308523996,NA,-3.68196964263916,4.83572302924262,0.759867612272501,0.522331662476063,NA,0.0787287354469299,0.35392727330327,12.6644602045417,7.46188089251518,NA,3.9364367723465,3.93252525892523,0.27272727,0.61538462,0.45833333,1,0.875,0.90909091,0.54166667,20.29411765,0.375,0.25,NA,0.29166667,0.08333333,89.9351806640625,96.2254536946615,NA,96.7796107700893,81.3880004882812,-8.90880923800998,-6.96231969197591,NA,-9.44450160435268,1.82701146602631,3.35469563802083,6.97595342000325,NA,5.62307303292411,-4.69556999206543,0.35392727330327,0.759867612272501,NA,0.522331662476063,0.0787287354469299,3.93252525892523,12.6644602045417,NA,7.46188089251518,3.9364367723465,0.27272727,0.61538462,0.45833333,1,0.875,0.90909091,0.54166667,5,97.1595275878906,17.2333648681641,2,0.4,102.279,4,0.8,"2024-03-30",0
"Jhony Brito",25386,"2024-03-28","SFG",29,2024,"SDP","H",26,0,0,54.0000563264481,1,0,0,0,0,0,0,1,0.1,4,3,2,2,0,0,0,0,0,0,0,0,0,81.0000844896721,0,0,0,3,0,0,0,0,1,0,0,0,0,1.54372908401489,0,0.75,9.00000938774135,0.75,0.33333333,3.1664797782898,50.8335765481583,3.1664797782898,1364.82723948345,78.8033710472314,78.3097583844777,3,0,1,0,0,0,0,0,2,10,12,-0.330682009458542,-0.332808017730713,0.00212599639780819,-1.67900002002716,-0.183196946978569,2.88115000724792,1.73000001907349,1.73000001907349,3.47720003128052,1,1,-0.126903399825096,0.0121290879611993,0,1,0.33333333,97.5,0.33333333,83,NA,NA,0.33333333,89.5,NA,0.108214676380157,-0.95828914642334,NA,-0.398108720779419,2.70536690950394,-23.9572286605835,NA,-9.95271801948547,0.375,0.75,0.5,0.66666667,1,0.83333333,0.33333333,1,0.08333333,1,3,0,0,3,1,4,0.25,0.75,0,0,0.75,0.25,1.31771360944869,78.16982,57.86492,73.54256,31.78178,60.92436,20,50.73087,75.67386,29.98021,80,53.94662,80,80,45.58744,80,80,61.98675,80,-2.06293,0.9827,126.64,155.06,180.2,76.04,120.84,109.82,126.42,98.82,128.5,139.7,145.72,164.68,88.4,118.22,125.96,120.302,129.214,149.124,0.08333333,0.25,0.16666667,0.16666667,0.33333333,97.3000030517578,97.7333374023438,83.8999938964844,81.8000030517578,89.5750045776367,-7.36727142333984,-11.0964813232422,6.67770099639893,-0.641224265098572,-11.0649194717407,9.52306461334229,6.77782313028971,0.357871890068054,-3.89587259292603,5.5837984085083,0.039364367723465,0.0698953941464424,-1.05167952179909,0.0787287354469299,-0.40295397862792,3.9364367723465,2.32984647154808,-52.5839760899544,3.9364367723465,-10.073849465698,0.33333333,0.66666667,0.5,0.5,1,0.83333333,0.5,19.875,0.33333333,0.08333333,NA,0.25,0.33333333,89.8577499389648,97.5678024291992,NA,98.0227661132812,83.1606979370117,-10.1707601547241,-6.21767997741699,NA,-10.684450785319,4.03132009506226,3.92246246337891,7.76498985290527,NA,5.24445978800456,-3.20217823982239,-0.40295397862792,0.039364367723465,NA,0.0698953941464424,-0.972950786352158,-10.073849465698,3.9364367723465,NA,2.32984647154808,-24.3237696588039,0.33333333,0.66666667,0.5,0.5,1,0.83333333,0.5,4,91.4845377604167,3.35829226175944,0,0,93.4648,0,0,"2024-03-28",0
"Jhony Brito",25386,"2024-03-20","LAD",29,2024,"SDP","H",26,0,1,54.0000563264481,1,0,0,0,0,0,0,1,0.1,3,1,2,2,0,1,0,0,0,0,0,0,27.000028163224,27.000028163224,0,0,0,0,0,2,0,0,0,0,0,0.33333333,-0.33333333,11.7253957421829,0,0.5,6.00000625849423,0.5,0,12.1664891660311,41.8335671604169,12.1664891660311,1364.82723948345,297.666033623233,295.801497607635,0,1,0,0,0,0,0,0,5,4,9,-0.242702007293701,-0.298276007175446,0.0555739849805832,-1.03500008583069,-0.112929627299309,4.26940011978149,1.78899991512299,3.57799983024597,3.8289999961853,1,1,-0.0623463802039623,0.0054995163625563,0,1,0.33333333,97.66666667,0.22222222,84.5,0.11111111,87,0.33333333,89.66666667,NA,-0.390629500150681,-0.030373964458704,-0.0973145663738251,-0.216611564159393,-13.020983338356,-1.5186982229352,-9.73145663738251,-7.22038547197978,0.28571429,1,0.44444444,1,1,1,0.22222222,0.33333333,0,1,1,0,0,1,1,2,0.5,0.5,0,0,0.5,0.5,47.5798131882226,32.02716,51.79872,28.97311,NA,NA,NA,80,60.60686,80,40.92948,33.4708,36.5349,NA,NA,NA,51.76662,51.30312,50.37314,0.01566,4.10058,118.08,28.38,36.28,NA,NA,NA,120.5,146.14,170.42,102.4,87.22,100.68,NA,NA,NA,113.66,87.2466666666667,102.46,NA,0.33333333,0.33333333,NA,0.33333333,NA,97.5333353678385,85.3333333333333,NA,89.7000020345052,NA,-10.5627034505208,3.47500006357829,NA,-9.95229657491048,NA,6.86107635498047,1.81287399927775,NA,5.3432674407959,NA,-0.396796807646751,-0.124273285269737,NA,-0.222164783626795,NA,-13.2265602548917,-4.14244284232458,NA,-7.40549278755983,0.25,0.6,0.44444444,1,1,1,0.55555556,21,0.33333333,NA,0.11111111,0.33333333,0.22222222,90.0534973144531,NA,87.7119979858398,97.7748311360677,84.6647033691406,-9.47253672281901,NA,0.676719009876251,-10.0864537556966,6.13761520385742,3.46074676513672,NA,2.4126501083374,5.18421681722005,-0.962872982025146,-0.222164783626795,NA,-0.0998305231332779,-0.396796807646751,-0.0244427621364594,-7.40549278755983,NA,-9.98305231332779,-13.2265602548917,-1.22213810682297,0.25,0.6,0.44444444,1,1,1,0.55555556,2,93.5707092285156,18.6001472473145,0,0,97.0145,1,0.5,"2024-03-20",0
