"PlayerName","playerid","Date","Opp","teamid","season","Team","HomeAway","Age","W","L","ERA","G","GS","QS","CG","ShO","SV","HLD","BS","IP","TBF","H","R","ER","HR","BB","IBB","HBP","WP","BK","SO","K/9","BB/9","H/9","K/BB","IFH%","BUH%","GB","FB","LD","IFFB","IFH","BU","BUH","K%","BB%","K-BB%","SIERA","HR/9","AVG","WHIP","BABIP","LOB%","FIP","E-F","xFIP","ERA-","FIP-","xFIP-","GB/FB","LD%","GB%","FB%","IFFB%","HR/FB","RS","RS/9","Balls","Strikes","Pitches","WPA","-WPA","+WPA","RE24","REW","pLI","inLI","gmLI","exLI","Pulls","Games","WPA/LI","Clutch","SD","MD","FB%1","FBv","SL%","SLv","CT%","CTv","XX%","wFB","wSL","wCT","wFB/C","wSL/C","wCT/C","O-Swing%","Z-Swing%","Swing%","O-Contact%","Z-Contact%","Contact%","Zone%","F-Strike%","SwStr%","Pull","Cent","Oppo","Soft","Med","Hard","bipCount","Pull%","Cent%","Oppo%","Soft%","Med%","Hard%","tERA","pb_o_FF","pb_s_FF","pb_c_FF","pb_o_SI","pb_s_SI","pb_c_SI","pb_o_SL","pb_s_SL","pb_c_SL","pb_overall","pb_stuff","pb_command","pb_xRV100","pb_ERA","sp_s_FF","sp_l_FF","sp_p_FF","sp_s_SI","sp_l_SI","sp_p_SI","sp_s_SL","sp_l_SL","sp_p_SL","sp_stuff","sp_location","sp_pitching","pfxFA%","pfxSI%","pfxSL%","pfxvFA","pfxvSI","pfxvSL","pfxFA-X","pfxSI-X","pfxSL-X","pfxFA-Z","pfxSI-Z","pfxSL-Z","pfxwFA","pfxwSI","pfxwSL","pfxwFA/C","pfxwSI/C","pfxwSL/C","pfxO-Swing%","pfxZ-Swing%","pfxSwing%","pfxO-Contact%","pfxZ-Contact%","pfxContact%","pfxZone%","pfxPace","piFA%","piFS%","piSI%","piSL%","pivFA","pivFS","pivSI","pivSL","piFA-X","piFS-X","piSI-X","piSL-X","piFA-Z","piFS-Z","piSI-Z","piSL-Z","piwFA","piwFS","piwSI","piwSL","piwFA/C","piwFS/C","piwSI/C","piwSL/C","piO-Swing%","piZ-Swing%","piSwing%","piO-Contact%","piZ-Contact%","piContact%","piZone%","Events","EV","LA","Barrels","Barrel%","maxEV","HardHit","HardHit%","gamedate","dh"
"Richard Lovelady",19337,"2024-09-29","@BOS",12,2024,"TBR","A",28,0,0,0,1,0,0,0,0,0,0,0,1,3,0,0,0,0,0,0,0,0,0,0,0,0,0,0,0,0,3,0,0,0,0,0,0,0,0,0,-1.18327091598511,0,0,0,0,1,3.1664797782898,-3.1664797782898,3.1664797782898,0,79.1489231587868,76.9288520456552,3,0,1,0,0,0,0,0,3,7,10,0.0267600156366825,0,0.0267600156366825,0.546999990940094,0.0526974946260452,0.343600004911423,0.44200000166893,0.44200000166893,0.263600021600723,1,1,0.0777416974306107,0.000139604240444388,0,0,0.7,92.57142857,0.3,87.33333333,NA,NA,NA,0.461561530828476,0.174694165587425,NA,6.59373615469251,5.82313885291417,NA,0,0.83333333,0.5,NA,1,1,0.6,1,0,1,1,1,1,0,2,3,0.33333333,0.33333333,0.33333333,0.33333333,0,0.66666667,1.3270541498211,NA,NA,NA,39.80009,76.80321,24.83249,22.9539,53.21659,30.55285,35.59584,68.76079,21.38714,1.02029,5.60753,NA,NA,NA,142.82,79.6,122.8,103.76,74.74,68.58,131.102,78.142,106.534,NA,0.7,0.3,NA,92.5,87.4000040690104,NA,11.2033549717494,0.218422532081604,NA,2.89586857386998,1.98457956314087,NA,0.467557717114687,0.176661372184753,NA,6.67939595878124,5.88871240615845,0,0.83333333,0.5,NA,1,1,0.6,17.42857143,NA,NA,0.7,0.3,NA,NA,92.5250244140625,87.3910319010417,NA,NA,10.9155960083008,-0.566744248072306,NA,NA,1.67236260005406,0.762106974919637,NA,NA,0.467557717114687,0.176661372184753,NA,NA,6.67939595878124,5.88871240615845,0,0.83333333,0.5,NA,1,1,0.6,3,91.8751017252604,-21.394167582194,0,0,107.448,2,0.66666667,"2024-09-29",0
"Richard Lovelady",19337,"2024-09-25","@DET",12,2024,"TBR","A",28,0,0,13.500014081612,1,0,0,0,0,0,0,0,0.2,3,0,1,1,0,1,0,0,0,0,0,0,13.500014081612,0,0,0,0,1,1,0,0,0,0,0,0,0.33333333,-0.33333333,11.7253957421829,0,0,1.50000156462356,0,0,7.66648447216047,5.83352960945155,9.93449944721724,348.785340599479,194.328817367546,245.300732355027,1,0,0.5,0.5,0,0,0,0,8,6,14,0.0136080402880907,-0.018823990598321,0.0324320308864117,0.198000013828278,0.0208860784769058,0.594133317470551,0.498666673898697,0.532000005245209,0.654799997806549,1,1,0.0116056585684419,0.0112983595836208,0,0,0.57142857,92.125,0.42857143,86,NA,NA,NA,0.151376932859421,-0.00339458882808685,NA,1.89221166074276,-0.0565764804681142,NA,0.125,0.66666667,0.35714286,0,0.75,0.6,0.42857143,NA,0.14285714,1,1,0,1,1,0,2,0.5,0.5,0,0.5,0.5,0,6.03534706035915,20,53.73532,20,70.91958,44.80722,80,47.36689,42.17328,59.25131,31.2948,45.2509,41.12892,1.2875,6.00834,80.68,-89.4,-91.7,136.6,115.32,139.88,99.0766666666667,110.39,107.643333333333,108.535714285714,69.3385714285714,76.44,0.21428571,0.35714286,0.42857143,91.7999979654948,92.4200012207031,86.0999959309896,6.48869768778483,10.0045204162598,-0.80860161781311,8.19323603312174,4.26314964294434,3.36312993367513,-0.0144479386508465,0.164569560438395,-0.00461274012923241,-0.481597955028216,3.29139120876789,-0.0768790021538734,0.125,0.66666667,0.35714286,0,0.75,0.6,0.42857143,17.09090909,0.21428571,NA,0.35714286,0.42857143,92.0019734700521,NA,92.6242797851562,86.2914632161458,6.24441337585449,NA,9.82197418212891,-1.18043184280396,7.12043317159017,NA,2.95720596313477,2.15762599309285,-0.0144479386508465,NA,0.164569560438395,-0.00461274012923241,-0.481597955028216,NA,3.29139120876789,-0.0768790021538734,0.125,0.66666667,0.35714286,0,0.75,0.6,0.42857143,2,89.9486999511719,18.1818504333496,0,0,102.771,1,0.5,"2024-09-25",0
"Richard Lovelady",19337,"2024-09-22","TOR",12,2024,"TBR","H",28,0,0,0,1,0,0,0,0,0,1,0,0.2,4,2,0,0,0,0,0,0,0,0,2,27.000028163224,0,27.000028163224,2,0,0,1,0,1,0,0,0,0,0.5,0,0.5,0.324604084014893,0,0.5,3.00000312924711,1,1,-2.83352648020443,2.83352648020443,-2.83352648020443,0,-74.4242691195584,-72.3367211985741,1,0.5,0.5,0,0,0,0,0,7,14,21,0.0114300101995468,-0.0779979974031448,0.0894280076026917,0.044000007212162,0.00483250990509987,1.67024993896484,2.13420009613037,2.13420009613037,4.13439989089966,1,1,-0.00540936831384897,0.012252661603613,0,0,0.57142857,92.66666667,0.42857143,86.66666667,NA,NA,NA,-0.606216371059418,0.19961804151535,NA,-5.05180309216181,2.21797823905945,NA,0.41666667,0.66666667,0.52380952,0.8,0.83333333,0.81818182,0.42857143,0.5,0.0952381,0,2,0,0,1,1,2,0,1,0,0,0.5,0.5,1.62719495611185,80,59.04905,80,20,77.0439,20,47.92681,49.39435,49.80863,71.8995,58.81597,68.90575,-1.23512,2.22441,106.82,160.78,169.98,133.4,-4.08,18.26,101.08,106.1,100.02,109.422857142857,105.94380952381,111.098095238095,0.38095238,0.19047619,0.42857143,92.875,92.0250015258789,86.6555582682292,6.78113842010498,11.1136789321899,-0.101567506790161,8.07429790496826,2.67367553710938,2.26805390252007,-0.497998882085085,-0.118308506906033,0.200970139354467,-6.22498602606356,-2.95771267265081,2.23300154838297,0.33333333,0.77777778,0.52380952,0.75,0.85714286,0.81818182,0.42857143,19.47058824,0.38095238,NA,0.19047619,0.42857143,92.8194885253906,NA,91.9779968261719,86.5816989474826,6.31928491592407,NA,11.022647857666,-0.738078064388699,6.73952388763428,NA,1.48318302631378,0.6852355533176,-0.497998882085085,NA,-0.118308506906033,0.200970139354467,-6.22498602606356,NA,-2.95771267265081,2.23300154838297,0.3,0.72727273,0.52380952,0.66666667,0.875,0.81818182,0.52380952,2,99.7757415771484,6.79254245758057,0,0,102.964,2,1,"2024-09-22",0
"Richard Lovelady",19337,"2024-09-18","BOS",12,2024,"TBR","H",28,0,0,0,1,0,0,0,0,0,0,0,0.2,1,0,0,0,0,0,0,0,0,0,0,0,0,0,0,0,0,1,0,0,0,0,0,0,0,0,0,-1.18327091598511,0,0,0,0,1,3.1664797782898,-3.1664797782898,3.1664797782898,0,79.1489231587868,76.9288520456552,1,0,1,0,0,0,0,0,1,2,3,0.0475960038602352,0,0.0475960038602352,0.479999989271164,0.0527182854712009,1.10400009155273,0.552000045776367,1.10400009155273,0.591199994087219,1,1,0.0431123189628124,-2.0086989710455e-10,0,0,1,91,NA,NA,NA,NA,NA,0.784760475158691,NA,NA,26.1586825052897,NA,NA,0.5,1,0.66666667,1,1,1,0.33333333,1,0,0,0,1,0,1,0,1,0,0,1,0,1,0,1.3270541498211,NA,NA,NA,64.9831,80,46.43388,NA,NA,NA,73.14027,79.58648,51.19594,-1.31221,2.10878,NA,NA,NA,123.82,90.04,114.34,NA,NA,NA,123.82,90.04,114.34,NA,1,NA,NA,90.9000040690104,NA,NA,11.2184855143229,NA,NA,1.76160685221354,NA,NA,0.798711452633142,NA,NA,26.6237150877714,NA,0.5,1,0.66666667,1,1,1,0.33333333,20.5,NA,NA,1,NA,NA,NA,90.6640625,NA,NA,NA,11.2386334737142,NA,NA,NA,0.0915240049362183,NA,NA,NA,0.798711452633142,NA,NA,NA,26.6237150877714,NA,0.5,1,0.66666667,1,1,1,0.33333333,1,94.9514999389648,-1.1815083026886,0,0,94.9515,0,0,"2024-09-18",0
"Richard Lovelady",19337,"2024-09-15","@CLE",12,2024,"TBR","A",28,0,0,0,1,0,0,0,0,0,0,0,1,4,1,0,0,0,0,0,0,0,0,2,18,0,9,2,0,0,0,0,2,0,0,0,0,0.5,0,0.5,0.562229084014893,0,0.25,1,0.5,1,-0.833520221710205,0.833520221710205,-0.833520221710205,0,-23.233098233895,-22.5814263197472,0,1,0,0,0,0,0,0,2,13,15,0.0131000000983477,-0.00607599969953299,0.0191759988665581,0.480000019073486,0.0506329126656055,0.227400004863739,0.219200000166893,0.219200000166893,NA,0,1,0.0425259098410606,0.0150818290250724,0,0,0.6,93.33333333,0.4,87.16666667,NA,NA,NA,0.509326159954071,-0.20214831829071,NA,5.65917955504523,-3.36913863817851,NA,0.6,0.7,0.66666667,0,0.85714286,0.6,0.66666667,0.75,0.26666667,0,1,1,0,1,1,2,0,0.5,0.5,0,0.5,0.5,5.21201800710102,80,57.20529,80,80,66.10527,80,80,57.48133,80,80,58.91244,80,-3.1296,-0.61731,95.88,106.36,100.04,138.52,217,238.42,114.1,149.38,150.4,108.853333333333,138.32,138.634666666667,0.46666667,0.13333333,0.4,93.3714250837054,93.5999984741211,87.3666687011719,6.31892013549805,10.4327726364136,-0.0823415517807007,7.59616252354213,4.11803817749023,2.29053974151611,0.517790224403143,0.039364367723465,-0.206305991858244,7.39700320575919,1.96821838617325,-3.4384331976374,1,0.58333333,0.66666667,0,0.85714286,0.6,0.8,16.09090909,0.46666667,NA,0.13333333,0.4,93.4396275111607,NA,93.6777954101562,87.4212341308594,5.74501310076032,NA,9.80354499816895,-1.00990335146586,6.99370738438198,NA,3.28413486480713,1.56538597742716,0.517790224403143,NA,0.039364367723465,-0.206305991858244,7.39700320575919,NA,1.96821838617325,-3.4384331976374,1,0.58333333,0.66666667,0,0.85714286,0.6,0.8,2,98.4237060546875,14.2549877166748,0,0,104.363,1,0.5,"2024-09-15",0
"Richard Lovelady",19337,"2024-09-12","@CLE",12,2024,"TBR","A",28,0,0,0,1,0,0,0,0,1,0,0,1,3,0,0,0,0,0,0,0,0,0,0,0,0,0,0,0,0,3,0,0,0,0,0,0,0,0,0,-1.18327091598511,0,0,0,0,1,3.1664797782898,-3.1664797782898,3.1664797782898,0,79.1489231587868,76.9288520456552,3,0,1,0,0,0,0,0,2,4,6,0.0384880006313324,0,0.0384880006313324,0.479999989271164,0.0506329126656055,0.504800021648407,0.870400011539459,0.870400011539459,NA,0,1,0.0761683508753777,7.57041578435536e-05,0,0,0.33333333,92.5,0.66666667,86.75,NA,NA,NA,0.212085232138634,0.424170464277267,NA,10.6042616069317,10.6042616069317,NA,0.5,1,0.66666667,1,1,1,0.33333333,0.66666667,0,3,0,0,0,3,0,3,1,0,0,0,1,0,1.3270541498211,50.47763,68.2494,41.89487,NA,NA,NA,48.99562,41.75616,52.94064,50.76538,54.15289,50.06951,0.07786,4.19388,86.58,101.42,101.48,NA,NA,NA,83.12,106.66,101.28,84.2733333333333,104.913333333333,101.346666666667,0.33333333,NA,0.66666667,92.3500061035156,NA,86.6999969482422,4.6937894821167,NA,-0.693143367767334,7.64724063873291,NA,1.33578622341156,0.214739698916674,NA,0.429479379206896,10.7369849458337,NA,10.7369844801724,0.5,1,0.66666667,1,1,1,0.33333333,18.33333333,0.33333333,NA,NA,0.66666667,92.52099609375,NA,NA,86.8569488525391,4.04262495040894,NA,NA,-1.71178495883942,6.92287492752075,NA,NA,0.373150229454041,0.214739698916674,NA,NA,0.429479379206896,10.7369849458337,NA,NA,10.7369844801724,0.33333333,1,0.66666667,1,1,1,0.5,3,98.7131958007812,-12.8620961507161,0,0,104.001,2,0.66666667,"2024-09-12",0
"Richard Lovelady",19337,"2024-09-10","@PHI",12,2024,"TBR","A",28,0,1,27.000028163224,1,0,0,0,0,0,0,0,0.2,5,2,2,2,0,1,0,0,0,0,1,13.500014081612,13.500014081612,27.000028163224,1,0,0,2,0,1,0,0,0,0,0.2,0.2,0,4.94568908401489,0,0.5,4.50000469387067,0.666666666666667,0.33333333,4.66648134291335,22.3335468203107,4.66648134291335,697.570681198958,117.542221228373,114.245245356712,2,0.333333333,0.666666666,0,0,0,0,0,5,14,19,-0.128346040844917,-0.262516021728516,0.134169965982437,-0.673999965190887,-0.0690220147371292,2.04807996749878,1.70019996166229,1.48020005226135,3.13680005073547,1,1,-0.0833680331707001,0.0207015148307643,0,1,0.42105263,92.125,0.57894737,84.81818182,NA,NA,NA,-1.28399384021759,0.22638937830925,NA,-16.0499230027199,2.05808525735682,NA,0.45454545,0.75,0.57894737,0.8,0.83333333,0.81818182,0.42105263,0.6,0.10526316,1,1,1,0,1,2,3,0.33333333,0.33333333,0.33333333,0,0.33333333,0.66666667,5.93466504398886,NA,NA,NA,28.0795,57.45399,20,56.26815,51.6256,65.07871,46.32325,56.93662,43.78226,0.35383,4.60784,NA,NA,NA,121.52,40.74,53.5,101.276363636364,106.743636363636,103.176363636364,109.8,78.9526315789474,82.26,NA,0.42105263,0.57894737,NA,92.0875015258789,84.8545476740057,NA,8.97583484649658,-2.83634393865412,NA,2.48171925544739,1.79040960832076,NA,-1.30248945951462,0.227710124105215,NA,-16.2811182439327,2.07009203732014,0.45454545,0.75,0.57894737,0.8,0.83333333,0.81818182,0.42105263,18.57142857,NA,NA,0.42105263,0.57894737,NA,NA,91.7058868408203,84.4327281605114,NA,NA,8.46678352355957,-3.79651468450373,NA,NA,1.22700774669647,0.637938889590177,NA,NA,-1.30248945951462,0.227710124105215,NA,NA,-16.2811182439327,2.07009203732014,0.5,0.71428571,0.57894737,0.83333333,0.8,0.81818182,0.36842105,3,94.0401814778646,6.0301144917806,0,0,103.411,2,0.66666667,"2024-09-10",0
"Richard Lovelady",19337,"2024-09-08","@BAL",12,2024,"TBR","A",28,0,0,0,1,0,0,0,0,0,1,0,1.1,4,0,0,0,0,0,0,0,0,0,1,6.75000160932579,0,0,1,0,0,3,0,0,0,0,0,0,0.25,0,0.25,-0.797583415985107,0,0,0,0,1,1.66647942066184,-1.66647942066184,1.66647942066184,0,40.7556559828629,39.612488761715,3,0,1,0,0,0,0,0,5,9,14,0.166860014200211,0,0.166860014200211,1.05799996852875,0.113763444125652,1.72749996185303,1.79333341121674,2.3840000629425,1.01199996471405,1,1,0.0985366404056549,-0.00194618142745279,1,0,0.5,92.57142857,0.5,86.42857143,NA,NA,NA,0.404456824064255,0.614623665809631,NA,5.77795462948935,8.78033808299473,NA,0.33333333,0.8,0.5,0.66666667,1,0.85714286,0.35714286,0.5,0.07142857,2,1,0,0,3,0,3,0.66666667,0.33333333,0,0,1,0,0.153269977089712,49.72176,45.58503,55.93816,50.18597,76.42141,41.61957,51.18003,41.3744,52.48463,53.50542,54.9654,50.98776,-0.09237,3.93854,105.94,59.66,35.08,115.24,112.12,128.5,87.3714285714286,108.877142857143,109.02,99.9771428571429,103.004285714286,105.414285714286,0.14285714,0.35714286,0.5,93.8000030517578,92.1599975585937,86.2857142857143,5.73922729492188,10.0075103759766,-0.947410311017718,7.67845916748047,2.3390495300293,1.6997515814645,0,0.409482218325138,0.622093964368105,0,8.18964436650276,8.88705663383007,0.28571429,0.71428571,0.5,0.5,1,0.85714286,0.5,21,0.14285714,NA,0.35714286,0.5,93.8562469482422,NA,92.2535400390625,86.3622349330357,5.07466983795166,NA,9.61197967529297,-1.82078388759068,6.81620502471924,NA,1.09720773696899,0.538247925894601,0,NA,0.409482218325138,0.622093964368105,0,NA,8.18964436650276,8.88705663383007,0.28571429,0.71428571,0.5,0.5,1,0.85714286,0.5,3,91.2717081705729,-6.47333526611328,0,0,98.7582,1,0.33333333,"2024-09-08",0
"Richard Lovelady",19337,"2024-09-06","@BAL",12,2024,"TBR","A",28,0,0,0,1,0,0,0,0,0,0,0,1,4,1,0,0,0,0,0,0,0,0,0,0,0,9,0,0,0,1,3,0,0,0,0,0,0,0,0,8.41372908401489,0,0.25,1,0.25,1,3.1664797782898,-3.1664797782898,7.70250499695539,0,79.1489231587868,189.77413509113,0.333333333,0,0.25,0.75,0,0,0,0,4,9,13,0.0211199894547462,-0.0143599985167384,0.0354799851775169,0.467000007629395,0.0502150505781174,0.454499989748001,0.370000004768372,0.370000004768372,0.211999997496605,1,1,0.0359222739934921,0.0105463507174925,0,0,0.38461538,92.4,0.61538462,86,NA,NA,NA,0.253476470708847,-0.00569762289524078,NA,5.06952941417694,-0.0712202861905098,NA,0.2,0.625,0.46153846,1,1,1,0.61538462,0.5,0,2,1,1,0,3,1,4,0.5,0.25,0.25,0,0.75,0.25,0.902599846760432,77.37438,31.30001,80,57.61604,80,43.19727,67.80344,52.30576,80,71.53616,63.26737,80,-1.21255,2.25827,138.52,180.58,196.16,140.36,108.54,162.82,111.3775,107.515,116.34,122.383076923077,113.450769230769,136.781538461538,0.07692308,0.30769231,0.61538462,92.8000030517578,92.1750030517578,85.8625030517578,6.3948392868042,10.5503330230713,-2.78779768943787,7.63518857955933,1.5774667263031,2.59886145591736,0,0.25739511102438,-0.00833634659647942,0,6.43487777560949,-0.104204332455993,0.2,0.625,0.46153846,1,1,1,0.61538462,21.55555556,0.07692308,NA,0.30769231,0.61538462,92.938102722168,NA,92.290901184082,85.9527359008789,5.52136993408203,NA,9.84566974639893,-4.1260871887207,6.54194021224976,NA,0.515676081180573,1.36478066444397,0,NA,0.25739511102438,-0.00833634659647942,0,NA,6.43487777560949,-0.104204332455993,0.33333333,0.57142857,0.46153846,1,1,1,0.53846154,4,78.4183807373047,24.5701808929443,0,0,92.1945,0,0,"2024-09-06",0
"Richard Lovelady",19337,"2024-09-04","MIN",12,2024,"TBR","H",28,0,0,0,1,0,0,0,0,0,0,0,1,4,0,0,0,0,1,0,0,0,0,2,18,9,0,2,0,0,1,0,0,0,0,0,0,0.5,0.25,0.25,3.84572908401489,0,0,1,0,1,2.1664797782898,-2.1664797782898,2.1664797782898,0,53.5534178106164,52.0512824543046,1,0,1,0,0,0,0,0,7,12,19,0.00506798131391406,-0.00339801912195981,0.00846600066870451,0.451999992132187,0.0496430546045303,0.0839599967002869,0.134199991822243,0.134199991822243,NA,0,1,0.02573904953897,0.0346228074535368,0,0,0.68421053,92.92307692,0.31578947,87.16666667,NA,NA,NA,0.497284024953842,-0.0778174102306366,NA,3.82526173041417,-1.29695683717728,NA,0.25,0.85714286,0.47368421,1,0.66666667,0.77777778,0.36842105,0.5,0.10526316,0,1,0,0,0,1,1,0,1,0,0,0,1,1.47213595025559,80,57.44254,80,20,72.89381,20,38.76758,51.02,36.79413,49.3367,57.46188,46.43177,0.16662,4.32702,79.24,177.68,167.36,121.04,-4.45999999999999,7.57999999999998,93.4766666666667,53.1033333333333,46.2366666666667,92.5357894736842,99.9947368421053,95.4726315789474,0.47368421,0.21052632,0.31578947,92.7888861762153,93.125,87.2333374023438,6.60034942626953,11.0307903289795,-0.566399852434794,8.09529283311632,2.50905656814575,2.42715930938721,0.790352247655392,-0.288048837333918,-0.082476519048214,8.78169164061546,-7.20122093334794,-1.37460865080357,0.22222222,0.7,0.47368421,1,0.71428571,0.77777778,0.52631579,17.86666667,0.47368421,NA,0.21052632,0.31578947,92.6769748263889,NA,93.0487518310547,87.1391194661458,6.16441218058268,NA,10.8998994827271,-1.34744723637899,6.63390435112847,NA,0.906758904457092,0.592270612716675,0.790352247655392,NA,-0.288048837333918,-0.082476519048214,8.78169164061546,NA,-7.20122093334794,-1.37460865080357,0.22222222,0.7,0.47368421,1,0.71428571,0.77777778,0.52631579,1,104.142845153809,-2.83551096916199,0,0,104.143,1,1,"2024-09-04",0
"Richard Lovelady",19337,"2024-09-01","SDP",12,2024,"TBR","H",28,0,0,0,1,0,0,0,0,0,0,0,1,5,0,0,0,0,2,0,0,0,0,0,0,18,0,0,0,0,2,1,0,0,0,0,0,0,0.4,-0.4,13.2447290840149,0,0,2,0,1,9.16647977828979,-9.16647977828979,10.6784881845117,0,232.721955247809,263.80936394225,2,0,0.666666666,0.333333333,0,0,3,27,12,8,20,0.0536579750478268,-0.029152050614357,0.0828100219368935,0.451999992132187,0.04964305087924,0.900160014629364,1.14326667785645,0.367000013589859,1.46140003204346,1,1,0.023388110101223,0.0362212639831393,0,0,0.7,92.07142857,0.3,86.83333333,NA,NA,NA,-0.595388650894165,0.758042335510254,NA,-4.25277607781546,12.6340389251709,NA,0.1875,0.75,0.3,0.33333333,0.66666667,0.5,0.2,0.2,0.15,2,1,0,0,2,1,3,0.66666667,0.33333333,0,0,0.66666667,0.33333333,7.84877370529358,29.87635,44.83446,21.31714,20,80,20,59.11699,43.43331,74.3038,20,68.94096,20,2.27642,7.49172,90.28,60.96,62.96,128.6,6.35999999999999,36.04,87.66,95.96,100.98,112.486,38.7,58.214,0.1,0.6,0.3,92.25,92.0166625976562,86.5499979654948,6.75635385513306,11.3930498758952,0.426979064941406,9.53058433532715,2.24731413523356,2.95627880096436,-0.0240093097090721,-0.587395396083593,0.767795499414206,-1.20046548545361,-4.89496163402995,12.7965916569034,0.21428571,0.5,0.3,0.33333333,0.66666667,0.5,0.3,19.2,0.1,NA,0.6,0.3,92.3842010498047,NA,92.182118733724,86.7109985351562,6.66821479797363,NA,11.2680333455404,-0.0117148918410142,8.20795440673828,NA,0.550235748291016,1.17129397392273,-0.0240093097090721,NA,-0.587395396083593,0.767795499414206,-1.20046548545361,NA,-4.89496163402995,12.7965916569034,0.21428571,0.5,0.3,0.33333333,0.66666667,0.5,0.3,3,91.8775126139323,14.5681037902832,0,0,105.081,1,0.33333333,"2024-09-01",0
"Richard Lovelady",19337,"2024-08-30","SDP",12,2024,"TBR","H",28,0,0,0,1,0,0,0,0,0,0,0,2,7,1,0,0,0,1,0,0,0,0,0,0,4.5,4.5,0,0,0,3,2,1,0,0,0,0,0,0.14285714,-0.14285714,7.44999437859701,0,0.166666666666667,1,0.166666666666667,1,4.6664797782898,-4.6664797782898,6.17848818451166,0,117.542181181042,151.860300781173,1.5,0.166666666,0.5,0.333333333,0,0,0,0,12,16,28,0.00633600167930126,-0.00446799909695983,0.0108040012419224,0.903999984264374,0.0992861017584801,0.0687142834067345,0.0578000023961067,0.0728000029921532,0.021399999037385,1,1,0.0680750831961632,0.0241328445471434,0,0,0.46428571,91.61538462,0.53571429,84.93333333,NA,NA,NA,0.582490384578705,0.385946035385132,NA,4.48069526599004,2.57297356923421,NA,0.29411765,0.45454545,0.35714286,1,1,1,0.39285714,0.42857143,0,3,2,1,2,2,2,6,0.5,0.33333333,0.16666667,0.33333333,0.33333333,0.33333333,5.02139180286413,37.65638,57.34358,33.66326,40.55736,62.59579,38.52015,65.46172,53.10383,70.72041,54.99752,58.22952,57.41212,-0.18507,3.79949,91.22,88.1,90.64,108.62,109.26,111.28,101.456,98.1893333333333,88.436,99.8107142857143,97.2835714285714,93.145,0.28571429,0.17857143,0.53571429,91.3000030517578,91.7400024414062,84.7733317057292,6.16721725463867,11.2637321472168,-2.53397979736328,8.4027624130249,2.61068992614746,3.36314010620117,0.363463561981916,0.26788591593504,0.38940143212676,4.54329452477396,5.35771831870079,2.59600954751174,0.26666667,0.46153846,0.35714286,1,1,1,0.46428571,18,0.28571429,NA,0.17857143,0.53571429,91.6190643310547,NA,92.0613403320312,85.0911051432292,5.75389623641968,NA,10.9602203369141,-3.30421854654948,7.23136377334595,NA,0.983886814117432,1.64119885762533,0.363463561981916,NA,0.26788591593504,0.38940143212676,4.54329452477396,NA,5.35771831870079,2.59600954751174,0.26666667,0.46153846,0.35714286,1,1,1,0.46428571,6,91.2077433268229,18.3136227925618,0,0,107.701,3,0.5,"2024-08-30",0
"Richard Lovelady",19337,"2024-08-25","@LAD",12,2024,"TBR","A",28,0,1,18,1,0,0,0,0,0,0,0,1,7,2,2,2,1,0,0,2,0,0,2,18,0,18,2,0,0,1,1,1,0,0,0,0,0.28571429,0,0.28571429,2.34762705054979,9,0.4,2,0.5,0.76923077,18.1664797782898,-0.166479778289794,6.67848818451166,465.046635717358,463.081503381344,164.299085576848,1,0.333333333,0.333333333,0.333333333,0,1,0,0,6,13,19,-0.325940012931824,-0.346960008144379,0.0210199952125549,-1.5220000743866,-0.161058202385902,0.808857142925262,1.79799997806549,1.79799997806549,NA,0,1,-0.109667718410492,-0.293295914639776,0,1,0.63157895,92.66666667,0.36842105,84.85714286,NA,NA,NA,-0.964650571346283,-0.735392451286316,NA,-8.03875476121902,-10.5056064469474,NA,0.36363636,0.75,0.52631579,0.25,0.83333333,0.6,0.42105263,0.71428571,0.21052632,2,1,0,0,2,1,3,0.66666667,0.33333333,0,0,0.66666667,0.33333333,17.7700455613004,47.7807,63.00747,47.08489,20,66.95216,20,80,55.29661,80,26.41416,61.67978,20,1.59071,6.46316,83.18,94.08,88.26,104.64,-79.8,-66.9,116.477142857143,149.74,146.157142857143,102.224210526316,59.6768421052632,60.5926315789474,0.31578947,0.31578947,0.36842105,92.5833333333333,92.8166707356771,84.8571428571429,4.90134684244792,9.19122823079427,-5.74921253749302,7.48068237304688,3.33829561869303,1.52553476606097,-0.361950103193521,-0.623381804674864,-0.73998523876071,-6.03250171989202,-10.3896967445811,-10.5712176965816,0.4,0.66666667,0.52631579,0.5,0.66666667,0.6,0.47368421,17.83333333,0.31578947,NA,0.31578947,0.36842105,92.3141377766927,NA,92.5412394205729,84.5598318917411,4.69228839874268,NA,9.13531812032064,-6.53261457170759,6.77304967244466,NA,2.34234205881755,0.305816582271031,-0.361950103193521,NA,-0.623381804674864,-0.73998523876071,-6.03250171989202,NA,-10.3896967445811,-10.5712176965816,0.36363636,0.75,0.52631579,0.5,0.66666667,0.6,0.42105263,3,93.0784912109375,14.3719062805176,1,0.33333333,100.402,2,0.66666667,"2024-08-25",0
"Richard Lovelady",19337,"2024-08-23","@LAD",12,2024,"TBR","A",28,0,0,0,1,0,0,0,0,0,0,0,1,3,0,0,0,0,0,0,0,0,0,0,0,0,0,0,0,0,3,0,0,0,0,0,0,0,0,0,-1.18327091598511,0,0,0,0,1,3.1664797782898,-3.1664797782898,3.1664797782898,0,79.1489231587868,76.9288520456552,3,0,1,0,0,0,0,0,3,4,7,0.0685800090432167,0,0.0685800090432167,0.477999985218048,0.0505820102989674,0.916666626930237,1.16466665267944,0.861999988555908,0.972000002861023,1,1,0.0749354809522629,-0.000120922389266337,1,0,0.71428571,92.6,0.28571429,88,NA,NA,NA,0.62114542722702,0.0151102766394615,NA,12.4229085445404,0.755513831973076,NA,0.33333333,1,0.42857143,1,1,1,0.14285714,0.33333333,0,2,1,0,0,1,2,3,0.66666667,0.33333333,0,0,0.33333333,0.66666667,1.3270541498211,NA,NA,NA,32.75785,63.56952,28.75095,77.595,40.54765,78.35122,48.21045,55.10062,42.95535,0.23659,4.43198,NA,NA,NA,108.34,79.04,90.56,83.5,133.82,125.92,101.242857142857,94.6914285714286,100.662857142857,NA,0.71428571,0.28571429,NA,92.4799987792969,88.25,NA,10.1680541992187,-0.412734121084213,NA,3.87447776794434,1.76723670959473,NA,0.629097647964954,0.0151214338839054,NA,12.5819529592991,0.756071694195271,0,0.75,0.42857143,NA,1,1,0.57142857,16,NA,NA,0.71428571,0.28571429,NA,NA,92.2797790527344,88.0547027587891,NA,NA,9.89707183837891,-1.19959306716919,NA,NA,2.65538597106934,0.868596017360687,NA,NA,0.629097647964954,0.0151214338839054,NA,NA,12.5819529592991,0.756071694195271,0,0.75,0.42857143,NA,1,1,0.57142857,3,100.305023193359,0.53338090578715,0,0,111.753,2,0.66666667,"2024-08-23",0
"Richard Lovelady",19337,"2024-08-22","@OAK",12,2024,"TBR","A",28,0,0,0,1,0,0,0,0,0,0,0,1,5,0,0,0,0,2,0,0,0,0,0,0,18,0,0,0,0,3,0,0,0,0,0,0,0,0.4,-0.4,11.4784890840149,0,0,2,0,1,9.16647977828979,-9.16647977828979,9.16647977828979,0,232.721955247809,226.194269593759,3,0,1,0,0,0,0,0,10,6,16,0.0119000002741814,-0.00749201327562332,0.0193920135498047,0.453000009059906,0.0496710538864136,0.217120006680489,0.204800009727478,0.204800009727478,NA,0,1,0.0273069180548191,0.0275014824059145,0,0,0.75,92.08333333,0.25,88.25,NA,NA,NA,0.317913413047791,-0.19299778342247,NA,2.64927844206492,-4.82494458556175,NA,0.07692308,0.66666667,0.1875,1,1,1,0.1875,0.4,0,0,3,0,0,3,0,3,0,1,0,0,1,0,8.19855417290572,29.72097,44.92475,21.07877,20,53.98412,20,20,38.23693,20,20,46.0199,20,2.74782,8.19882,91.14,-21.62,-17.9,93.32,43.86,49.08,81.68,0.879999999999995,2.84,90.1375,24.93,29.1475,0.125,0.625,0.25,92.1999969482422,91.9799987792969,88.2249984741211,6.61619186401367,10.4870559692383,0.510780215263367,7.61126136779785,2.68813533782959,3.75026893615723,0.0909972935914993,0.224213484674692,-0.196844764053822,4.54986467957497,2.24213484674692,-4.92111910134554,0.08333333,0.5,0.1875,1,1,1,0.25,17.09090909,0.125,NA,0.625,0.25,92.3294525146484,NA,92.0984924316406,88.3689498901367,6.29407501220703,NA,10.7818954467773,0.291151016950607,6.44145488739014,NA,1.33394784927368,2.37450456619263,0.0909972935914993,NA,0.224213484674692,-0.196844764053822,4.54986467957497,NA,2.24213484674692,-4.92111910134554,0.09090909,0.4,0.1875,1,1,1,0.3125,3,92.6498107910156,-21.9407374064128,0,0,105.311,2,0.66666667,"2024-08-22",0
"Richard Lovelady",19337,"2024-08-19","@OAK",12,2024,"TBR","A",28,0,0,0,1,0,0,0,0,0,0,0,1,4,1,0,0,0,0,0,0,1,0,2,18,0,9,2,0.5,0,2,0,0,0,1,0,0,0.5,0,0.5,-0.528020915985107,0,0.25,1,0.5,1,-0.833520221710205,0.833520221710205,-0.833520221710205,0,-23.233098233895,-22.5814263197472,2,0,1,0,0,0,0,0,7,9,16,0.0102999825030565,-0.0224160067737103,0.0327159911394119,0.453000009059906,0.0496710501611233,0.231120005249977,0.184799998998642,0.184799998998642,0.0932000055909157,1,1,0.0142515795305371,0.0303139373831379,0,0,0.625,92,0.375,87.33333333,NA,NA,NA,-0.31153130531311,0.708801031112671,NA,-3.1153130531311,11.8133505185445,NA,0.2,0.66666667,0.375,0.5,0.5,0.5,0.375,0.25,0.1875,2,0,0,1,1,0,2,1,0,0,0.5,0.5,0,-0.898066995206912,43.50176,51.14164,51.13191,30.02307,47.94245,36.99144,20,40.25177,26.93198,22.99337,44.25988,32.09521,1.80323,6.78194,74.58,70,59.82,103.12,79.58,78.5,81.7,63.28,66.08,93.30375,72.86875,72.675,0.0625,0.5625,0.375,92.4000015258789,91.9888916015625,87.2000020345052,5.94140625,10.2499643961589,0.597577810287476,7.55883407592773,3.51021957397461,3.49096552530924,-0.0350487045943737,-0.283248469233513,0.718403678387403,-3.50487045943737,-3.1472052137057,11.9733946397901,0.22222222,0.57142857,0.375,0,0.75,0.5,0.4375,20.08333333,0.0625,NA,0.5625,0.375,92.7077026367188,NA,92.2698906792535,87.4576822916667,5.63676977157593,NA,10.410390218099,0.612594882647196,5.95201015472412,NA,1.90463913811578,1.92342933019002,-0.0350487045943737,NA,-0.283248469233513,0.718403678387403,-3.50487045943737,NA,-3.1472052137057,11.9733946397901,0.28571429,0.44444444,0.375,0,0.75,0.5,0.5625,2,64.6316680908203,-49.7809829711914,0,0,76.6743,0,0,"2024-08-19",0
"Richard Lovelady",19337,"2024-08-17","ARI",12,2024,"TBR","H",28,0,0,0,1,0,0,0,0,1,0,0,1.1,4,0,0,0,0,0,0,0,0,0,0,0,0,0,0,0,0,1,3,0,0,0,0,0,0,0,0,8.41372908401489,0,0,0,0,1,3.1664797782898,-3.1664797782898,6.5684995033937,0,79.1489231587868,161.562834508075,0.333333333,0,0.25,0.75,0,0,0,0,6,10,16,0.0265319682657719,0,0.0265319682657719,1.18299996852875,0.129928603768349,0.256350010633469,0.362266659736633,0.818400025367737,NA,0,1,0.101934745907784,0.00156424830020775,0,0,0.6875,92.54545455,0.3125,87.2,NA,NA,NA,0.491712808609009,0.469842135906219,NA,4.47011644190008,9.39684271812439,NA,0.27272727,0.6,0.375,0.66666667,1,0.83333333,0.3125,0.25,0.0625,1,1,2,1,1,2,4,0.25,0.25,0.5,0.25,0.25,0.5,0.902599846760432,70.91426,51.20917,80,80,75.03657,56.74904,42.36811,45.05006,55.53147,76.64877,56.36095,71.51076,-1.53018,1.78182,89.9,113.38,118.14,142.7,129.04,169.9,89.62,92.24,96.24,109.6125,112.64625,130.70625,0.3125,0.375,0.3125,92.5200012207031,92.5666707356771,87.1,6.53838195800781,11.1232897440592,0.598325300216675,9.23275680541992,2.65074300765991,2.85164966583252,0.393362727016211,0.146525923162699,0.517567526549101,7.86725454032421,2.44209871937831,10.351350530982,0.28571429,0.44444444,0.375,1,0.75,0.83333333,0.5625,17.25,0.3125,NA,0.375,0.3125,92.7410583496094,NA,92.768544514974,87.2856567382812,6.21836776733398,NA,10.7983169555664,-0.112496209144592,7.85595626831055,NA,1.20949633916219,1.3347466468811,0.393362727016211,NA,0.146525923162699,0.517567526549101,7.86725454032421,NA,2.44209871937831,10.351350530982,0.16666667,0.5,0.375,1,0.8,0.83333333,0.625,4,88.3615875244141,6.96578550338745,1,0.25,103.027,1,0.25,"2024-08-17",0
"Richard Lovelady",19337,"2024-08-12","HOU",12,2024,"TBR","H",28,0,0,0,1,0,0,0,0,0,0,0,2,7,2,0,0,0,0,0,0,0,0,1,4.5,0,9,1,0.2,0,5,0,1,0,1,0,0,0.14285714,0,0.14285714,0.378912767843791,0,0.285714285714286,1,0.333333333333333,1,2.1664797782898,-2.1664797782898,2.1664797782898,0,53.5534178106164,52.0512824543046,5,0.166666666,0.833333333,0,0,0,0,0,6,18,24,0.00786400213837624,-0.00321199977770448,0.0110760014504194,0.903999984264374,0.0992861017584801,0.0685142874717712,0.067100003361702,0.0828000009059906,0.0199999995529652,1,1,0.0769997462630272,0.0377792644888004,0,0,0.58333333,93,0.41666667,85.2,NA,NA,NA,0.69543069601059,0.0904125571250916,NA,4.96736211436135,0.904125571250916,NA,0.57142857,0.7,0.625,0.625,1,0.8,0.41666667,0.42857143,0.125,2,3,1,0,3,3,6,0.33333333,0.5,0.16666667,0,0.5,0.5,2.25675161834203,20,58.52405,20,59.58598,59.01712,49.3774,80,58.34024,80,64.11445,59.59653,59.94473,-0.75147,2.94989,91.88,65.18,65.4,115.4,109,122.22,99.52,128.8,126.8,104.863333333333,109.946666666667,114.658333333333,0.16666667,0.41666667,0.41666667,93.1500015258789,92.85,85.2599975585938,7.20966529846191,10.8177345275879,-1.61020183563232,8.96914291381836,3.5695671081543,3.77114639282227,-0.0657817460596561,0.772081419825554,0.0900988057255745,-1.6445436514914,7.72081419825554,0.900988057255745,0.57142857,0.7,0.625,0.75,0.85714286,0.8,0.41666667,19.70588235,0.16666667,NA,0.41666667,0.41666667,93.0787963867188,NA,92.7933898925781,85.2025024414063,6.66407775878906,NA,10.4072166442871,-2.23132419586182,7.68967723846436,NA,2.09333648681641,2.49911289215088,-0.0657817460596561,NA,0.772081419825554,0.0900988057255745,-1.6445436514914,NA,7.72081419825554,0.900988057255745,0.53846154,0.72727273,0.625,0.71428571,0.875,0.8,0.45833333,6,93.743153889974,-10.0848375956217,1,0.16666667,108.882,3,0.5,"2024-08-12",0
"Richard Lovelady",19337,"2024-08-09","BAL",12,2024,"TBR","H",28,0,0,9,1,0,0,0,0,0,0,0,1,5,2,1,1,1,0,0,0,0,0,1,9,0,18,1,0,0,1,2,1,0,0,0,0,0.2,0,0.2,3.74716908401489,9,0.4,2,0.333333333333333,1,14.1664797782898,-5.16647977828979,4.19049659073353,232.523317858679,360.699481988662,102.403901559937,0.5,0.25,0.25,0.5,0,0.5,0,0,5,13,18,-0.0392279997467995,-0.0582440085709095,0.0190160050988197,-0.547999978065491,-0.0601867064833641,0.228160008788109,0.3783999979496,0.3783999979496,0.166999995708466,1,1,-0.149627298116684,-0.022304671710817,0,0,0.72222222,92.53846154,0.27777778,87.2,NA,NA,NA,-0.654479384422302,-0.491658806800842,NA,-5.03445680324848,-9.83317613601685,NA,0.22222222,0.77777778,0.5,0.5,1,0.88888889,0.5,0.6,0.05555556,0,2,2,0,2,2,4,0,0.5,0.5,0,0.5,0.5,14.1645541596307,48.96306,56.38012,42.28651,80,80,75.78297,20,45.08521,20,46.38561,61.02593,38.32788,0.34996,4.60203,82.34,122.84,119.5,134.5,115.48,141.3,103.98,30.54,35.48,105.737777777778,94.7477777777778,103.427777777778,0.38888889,0.33333333,0.27777778,92.3142874581473,93.0333353678385,87.2200012207031,7.41039494105748,11.7873140970866,0.882890510559082,8.69534138270787,3.45900821685791,4.15455894470215,-1.00871029868722,0.363357879221439,-0.500802058726549,-14.4101471241031,6.05596465369066,-10.016041174531,0.14285714,0.72727273,0.5,0,1,0.88888889,0.61111111,17.5,0.38888889,NA,0.33333333,0.27777778,92.4292428152902,NA,93.1297810872396,87.3002014160156,6.89099448067801,NA,11.4469668070475,0.0884472131729126,7.25987134660993,NA,1.94716278711955,2.55015296936035,-1.00871029868722,NA,0.363357879221439,-0.500802058726549,-14.4101471241031,NA,6.05596465369066,-10.016041174531,0.14285714,0.72727273,0.5,0,1,0.88888889,0.61111111,4,97.7627410888672,14.3580923080444,1,0.25,105.456,3,0.75,"2024-08-09",0
"Richard Lovelady",19337,"2024-08-08","@STL",12,2024,"TBR","A",28,1,0,0,1,0,0,0,0,0,0,0,1,5,2,0,0,0,0,0,0,0,0,0,0,0,18,0,0,0,1,1,3,0,0,0,0,0,0,0,6.03472908401489,0,0.4,2,0.4,1,3.1664797782898,-3.1664797782898,4.67848818451166,0,79.1489231587868,114.543946394147,1,0.6,0.2,0.2,0,0,3,27,3,13,16,0.0275520011782646,-0.025628013536334,0.0531800165772438,0.479999989271164,0.0506329126656055,0.53056001663208,0.48199999332428,0.48199999332428,1.9099999666214,1,1,0.0122144026681781,0.0397156341128836,0,0,0.4375,93.14285714,0.5625,86.11111111,NA,NA,NA,-0.980283081531525,0.54958587884903,NA,-14.0040440218789,6.10650976498922,NA,0.625,0.75,0.6875,0.6,1,0.81818182,0.5,0.4,0.125,4,0,1,1,0,4,5,0.8,0,0.2,0.2,0,0.8,11.8852354758331,80,64.07931,80,29.57823,64.65727,20,67.23073,48.30188,72.79299,68.89992,57.82273,69.21825,-1.04877,2.50394,145.98,147.6,166.28,123.26,73.88,80.6,101.911111111111,117.22,119.268888888889,114.994666666667,114.628,120.937333333333,0.1875,0.25,0.5625,93.0666707356771,93.4499969482422,86.1333346896701,6.12269973754883,10.0365028381348,-1.45235644446479,8.31848907470703,3.93971633911133,2.75004196166992,-1.29583287239075,0.265564668923616,0.556005146354437,-43.1944290796916,6.63911672309041,6.17783495949374,0.66666667,0.7,0.6875,0.5,1,0.81818182,0.625,19.90909091,0.1875,NA,0.25,0.5625,93.2728983561198,NA,93.6464538574219,86.3196478949653,5.41221364339193,NA,9.50837707519531,-2.53325547112359,7.47792689005534,NA,2.75403261184692,1.51483090718587,-1.29583287239075,NA,0.265564668923616,0.556005146354437,-43.1944290796916,NA,6.63911672309041,6.17783495949374,0.66666667,0.7,0.6875,0.5,1,0.81818182,0.625,5,89.195166015625,19.2415390014648,2,0.4,111.078,3,0.6,"2024-08-08",0
"Richard Lovelady",19337,"2024-06-07","BAL",12,2024,"TBR","H",28,0,0,0,1,0,0,0,0,0,0,0,1,3,0,0,0,0,0,0,0,0,0,1,9,0,0,1,0,0,0,2,0,1,0,0,0,0.33333333,0,0.33333333,4.45139575020756,0,0,0,0,1,1.1664797782898,-1.1664797782898,4.19049659073353,0,27.9579124624459,102.403901559937,0,0,0,1,0.5,0,1,9,1,8,9,0.0332139991223812,0,0.0332139991223812,0.451999992132187,0.0496430546045303,0.447466671466827,0.608400046825409,0.608400046825409,0.919800043106079,1,1,0.0744497925043106,-0.000223037216585217,0,0,0.55555556,92.4,0.44444444,84.75,NA,NA,NA,0.33653062582016,0.464483320713043,NA,6.7306125164032,11.6120830178261,NA,0.33333333,0.83333333,0.66666667,0,0.8,0.66666667,0.66666667,0.66666667,0.22222222,1,0,1,1,1,0,2,0.5,0,0.5,0.5,0.5,0,-1.45670893082013,64.35243,28.29633,78.87488,80,63.26344,80,60.35886,52.54355,58.12902,80,54.88895,80,-1.87137,1.27004,131.84,118.76,98.5,111.42,119.14,132.84,110.4,118.83,129.8,115.504444444444,118.917777777778,123.857777777778,0.22222222,0.33333333,0.44444444,92.6999969482422,92.2999979654948,84.7249984741211,7.56178569793701,10.4344240824382,-3.53553557395935,6.25064325332642,2.33632230758667,2.50946617126465,0.196128189563751,0.144308466464281,0.434311840683222,9.80640947818756,4.81028221547604,10.8577960170805,0.33333333,0.83333333,0.66666667,0,0.8,0.66666667,0.66666667,19,NA,NA,0.55555556,0.44444444,NA,NA,92.4245849609375,84.6789245605469,NA,NA,8.63061981201172,-4.27194786071777,NA,NA,2.63909549713135,1.21577095985413,NA,NA,0.340436656028032,0.434311840683222,NA,NA,6.80873312056065,10.8577960170805,0,0.85714286,0.66666667,NA,0.66666667,0.66666667,0.77777778,2,76.3415069580078,65.5991668701172,0,0,83.809,0,0,"2024-06-07",0
"Richard Lovelady",19337,"2024-06-05","@MIA",12,2024,"TBR","A",28,1,0,0,1,0,0,0,0,0,0,0,1,3,0,0,0,0,0,0,0,0,0,2,18,0,0,2,0,0,1,0,0,0,0,0,0,0.66666667,0,0.66666667,-0.412826469756885,0,0,0,0,1,-0.833520221710205,0.833520221710205,-0.833520221710205,0,-23.233098233895,-22.5814263197472,1,0,1,0,0,0,0,0,2,7,9,0.0758199989795685,0,0.0758199989795685,0.522000014781952,0.0519402995705605,0.986666679382324,1.39199995994568,1.39199995994568,1.55999994277954,1,1,0.0769307389855385,-8.61464154990055e-05,1,0,0.33333333,92,0.66666667,86.16666667,NA,NA,NA,0.36026805639267,0.373124659061432,NA,12.008935213089,6.21874431769053,NA,0.25,0.6,0.44444444,0,0.66666667,0.5,0.55555556,0.66666667,0.22222222,0,0,1,0,1,0,1,0,0,1,0,1,0,-1.54007596913708,65.8454,61.0802,59.99742,80,80,80,77.25954,43.01112,80,80,54.75118,80,-1.99068,1.09107,115.86,67.04,64.36,109.3,145.8,154.26,90.56,144.84,127.24,98.2644444444445,127.657777777778,116.268888888889,0.22222222,0.11111111,0.66666667,91.9000015258789,91.5999984741211,86.0666707356771,5.79146146774292,10.4037437438965,-0.954706827799479,9.38473129272461,2.16145920753479,1.86028893788656,0.14972286298871,0.214739695191383,0.366003025323153,7.48614314943552,21.4739695191383,6.10005042205254,0.33333333,0.5,0.44444444,0,0.66666667,0.5,0.66666667,15.83333333,0.22222222,NA,0.11111111,0.66666667,92.4848480224609,NA,92.1703033447266,86.6280008951823,5.18043518066406,NA,9.76194000244141,-1.61538902918498,7.83465480804443,NA,0.958175003528595,0.535236318906148,0.14972286298871,NA,0.214739695191383,0.366003025323153,7.48614314943552,NA,21.4739695191383,6.10005042205254,0.33333333,0.5,0.44444444,0,0.66666667,0.5,0.66666667,1,106.191162109375,-24.6517276763916,0,0,106.191,1,1,"2024-06-05",0
"Richard Lovelady",19337,"2024-05-31","@BAL",12,2024,"TBR","A",28,0,1,54.0000563264481,1,0,0,0,0,0,0,1,0.1,3,2,2,2,0,0,0,0,0,0,1,27.000028163224,0,54.0000563264481,1,0,0,1,0,1,0,0,0,0,0.33333333,0,0.33333333,1.13839575453556,0,0.666666666666667,6.00000625849423,1,0,-2.83352648020443,56.8335828066525,-2.83352648020443,1395.14136239792,-74.4242691195584,-72.3367211985741,1,0.5,0.5,0,0,0,0,0,3,9,12,-0.18860000371933,-0.291679978370667,0.103079989552498,-0.980999946594238,-0.105483867228031,2.86466670036316,1.06099998950958,2.12199997901917,2.76600003242493,1,1,-0.0597500540316105,-0.0060865766994343,0,1,0.25,92,0.75,84.44444444,NA,NA,NA,-0.40275639295578,-0.258836805820465,NA,-13.425213098526,-2.87596450911628,NA,0.5,0.5,0.5,0.5,0.5,0.5,0.33333333,0.66666667,0.25,0,2,0,1,0,1,2,0,1,0,0.5,0,0.5,3.70209232202746,80,58.81298,80,80,50.6266,80,47.38212,56.69225,49.85685,69.73495,61.81453,78.21446,-1.10065,2.42612,81.86,179.46,167.5,125.86,156.88,161.32,110.46,78.3622222222222,81.1466666666667,110.643333333333,99.8733333333333,101.705,0.08333333,0.16666667,0.75,91.8000030517578,92.0500030517578,84.3999972873264,4.86844635009766,9.63004779815674,-3.22774908277724,7.07690334320068,4.21408367156982,2.79059600830078,0.057969942688942,-0.46685853600502,-0.264311570674181,5.7969942688942,-23.342926800251,-2.93679522971312,0.25,0.625,0.5,0,0.6,0.5,0.66666667,19.66666667,0.08333333,NA,0.16666667,0.75,91.5708999633789,NA,91.8504943847656,84.1869642469618,4.49591016769409,NA,9.22920036315918,-3.99805619981554,5.87120008468628,NA,2.99449014663696,1.59805117713081,0.057969942688942,NA,-0.46685853600502,-0.264311570674181,5.7969942688942,NA,-23.342926800251,-2.93679522971312,0.2,0.71428571,0.5,0,0.6,0.5,0.58333333,2,81.7589111328125,12.2224540710449,0,0,98.0754,1,0.5,"2024-05-31",0
"Richard Lovelady",19337,"2024-05-30","OAK",12,2024,"TBR","H",28,1,0,0,1,0,0,0,0,0,0,0,1,4,0,0,0,0,1,1,0,0,0,1,9,9,0,1,0,0,0,1,0,0,0,1,0,0.25,0.25,0,6.49179158401489,0,0,1,0,1,4.1664797782898,-4.1664797782898,5.67848818451166,0,104.744428506957,139.421515985497,0,0,0,1,0,0,1,9,4,6,10,0.302587985992432,-0.0564330369234085,0.359021008014679,1.057000041008,0.116090059280396,4.35631990432739,2.70020008087158,2.70020008087158,NA,0,1,0.0692674741148949,0.000192068030265988,1,0,0.5,91.8,0.5,84.4,NA,NA,0.4,0.264933526515961,0.394877880811691,NA,5.29867053031921,7.89755761623383,NA,0.5,1,0.6,0.75,1,0.83333333,0.2,0.5,0.1,1,0,1,1,1,0,2,0.5,0,0.5,0.5,0.5,0,2.58790005233358,NA,NA,NA,33.34223,69.78351,37.55999,36.60509,70.16562,31.89894,35.36805,73.34415,32.52189,1.03444,5.62875,NA,NA,NA,105.46,96.28,108.36,108.83,67.495,107.75,106.957777777778,83.4866666666667,108.088888888889,NA,0.5,0.5,NA,91.8200012207031,84.3400024414063,NA,9.4186408996582,-4.32507019042969,NA,3.6320743560791,4.07933616638184,NA,0.267885901033878,0.401082783937454,NA,5.35771802067757,8.02165567874908,0.2,1,0.6,1,0.8,0.83333333,0.5,22,NA,NA,0.5,0.5,NA,NA,91.8804809570313,84.3671630859375,NA,NA,8.98703842163086,-5.35332641601562,NA,NA,2.41513195037842,2.67786903381348,NA,NA,0.267885901033878,0.401082783937454,NA,NA,5.35771802067757,8.02165567874908,0.33333333,1,0.6,0.5,1,0.83333333,0.4,2,64.9043960571289,56.5479125976562,0,0,64.9044,0,0,"2024-05-30",0
"Richard Lovelady",19337,"2024-05-25","KCR",12,2024,"TBR","H",28,0,1,13.5000032186516,1,0,0,0,0,0,0,0,1.1,8,4,3,2,0,0,0,0,0,0,0,0,0,27.0000064373032,0,1,1,1,4,2,0,1,1,1,0,0,0,7.58835408401489,0,0.5,3.00000071525591,0.5,0.25,3.1664797782898,10.3335234403618,7.70250607842834,348.785059944857,79.1489231587868,189.774161995548,0.25,0.285714285,0.142857142,0.571428571,0,0,1,6.75000160932579,6,21,27,-0.435919761657715,-0.569511294364929,0.133591502904892,-1.84299993515015,-0.202416241168976,1.57995009422302,3.84653353691101,6.13920021057129,0.215599998831749,1,1,-0.341889142990112,0.0659818448725166,0,1,0.48148148,91.53846154,0.51851852,85.64285714,NA,NA,NA,-0.743203043937683,-0.572744071483612,NA,-5.71694649182833,-4.0910290820258,NA,0.42857143,0.69230769,0.55555556,0.83333333,0.88888889,0.86666667,0.48148148,0.75,0.07407407,2,2,4,1,3,4,8,0.25,0.25,0.5,0.125,0.375,0.5,4.64123226579824,78.95208,52.44017,80,55.88182,67.13204,54.97871,33.76476,46.22675,37.37061,54.54543,52.99347,58.96797,-0.15698,3.84162,92.86,128.86,126.42,107.58,60.58,62.64,91.7942857142857,72.3542857142857,63.3457142857143,95.0333333333333,86.9162962962963,81.9037037037037,0.2962963,0.18518519,0.51851852,91.7375030517578,91.4,85.6428571428571,6.25027227401733,9.9195068359375,-1.39986160823277,7.45019674301147,3.35920906066895,2.21352645329067,-0.357386525720358,-0.398118488490582,-0.573182728141546,-4.46733157150447,-7.96236976981163,-4.09416234386819,0.44444444,0.61111111,0.55555556,1,0.81818182,0.86666667,0.66666667,19.94736842,0.2962963,NA,0.18518519,0.51851852,91.7425003051758,NA,91.4233581542969,85.6394653320312,5.57348251342773,NA,9.38507385253906,-2.16250623975481,6.22710227966309,NA,2.02605819702148,0.864603723798479,-0.357386525720358,NA,-0.398118488490582,-0.573182728141546,-4.46733157150447,NA,-7.96236976981163,-4.09416234386819,0.44444444,0.61111111,0.55555556,1,0.81818182,0.86666667,0.66666667,8,89.023681640625,26.505606515067,1,0.125,106.801,3,0.375,"2024-05-25",0
"Richard Lovelady",19337,"2024-05-24","KCR",12,2024,"TBR","H",28,0,0,0,1,0,0,0,0,0,0,0,1,4,1,0,0,0,0,0,0,0,0,0,0,0,9,0,1,0,1,3,0,0,1,0,0,0,0,0,8.41372908401489,0,0.25,1,0.25,1,3.1664797782898,-3.1664797782898,7.70250499695539,0,79.1489231587868,189.77413509113,0.333333333,0,0.25,0.75,0,0,0,0,1,7,8,0.000127999999676831,-1.39999929160695e-05,0.000141999989864416,0.451999992132187,0.0496430546045303,0.0031999999191612,0.00139999995008111,0.00139999995008111,NA,0,1,0.031399991363287,0.00860000954620775,0,0,0.625,92.2,0.375,85.33333333,NA,NA,NA,-0.180640980601311,0.466157823801041,NA,-3.61281961202622,15.5385941267014,NA,0.5,0.83333333,0.75,0,1,0.83333333,0.75,1,0.125,0,2,2,1,2,1,4,0,0.5,0.5,0.25,0.5,0.25,0.902599846760432,20,50.36409,20,80,62.97197,80,76.58168,51.63892,80,74.79772,54.99591,80,-1.41518,1.95432,102.9,99.34,88.7,96.42,119.02,123.16,115.666666666667,108.72,118.386666666667,105.2575,110.2375,112.755,0.25,0.375,0.375,92.3499984741211,92,85.2333323160807,5.23219966888428,10.5346616109212,-1.36611255009969,8.30783843994141,1.88834444681803,1.01753727595011,0.0337270088493824,-0.218445390462875,0.514013469219208,1.68635044246912,-7.28151301542918,17.1337823073069,0,0.85714286,0.75,NA,0.83333333,0.83333333,0.875,15.5,0.25,NA,0.375,0.375,92.4319000244141,NA,92.0579630533854,85.2984008789062,4.73951005935669,NA,9.87040328979492,-2.09729560216268,7.47146034240723,NA,0.58570130666097,-0.293298919995626,0.0337270088493824,NA,-0.218445390462875,0.514013469219208,1.68635044246912,NA,-7.28151301542918,17.1337823073069,0,0.85714286,0.75,NA,0.83333333,0.83333333,0.875,4,84.1236953735352,3.66936874389648,0,0,95.2116,1,0.25,"2024-05-24",0
"Richard Lovelady",19337,"2024-05-22","BOS",12,2024,"TBR","H",28,0,1,27.000028163224,1,0,0,0,0,0,0,0,0.2,4,2,2,2,0,0,0,0,0,0,1,13.500014081612,0,27.000028163224,1,0.5,0,2,0,1,0,1,0,0,0.25,0,0.25,0.992229084014893,0,0.5,3.00000312924711,0.666666666666667,0,0.166476649042681,26.8335515141814,0.166476649042681,697.570681198958,2.36232701961423,2.29606542354053,2,0.333333333,0.666666666,0,0,0,0,0,8,12,20,-0.134743988513947,-0.309444010257721,0.174699991941452,-0.99399995803833,-0.109170779585838,2.99364995956421,1.40450000762939,2.80900001525879,2.28299999237061,1,1,-0.026130449026823,-0.0188794854457969,0,1,0.55,91.72727273,0.45,85.88888889,NA,NA,NA,0.290586590766907,-0.623582363128662,NA,2.64169627969915,-6.9286929236518,NA,0.22222222,0.72727273,0.5,1,0.75,0.8,0.55,0.5,0.1,2,1,0,2,0,1,3,0.66666667,0.33333333,0,0.66666667,0,0.33333333,3.03736486865895,28.20125,48.17387,22.91633,78.26789,66.63348,80,22.16761,38.84597,25.28357,51.08655,52.07934,59.33476,0.05791,4.16396,124.48,72.18,74.44,112.1,131.16,163.08,103.206666666667,87.1044444444444,81.9466666666667,109.336,105.437,117.706,0.1,0.45,0.45,91.5,91.7222222222222,85.8111097547743,7.00928020477295,10.332507663303,-0.755055798424615,8.37234973907471,3.23369238111708,3.55039109124078,0.0291231870651245,0.266160354018211,-0.635606497526169,1.45615935325623,2.95733726686902,-7.06229441695743,0.36363636,0.66666667,0.5,0.75,0.83333333,0.8,0.45,23.5625,0.1,NA,0.45,0.45,91.4088973999023,NA,91.6693793402778,85.7405124240451,6.22988986968994,NA,9.74329715304905,-1.79592005411784,7.37983989715576,NA,1.95682991875543,2.13328319125705,0.0291231870651245,NA,0.266160354018211,-0.635606497526169,1.45615935325623,NA,2.95733726686902,-7.06229441695743,0.2,0.8,0.5,1,0.75,0.8,0.5,3,86.7755126953125,-33.0608698527018,0,0,106.129,1,0.33333333,"2024-05-22",0
"Richard Lovelady",19337,"2024-05-20","BOS",12,2024,"TBR","H",28,0,0,0,1,0,0,0,0,0,0,0,1,3,0,0,0,0,0,0,0,0,0,0,0,0,0,0,0,0,2,1,0,0,0,0,0,0,0,0,4.72206241920756,0,0,0,0,1,3.1664797782898,-3.1664797782898,4.67848818451166,0,79.1489231587868,114.543946394147,2,0,0.666666666,0.333333333,0,0,0,0,6,6,12,0.00294000096619129,0,0.00294000096619129,0.451999992132187,0.0496430546045303,0.0380666665732861,0.051400002092123,0.051400002092123,0.0199999995529652,1,1,0.0791349783539772,-0.00190202808944082,0,0,0.66666667,91.5,0.33333333,84,NA,NA,NA,0.484539747238159,0.189453944563866,NA,6.05674684047699,4.73634861409664,NA,0.28571429,0.6,0.41666667,1,1,1,0.41666667,NA,0,1,1,1,1,1,1,3,0.33333333,0.33333333,0.33333333,0.33333333,0.33333333,0.33333333,1.13291258119566,34.95021,60.04369,29.89395,38.0733,70.08894,62.85818,20,46.54046,20,26.16125,59.63776,37.64593,1.60642,6.48672,84.82,115.66,114.38,109.74,123.8,146.28,83.74,22.65,27.02,96.92,88.7266666666667,101.21,0.16666667,0.5,0.33333333,91.9499969482422,91.1833292643229,84,5.36736392974854,10.1218535105387,-3.38646411895752,8.44684600830078,2.81001281738281,1.32844161987305,0.212891716510057,0.278800532221794,0.19055163115263,10.6445858255029,4.6466755370299,4.76379077881575,0.14285714,0.8,0.41666667,1,1,1,0.41666667,16.22222222,0.16666667,NA,0.5,0.33333333,91.9329528808594,NA,91.1760965983073,83.9883499145508,4.26673030853271,NA,9.55682818094889,-4.5508074760437,7.22910499572754,NA,1.70722659428914,-0.23329946398735,0.212891716510057,NA,0.278800532221794,0.19055163115263,10.6445858255029,NA,4.6466755370299,4.76379077881575,0,0.71428571,0.41666667,NA,1,1,0.58333333,3,83.0538177490234,14.5083567301432,0,0,95.7003,1,0.33333333,"2024-05-20",0
"Richard Lovelady",19337,"2024-05-12","@PIT",17,2024,"CHC","A",28,0,0,27.000028163224,1,0,0,0,0,0,1,0,0.1,3,2,1,1,0,0,0,0,0,0,0,0,0,54.0000563264481,0,0,0,1,1,1,0,0,0,0,0,0,0,6.03472908401489,0,0.666666666666667,6.00000625849423,0.666666666666667,0.5,3.1664797782898,23.8335483849342,7.70250972840334,674.258506642282,80.0700356271687,187.926204380887,1,0.333333333,0.333333333,0.333333333,0,0,0,0,4,7,11,-0.114859998226166,-0.155277997255325,0.0404180102050304,-0.687999963760376,-0.0685600340366364,1.63193333148956,1.56620001792908,1.56620001792908,3.18879985809326,1,1,-0.0751605927944183,0.00477781672762509,0,1,0.54545455,92.16666667,0.45454545,84.6,NA,NA,NA,-0.433518618345261,-0.538734316825867,NA,-7.22531030575434,-10.7746863365173,NA,0,0.66666667,0.36363636,NA,0.75,0.75,0.54545455,1,0.09090909,0,3,0,0,2,1,3,0,1,0,0,0.66666667,0.33333333,5.70221563415401,NA,NA,NA,64.11736,55.92682,58.68474,31.74996,39.77847,36.44582,53.32947,48.70711,52.43451,-0.08144,3.95493,NA,NA,NA,99.32,113.34,116.98,107.812,87.008,96.524,103.18,101.370909090909,107.681818181818,NA,0.54545455,0.45454545,NA,92.183339436849,84.6200012207031,NA,9.23494084676107,-1.25114221572876,NA,3.02043056488037,3.05430526733398,NA,-0.440803300589323,-0.543175466358662,NA,-7.34672167648872,-10.8635093271732,0,0.66666667,0.36363636,NA,0.75,0.75,0.54545455,17.5,NA,0.09090909,0.45454545,0.45454545,NA,90.5925979614258,92.6149780273438,84.7108581542969,NA,5.8263201713562,9.19704132080078,-2.23307476043701,NA,0.877012014389038,2.12780876159668,2.076926612854,NA,-0.0242429338395596,-0.416560366749763,-0.543175466358662,NA,-2.42429338395596,-8.33120733499527,-10.8635093271732,0,0.66666667,0.36363636,NA,0.75,0.75,0.54545455,3,95.4844462076823,23.8610026041667,0,0,101.762,2,0.66666667,"2024-05-12",0
"Richard Lovelady",19337,"2024-05-11","@PIT",17,2024,"CHC","A",28,0,0,9,1,0,0,0,0,0,0,0,1,5,2,1,1,1,0,0,0,0,0,0,0,0,18,0,0,0,2,3,0,0,0,0,0,0,0,0,6.69112908401489,9,0.4,2,0.25,1,16.1664797782898,-7.16647977828979,7.70250499695539,224.752601111951,401.286127457841,187.926090042024,0.666666666,0,0.4,0.6,0,0.333333333,0,0,5,8,13,-0.0741060152649879,-0.141547992825508,0.0674419775605202,-0.47900003194809,-0.0477329380810261,0.725199997425079,0.845200002193451,0.845200002193451,0.418999999761581,1,1,-0.10394798964262,0.00176098532917363,0,1,0.46153846,92.33333333,0.53846154,85.85714286,NA,NA,NA,-1.96952545642853,0.474989593029022,NA,-32.8254242738088,6.78556561470032,NA,0.16666667,0.85714286,0.53846154,1,1,1,0.53846154,0.6,0,2,3,0,1,2,2,5,0.4,0.6,0,0.2,0.4,0.4,11.0704603135489,20,48.31261,20,77.91156,63.38999,76.1236,23.69469,40.60064,28.14357,23.86879,46.99344,22.60722,1.74885,6.70037,95.38,73.56,55.5,97.94,139.86,146.62,91.22,85.54,81.76,93.5338461538462,90.2107692307692,83.6584615384615,0.30769231,0.15384615,0.53846154,92.0500030517578,92.5500030517578,85.8714250837054,5.69432973861694,10.2026605606079,-1.00570508411952,7.5410327911377,2.95177888870239,2.22332613808768,-1.45998778566718,-0.515744984149933,0.480774950236082,-36.4996946416795,-25.7872492074966,6.86821357480117,0.16666667,0.85714286,0.53846154,1,1,1,0.53846154,19.625,0.30769231,NA,0.15384615,0.53846154,92.2277755737305,NA,92.7248992919922,86.0387311662946,4.78058767318726,NA,9.37740993499756,-2.13461998530797,7.08787250518799,NA,1.90553796291351,1.15763023921422,-1.45998778566718,NA,-0.515744984149933,0.480774950236082,-36.4996946416795,NA,-25.7872492074966,6.86821357480117,0.16666667,0.85714286,0.53846154,1,1,1,0.53846154,5,95.8447143554688,6.28035430908203,2,0.4,108.381,3,0.6,"2024-05-11",0
"Richard Lovelady",19337,"2024-05-08","SDP",17,2024,"CHC","H",28,0,0,0,1,0,0,0,0,0,0,0,0.2,3,0,0,0,0,1,0,0,0,0,2,27.000028163224,13.500014081612,0,2,0,0,0,0,0,0,0,0,0,0.66666667,0.33333333,0.33333333,4.54806241285889,0,0,1.50000156462356,0,1,1.66647821366624,-1.66647821366624,1.66647821366624,0,43.0066017557631,42.0611351806182,0,0,0,0,0,0,0,0,7,9,16,0.014932001940906,-0.00977199897170067,0.0247040018439293,0.422000020742416,0.0452304407954216,0.472200006246567,0.258200019598007,0.516400039196014,0.629599988460541,1,1,0.0287569854408503,0.00286521223677761,0,0,0.25,92.5,0.75,84.33333333,NA,NA,NA,-0.202194824814796,0.420893877744675,NA,-5.05487062036991,3.50744898120562,NA,0.22222222,0.85714286,0.5,0.5,0.5,0.5,0.4375,0.66666667,0.25,0,0,0,0,0,0,0,NA,NA,NA,NA,NA,NA,1.5381134172695,71.16211,60.72288,59.94576,20,59.78577,20,52.17717,49.07829,55.51398,33.45461,56.83329,43.37825,1.15331,5.80706,72.36,110.1,108.22,109.34,-102.36,-79.28,96.3963636363636,117.749090909091,116.323636363636,97.3826666666667,73.2173333333333,76.6626666666667,0.0625,0.1875,0.75,92.5,92.6333312988281,84.4416656494141,3.80766034126282,9.71225992838542,-2.78633403778076,8.37680435180664,2.86729685465495,2.86687088012695,0.0682137757539749,-0.276170209050179,0.424400251358747,6.82137757539749,-9.20567363500595,3.5366687613229,0.14285714,0.77777778,0.5,1,0.42857143,0.5,0.5625,23.41666667,0.0625,0.0625,0.1875,0.6875,92.5796966552734,85.372200012207,92.7518717447917,84.4967262961648,2.76848006248474,3.1653299331665,8.83693695068359,-4.35621018843217,7.47727012634277,5.8708701133728,1.88421328862508,1.50955668362704,0.0682137757539749,-0.0897959321737289,-0.276170209050179,0.514196183532476,6.82137757539749,-8.97959321737289,-9.20567363500595,4.67451075938615,0.14285714,0.77777778,0.5,1,0.42857143,0.5,0.5625,0,NA,NA,0,NA,NA,0,NA,"2024-05-08",0
"Richard Lovelady",19337,"2024-05-06","SDP",17,2024,"CHC","H",28,0,1,81.0000844896721,1,0,0,0,0,0,0,0,0.1,4,3,3,3,0,0,0,0,0,0,0,0,0,81.0000844896721,0,0,0,3,1,0,0,0,0,0,0,0,0,3.65572908401489,0,0.75,9.00000938774135,0.75,0,3.1664797782898,77.8336047113823,7.70250972840334,2022.77551992684,80.0700356271687,187.926204380887,3,0,0.75,0.25,0,0,0,0,6,8,14,-0.286092013120651,-0.316731989383698,0.0306399986147881,-2.15199995040894,-0.230653792619705,1.86632001399994,1.26333332061768,1.11000001430511,1.00639998912811,1,1,-0.130522310733795,-0.0227697350968084,0,1,0.42857143,91.83333333,0.57142857,85.125,NA,NA,NA,-0.799409210681915,-0.380364269018173,NA,-13.3234868446986,-4.75455336272717,NA,0,0.625,0.35714286,NA,0.8,0.8,0.57142857,0.25,0.07142857,1,1,2,1,3,0,4,0.25,0.25,0.5,0.25,0.75,0,1.18646374365322,64.25111,47.2892,80,70.95931,60.56897,72.185,51.91099,51.11373,54.15074,63.97514,55.5995,71.75218,-0.74281,2.96288,79.72,168.12,158.98,97.34,118.26,125.34,101.335,103.18,102.385,97.1057142857143,116.765714285714,117.028571428571,0.14285714,0.28571429,0.57142857,92.6500015258789,91.4000015258789,84.9499969482422,5.8185658454895,9.34799480438232,-1.12162375450134,7.07419586181641,1.61894607543945,2.48485565185547,-0.380039200186729,-0.431845512241125,-0.387005183845758,-19.0019600093365,-10.7961378060281,-4.83756479807198,0,0.625,0.35714286,NA,0.8,0.8,0.57142857,16.8,0.14285714,NA,0.28571429,0.57142857,93.0561981201172,NA,91.8247756958008,85.3556365966797,5.14334011077881,NA,8.61824512481689,-1.9374064207077,6.33377504348755,NA,0.683946967124939,1.34281992912292,-0.380039200186729,NA,-0.431845512241125,-0.387005183845758,-19.0019600093365,NA,-10.7961378060281,-4.83756479807198,0,0.625,0.35714286,NA,0.8,0.8,0.57142857,4,77.2430725097656,4.77146482467651,0,0,85.9087,0,0,"2024-05-06",0
"Richard Lovelady",19337,"2024-05-03","MIL",17,2024,"CHC","H",28,0,0,0,1,0,0,0,0,0,1,0,1,3,0,0,0,0,0,0,0,0,0,1,9,0,0,1,0,0,0,1,1,0,0,0,0,0.33333333,0,0.33333333,2.61817353088578,0,0,0,0,1,1.1664797782898,-1.1664797782898,2.67848818451166,0,30.6521753455268,66.5170884121943,0,0.5,0,0.5,0,0,0,0,5,10,15,0.103476032614708,0,0.103476032614708,0.468999981880188,0.0502679497003555,1.3902667760849,1.83986675739288,1.23320007324219,1.54200005531311,1,1,0.0745184868574142,-8.95827113304576e-05,1,0,0.53333333,92.125,0.46666667,84.85714286,NA,NA,NA,0.480959802865982,0.284999281167984,NA,6.01199753582478,4.07141830239977,NA,0.5,0.4,0.46666667,0.8,0.5,0.71428571,0.33333333,1,0.13333333,0,0,2,1,1,0,2,0,0,1,0.5,0.5,0,3.4292784158419,80,44.75836,80,20,51.1521,20,55.46117,50.24424,57.01992,40.06288,49.91742,29.9851,0.74277,5.19125,96.48,168.94,150.62,115.06,0.299999999999997,8.69999999999999,121.3,120.148571428571,117.291428571429,114.256,89.9573333333333,87.76,0.2,0.33333333,0.46666667,92.3666687011719,92.0200012207031,84.9142892020089,6.01357968648275,8.37661285400391,-3.238799231393,6.96160380045573,2.15493183135986,2.40640149797712,0.197990521788597,0.288692314177752,0.330277226865292,6.5996840596199,5.77384628355503,4.71824609807559,0.33333333,0.66666667,0.46666667,0.66666667,0.75,0.71428571,0.4,18.66666667,0.13333333,NA,0.4,0.46666667,92.9870452880859,NA,92.3550008138021,85.2664620535714,4.26443481445312,NA,7.9426383972168,-4.00360570635114,6.38112497329712,NA,1.77911949157715,1.11158125741141,0.158626154065132,NA,0.328056681901217,0.330277226865292,7.93130770325661,NA,5.46761136502028,4.71824609807559,0.375,0.57142857,0.46666667,0.66666667,0.75,0.71428571,0.46666667,2,69.7114868164062,37.8912506103516,0,0,81.186,0,0,"2024-05-03",0
"Richard Lovelady",19337,"2024-05-02","@NYM",17,2024,"CHC","A",28,0,0,0,1,0,0,0,0,0,0,1,1.1,6,2,0,0,0,0,0,0,0,0,2,13.5000032186516,0,13.5000032186516,2,0,0,2,0,2,0,0,0,0,0.33333333,0,0.33333333,1.13839575453556,0,0.333333333333333,1.50000035762795,0.5,1,0.166479063033887,-0.166479063033887,0.166479063033887,0,5.94322753149751,5.81257031260301,2,0.5,0.5,0,0,0,0,0,8,14,22,-0.0551260188221931,-0.249118015170097,0.193992003798485,-0.198000013828278,-0.0215334482491016,2.10416674613953,1.84146666526794,2.51920008659363,1.78779995441437,1,1,-0.0245026610791683,-0.00169584192603874,0,0,0.31818182,92.42857143,0.68181818,85.66666667,NA,NA,NA,-1.13865494728088,0.873374462127686,NA,-16.2664992468698,5.82249641418457,NA,0.41666667,0.7,0.54545455,0.4,0.85714286,0.66666667,0.45454545,0.66666667,0.18181818,2,1,1,1,2,1,4,0.5,0.25,0.25,0.25,0.5,0.25,3.72049635602622,80,50.72544,80,80,64.35447,80,54.29951,53.41437,54.8304,71.13481,58.63433,73.36088,-1.18762,2.29566,97.04,140.54,124.38,100.06,123.8,127.62,93.712,125.42,122.088,95.1827272727273,127.948181818182,123.259090909091,0.18181818,0.13636364,0.68181818,92.9250030517578,91.5999959309896,85.6799967447917,6.38025569915771,9.97077814737956,-0.974480311075846,7.56062841415405,2.72498321533203,2.23313217163086,-0.465572491288185,-0.686516460031271,0.883264269679785,-11.6393122822046,-22.8838820010424,5.8884284645319,0.36363636,0.72727273,0.54545455,0.25,0.875,0.66666667,0.5,18.75,0.18181818,NA,0.13636364,0.68181818,93.3348007202148,NA,92.0059000651042,86.0825439453125,5.35658502578735,NA,8.96914672851562,-2.13767115275065,6.70174503326416,NA,1.68406470616659,1.13876813252767,-0.465572491288185,NA,-0.686516460031271,0.883264269679785,-11.6393122822046,NA,-22.8838820010424,5.8884284645319,0.36363636,0.72727273,0.54545455,0.25,0.875,0.66666667,0.5,4,84.2524490356445,-8.74319839477539,0,0,103.317,2,0.5,"2024-05-02",0
"Richard Lovelady",19337,"2024-04-28","@BOS",17,2024,"CHC","A",28,0,0,0,1,0,0,0,0,0,0,0,1,4,0,0,0,0,1,0,0,0,0,1,9,9,0,1,0,0,0,2,0,0,0,0,0,0.25,0.25,0,7.38247908401489,0,0,1,0,1,4.1664797782898,-4.1664797782898,7.19049659073353,0,104.77896576799,175.553036418574,0,0,0,1,0,0,0,0,6,10,16,0.0357439666986465,-0.0228240005671978,0.0585679672658443,0.546999990940094,0.0526974946260452,0.7257000207901,0.603600025177002,0.603600025177002,0.541999995708466,1,1,0.0397326126694679,0.00952185291499022,0,0,0.625,92.5,0.25,84,0.125,86,NA,-0.0880036056041718,0.259720236063004,0.268998652696609,-0.880036056041717,6.49300590157509,13.4499326348305,0.125,0.625,0.375,1,1,1,0.5,0.5,0,1,1,0,0,1,1,2,0.5,0.5,0,0,0.5,0.5,2.60076515574149,80,61.84137,70.11152,43.62562,50.12957,67.25082,77.89138,63.47321,70.30268,69.749,57.52346,80,-1.10152,2.42481,105.84,132.12,96.22,109.52,46.12,61.06,101.93,136.94,152.43,106.44375,85.5525,97.52125,0.0625,0.5625,0.375,91.8000030517578,92.6555582682292,84.5666656494141,3.28601694107056,9.1746342976888,-4.64511680603027,5.10765027999878,2.75778812832303,1.27302885055542,-0.0380783230066299,-0.0554627403616905,0.534937623888254,-3.80783230066299,-0.61625267068545,8.91562706480424,0.16666667,0.5,0.375,1,1,1,0.625,19,0.0625,NA,0.5625,0.375,92.1022033691406,NA,92.9364895290799,84.8526000976562,2.32313990592957,NA,8.20583089192708,-5.70664405822754,4.52657985687256,NA,1.77337614695231,0.100819329420726,-0.0380783230066299,NA,-0.0554627403616905,0.534937623888254,-3.80783230066299,NA,-0.61625267068545,8.91562706480424,0.2,0.45454545,0.375,1,1,1,0.6875,2,98.3353729248047,43.2084808349609,0,0,98.3803,2,1,"2024-04-28",0
