"PlayerName","playerid","Date","Opp","teamid","season","Team","HomeAway","Age","W","L","ERA","G","GS","QS","CG","ShO","SV","HLD","BS","IP","TBF","H","R","ER","HR","BB","IBB","HBP","WP","BK","SO","K/9","BB/9","H/9","K/BB","IFH%","BUH%","GB","FB","LD","IFFB","IFH","BU","BUH","K%","BB%","K-BB%","SIERA","HR/9","AVG","WHIP","BABIP","LOB%","FIP","E-F","xFIP","ERA-","FIP-","xFIP-","GB/FB","LD%","GB%","FB%","IFFB%","HR/FB","RS","RS/9","Balls","Strikes","Pitches","WPA","-WPA","+WPA","RE24","REW","pLI","inLI","gmLI","exLI","Pulls","Games","WPA/LI","Clutch","SD","MD","FB%1","FBv","SL%","SLv","CT%","CTv","XX%","wFB","wSL","wCT","wFB/C","wSL/C","wCT/C","O-Swing%","Z-Swing%","Swing%","O-Contact%","Z-Contact%","Contact%","Zone%","F-Strike%","SwStr%","Pull","Cent","Oppo","Soft","Med","Hard","bipCount","Pull%","Cent%","Oppo%","Soft%","Med%","Hard%","tERA","GSv2","pb_o_FF","pb_s_FF","pb_c_FF","pb_o_SI","pb_s_SI","pb_c_SI","pb_o_SL","pb_s_SL","pb_c_SL","pb_o_FC","pb_s_FC","pb_c_FC","pb_overall","pb_stuff","pb_command","pb_xRV100","pb_ERA","sp_s_FF","sp_l_FF","sp_p_FF","sp_s_SI","sp_l_SI","sp_p_SI","sp_s_SL","sp_l_SL","sp_p_SL","sp_s_FC","sp_l_FC","sp_p_FC","sp_stuff","sp_location","sp_pitching","pfxFA%","pfxFC%","pfxSI%","pfxSL%","pfxvFA","pfxvFC","pfxvSI","pfxvSL","pfxFA-X","pfxFC-X","pfxSI-X","pfxSL-X","pfxFA-Z","pfxFC-Z","pfxSI-Z","pfxSL-Z","pfxwFA","pfxwFC","pfxwSI","pfxwSL","pfxwFA/C","pfxwFC/C","pfxwSI/C","pfxwSL/C","pfxO-Swing%","pfxZ-Swing%","pfxSwing%","pfxO-Contact%","pfxZ-Contact%","pfxContact%","pfxZone%","pfxPace","piFA%","piFC%","piSI%","piSL%","pivFA","pivFC","pivSI","pivSL","piFA-X","piFC-X","piSI-X","piSL-X","piFA-Z","piFC-Z","piSI-Z","piSL-Z","piwFA","piwFC","piwSI","piwSL","piwFA/C","piwFC/C","piwSI/C","piwSL/C","piO-Swing%","piZ-Swing%","piSwing%","piO-Contact%","piZ-Contact%","piContact%","piZone%","Events","EV","LA","Barrels","Barrel%","maxEV","HardHit","HardHit%","gamedate","dh"
"Ryan Brasier",5615,"2024-09-27","@COL",22,2024,"LAD","A",36,0,0,9,1,1,0,0,0,0,0,0,1,5,1,1,1,0,1,0,0,0,0,2,18,9,9,2,0,0,1,1,0,0,0,0,0,0.4,0.2,0.2,4.07548908401489,0,0.25,2,0.5,0.5,2.1664797782898,6.8335202217102,3.67848818451166,222.75908547873,53.3255770223076,90.682812007927,1,0,0.5,0.5,0,0,5,45,7,16,23,-0.0309120155870914,-0.167088016867638,0.136175990104675,-0.370999962091446,-0.0322889536619186,1.15983998775482,0.910000026226044,0.910000026226044,0.806400001049042,1,1,-0.0128137059509754,-0.0138382597627864,0,0,0.43478261,94.1,0.34782609,84.625,0.2173913,90.6,NA,-0.028419703245163,-0.669025778770447,0.0646282732486725,-0.28419703245163,-8.36282223463058,1.29256546497345,0.46153846,0.8,0.60869565,0.66666667,1,0.85714286,0.43478261,0.8,0.08695652,1,0,1,0,1,1,2,0.5,0,0.5,0,0.5,0.5,1.3254226417138,41,41.96888,43.37994,39.6541,NA,NA,NA,54.19145,48.88646,66.33205,39.26418,42.43212,61.47057,45.68617,45.3973,57.23769,0.39341,4.66721,86.38,78.98,59.6,NA,NA,NA,101.04,110.48,93,72.66,122.74,124.64,89.6460869565217,101.642608695652,89.0173913043478,0.43478261,0.2173913,NA,0.34782609,94.1599975585937,90.5599975585938,NA,84.7249984741211,-3.23459968566895,0.662745475769043,NA,2.13062238693237,7.58374328613281,4.83589401245117,NA,-0.141394421458244,-0.0326167568564415,0.0652915723621845,NA,-0.670518010854721,-0.326167568564415,1.30583144724369,NA,-8.38147513568401,0.5,0.72727273,0.60869565,0.66666667,1,0.85714286,0.47826087,19.55555556,0.43478261,0.2173913,NA,0.34782609,94.3627197265625,90.7469970703125,NA,84.8924255371094,-2.84248428344727,1.14547863006592,NA,2.50860500335693,7.41682891845703,4.67689819335938,NA,-0.654878199100494,-0.0326167568564415,0.0652915723621845,NA,-0.670518010854721,-0.326167568564415,1.30583144724369,NA,-8.38147513568401,0.5,0.72727273,0.60869565,0.66666667,1,0.85714286,0.47826087,2,97.8243408203125,-3.25539493560791,0,0,99.8905,2,1,"2024-09-27",0
"Ryan Brasier",5615,"2024-09-22","COL",22,2024,"LAD","H",36,0,0,0,1,0,0,0,0,0,0,0,1,4,1,0,0,0,0,0,0,0,0,3,27,0,9,3,0,0,1,0,0,0,0,0,0,0.75,0,0.75,-0.374583415985107,0,0.25,1,1,1,-2.8335202217102,2.8335202217102,-2.8335202217102,0,-65.6765586637379,-66.6845831899186,1,0,1,0,0,0,0,0,6,13,19,0.0251799952238798,-0.0323000065982342,0.0574799999594688,0.477999985218048,0.0505820140242577,0.581499993801117,0.449999988079071,0.449999988079071,0.406000018119812,1,1,0.0205766558647156,0.0227251420584187,0,0,0.36842105,94.85714286,0.57894737,85.54545455,0.05263158,91,NA,0.200537085533142,-0.198638334870338,0.0389156937599182,2.86481550761632,-1.8058030442758,3.89156937599182,0.5,0.71428571,0.57894737,0.5,0.6,0.54545455,0.36842105,1,0.26315789,1,0,0,0,0,1,1,1,0,0,0,0,1,-1.87093480909234,NA,71.25171,37.57418,80,80,60.93347,80,45.53404,47.76718,52.94374,80,52.67497,80,68.51125,48.4931,80,-1.02462,2.54016,108.04,141.52,124.8,101.76,162.24,166,97.18,110.42,95.92,86.58,167.68,160.56,99.9621052631579,127.072631578947,114.298947368421,0.26315789,0.05263158,0.10526316,0.57894737,94.8799987792969,90.5999984741211,94.5,85.5454545454545,-4.11714324951172,1.22154366970062,-8.41509056091309,1.93993377685547,9.09820175170898,5.44903802871704,7.25503540039062,1.09920874508944,0.27485691010952,0.039364367723465,-0.0725650899112225,-0.199530858546495,5.4971382021904,3.9364367723465,-3.62825449556112,-1.81391689587723,0.5,0.66666667,0.57894737,0.6,0.5,0.54545455,0.47368421,19.86666667,0.26315789,0.05263158,0.10526316,0.57894737,94.7897216796875,90.5408020019531,94.3923492431641,85.4446022727273,-3.46144409179688,1.66146004199982,-7.97700500488281,2.62169543179599,8.12090377807617,4.44959020614624,6.31863021850586,-0.373492414301092,0.27485691010952,0.039364367723465,-0.0725650899112225,-0.199530858546495,5.4971382021904,3.9364367723465,-3.62825449556112,-1.81391689587723,0.5,0.66666667,0.57894737,0.6,0.5,0.54545455,0.47368421,1,101.210098266602,6.29352140426636,0,0,101.21,1,1,"2024-09-22",0
"Ryan Brasier",5615,"2024-09-20","COL",22,2024,"LAD","H",36,0,0,0,1,1,0,0,0,0,0,0,1,3,0,0,0,0,0,0,0,0,0,1,9,0,0,1,0,0,1,1,0,0,0,0,0,0.33333333,0,0.33333333,2.24528464271067,0,0,0,0,1,1.1664797782898,-1.1664797782898,2.67848818451166,0,29.5251498850985,66.5170884121943,1,0,0.5,0.5,0,0,0,0,3,9,12,0.0469600111246109,0,0.0469600111246109,0.477799981832504,0.0505608469247818,0.627333343029022,0.870000004768372,0.870000004768372,0.930000007152557,1,1,0.0749109461903572,-5.43940136966403e-05,0,0,0.75,94.33333333,0.25,86,NA,NA,NA,0.517313480377197,0.210907563567162,NA,5.74792755974664,7.03025211890539,NA,0.4,0.85714286,0.66666667,0.5,0.83333333,0.75,0.58333333,0.33333333,0.16666667,1,1,0,0,1,1,2,0.5,0.5,0,0,0.5,0.5,-0.361952237219233,47,74.44757,49.96172,80,NA,NA,NA,20,46.95967,25.48768,NA,NA,NA,64.16881,45.54457,76.55127,-0.75484,2.94483,105.44,130.98,132.84,NA,NA,NA,101.12,66.48,42.86,NA,NA,NA,104.36,114.855,110.345,0.75,NA,NA,0.25,94.1222195095486,NA,NA,86.2333374023438,-4.87335120307075,NA,NA,1.69584147135417,9.78531053331163,NA,NA,1.56263510386149,0.523323632776737,NA,NA,0.213400114327669,5.81470703085264,NA,NA,7.11333714425564,0.4,0.85714286,0.66666667,0.5,0.83333333,0.75,0.58333333,19.22222222,0.75,NA,NA,0.25,94.000244140625,NA,NA,86.0989990234375,-4.55128012763129,NA,NA,2.34245999654134,8.97706264919705,NA,NA,0.159090658028921,0.523323632776737,NA,NA,0.213400114327669,5.81470703085264,NA,NA,7.11333714425564,0.33333333,1,0.66666667,0.5,0.83333333,0.75,0.5,2,92.9581451416016,7.79541254043579,0,0,95.854,1,0.5,"2024-09-20",0
"Ryan Brasier",5615,"2024-09-17","@MIA",22,2024,"LAD","A",36,0,0,18,1,0,0,0,0,0,0,0,1,6,2,2,2,0,1,0,0,0,0,2,18,9,18,2,0,0,2,0,1,0,0,0,0,0.33333333,0.16666667,0.16666667,3.31006240967923,0,0.4,3,0.666666666666667,0.33333333,2.1664797782898,15.8335202217102,2.1664797782898,445.51817095746,53.3255770223076,54.144034788745,2,0.333333333,0.666666666,0,0,0,1,9,7,18,25,-0.152639985084534,-0.192979961633682,0.0403399839997292,-1.47800004482269,-0.147064670920372,0.86133337020874,0.846000015735626,0.846000015735626,0.419999986886978,1,1,-0.137709528207779,-0.0395040691796555,0,1,0.44,94.90909091,0.48,86.08333333,0.08,91,NA,0.466899216175079,-1.56747174263,0.0151102766394615,4.24453832886436,-13.0622645219167,0.755513831973076,0.38461538,0.91666667,0.64,0.6,0.90909091,0.8125,0.48,0.66666667,0.12,2,1,0,0,0,3,3,0.66666667,0.33333333,0,0,0,1,3.77986568710017,NA,75.88518,49.13033,72.24565,55.03728,77.68691,55.39253,55.1204,48.18103,59.16278,20,45.80193,31.60111,61.11251,54.38111,64.22968,-0.56497,3.22964,145.88,137.94,151.18,132.2,55.36,88.04,100.94,106.3,95.34,89.9,76.48,75.62,117.6416,104.6232,108.2296,0.28,0.08,0.16,0.48,94.6285749162946,91.1999969482422,95.1750030517578,86.0416666666667,-4.89601516723633,-0.015595018863678,-10.1403636932373,1.82221396764119,9.97241973876953,7.45360279083252,6.84310293197632,1.46249961853027,0.517427802085876,0.0151214338839054,-0.048157062381506,-1.58427543193102,7.39182574408395,0.756071694195271,-1.20392655953765,-13.2022952660918,0.4,0.8,0.64,0.5,0.91666667,0.8125,0.6,21,0.28,0.08,0.16,0.48,94.6466238839286,91.2081451416016,95.2405700683594,86.0569864908854,-4.13438415527344,0.881850004196167,-9.50003814697266,2.63770993550619,8.70858546665737,5.71158981323242,5.47298002243042,-0.336386680603027,0.517427802085876,0.0151214338839054,-0.048157062381506,-1.58427543193102,7.39182574408395,0.756071694195271,-1.20392655953765,-13.2022952660918,0.36363636,0.85714286,0.64,0.5,0.91666667,0.8125,0.56,3,109.711822509766,3.8328971862793,1,0.33333333,117.201,3,1,"2024-09-17",0
"Ryan Brasier",5615,"2024-09-14","@ATL",22,2024,"LAD","A",36,0,0,0,1,0,0,0,0,0,0,0,0.2,3,1,1,0,0,0,0,0,0,0,0,0,0,13.500014081612,0,0,0,0,2,1,0,0,0,0,0,0,0,9.75339574477623,0,0.333333333333333,1.50000156462356,0.333333333333333,0,3.1664797782898,-3.1664797782898,7.70250972840334,0,77.1260041595167,187.926204380887,0,0.333333333,0,0.666666666,0,0,0,0,2,5,7,-0.0142879961058497,-0.0143879605457187,9.99641415546648e-05,-2.41900014877319,-0.245833337306976,0.0882666632533073,0.121799997985363,0.243599995970726,0,1,1,-0.0854187309741974,-0.0764543429500553,0,0,0.28571429,95,0.57142857,85.75,0.14285714,91,NA,0.307117342948914,-0.0143446438014507,-0.758123278617859,15.3558671474457,-0.358616095036268,-75.8123278617859,0.6,1,0.71428571,1,1,1,0.28571429,1,0,1,2,0,0,2,1,3,0.33333333,0.66666667,0,0,0.66666667,0.33333333,5.38269329563911,NA,49.88059,20,80,80,39.13993,80,67.92647,22.38712,72.10964,20,44.7122,20,64.2634,25.19188,80,-0.76072,2.93601,76.62,150.72,150.16,118.78,182.96,206.54,107.38,136.4,108.78,91.74,155.08,153.6,102.38,147.765714285714,135.06,0.14285714,0.14285714,0.14285714,0.57142857,94.5,90.8000030517578,94.5,85.5749969482422,-5.04659795761108,1.11853730678558,-8.80039596557617,1.6238865852356,9.03750610351562,5.17853736877441,6.95478248596191,1.33566498756409,0.294975996017456,-0.76553338766098,0.057969942688942,-0.00799963250756264,29.4975996017456,-76.553338766098,5.7969942688942,-0.199990812689066,0.33333333,1,0.71428571,1,1,1,0.57142857,21.25,0.14285714,0.14285714,0.14285714,0.57142857,94.527099609375,90.7768020629883,94.4829025268555,85.546272277832,-4.44599008560181,1.9818400144577,-8.42448997497559,2.41321754455566,7.85897016525269,4.20141983032227,5.68464994430542,-0.414152473211288,0.294975996017456,-0.76553338766098,0.057969942688942,-0.00799963250756264,29.4975996017456,-76.553338766098,5.7969942688942,-0.199990812689066,0.33333333,1,0.71428571,1,1,1,0.57142857,3,90.62109375,23.2400410970052,1,0.33333333,102.838,1,0.33333333,"2024-09-14",0
"Ryan Brasier",5615,"2024-09-10","CHC",22,2024,"LAD","H",36,0,0,0,1,0,0,0,0,0,0,0,1,4,1,0,0,0,0,0,0,0,0,1,9,0,9,1,0,0,2,0,0,0,0,1,0,0.25,0,0.25,0.992229084014893,0,0.25,1,0.333333333333333,1,1.1664797782898,-1.1664797782898,1.1664797782898,0,29.5251498850985,29.9783111930123,2,0,1,0,0,0,1,9,1,8,9,0.0684800297021866,-0.036079965531826,0.104559995234013,0.477999985218048,0.0505820140242577,1.3840000629425,1.2739999294281,1.2739999294281,1.21399998664856,1,1,0.0286918561905622,0.0207879318064065,1,0,0.44444444,94.5,0.44444444,84.5,0.11111111,90,NA,-0.40976420044899,0.602292418479919,-0.0344077162444592,-10.2441050112247,15.057310461998,-3.44077162444592,0.8,0.75,0.77777778,0.75,0.66666667,0.71428571,0.44444444,0.75,0.22222222,3,0,0,0,2,1,3,1,0,0,0,0.66666667,0.33333333,0.155410383258607,NA,80,45.04077,80,61.24787,69.35634,50.79954,72.07491,39.73658,80,NA,NA,NA,80,45.15825,80,-1.84074,1.31598,95.48,128.72,116.12,105.72,83.24,90.32,93.72,142.76,137.98,NA,NA,NA,95.88,130.055,123.825,0.33333333,NA,0.11111111,0.55555556,94.7000020345052,NA,94.4000015258789,85.6800048828125,-4.37760988871257,NA,-9.03110790252686,2.01646499633789,9.04048919677734,NA,5.51619958877563,1.00140504837036,-0.47120987996459,NA,0.054773960262537,0.564813319593668,-15.7069959988197,NA,5.4773960262537,11.2962663918734,1,0.6,0.77777778,0.75,0.66666667,0.71428571,0.55555556,23.4,0.33333333,0.11111111,0.11111111,0.44444444,94.4659322102865,89.5865020751953,94.1341018676758,84.4035720825195,-3.94781653086344,2.17916011810303,-8.775710105896,2.96643996238708,8.2014102935791,3.59487009048462,4.40747022628784,-1.22454380989075,-0.47120987996459,-0.0350487045943737,0.054773960262537,0.599862024188042,-15.7069959988197,-3.50487045943737,5.4773960262537,14.996550604701,1,0.6,0.77777778,0.75,0.66666667,0.71428571,0.55555556,3,98.7341613769531,1.46813201904297,0,0,100.625,2,0.66666667,"2024-09-10",0
"Ryan Brasier",5615,"2024-09-07","CLE",22,2024,"LAD","H",36,0,0,0,1,1,0,0,0,0,0,0,1,4,1,0,0,0,0,0,0,0,0,0,0,0,9,0,0,0,0,2,2,0,0,0,0,0,0,0,8.78072908401489,0,0.25,1,0.25,1,3.1664797782898,-3.1664797782898,6.19049659073353,0,77.1260041595167,151.387312822842,0,0.5,0,0.5,0,0,6,54,4,12,16,0.0469600111246109,-0.0405599698424339,0.0875199809670448,0.477800011634827,0.0505608469247818,1.00119996070862,0.870000004768372,0.870000004768372,0.370000004768372,1,1,0.0269875936210155,0.0199161348723157,0,0,0.25,93.5,0.4375,85.14285714,0.3125,90,NA,-0.243715941905975,0.142810419201851,0.386422365903854,-6.09289854764938,2.04014884574073,7.72844731807709,0.6,0.66666667,0.625,0.83333333,1,0.9,0.375,0.75,0.0625,1,3,0,1,3,0,4,0.25,0.75,0,0.25,0.75,0,8.87571663892008,44,80,27.47441,80,NA,NA,NA,43.72833,28.92942,63.91846,61.22048,46.63698,30.92998,66.73144,34.84168,72.51034,-0.91405,2.70602,96.74,152.2,130.38,NA,NA,NA,96.24,128.34,98.98,84.84,107.58,103.28,92.8025,127.8175,108.17375,0.25,0.3125,NA,0.4375,93.625,90.0599975585938,NA,85.1428571428571,-5.30940008163452,-0.042538720369339,NA,2.4198420388358,8.76472473144531,5.39187316894531,NA,1.26280948093959,-0.247821122407913,0.433085165917873,NA,0.144031006842852,-6.19552806019783,8.66170331835747,NA,2.05758581204074,0.55555556,0.71428571,0.625,0.8,1,0.9,0.4375,20.08333333,0.25,0.3125,NA,0.4375,93.6094284057617,90.0010986328125,NA,85.0887276785714,-4.85401725769043,0.715324211120606,NA,3.13171986171177,7.8490571975708,4.31580009460449,NA,0.0537634406770979,-0.247821122407913,0.433085165917873,NA,0.144031006842852,-6.19552806019783,8.66170331835747,NA,2.05758581204074,0.55555556,0.71428571,0.625,0.8,1,0.9,0.4375,4,84.1957015991211,33.8627128601074,0,0,98.4239,1,0.25,"2024-09-07",0
"Ryan Brasier",5615,"2024-09-06","CLE",22,2024,"LAD","H",36,0,0,0,1,0,0,0,0,0,0,0,1,3,0,0,0,0,0,0,0,0,0,1,9,0,0,1,0,0,1,1,0,0,0,0,0,0.33333333,0,0.33333333,1.87828464271067,0,0,0,0,1,1.1664797782898,-1.1664797782898,2.67848818451166,0,29.5251498850985,66.5170884121943,1,0,0.5,0.5,0,0,0,0,3,9,12,0.0159999970346689,0,0.0159999970346689,0.477999985218048,0.0505820102989674,0.211999997496605,0.273999989032745,0.273999989032745,NA,0,1,0.0753562077879906,0.00011547722901116,0,0,0.5,94.66666667,0.5,86,NA,NA,NA,0.221385955810547,0.506835103034973,NA,3.68976593017578,8.44725171724955,NA,0.2,1,0.66666667,0,1,0.875,0.58333333,0.66666667,0.08333333,1,0,1,0,2,0,2,0.5,0,0.5,0,1,0,-0.361952237219233,NA,68.80349,45.50371,76.1303,20,58.63651,20,52.06961,44.47965,59.45281,NA,NA,NA,57.91452,45.93523,65.73996,-0.36629,3.52766,108.94,98.92,93.74,99.76,60.92,68,98.5,94.86,87,NA,NA,NA,102.955,93.7233333333333,88.225,0.41666667,NA,0.08333333,0.5,94.6400024414063,NA,95.3000030517578,86.0333353678385,-3.86049270629883,NA,-8.80557537078857,2.71250947316488,9.36033325195313,NA,7.11013412475586,1.59292046229045,0.258874252438545,NA,-0.0350487045943737,0.512898180633783,5.1774850487709,NA,-3.50487045943737,8.54830301056306,0.25,0.875,0.66666667,0,1,0.875,0.66666667,17.77777778,0.41666667,NA,0.08333333,0.5,94.5304809570312,NA,95.2116012573242,85.899668375651,-3.19534206390381,NA,-8.56758975982666,3.33901500701904,8.55426788330078,NA,5.8060998916626,0.608982801437378,0.258874252438545,NA,-0.0350487045943737,0.512898180633783,5.1774850487709,NA,-3.50487045943737,8.54830301056306,0.25,0.875,0.66666667,0,1,0.875,0.66666667,2,92.0708160400391,22.8444156646729,0,0,95.8293,1,0.5,"2024-09-06",0
"Ryan Brasier",5615,"2024-09-03","@LAA",22,2024,"LAD","A",36,0,0,0,1,0,0,0,0,0,0,0,1,3,0,0,0,0,0,0,0,1,0,0,0,0,0,0,0,0,0,3,0,0,0,0,0,0,0,0,13.2527290840149,0,0,0,0,1,3.1664797782898,-3.1664797782898,7.70250499695539,0,77.1260041595167,187.926090042024,0,0,0,1,0,0,0,0,5,8,13,0.0439839996397495,-0.00049799942644313,0.0444820001721382,1.12999999523163,0.114662609994411,0.668749988079071,0.929800033569336,0.929800033569336,NA,0,1,0.0799536406993866,-0.0141831727759554,0,0,0.53846154,95.28571429,0.38461538,85.8,0.07692308,91,NA,0.62198007106781,0.161897376179695,-0.0344077162444592,8.885429586683,3.2379475235939,-3.44077162444592,0.28571429,0.66666667,0.46153846,0.5,0.75,0.66666667,0.46153846,0.66666667,0.15384615,0,0,3,1,1,1,3,0,0,1,0.33333333,0.33333333,0.33333333,0.781326884916853,NA,57.49544,47.31142,61.06118,48.90704,80,53.18666,22.47834,45.90221,31.02268,NA,NA,NA,40.0508,51.7678,46.7738,0.74352,5.19237,138.04,100.36,116.9,109.96,92.78,105.3,104.72,82.94,72.96,NA,NA,NA,118.341538461538,91.1538461538462,94.8353846153846,0.38461538,NA,0.15384615,0.46153846,95.6,NA,94.4499969482422,86.5499979654948,-4.21295623779297,NA,-10.3323764801025,1.98288742701213,9.79128723144531,NA,7.76931190490723,1.79647652308146,0.615252166986465,NA,0.0151214338839054,0.127919845283031,12.3050433397293,NA,0.756071694195271,2.13199742138386,0.16666667,0.71428571,0.46153846,0,0.8,0.66666667,0.53846154,19.4,0.38461538,0.07692308,0.15384615,0.38461538,95.5609008789063,90.5730972290039,94.3952484130859,85.6871398925781,-3.59831809997559,2.26641011238098,-10.0075550079346,2.81897010803223,9.00501556396484,3.55628991127014,6.38627004623413,-0.0394438832998276,0.615252166986465,-0.0350487045943737,0.0151214338839054,0.162968549877405,12.3050433397293,-3.50487045943737,0.756071694195271,3.2593709975481,0.16666667,0.71428571,0.46153846,0,0.8,0.66666667,0.53846154,3,83.5246785481771,41.7743581136068,0,0,98.2898,1,0.33333333,"2024-09-03",0
"Ryan Brasier",5615,"2024-09-02","@ARI",22,2024,"LAD","A",36,0,0,54.0000563264481,1,0,0,0,0,0,0,0,0.1,3,2,2,2,0,0,0,0,0,0,0,0,0,54.0000563264481,0,0,0,1,1,1,0,0,0,0,0,0,0,6.03472908401489,0,0.666666666666667,6.00000625849423,0.666666666666667,0,3.1664797782898,50.8335765481583,7.70250972840334,1336.55590700883,77.1260041595167,187.926204380887,1,0.333333333,0.333333333,0.333333333,0,0,0,0,3,6,9,-0.0347799994051456,-0.0705199986696243,0.035740002989769,-1.02300000190735,-0.103333324193954,0.898666679859161,0.42399999499321,0.42399999499321,0.907999992370605,1,1,-0.0834319368004799,0.0447301576151246,0,0,0.55555556,95.4,0.33333333,86.33333333,0.11111111,91,NA,-0.297999322414398,-0.625872731208801,0.0389156937599182,-5.95998644828796,-20.8624243736267,3.89156937599182,0.4,0.75,0.55555556,1,1,1,0.44444444,0.33333333,0,3,0,0,0,2,1,3,1,0,0,0,0.66666667,0.33333333,5.75324590295877,NA,80,54.06729,80,52.85395,53.10469,57.06119,20,47.71024,20,61.78447,58.85129,71.34034,52.09728,51.88998,51.15112,-0.00489,4.06976,93.76,109.54,116.98,109.98,53.72,78.32,93.08,59.34,49.3,87.04,88.08,82.1,96.3911111111111,78.0177777777778,81.9533333333333,0.33333333,0.11111111,0.22222222,0.33333333,95.4000040690104,90.6999969482422,95.25,86.2999979654948,-4.95420773824056,-0.0892845317721367,-8.70840835571289,2.53310044606527,9.58880233764648,4.95681476593018,7.2901782989502,1.46138858795166,0.205014634877443,0.039364367723465,-0.501382820308208,-0.635445617139339,6.83382116258144,3.9364367723465,-25.0691410154104,-21.1815205713113,0.25,0.8,0.55555556,1,1,1,0.55555556,17.83333333,0.33333333,0.11111111,0.22222222,0.33333333,95.374033610026,90.6708984375,95.2079467773438,86.2532958984375,-4.44132995605469,0.256891995668411,-8.49407005310059,3.1204465230306,8.57935651143392,3.87467002868652,6.25916481018066,0.0700132846832275,0.205014634877443,0.039364367723465,-0.501382820308208,-0.635445617139339,6.83382116258144,3.9364367723465,-25.0691410154104,-21.1815205713113,0.25,0.8,0.55555556,1,1,1,0.55555556,3,94.4725036621094,15.2109680175781,0,0,101.523,2,0.66666667,"2024-09-02",0
"Ryan Brasier",5615,"2024-08-30","@ARI",22,2024,"LAD","A",36,1,0,0,1,0,0,0,0,0,0,0,1,3,1,0,0,0,0,0,0,0,0,0,0,0,9,0,0,1,1,1,0,0,0,1,1,0,0,0,6.03472908401489,0,0.333333333333333,1,0.333333333333333,1,3.1664797782898,-3.1664797782898,4.67848818451166,0,77.1260041595167,114.84853560366,1,0,0.5,0.5,0,0,1,9,2,5,7,0.0668999776244164,-0.0458800196647644,0.112779997289181,0.510999977588654,0.051616158336401,1.2059999704361,1.16999995708466,1.16999995708466,1.56800007820129,1,1,0.0390549749135971,0.0164176447086281,1,0,0.57142857,95.5,0.42857143,86.33333333,NA,NA,NA,0.417017370462418,0.153613477945328,NA,10.4254342615604,5.12044926484426,NA,0.25,1,0.57142857,0,1,0.75,0.42857143,1,0.14285714,2,0,1,0,1,2,3,0.66666667,0,0.33333333,0,0.33333333,0.66666667,1.05370819623691,NA,80,54.859,80,80,80,80,51.74744,56.2425,52.07226,NA,NA,NA,80,60.18229,80,-2.7117,0.00954,94.28,162.66,166.28,116.4,140.28,157.02,112.76,124.18,112.84,NA,NA,NA,105.36,142.971428571429,142.054285714286,0.42857143,NA,0.14285714,0.42857143,95.2666625976562,NA,95.9000015258789,86.4000040690104,-4.90919907887777,NA,-9.48466396331787,2.33783054351807,9.41432253519694,NA,6.12253856658936,0.955604155858358,-0.373875573277473,NA,0.79871141910553,0.155430156737566,-12.4625191092491,NA,79.871141910553,5.18100522458553,0.25,1,0.57142857,0,1,0.75,0.42857143,17.5,0.42857143,NA,0.14285714,0.42857143,95.3805643717448,NA,96.0150985717773,86.4813334147135,-4.46946652730306,NA,-9.27025985717773,2.80755678812663,8.52699025472005,NA,4.89256000518799,-0.443223277727763,-0.373875573277473,NA,0.79871141910553,0.155430156737566,-12.4625191092491,NA,79.871141910553,5.18100522458553,0.25,1,0.57142857,0,1,0.75,0.42857143,3,99.4349060058594,9.22063827514648,1,0.33333333,100.889,2,0.66666667,"2024-08-30",0
"Ryan Brasier",5615,"2024-08-28","BAL",22,2024,"LAD","H",36,0,0,0,1,0,0,0,0,0,1,0,0.2,3,1,0,0,0,0,0,0,0,0,1,13.500014081612,0,13.500014081612,1,0,0,0,1,1,0,0,0,0,0.33333333,0,0.33333333,2.61817353088578,0,0.333333333333333,1.50000156462356,0.5,1,0.166476649042681,-0.166476649042681,2.43449162409945,0,5.72464827047142,60.6207349749633,0,0.5,0,0.5,0,0,0,0,2,10,12,0.0359399914741516,-0.0592199936509132,0.0951599851250648,0.257999986410141,0.027301587164402,1.81933331489563,1.32000005245209,1.32000005245209,1.13399994373322,1,1,0.00129843619652092,0.0184560481411736,0,0,0.33333333,94.25,0.33333333,85.25,0.33333333,89.25,NA,0.327509075403214,0.149711072444916,-0.425037205219269,8.18772688508034,3.74277681112289,-10.6259301304817,0.4,0.71428571,0.58333333,1,0.8,0.85714286,0.58333333,1,0.08333333,0,1,1,0,2,0,2,0,0.5,0.5,0,1,0,3.45996771463282,NA,80,42.77094,80,NA,NA,NA,61.27544,46.08062,80,80,53.17658,80,80,48.3381,80,-2.58755,0.19577,108.72,136.74,125.44,NA,NA,NA,99.2,146.78,122.76,95.14,139.74,130.24,101.02,141.086666666667,126.146666666667,0.33333333,0.33333333,NA,0.33333333,94.4250030517578,89.5500030517578,NA,85.0500030517578,-4.30377006530762,1.19094049930573,NA,1.91803705692291,9.56788730621338,5.52941036224365,NA,1.96295666694641,0.331540808081627,-0.431845486164093,NA,0.151078853756189,8.28852020204067,-10.7961371541023,NA,3.77697134390473,0.5,0.66666667,0.58333333,1,0.75,0.85714286,0.5,20,0.33333333,0.33333333,NA,0.33333333,94.2962036132812,89.3786010742188,NA,84.8679504394531,-3.64570260047913,1.90597748756409,NA,2.71872997283936,8.71197509765625,4.66000986099243,NA,0.462979733943939,0.331540808081627,-0.431845486164093,NA,0.151078853756189,8.28852020204067,-10.7961371541023,NA,3.77697134390473,0.5,0.66666667,0.58333333,1,0.75,0.85714286,0.5,2,92.1830444335938,21.7133655548096,0,0,93.4999,0,0,"2024-08-28",0
"Ryan Brasier",5615,"2024-08-27","BAL",22,2024,"LAD","H",36,0,0,0,1,0,0,0,0,0,0,0,1,4,1,0,0,0,0,0,0,0,0,0,0,0,9,0,0,0,1,2,1,0,0,0,0,0,0,0,6.91672908401489,0,0.25,1,0.25,1,3.1664797782898,-3.1664797782898,6.19049659073353,0,77.1260041595167,151.387312822842,0.5,0.25,0.25,0.5,0,0,0,0,2,9,11,0.0489400140941143,-0.0119399903342128,0.0608800053596497,0.477999985218048,0.0505820102989674,0.702499985694885,0.867999970912933,0.867999970912933,0.628000020980835,1,1,0.0505658276379108,0.0190996742705408,0,0,0.18181818,94,0.63636364,85.14285714,0.18181818,89.5,NA,-0.406658798456192,0.402966409921646,0.268998652696609,-20.3329399228096,5.75666299888066,13.4499326348305,0.6,0.83333333,0.72727273,1,0.8,0.875,0.54545455,0.75,0.09090909,1,2,1,2,2,0,4,0.25,0.5,0.25,0.5,0.5,0,4.22366185247814,NA,80,46.04294,80,40.32031,39.7362,20,53.91943,45.73777,65.13611,80,59.79359,80,65.1192,51.26587,74.23456,-0.81389,2.85626,105.66,148.68,158.8,90.02,73.1,76.74,88.08,103.52,88.56,106.6,188.36,179.12,93.2218181818182,120.285454545455,110.336363636364,0.09090909,0.18181818,0.09090909,0.63636364,94,89.3499984741211,94.3000030517578,84.8999982561384,-4.75424814224243,1.67975902557373,-8.22476959228516,2.51703916277204,10.3902320861816,4.13859939575195,7.819167137146,1.18902942112514,0.057969942688942,0.272525373846292,-0.47120988368988,0.389773312956095,5.7969942688942,13.6262686923146,-47.120988368988,5.56819018508707,0.6,0.83333333,0.72727273,1,0.8,0.875,0.54545455,19.71428571,0.09090909,0.18181818,0.09090909,0.63636364,93.7329025268555,89.1011505126953,94.1156997680664,84.6345738002232,-4.254310131073,2.42153000831604,-8.0611400604248,3.31734711783273,9.42537975311279,3.3160548210144,6.73457002639771,-0.264265298843384,0.057969942688942,0.272525373846292,-0.47120988368988,0.389773312956095,5.7969942688942,13.6262686923146,-47.120988368988,5.56819018508707,0.6,0.83333333,0.72727273,1,0.8,0.875,0.54545455,4,81.6582489013672,31.3828792572021,0,0,91.1542,0,0,"2024-08-27",0
"Ryan Brasier",5615,"2024-08-24","TBR",22,2024,"LAD","H",36,0,0,0,1,0,0,0,0,0,1,0,1,3,0,0,0,0,0,0,0,0,0,0,0,0,0,0,0,0,3,0,0,0,0,0,0,0,0,0,-1.18327091598511,0,0,0,0,1,3.1664797782898,-3.1664797782898,3.1664797782898,0,77.1260041595167,78.3097583844777,3,0,1,0,0,0,0,0,1,4,5,0.0786800384521484,0,0.0786800384521484,0.477999985218048,0.0505820102989674,1.05066668987274,1.4539999961853,1.4539999961853,1.73000001907349,1,1,0.0749540105462074,-6.8188800323124e-05,1,0,0.6,94,0.4,84.5,NA,NA,NA,0.216593205928802,0.419662475585938,NA,7.21977353096008,20.9831237792969,NA,0,0.75,0.6,NA,1,1,0.8,0.66666667,0,2,1,0,0,2,1,3,0.66666667,0.33333333,0,0,0.66666667,0.33333333,1.34558638256929,NA,NA,NA,NA,53.51422,55.81313,49.92318,52.47493,34.51864,67.51441,NA,NA,NA,57.56393,46.37347,62.78594,-0.34451,3.56033,NA,NA,NA,101.44,93.1,103.02,83.8,96.18,90.6,NA,NA,NA,94.384,94.332,98.052,NA,NA,0.6,0.4,NA,NA,94.0999959309896,84.3500061035156,NA,NA,-8.8257884979248,2.8517279624939,NA,NA,6.34181276957194,-0.792603313922882,NA,NA,0.219055358320475,0.425163730978966,NA,NA,7.30184527734915,21.2581865489483,0,0.75,0.6,NA,1,1,0.8,14,NA,NA,0.6,0.4,NA,NA,93.8252970377604,84.006103515625,NA,NA,-8.6121031443278,3.40428996086121,NA,NA,5.17427666982015,-2.01822996139526,NA,NA,0.219055358320475,0.425163730978966,NA,NA,7.30184527734915,21.2581865489483,0,0.75,0.6,NA,1,1,0.8,3,96.206553141276,-15.0702145894368,0,0,102.676,2,0.66666667,"2024-08-24",0
"Ryan Brasier",5615,"2024-08-23","TBR",22,2024,"LAD","H",36,0,0,0,1,0,0,0,0,0,0,0,1,3,0,0,0,0,0,0,0,0,0,1,9,0,0,1,0,0,0,2,0,0,0,0,0,0.33333333,0,0.33333333,4.45139575020756,0,0,0,0,1,1.1664797782898,-1.1664797782898,4.19049659073353,0,29.5251498850985,103.055865631376,0,0,0,1,0,0,0,0,0,6,6,0.0857800021767616,0,0.0857800021767616,0.477999985218048,0.0505820102989674,1.14600002765656,1.53600001335144,1.53600001335144,1.83800005912781,1,1,0.0750051587820053,-0.000153500748303198,1,0,NA,NA,0.66666667,84.5,0.33333333,89.5,NA,NA,0.477220118045807,0.288738936185837,NA,11.9305029511452,14.4369468092918,1,1,1,0,1,0.5,0.5,1,0.5,0,1,1,1,1,0,2,0,0.5,0.5,0.5,0.5,0,-0.504846424899116,NA,NA,NA,NA,NA,NA,NA,46.36828,27.24008,64.67746,80,57.57973,79.42981,66.10538,41.65455,78.92821,-0.87516,2.76435,NA,NA,NA,NA,NA,NA,81.56,102.92,78.02,85.72,109.46,104.92,82.9466666666667,105.1,86.9866666666667,NA,0.33333333,NA,0.66666667,NA,89.5,NA,84.625,NA,1.36669492721558,NA,2.29891610145569,NA,4.17057514190674,NA,0.215032994747162,NA,0.334340363740921,NA,0.482619661837816,NA,16.7170181870461,NA,12.0654915459454,1,1,1,0,1,0.5,0.5,17,NA,0.33333333,NA,0.66666667,NA,89.2879486083984,NA,84.3832550048828,NA,1.86384499073029,NA,2.80491256713867,NA,3.14245510101318,NA,-0.989407777786255,NA,0.334340363740921,NA,0.482619661837816,NA,16.7170181870461,NA,12.0654915459454,1,1,1,0,1,0.5,0.5,2,77.3930358886719,40.714183807373,0,0,79.3547,0,0,"2024-08-23",0
"Ryan Brasier",5615,"2024-08-20","SEA",22,2024,"LAD","H",36,0,0,0,1,0,0,0,0,0,0,0,1.1,5,0,0,0,0,0,0,0,0,0,1,6.75000160932579,0,0,1,0,0,1,2,1,0,0,0,0,0.2,0,0.2,3.74716908401489,0,0,0,0,1,1.66647942066184,-1.66647942066184,3.93449257073111,0,41.425354942005,96.8693432446014,0.5,0.25,0.25,0.5,0,0,0,0,7,11,18,0.0507999993860722,-0.0256799999624491,0.0764800012111664,0.454000025987625,0.0480423308908939,0.752400040626526,0.951000034809113,0.950000047683716,1.25800001621246,1,1,0.0629815682768822,0.00453570530509537,0,0,0.38888889,95.42857143,0.55555556,85.9,0.05555556,89,NA,0.143256723880768,0.140310615301132,0.284230947494507,2.04652462686811,1.40310615301132,28.4230947494507,0.41666667,0.5,0.44444444,0.2,1,0.5,0.33333333,0.8,0.22222222,0,2,2,0,3,1,4,0,0.5,0.5,0,0.75,0.25,2.40300370735103,NA,NA,NA,NA,NA,NA,NA,NA,NA,NA,NA,NA,NA,NA,NA,NA,NA,NA,92.88,69.38,72.26,112.88,76.96,91.72,98.88,102.02,95.8,NA,NA,NA,100.991111111111,91.0111111111111,90.97,0.16666667,NA,0.22222222,0.61111111,95,NA,95.75,86.1545465642756,-3.28239313761393,NA,-8.34500885009766,2.09687718478116,8.78208351135254,NA,6.62462568283081,1.35667618838224,0.29001372307539,NA,-0.10489534586668,0.470824092626572,9.667124102513,NA,-2.622383646667,4.28021902387792,0.3,0.625,0.44444444,0.33333333,0.6,0.5,0.44444444,15.38461538,0.16666667,0.05555556,0.22222222,0.55555556,94.9072672526042,89.0814971923828,95.6553268432617,85.7276672363281,-3.00360012054443,1.79365003108978,-8.27373027801514,2.57477588653564,8.06608645121256,2.76862001419067,5.53517007827759,-0.204670906066895,0.29001372307539,0.287813186645508,-0.10489534586668,0.183010905981064,9.667124102513,28.7813186645508,-2.622383646667,1.83010905981064,0.36363636,0.57142857,0.44444444,0.25,0.75,0.5,0.38888889,4,86.3599090576172,29.2384071350098,0,0,97.3817,1,0.25,"2024-08-20",0
"Ryan Brasier",5615,"2024-08-17","@STL",22,2024,"LAD","A",36,0,0,0,1,0,0,0,0,0,0,0,1.1,4,0,0,0,0,0,0,0,0,0,0,0,0,0,0,0,0,3,1,0,0,0,0,0,0,0,0,3.65572908401489,0,0,0,0,1,3.1664797782898,-3.1664797782898,4.30048635332443,0,77.1260041595167,105.713847832508,3,0,0.75,0.25,0,0,0,0,1,7,8,0.0527879893779755,0,0.0527879893779755,0.829999983310699,0.0875527411699295,0.502900004386902,0.630800008773804,0.928399980068207,0.381999999284744,1,1,0.10369311273098,0.00127405552810697,0,0,0.625,95.4,0.25,85.5,0.125,91,NA,0.344105333089828,0.331066071987152,0.210907548666,6.88210666179657,16.5533035993576,21.0907548666,0.66666667,0.8,0.75,1,1,1,0.625,0.75,0,3,0,1,0,2,2,4,0.75,0,0.25,0,0.5,0.5,1.1970816451235,NA,25.44522,58.4319,20,36.33473,60.99488,29.82949,80,44.66103,80,51.57728,51.3751,51.5631,48.87233,54.0304,47.62041,0.19547,4.3703,91.14,66.88,72.56,110.54,62.76,77.06,102.7,108.7,99.76,95.58,60,52.68,101.86,74.93,78.5625,0.25,0.125,0.375,0.25,94.9000015258789,91.1999969482422,95.4666646321615,85.0500030517578,-4.81822872161865,0.694825530052185,-9.36242167154948,2.77374505996704,9.58153343200684,5.74994564056396,6.55122439066569,-0.0565871596336365,0.00431566312909126,0.213400110602379,0.343926731497049,0.335341058671474,0.215783156454563,21.3400110602379,11.464224383235,16.7670529335737,0.5,0.83333333,0.75,1,1,1,0.75,18.5,0.25,0.125,0.375,0.25,95.0465545654297,91.315299987793,95.6090291341146,85.1597442626953,-4.34092998504639,1.10128998756409,-9.12469991048177,3.20388984680176,8.77387428283691,4.58999013900757,5.31845347086589,-1.16494107246399,0.00431566312909126,0.213400110602379,0.343926731497049,0.335341058671474,0.215783156454563,21.3400110602379,11.464224383235,16.7670529335737,0.5,0.83333333,0.75,1,1,1,0.75,4,87.892448425293,-12.0114908218384,1,0.25,99.8282,1,0.25,"2024-08-17",0
"Ryan Brasier",5615,"2024-04-27","@TOR",22,2024,"LAD","A",36,0,0,0,1,0,0,0,0,0,1,0,1,3,0,0,0,0,0,0,0,0,0,2,18,0,0,2,0,0,0,1,0,0,0,0,0,0.66666667,0,0.66666667,-0.078604246671107,0,0,0,0,1,-0.833520221710205,0.833520221710205,0.678488184511662,0,-18.0757043893197,18.1856412207288,0,0,0,1,0,0,0,0,1,10,11,0.0481740012764931,0,0.0481740012764931,0.479000002145767,0.0506075024604797,0.639599978923798,1.00819993019104,1.00819993019104,0.8682000041008,1,1,0.075676403939724,-0.000357450118694286,0,0,0.54545455,95.5,0.45454545,86.4,NA,NA,NA,0.225124508142471,0.546006262302399,NA,3.75207513570786,10.920125246048,NA,0.33333333,0.875,0.72727273,0,1,0.875,0.72727273,1,0.09090909,0,0,1,0,1,0,1,0,0,1,0,1,0,-1.673685078855,NA,74.36757,60.27881,76.26382,80,65.72057,80,31.77712,58.45298,33.28645,NA,NA,NA,71.1276,63.05742,74.78265,-1.18717,2.29634,108.88,121.6,122.88,107.18,115.5,126.56,117.1,86.8,72.5,NA,NA,NA,112.152727272727,104.118181818182,100.983636363636,0.18181818,NA,0.36363636,0.45454545,95.75,NA,95.5,86.5,-5.8732442855835,NA,-9.26327705383301,3.12168045043945,10.1631345748901,NA,8.37175273895264,0.8485182762146,0.039364367723465,NA,0.188276655972004,0.552205938845873,1.96821838617325,NA,4.7069163993001,11.0441187769175,0.5,0.77777778,0.72727273,0,1,0.875,0.81818182,21.125,0.27272727,NA,0.27272727,0.45454545,95.5039978027344,NA,95.0836995442708,86.1628173828125,-5.98149998982747,NA,-9.31488037109375,3.87477607727051,9.15529378255208,NA,6.26703643798828,-0.786250019073486,0.0787287354469299,NA,0.148912288248539,0.552205938845873,2.62429118156433,NA,4.96374294161797,11.0441187769175,0.33333333,0.875,0.72727273,0,1,0.875,0.72727273,1,79.8124542236328,48.320369720459,0,0,79.8125,0,0,"2024-04-27",0
"Ryan Brasier",5615,"2024-04-24","@WSN",22,2024,"LAD","A",36,0,0,0,1,0,0,0,0,0,0,0,1,3,0,0,0,0,0,0,0,0,0,1,9,0,0,1,0,0,2,0,0,0,0,0,0,0.33333333,0,0.33333333,-0.694826464786218,0,0,0,0,1,1.1664797782898,-1.1664797782898,1.1664797782898,0,29.5251498850985,29.9783111930123,2,0,1,0,0,0,2,18,2,8,10,0.0329719968140125,0,0.0329719968140125,0.49099999666214,0.0509864985942841,0.436533331871033,0.677200019359589,0.677200019359589,0.155199989676476,1,1,0.0752238780260086,0.000307574916406372,0,0,0.7,94.42857143,0.3,86,NA,NA,NA,0.320299923419952,0.370183140039444,NA,4.57571319171361,12.3394380013148,NA,0.71428571,0.66666667,0.7,0.6,1,0.71428571,0.3,1,0.2,2,0,0,1,1,0,2,1,0,0,0.5,0.5,0,-0.212730506151429,NA,54.32031,51.87114,49.52712,71.60987,74.75205,80,59.21126,48.56056,61.30596,NA,NA,NA,65.32884,55.77942,72.11544,-0.82691,2.83673,90.16,99.58,102.08,112.56,128.5,144.38,99.16,140.76,117.62,NA,NA,NA,99.58,120.61,119.432,0.4,NA,0.3,0.3,94.3499984741211,NA,94.6666666666667,85.9666646321615,-4.96293926239014,NA,-10.0110982259115,2.27958265940348,9.69344902038574,NA,6.51595179239909,0.439021627108256,0.172867063432932,NA,0.151132382452488,0.363342851400375,4.3216765858233,NA,5.0377460817496,12.1114283800125,0.66666667,0.75,0.7,0.5,1,0.71428571,0.4,18,0.4,NA,0.3,0.3,94.7293701171875,NA,95.0398661295573,86.3400268554688,-4.42179250717163,NA,-9.70881017049154,2.77239354451497,8.82514572143555,NA,5.37966346740723,-1.02673864364624,0.172867063432932,NA,0.151132382452488,0.363342851400375,4.3216765858233,NA,5.0377460817496,12.1114283800125,0.66666667,0.75,0.7,0.5,1,0.71428571,0.4,2,78.6933288574219,-8.19130039215088,0,0,96.7633,1,0.5,"2024-04-24",0
"Ryan Brasier",5615,"2024-04-20","NYM",22,2024,"LAD","H",36,0,0,13.500014081612,1,0,0,0,0,0,0,0,0.2,3,1,1,1,1,0,0,0,0,0,0,0,0,13.500014081612,0,0,0,0,2,1,1,0,0,0,0,0,0,9.75339574477623,13.500014081612,0.333333333333333,1.50000156462356,0,1,22.666500118396,-9.16648603678402,7.70250972840334,334.138976752208,541.234817438311,187.926204380887,0,0.333333333,0,0.666666666,0.5,0.5,2,27.000028163224,3,4,7,-0.294379979372025,-0.306919991970062,0.0125400004908442,-2.11999988555908,-0.224338635802269,1.13199996948242,1.44599997997284,2.89199995994568,0.952000021934509,1,1,-0.0561703853309155,-0.203882606990827,0,1,0.57142857,93.75,0.28571429,85.5,0.14285714,91,NA,-0.0666945427656174,-1.09388852119446,0.249823242425919,-1.66736356914043,-54.6944260597229,24.9823242425919,0.25,0.66666667,0.42857143,1,1,1,0.42857143,0.66666667,0,0,1,2,1,0,2,3,0,0.33333333,0.66666667,0.33333333,0,0.66666667,32.8682339707605,NA,20,50.75826,20,59.79671,44.60073,57.98836,53.41243,32.20426,50.78989,80,45.80169,80,62.47595,40.97685,63.69292,-0.64967,3.10259,88.68,102.96,94.44,79.94,121.52,111.3,81.9,98.32,108.72,85.48,161.56,155.58,82.54,117.96,114.48,0.14285714,0.14285714,0.42857143,0.28571429,93.9000015258789,91.4000015258789,93.7666625976562,85.4000015258789,-4.62425851821899,-0.162919417023659,-7.68068504333496,1.87033402919769,9.44686317443848,7.32332420349121,8.23420270284017,1.58369410037994,-0.0483221560716629,0.294975996017456,-0.0199272707104683,-1.09065437316895,-4.83221560716629,29.4975996017456,-0.66424235701561,-54.5327186584473,0.25,0.66666667,0.42857143,1,1,1,0.42857143,16.25,0.14285714,0.14285714,0.42857143,0.28571429,94.3335037231445,91.8266983032227,94.15673828125,85.79150390625,-4.2652702331543,0.197239995002747,-7.36536661783854,2.40297508239746,8.92451953887939,6.30978012084961,7.12188657124837,0.583608508110046,-0.0483221560716629,0.294975996017456,-0.0199272707104683,-1.09065437316895,-4.83221560716629,29.4975996017456,-0.66424235701561,-54.5327186584473,0.25,0.66666667,0.42857143,1,1,1,0.42857143,3,88.9263916015625,38.5755742390951,1,0.33333333,107.591,2,0.66666667,"2024-04-20",0
"Ryan Brasier",5615,"2024-04-19","NYM",22,2024,"LAD","H",36,0,0,9,1,0,0,0,0,0,0,0,1,6,3,1,1,0,0,0,0,0,0,1,9,0,27,1,0.25,0,4,1,0,0,1,0,0,0.16666667,0,0.16666667,1.753034646165,0,0.5,3,0.6,0.66666667,1.1664797782898,7.8335202217102,2.67848818451166,222.75908547873,29.5251498850985,66.5170884121943,4,0,0.8,0.2,0,0,0,0,8,13,21,-0.00644000014290214,-0.0125400004908442,0.00610000034794211,-0.522000014781952,-0.0552380904555321,0.0588571429252625,0.0559999980032444,0.0559999980032444,NA,0,1,-0.0655951946973801,-0.0438222833320875,0,0,0.47619048,94.4,0.28571429,85.16666667,0.23809524,91,NA,0.537540256977081,-1.44230604171753,0.258655548095703,5.37540256977081,-24.0384340286255,5.17311096191406,0.11111111,0.66666667,0.42857143,1,0.875,0.88888889,0.57142857,0.66666667,0.04761905,3,1,1,0,3,2,5,0.6,0.2,0.2,0,0.6,0.4,0.450579014303595,NA,80,67.82712,80,44.93095,62.34964,39.60292,48.49678,41.29583,49.57723,51.45564,50.43943,55.0709,60.67913,55.35807,62.70548,-0.53804,3.27003,100.6,180.24,189.82,119.88,12.88,46.8,80.5,93.6,95.82,83.72,94.54,80.88,95.4285714285714,95.2333333333333,102.972380952381,0.19047619,0.23809524,0.28571429,0.28571429,94.3999938964844,90.9799987792969,94.4833374023438,85.0166676839193,-4.40311241149902,-0.911384296417236,-9.22005844116211,2.32792886098226,10.0296087265015,8.2591682434082,7.2399959564209,0.984065532684326,0.559637144207954,0.24364297837019,-0.0154185108840466,-1.46476751193404,13.9909286051989,4.87285956740379,-0.256975181400776,-24.4127918655674,0.11111111,0.66666667,0.42857143,1,0.875,0.88888889,0.57142857,19,0.23809524,0.23809524,0.23809524,0.28571429,94.8285400390625,91.4585571289062,95.0526794433594,85.4857991536458,-4.38871612548828,-0.290408587455749,-9.08408432006836,2.85712337493896,8.80409164428711,7.23092803955078,5.37076606750488,-0.141437311967214,0.599001511931419,0.24364297837019,-0.0547828786075115,-1.46476751193404,11.9800302386284,4.87285956740379,-1.09565757215023,-24.4127918655674,0.125,0.61538462,0.42857143,1,0.875,0.88888889,0.61904762,5,93.969970703125,11.3742477416992,0,0,106.83,3,0.6,"2024-04-19",0
"Ryan Brasier",5615,"2024-04-14","SDP",22,2024,"LAD","H",36,0,0,0,1,0,0,0,0,0,0,1,1,4,1,0,0,0,1,0,0,0,0,0,0,9,9,0,0,0,3,0,0,0,0,0,0,0,0.25,-0.25,6.13760408401489,0,0.333333333333333,2,0.333333333333333,1,6.1664797782898,-6.1664797782898,6.1664797782898,0,148.527285571144,150.806929171676,3,0,1,0,0,0,0,0,6,6,12,-0.0771999880671501,-0.281580001115799,0.204380005598068,-0.557000041007996,-0.0589418075978756,2.72449994087219,1.51300001144409,3.02600002288818,1.53600001335144,1,1,-0.0450811386108398,0.0167456679767549,0,1,0.41666667,94.4,0.33333333,85.75,0.25,90.33333333,NA,-0.240602716803551,0.281891882419586,0.177677512168884,-4.81205433607101,7.04729706048965,5.92258373896281,0.25,0.5,0.33333333,0.5,1,0.75,0.33333333,0.25,0.08333333,0,3,0,0,3,0,3,0,1,0,0,1,0,4.85207461269045,NA,20,47.92903,20,35.30054,75.08526,23.57109,40.52313,38.39957,50.35705,20,66.74168,20,20,56.27838,20,2.21864,7.40505,87.12,-67.4,-54.38,115.88,44.62,77.86,90.66,75.66,67.36,92.5,80.2,81.76,96.6816666666667,44.8133333333333,52.095,0.16666667,0.16666667,0.25,0.41666667,94.3000030517578,90.5500030517578,94,86.3799987792969,-5.71065759658813,2.00729584693909,-10.6559753417969,2.33312492370605,9.06647777557373,6.3802490234375,6.6344362894694,1.26820507049561,-0.139514908194542,0.214739698916674,-0.108067326247692,0.253088485449553,-6.9757454097271,10.7369849458337,-3.6022442082564,5.06176970899105,0.28571429,0.4,0.33333333,0.5,1,0.75,0.41666667,18.625,0.16666667,0.33333333,0.25,0.25,94.7301940917969,89.9474716186523,94.3907674153646,85.3565979003906,-5.34994029998779,2.76099014282227,-10.4435564676921,2.64789994557699,8.00527954101562,3.39603757858276,5.43103663126628,-1.50750239690145,-0.139514908194542,-0.256470166146755,-0.108067326247692,0.724298350512981,-6.9757454097271,-6.41175415366888,-3.6022442082564,24.1432783504327,0.42857143,0.2,0.33333333,0.66666667,1,0.75,0.41666667,3,91.6378784179688,-3.61321194966634,0,0,99.452,2,0.66666667,"2024-04-14",0
"Ryan Brasier",5615,"2024-04-12","SDP",22,2024,"LAD","H",36,0,0,27,1,0,0,0,0,0,0,1,1,6,2,3,3,1,1,0,0,0,0,0,0,9,18,0,0,0,1,2,2,0,0,0,0,0,0.16666667,-0.16666667,8.57145129324067,9,0.4,3,0.25,0,19.1664797782898,7.83352022171021,9.19049659073353,668.27725643619,457.932838354862,223.88448361004,0.5,0.4,0.2,0.4,0,0.5,0,0,9,12,21,-0.316139996051788,-0.374879986047745,0.0587399825453758,-2.5220000743866,-0.266878306865692,1.17900002002716,0.892000019550323,0.892000019550323,1.83800005912781,1,1,-0.234241604804993,-0.0339008809300843,0,1,0.5,93.7,0.3,84,0.2,90.75,0.04761905,0.104869909584522,-1.69779515266418,0.136599108576775,1.04869909584522,-28.2965858777364,3.41497771441936,0.09090909,0.66666667,0.35,1,1,1,0.45,0.5,0,3,2,0,1,1,3,5,0.6,0.4,0,0.2,0.2,0.6,28.0585439043468,NA,20,53.14496,20,43.62611,63.34096,36.70136,40.28687,41.26132,52.10414,68.90601,51.06394,80,22.25053,51.64324,25.79301,1.84938,6.85116,88.78,-65.84,-78.56,107.58,103.22,115.9,101.98,93.68,72.56,85.3,104.34,102.5,96.744,58.317,51.603,0.25,0.2,0.25,0.3,93.6799987792969,90.7249984741211,93.6,84.1166687011719,-4.93906555175781,0.771309018135071,-8.91666564941406,2.39299011230469,9.3761344909668,7.82824516296387,5.99948501586914,0.368755300839742,-0.110354512929916,0.138109169900417,0.193706467747688,-1.70321878418326,-2.20709025859833,3.45272924751043,3.87412935495377,-28.3869797363877,0,0.7,0.35,NA,1,1,0.5,19.73333333,0.25,0.2,0.25,0.3,93.9615234375,91.0104217529297,93.8989013671875,84.3662974039714,-4.5149959564209,1.05063879489899,-8.89823379516602,2.63720003763835,8.28422393798828,6.46366262435913,4.85576400756836,-0.983983834584554,-0.110354512929916,0.122699577361345,0.193706467747688,-1.70321878418326,-2.20709025859833,3.06748943403363,3.87412935495377,-28.3869797363877,0,0.7,0.35,NA,1,1,0.5,5,92.2943237304687,22.3178955078125,1,0.2,104.871,3,0.6,"2024-04-12",0
"Ryan Brasier",5615,"2024-04-08","@MIN",22,2024,"LAD","A",36,0,0,0,1,0,0,0,0,0,1,0,1,3,0,0,0,0,0,0,0,0,0,1,9,0,0,1,0,0,0,1,1,0,0,0,0,0.33333333,0,0.33333333,2.61817353088578,0,0,0,0,1,1.1664797782898,-1.1664797782898,2.67848818451166,0,29.5251498850985,66.5170884121943,0,0.5,0,0.5,0,0,0,0,1,9,10,0.0792719945311546,0,0.0792719945311546,0.483999997377396,0.0507337525486946,1.05373334884644,1.52039992809296,1.52039992809296,1.67920005321503,1,1,0.0755260288715363,-0.000296375546113004,1,0,0.4,94.25,0.4,84.5,0.2,91.5,NA,0.390005052089691,0.0770750790834427,0.249823242425919,9.75012630224228,1.92687697708607,12.4911621212959,0.4,0.8,0.6,1,1,1,0.5,0.66666667,0,0,1,1,0,1,1,2,0,0.5,0.5,0,0.5,0.5,3.45996771463282,NA,78.79283,42.93104,80,80,70.93528,80,38.75538,44.85751,41.71829,55.61957,50.5969,53.74432,66.78465,48.7912,73.24169,-0.91736,2.70105,116.58,146.7,135.82,103.54,142.86,151.32,90.52,76.76,61.32,89.32,78.94,70.46,99.4,104.788,94.498,0.3,0.2,0.1,0.4,94.1666666666667,91.25,94.4000015258789,84.375,-4.51534430185954,0.0380610227584839,-9.77430629730225,3.18964767456055,9.62821006774902,8.8373851776123,7.89675951004028,0.154799833893776,0.355543062090874,0.252764478325844,0.039364367723465,0.0776951983571053,11.8514354030291,12.6382239162922,3.9364367723465,1.94237995892763,0.66666667,0.57142857,0.6,1,1,1,0.7,18.28571429,0.3,0.2,0.1,0.4,94.4122924804688,91.4919509887695,94.6445007324219,84.6152725219727,-3.56830342610677,1.0361670255661,-8.96214962005615,3.98414492607117,8.19286982218424,7.17428970336914,6.21416997909546,-1.65345394611359,0.355543062090874,0.252764478325844,0.039364367723465,0.0776951983571053,11.8514354030291,12.6382239162922,3.9364367723465,1.94237995892763,0.66666667,0.57142857,0.6,1,1,1,0.7,2,94.7570648193359,33.9425582885742,0,0,99.2018,1,0.5,"2024-04-08",0
"Ryan Brasier",5615,"2024-04-06","@CHC",22,2024,"LAD","A",36,0,0,0,1,0,0,0,0,0,1,0,1,4,1,0,0,0,0,0,0,0,0,3,27,0,9,3,0,0,0,0,1,0,0,0,0,0.75,0,0.75,-0.459145915985107,0,0.25,1,1,1,-2.8335202217102,2.8335202217102,-2.8335202217102,0,-65.6765586637379,-66.6845831899186,0,1,0,0,0,0,0,0,5,12,17,0.0510719940066338,-0.045804001390934,0.0968759953975677,0.469000041484833,0.0502679534256458,1.26250004768372,1.01080000400543,1.01080000400543,1.01960003376007,1,1,0.0287838447839022,0.0116692182479247,0,0,0.52941176,94.44444444,0.41176471,83.28571429,0.05882353,89,NA,0.303460001945496,-0.0484046041965485,0.0572940893471241,3.3717777993944,-0.691494345664978,5.72940893471241,0.18181818,0.5,0.29411765,1,1,1,0.35294118,0.5,0,1,0,0,1,0,0,1,1,0,0,1,0,0,0.384988383421743,NA,80,52.26435,80,80,79.18235,80,61.46504,36.12587,62.79395,80,53.25299,63.91381,80,46.42202,80,-2.35712,0.54141,131.16,148.42,166.24,112.4,167.04,187.4,95.16,118.7,114.2,98.12,181.52,186.5,113.289411764706,139.224705882353,147.248235294118,0.47058824,0.05882353,0.05882353,0.41176471,94.3375015258789,89.0999984741211,94.8000030517578,83.2428588867188,-5.0317006111145,2.11672163009644,-9.65112113952637,2.84248924255371,10.2379035949707,6.43821716308594,6.49996662139893,-0.373458692005702,0.792564146220684,0.057969942688942,-0.486331313848495,-0.0504672154784203,9.90705182775855,5.7969942688942,-48.6331313848495,-0.720960221120289,0.14285714,0.4,0.29411765,1,1,1,0.58823529,18.38461538,0.47058824,0.05882353,0.05882353,0.41176471,94.9020385742188,89.6539993286133,95.3378982543945,83.7754865373884,-4.50152635574341,2.53372001647949,-9.3718900680542,3.29029137747628,9.09922218322754,5.4406099319458,5.4295802116394,-1.86001668657575,0.792564146220684,0.057969942688942,-0.486331313848495,-0.0504672154784203,9.90705182775855,5.7969942688942,-48.6331313848495,-0.720960221120289,0.125,0.44444444,0.29411765,1,1,1,0.52941176,1,74.8634643554688,22.299503326416,0,0,74.8635,0,0,"2024-04-06",0
"Ryan Brasier",5615,"2024-04-02","SFG",22,2024,"LAD","H",36,0,0,0,1,1,0,0,0,0,0,0,1,4,0,0,0,0,1,0,0,0,0,1,9,9,0,1,0,0,0,2,0,0,0,0,0,0.25,0.25,0,7.74947908401489,0,0,1,0,1,4.1664797782898,-4.1664797782898,7.19049659073353,0,100.926431296726,175.553036418574,0,0,0,1,0,0,1,9,4,8,12,0.0469600073993206,-0.0120599986985326,0.0590200051665306,0.477799981832504,0.0505608469247818,0.669000029563904,0.870000004768372,0.870000004768372,0.970000028610229,1,1,0.0469872318208218,0.0232070960178961,0,0,0.5,94.33333333,0.25,85.66666667,0.25,91.33333333,NA,0.307588994503021,0.0124238580465317,0.132020100951195,5.12648324171702,0.414128601551056,4.40067003170649,0.16666667,0.5,0.33333333,0,1,0.75,0.5,1,0.08333333,1,0,1,0,2,0,2,0.5,0,0.5,0,1,0,2.62403992357045,45,44.32814,37.64447,77.62939,32.41952,43.18382,32.66369,20,39.49466,20,80,47.61833,80,41.06067,42.6568,45.27392,0.68078,5.09826,105.22,108.12,95.26,87.54,5.92,12.84,87.84,12.66,0.840000000000003,79.4,110.22,96.6,88.5266666666667,50.7133333333333,44.5166666666667,0.08333333,0.25,0.41666667,0.25,94.1999969482422,91.2999979654948,94.3799987792969,85.7333374023438,-5.90178966522217,-1.19033924738566,-8.05803146362305,2.11160024007161,7.37329864501953,8.54424540201823,8.40549468994141,2.5025995572408,0.054773960262537,0.133502695709467,0.253282073885202,0.0111944451928139,5.4773960262537,4.45008985698223,5.06564147770405,0.373148173093796,0.2,0.42857143,0.33333333,0,1,0.75,0.58333333,18.375,NA,0.25,0.5,0.25,NA,91.5992329915365,94.6416829427083,86.0049641927083,NA,-0.854568322499593,-7.42336018880208,2.62424929936727,NA,7.42422676086426,7.21018473307292,1.15055799484253,NA,0.133502695709467,0.308056034147739,0.0111944451928139,NA,4.45008985698223,5.13426723579566,0.373148173093796,0.2,0.42857143,0.33333333,0,1,0.75,0.58333333,2,90.8629531860352,51.5783843994141,0,0,91.0942,0,0,"2024-04-02",0
"Ryan Brasier",5615,"2024-04-01","SFG",22,2024,"LAD","H",36,0,0,9,1,0,0,0,0,0,1,0,1,4,1,1,1,1,0,0,0,0,0,1,9,0,9,1,0,0,2,1,0,0,0,0,0,0.25,0,0.25,2.16704158401489,9,0.25,1,0,1,14.1664797782898,-5.16647977828979,2.67848818451166,222.75908547873,338.930702668817,66.5170884121943,2,0,0.666666666,0.333333333,0,1,3,27,4,13,17,-0.0195799954235554,-0.0748999938368797,0.0553199984133244,-0.522000014781952,-0.0552380941808224,0.698500037193298,0.896000027656555,0.896000027656555,0.330000013113022,1,1,-0.0522670298814774,0.0242355418629063,0,0,0.35294118,93.5,0.52941176,84.66666667,0.11764706,90,NA,0.496776223182678,-1.30980384349823,0.0931044071912766,8.2796037197113,-14.5533760388692,4.65522035956383,0.54545455,0.83333333,0.64705882,0.5,1,0.72727273,0.35294118,1,0.17647059,1,2,0,1,1,1,3,0.33333333,0.66666667,0,0.33333333,0.33333333,0.33333333,12.74157786372,NA,59.94543,58.16937,61.68712,30.23862,54.92003,35.89941,64.08415,43.14447,79.15919,80,50.74518,80,63.95156,51.06949,77.85391,-0.74135,2.96507,131.84,102.92,108.08,93.34,105.02,99.18,101.14,130.92,106.72,83.48,164.74,150.48,100.838823529412,125.510588235294,110.254117647059,0.11764706,0.11764706,0.23529412,0.52941176,94.0500030517578,90.3000030517578,93.25,84.6000027126736,-3.79246807098389,0.533794045448303,-8.37626266479492,2.29632165696886,9.87908744812012,7.31672477722168,6.84956884384155,0.361365424262153,0.254098132252693,0.094138327986002,0.248466704040766,-1.3096725307405,12.7049066126347,4.7069163993001,6.21166760101914,-14.5519170082278,0.54545455,0.83333333,0.64705882,0.5,1,0.72727273,0.35294118,17.84615385,0.11764706,0.11764706,0.23529412,0.52941176,94.4546508789062,90.6969985961914,93.661247253418,84.9824015299479,-3.39087009429932,0.894774615764618,-8.24508476257324,2.73135672675239,9.23831939697266,6.52640533447266,6.00152254104614,-0.913993941413032,0.254098132252693,0.094138327986002,0.248466704040766,-1.3096725307405,12.7049066126347,4.7069163993001,6.21166760101914,-14.5519170082278,0.44444444,0.875,0.64705882,0.5,0.85714286,0.72727273,0.47058824,3,87.6182352701823,3.5657205581665,0,0,102.31,1,0.33333333,"2024-04-01",0
"Ryan Brasier",5615,"2024-03-29","STL",22,2024,"LAD","H",36,0,0,0,1,0,0,0,0,0,0,0,1,4,1,0,0,0,0,0,0,0,0,1,9,0,9,1,0,0,1,1,1,0,0,0,0,0.25,0,0.25,2.72685408401489,0,0.25,1,0.333333333333333,1,1.1664797782898,-1.1664797782898,2.67848818451166,0,29.5251498850985,66.5170884121943,1,0.333333333,0.333333333,0.333333333,0,0,0,0,2,12,14,0.0274999737739563,-0.0684600323438644,0.0959600061178207,-0.697999954223633,-0.0738624259829521,1.17750000953674,0.546000003814697,1.09200000762939,0.717999994754791,1,1,0.018962200731039,0.00439234156299919,0,0,0.57142857,94.125,0.35714286,84.8,0.07142857,89,NA,0.144808739423752,-0.554754316806793,0.173169538378716,1.8101092427969,-11.0950863361359,17.3169538378716,0.6,0.88888889,0.78571429,0.33333333,0.875,0.72727273,0.64285714,0.75,0.21428571,2,1,0,0,0,3,3,0.66666667,0.33333333,0,0,0,1,2.87981567139832,NA,55.32278,41.0029,62.75057,NA,NA,NA,55.07472,40.41881,66.55968,71.26922,58.04952,74.05333,58.36671,39.35103,71.1291,-0.39438,3.48552,96.46,94.88,79.14,NA,NA,NA,99.56,112.64,91.46,101.34,97.5,94.52,97.9157142857143,101.41,84.6385714285714,0.57142857,0.07142857,NA,0.35714286,94.0875015258789,88.5999984741211,NA,84.9,-4.44170570373535,2.82546925544739,NA,2.45143413543701,9.34690570831299,5.52671194076538,NA,0.918578147888184,0.146182753145695,0.175375327467918,NA,-0.56451852992177,1.82728441432118,17.5375327467918,NA,-11.2903705984354,0.6,0.88888889,0.78571429,0.33333333,0.875,0.72727273,0.64285714,19.2,0.57142857,0.07142857,NA,0.35714286,94.5202865600586,88.9684982299805,NA,85.2884765625,-4.04297733306885,3.15882992744446,NA,2.94517803192139,8.27189254760742,4.54502010345459,NA,-0.341064405441284,0.146182753145695,0.175375327467918,NA,-0.56451852992177,1.82728441432118,17.5375327467918,NA,-11.2903705984354,0.5,1,0.78571429,0.33333333,0.875,0.72727273,0.57142857,3,94.5101826985677,18.4207522074382,0,0,98.1583,1,0.33333333,"2024-03-29",0
"Ryan Brasier",5615,"2024-03-20","@SDP",22,2024,"LAD","A",36,0,0,0,1,0,0,0,0,0,0,0,1,3,0,0,0,0,0,0,0,0,0,1,9,0,0,1,0,0,2,0,0,0,0,0,0,0.33333333,0,0.33333333,-0.694826464786218,0,0,0,0,1,1.1664797782898,-1.1664797782898,1.1664797782898,0,29.5251498850985,29.9783111930123,2,0,1,0,0,0,0,0,4,7,11,0.0433559902012348,0,0.0433559902012348,0.457000017166138,0.0498636141419411,0.58953332901001,0.790999948978424,0.790999948978424,0.703199982643127,1,1,0.0736605376005173,-0.000117638382178639,0,0,0.54545455,95,0.45454545,84.2,NA,NA,NA,0.40387487411499,0.253100633621216,NA,6.7312479019165,5.06201267242432,NA,0.33333333,0.4,0.36363636,0.5,1,0.75,0.45454545,0.33333333,0.09090909,1,1,0,0,2,0,2,0.5,0.5,0,0,1,0,-0.212730506151429,NA,72.03643,59.20553,79.04766,80,35.55153,80,41.96651,36.4246,46.67718,NA,NA,NA,65.37958,46.47271,74.94476,-0.83007,2.83199,110.68,119.02,131.14,96.32,141.82,138.12,109.24,95.38,96.88,NA,NA,NA,108.72,110.347272727273,116.201818181818,0.45454545,NA,0.09090909,0.45454545,94.9799987792969,NA,93.5,84.4,-4.12642517089844,NA,-9.78208637237549,2.58751964569092,11.3677558898926,NA,6.71318912506104,1.11382675170898,0.351204760372639,NA,0.057969942688942,0.278167646378279,7.02409520745277,NA,5.7969942688942,5.56335292756557,0.25,0.42857143,0.36363636,0,1,0.75,0.63636364,16.375,0.45454545,NA,0.09090909,0.45454545,95.2804565429688,NA,93.888801574707,84.796240234375,-3.63274383544922,NA,-9.25977993011475,3.14592590332031,9.82612152099609,NA,5.02543020248413,-0.724953603744507,0.351204760372639,NA,0.057969942688942,0.278167646378279,7.02409520745277,NA,5.7969942688942,5.56335292756557,0.25,0.42857143,0.36363636,0,1,0.75,0.63636364,2,93.4755859375,-8.30572128295898,0,0,94.3192,0,0,"2024-03-20",0
