"PlayerName","playerid","Date","Opp","teamid","season","Team","HomeAway","Age","W","L","ERA","G","GS","QS","CG","ShO","SV","HLD","BS","IP","TBF","H","R","ER","HR","BB","IBB","HBP","WP","BK","SO","K/9","BB/9","H/9","K/BB","IFH%","BUH%","GB","FB","LD","IFFB","IFH","BU","BUH","K%","BB%","K-BB%","SIERA","HR/9","AVG","WHIP","BABIP","LOB%","FIP","E-F","xFIP","ERA-","FIP-","xFIP-","GB/FB","LD%","GB%","FB%","IFFB%","HR/FB","RS","RS/9","Balls","Strikes","Pitches","WPA","-WPA","+WPA","RE24","REW","pLI","inLI","gmLI","exLI","Pulls","Games","WPA/LI","Clutch","SD","MD","FB%1","FBv","SL%","SLv","CT%","CTv","CH%","CHv","XX%","wFB","wSL","wCT","wCH","wFB/C","wSL/C","wCT/C","wCH/C","O-Swing%","Z-Swing%","Swing%","O-Contact%","Z-Contact%","Contact%","Zone%","F-Strike%","SwStr%","Pull","Cent","Oppo","Soft","Med","Hard","bipCount","Pull%","Cent%","Oppo%","Soft%","Med%","Hard%","tERA","pb_o_CH","pb_s_CH","pb_c_CH","pb_o_FF","pb_s_FF","pb_c_FF","pb_o_SL","pb_s_SL","pb_c_SL","pb_o_FC","pb_s_FC","pb_c_FC","pb_overall","pb_stuff","pb_command","pb_xRV100","pb_ERA","sp_s_CH","sp_l_CH","sp_p_CH","sp_s_FF","sp_l_FF","sp_p_FF","sp_s_SL","sp_l_SL","sp_p_SL","sp_s_FC","sp_l_FC","sp_p_FC","sp_stuff","sp_location","sp_pitching","pfxFA%","pfxFC%","pfxSL%","pfxCH%","pfxvFA","pfxvFC","pfxvSL","pfxvCH","pfxFA-X","pfxFC-X","pfxSL-X","pfxCH-X","pfxFA-Z","pfxFC-Z","pfxSL-Z","pfxCH-Z","pfxwFA","pfxwFC","pfxwSL","pfxwCH","pfxwFA/C","pfxwFC/C","pfxwSL/C","pfxwCH/C","pfxO-Swing%","pfxZ-Swing%","pfxSwing%","pfxO-Contact%","pfxZ-Contact%","pfxContact%","pfxZone%","pfxPace","piCH%","piFA%","piFC%","piSL%","pivCH","pivFA","pivFC","pivSL","piCH-X","piFA-X","piFC-X","piSL-X","piCH-Z","piFA-Z","piFC-Z","piSL-Z","piwCH","piwFA","piwFC","piwSL","piwCH/C","piwFA/C","piwFC/C","piwSL/C","piO-Swing%","piZ-Swing%","piSwing%","piO-Contact%","piZ-Contact%","piContact%","piZone%","Events","EV","LA","Barrels","Barrel%","maxEV","HardHit","HardHit%","gamedate","dh"
"Steven Wilson",20353,"2024-08-14","NYY",4,2024,"CHW","H",29,0,0,13.500014081612,1,0,0,0,0,0,0,0,0.2,3,1,1,1,1,0,0,0,0,0,0,0,0,13.500014081612,0,0,0,0,2,1,0,0,0,0,0,0,0,9.75339574477623,13.500014081612,0.333333333333333,1.50000156462356,0,1,22.666500118396,-9.16648603678402,7.70250972840334,333.339883382535,543.481361540303,189.774252798055,0,0.333333333,0,0.666666666,0,0.5,0,0,4,6,10,-0.00197000009939075,-0.00216399994678795,0.000193999905604869,-0.738999962806702,-0.076146312057972,0.00980000011622906,0.00499999988824129,0.00999999977648258,0,1,1,-0.196400001645088,-0.00462041427596607,0,0,0.5,94.4,0.4,81.5,NA,NA,0.1,85,NA,-1.0549727678299,0.168018415570259,NA,-0.0238054171204567,-21.0994553565979,4.20046038925648,NA,-2.38054171204567,0.16666667,1,0.5,1,0.75,0.8,0.4,0.66666667,0.1,3,0,0,0,1,2,3,1,0,0,0,0.33333333,0.66666667,39.4081790277222,54.99826,56.8938,44.73273,49.99767,56.08693,44.20467,69.34989,55.7126,71.90095,NA,NA,NA,59.63374,57.61571,57.36771,-0.4731,3.36744,94.12,106.82,100.26,81.28,108.72,102.58,99.7,96.58,103.32,NA,NA,NA,89.932,103.674,102.644,0.5,NA,0.4,0.1,94.4799987792969,NA,81.75,84.5,-4.43518867492676,NA,6.698890209198,-10.0928974151611,9.60860824584961,NA,1.32008850574493,3.37527585029602,-1.05129000544548,NA,0.211605135351419,-0.0242429338395596,-21.0258001089096,NA,5.29012838378549,-2.42429338395596,0.2,0.8,0.5,1,0.75,0.8,0.5,23,0.1,0.5,NA,0.4,84.513801574707,94.5279174804687,NA,81.8018493652344,-9.64291000366211,-3.9651741027832,NA,7.59209012985229,1.89394998550415,8.71679229736328,NA,-0.0222562029957771,-0.0242429338395596,-1.05129000544548,NA,0.211605135351419,-2.42429338395596,-21.0258001089096,NA,5.29012838378549,0.25,0.66666667,0.5,1,0.75,0.8,0.6,3,100.698323567708,25.4124399820964,2,0.66666667,110.221,2,0.66666667,"2024-08-14",0
"Steven Wilson",20353,"2024-08-12","NYY",4,2024,"CHW","H",29,0,0,0,1,0,0,0,0,0,0,0,1,5,0,0,0,0,2,0,0,0,0,1,9,18,0,0.5,0,0,1,0,1,0,0,0,0,0.2,0.4,-0.2,10.3902890840149,0,0,2,0,1,7.1664797782898,-7.1664797782898,7.1664797782898,0,170.61248942423,176.439130411058,1,0.5,0.5,0,0,0,0,0,9,11,20,9.40155950956978e-05,-0.000205974574782886,0.000299990177154541,0.497000008821487,0.0512107126414776,0.00399999972432852,0,0,NA,0,1,0,0.0235039003937632,0,0,0.5,94.3,0.45,80.66666667,NA,NA,0.05,83,NA,0.263846933841705,0.0802299976348877,NA,-0.0968978852033615,2.63846933841705,0.891444418165419,NA,-9.68978852033615,0.07692308,0.42857143,0.2,1,1,1,0.35,0.8,0,1,1,0,1,1,0,2,0.5,0.5,0,0.5,0.5,0,12.2013251971879,53.18276,44.35204,79.96068,68.77206,56.68017,73.97269,36.33567,68.84203,21.17184,NA,NA,NA,55.56127,64.07945,51.6326,-0.22009,3.74696,76.7,55,66.88,81.06,117.58,113.46,121.18,46.56,73.2,NA,NA,NA,98.896,82.492,93.014,0.5,NA,0.45,0.05,94.2900024414062,NA,80.7666625976562,82.5999984741211,-4.39365692138672,NA,8.98066033257378,-8.25762176513672,10.2303146362305,NA,2.23852390713162,4.72257852554321,0.263729237020016,NA,0.0771058611571789,-0.0991095378994942,2.63729237020016,NA,0.856731790635321,-9.91095378994942,0,0.36363636,0.2,NA,1,1,0.55,19.46666667,0.05,0.5,NA,0.45,82.758903503418,94.4780212402344,NA,80.9005330403646,-7.55019998550415,-3.78678703308105,NA,9.81588236490885,3.42526006698608,9.15229110717774,NA,1.20403703053792,-0.0991095378994942,0.263729237020016,NA,0.0771058611571789,-9.91095378994942,2.63729237020016,NA,0.856731790635321,0,0.36363636,0.2,NA,1,1,0.55,2,68.0768203735352,8.18281936645508,0,0,72.6131,0,0,"2024-08-12",0
"Steven Wilson",20353,"2024-08-10","CHC",4,2024,"CHW","H",29,0,0,0,1,0,0,0,0,0,0,0,1,3,0,0,0,0,0,0,0,0,0,0,0,0,0,0,0,0,0,2,1,0,0,0,0,0,0,0,9.75339574477623,0,0,0,0,1,3.1664797782898,-3.1664797782898,6.19049659073353,0,74.3883906335265,152.159040742638,0,0.333333333,0,0.666666666,0,0,0,0,1,5,6,0.017189996317029,0,0.017189996317029,0.496999979019165,0.0512107163667679,0.224466666579247,0.287599980831146,0.287599980831146,NA,0,1,0.076436311006546,0.000145199197153556,0,0,0.33333333,95.5,0.66666667,82.75,NA,NA,NA,NA,NA,0.315244346857071,0.475841075181961,NA,NA,15.7622173428535,11.896026879549,NA,NA,0,0.75,0.5,NA,1,1,0.66666667,1,0,2,0,1,1,1,1,3,0.66666667,0,0.33333333,0.33333333,0.33333333,0.33333333,5.55453413097258,NA,NA,NA,80,54.78319,80,80,63.96516,80,NA,NA,NA,80,66.08745,80,-3.09079,-0.55909,NA,NA,NA,79.2,123.04,113.42,115.78,125.38,143.18,NA,NA,NA,103.586666666667,124.6,133.26,0.33333333,NA,0.66666667,NA,95.4499969482422,NA,82.6750030517578,NA,-3.8773295879364,NA,7.16397666931152,NA,9.029541015625,NA,3.56903052330017,NA,0.319218933582306,NA,0.481286007910967,NA,15.9609466791153,NA,12.0321501977742,NA,0,0.75,0.5,NA,1,1,0.66666667,17.66666667,NA,0.33333333,NA,0.66666667,NA,95.6241455078125,NA,82.8121490478516,NA,-3.19371008872986,NA,8.20491504669189,NA,8.03606033325195,NA,2.37834739685059,NA,0.319218933582306,NA,0.481286007910967,NA,15.9609466791153,NA,12.0321501977742,0,0.6,0.5,NA,1,1,0.83333333,3,89.8223470052083,32.1792856852214,0,0,105.559,1,0.33333333,"2024-08-10",0
"Steven Wilson",20353,"2024-08-04","@MIN",4,2024,"CHW","A",29,0,0,27,1,0,0,0,0,0,0,0,1,8,3,3,3,0,2,0,0,0,0,1,9,18,27,0.5,0,0,1,3,1,0,0,0,0,0.125,0.25,-0.125,8.29004158401489,0,0.5,5,0.6,0.4,7.1664797782898,19.8335202217102,11.7025049969554,666.679071363883,170.61248942423,289.284413456532,0.333333333,0.2,0.2,0.6,0,0,0,0,14,21,35,-0.0232880041003227,-0.0358000174164772,0.0125120142474771,-2.51600003242493,-0.26373165845871,0.167099997401237,0.104400001466274,0.104400001466274,NA,0,1,-0.133343502879143,-0.00602217313821821,0,0,0.28571429,93.7,0.71428571,83.84,NA,NA,NA,NA,NA,-0.341551065444946,-1.20637118816376,NA,NA,-3.41551065444946,-4.82548475265503,NA,NA,0.16666667,0.88235294,0.51428571,0.33333333,0.93333333,0.83333333,0.48571429,0.5,0.08571429,1,4,0,2,0,3,5,0.2,0.8,0,0.4,0,0.6,5.91486205283335,NA,NA,NA,20,56.14748,20,57.92123,56.35673,50.93095,NA,NA,NA,43.84514,61.46788,28.74775,0.50779,4.83878,NA,NA,NA,94.98,42.68,37.32,108.68,95.14,105.18,NA,NA,NA,104.765714285714,80.1514285714286,85.7914285714286,0.28571429,NA,0.71428571,NA,93.7900024414062,NA,83.807998046875,NA,-2.9797399520874,NA,4.59326782226563,NA,10.4486869812012,NA,2.08163421630859,NA,-0.350030690431595,NA,-1.22716456279159,NA,-3.50030690431595,NA,-4.90865825116634,NA,0.17647059,0.83333333,0.51428571,0.33333333,0.93333333,0.83333333,0.51428571,23.85185185,NA,0.28571429,NA,0.71428571,NA,93.7395324707031,NA,83.74779296875,NA,-2.46412200927734,NA,5.5621337890625,NA,9.87506790161133,NA,1.08181533813477,NA,-0.350030690431595,NA,-1.22716456279159,NA,-3.50030690431595,NA,-4.90865825116634,0.1875,0.78947368,0.51428571,0.33333333,0.93333333,0.83333333,0.54285714,5,89.9322448730469,29.3279724121094,0,0,103.318,3,0.6,"2024-08-04",0
"Steven Wilson",20353,"2024-08-02","@MIN",4,2024,"CHW","A",29,0,0,67.5000704080601,1,0,0,0,0,0,0,0,0.2,7,2,5,5,1,2,1,1,0,0,0,0,27.000028163224,27.000028163224,0,0,0,0,4,0,0,0,0,0,0,0.28571429,-0.28571429,12.7460760053157,13.500014081612,0.5,6.00000625849423,0.333333333333333,0,36.1665142000081,31.333556208052,25.7385537601289,1666.69941691267,868.238033706532,638.467193349971,0,0,0,1,0,0.25,0,0,12,5,17,-0.0558039881289005,-0.0679159685969353,0.0121119804680347,-3.73900008201599,-0.391928732395172,0.253657162189484,0.221600010991096,0.221600010991096,0.00999999977648258,1,1,-0.249331548810005,0.0293338651364231,0,0,0.47058824,94.625,0.47058824,82.25,NA,NA,0.05882353,86,0.11764706,-0.122085087001324,-2.26626873016357,NA,-0.0344077162444592,-1.52606358751655,-28.3283591270447,NA,-3.44077162444592,0.14285714,0.66666667,0.23529412,1,1,1,0.17647059,0.42857143,0,1,1,2,1,1,2,4,0.25,0.25,0.5,0.25,0.25,0.5,23.9646285850948,20,47.07166,20,20,61.93597,20,34.60867,52.96182,32.71371,NA,NA,NA,20,59.12879,20,3.55373,9.40769,82.44,26.98,16.78,91.32,-7.26000000000001,-5.42,97.14,78.46,88.52,NA,NA,NA,93.5364705882353,35.0929411764706,40.0929411764706,0.47058824,NA,0.47058824,0.05882353,94.5374984741211,NA,82.0749969482422,86,-3.93612957000732,NA,7.00678777694702,-8.36985015869141,10.7324628829956,NA,1.20637786388397,5.08206605911255,-0.128975994884968,NA,-2.27926506102085,-0.0350487045943737,-1.6121999360621,NA,-28.4908132627606,-3.50487045943737,0.07692308,0.75,0.23529412,1,1,1,0.23529412,18.18181818,0.05882353,0.47058824,NA,0.47058824,86.1897964477539,94.7216033935547,NA,82.2314224243164,-8.1777400970459,-3.34793257713318,NA,8.00309658050537,4.38691997528076,9.73192405700684,NA,0.049817755818367,-0.0350487045943737,-0.128975994884968,NA,-2.27926506102085,-3.50487045943737,-1.6121999360621,NA,-28.4908132627606,0.07692308,0.75,0.23529412,1,1,1,0.23529412,4,89.0584487915039,38.634162902832,1,0.25,98.7872,1,0.25,"2024-08-02",0
"Steven Wilson",20353,"2024-07-29","KCR",4,2024,"CHW","H",29,0,0,40.5000422448361,1,0,0,0,0,0,1,0,0.2,5,3,3,3,2,0,0,0,0,0,0,0,0,40.5000422448361,0,0,0,1,4,0,1,0,0,0,0,0,0,9.18472908401489,27.000028163224,0.6,4.50000469387067,0.333333333333333,0,42.1665204585023,-1.66647821366624,12.2385396785169,1000.0196501476,1012.57433244708,302.619653550456,0.25,0,0.2,0.8,0.25,0.5,0,0,7,15,22,-0.120191991329193,-0.181356012821198,0.0611640140414238,-1.73000001907349,-0.178258627653122,0.994040012359619,0.874599993228912,0.874599993228912,2.04819989204407,1,1,-0.17731961607933,0.0564069869751102,0,1,0.36363636,93.25,0.63636364,80.28571429,NA,NA,NA,NA,NA,-1.99895334243774,-0.786165654659271,NA,NA,-24.9869167804718,-5.61546896185194,NA,NA,0.46153846,0.66666667,0.54545455,0.83333333,1,0.91666667,0.40909091,0.4,0.04545455,2,1,2,1,0,4,5,0.4,0.2,0.4,0.2,0,0.8,26.1397506828355,NA,NA,NA,20,47.66724,20,64.7276,60.41375,55.2488,NA,NA,NA,45.04818,59.50082,40.37336,0.43305,4.72667,NA,NA,NA,96.84,56.64,44.14,112,116.64,129.38,NA,NA,NA,106.487272727273,94.8218181818182,98.3836363636364,0.36363636,NA,0.63636364,NA,93.3125,NA,80.3142874581473,NA,-2.47878932952881,NA,8.18331091744559,NA,10.3765020370483,NA,1.45963273729597,NA,-2.00906194001436,NA,-0.779955599457026,NA,-25.1132742501795,NA,-5.57111142469304,NA,0.41666667,0.7,0.54545455,0.8,1,0.91666667,0.45454545,21.05882353,NA,0.36363636,NA,0.63636364,NA,93.4720764160156,NA,80.4485386439732,NA,-2.04101204872131,NA,8.88705226353237,NA,9.52034950256348,NA,0.259842055184501,NA,-2.00906194001436,NA,-0.779955599457026,NA,-25.1132742501795,NA,-5.57111142469304,0.41666667,0.7,0.54545455,0.8,1,0.91666667,0.45454545,5,89.6769653320312,34.8860229492187,0,0,102.635,2,0.4,"2024-07-29",0
"Steven Wilson",20353,"2024-07-27","SEA",4,2024,"CHW","H",29,0,0,0,1,0,0,0,0,0,0,0,1.1,5,0,0,0,0,1,0,0,0,0,2,13.5000032186516,6.75000160932579,0,2,0,0,1,1,0,0,0,0,0,0.4,0.2,0.2,3.70848908401489,0,0,0.750000178813977,0,1,2.41647959947582,-2.41647959947582,3.55048617451045,0,56.3463678087162,86.4819978911584,1,0,0.5,0.5,0,0,1,6.75000160932579,7,13,20,0.0178660023957491,-0.00355800124816597,0.0214240029454231,1.26400005817413,0.130242139101028,0.201719999313354,0.217799991369247,0.395799994468689,NA,0,1,0.0602844692766666,0.0282838554138159,0,0,0.3,94,0.7,81,NA,NA,NA,NA,NA,0.492818206548691,0.187789291143417,NA,NA,8.21363677581151,1.34135207959584,NA,NA,0.38461538,0.57142857,0.45,0.6,1,0.77777778,0.35,0.4,0.1,1,1,0,0,1,1,2,0.5,0.5,0,0,0.5,0.5,1.36773635371862,NA,NA,NA,56.21681,69.16987,52.67707,21.66743,58.0745,20,NA,NA,NA,30.41045,67.36029,20,1.34244,6.09075,NA,NA,NA,93.3,96.28,102.28,118.16,44,54.6,NA,NA,NA,110.702,59.684,68.904,0.3,NA,0.7,NA,93.8833312988281,NA,80.8357107979911,NA,-2.01715135574341,NA,8.3760016305106,NA,10.4234848022461,NA,1.23679024832589,NA,0.498943820595741,NA,0.185004185885191,NA,8.31573034326236,NA,1.32145847060851,NA,0.27272727,0.66666667,0.45,0.33333333,1,0.77777778,0.45,20.33333333,NA,0.3,NA,0.7,NA,93.9625854492188,NA,80.8952462332589,NA,-1.39914178848267,NA,9.1407835824149,NA,9.35437138875326,NA,-0.0271214076450893,NA,0.498943820595741,NA,0.185004185885191,NA,8.31573034326236,NA,1.32145847060851,0.27272727,0.66666667,0.45,0.33333333,1,0.77777778,0.45,2,93.8508758544922,15.6261882781982,1,0.5,99.8628,1,0.5,"2024-07-27",0
"Steven Wilson",20353,"2024-07-25","@TEX",4,2024,"CHW","A",29,0,0,0,1,0,0,0,0,0,0,0,0.2,3,1,0,0,0,0,0,0,0,0,1,13.500014081612,0,13.500014081612,1,0,0,0,1,1,0,0,0,0,0.33333333,0,0.33333333,2.61817353088578,0,0.333333333333333,1.50000156462356,0.5,1,0.166476649042681,-0.166476649042681,2.43449162409945,0,2.22024126325323,58.7187657997406,0,0.5,0,0.5,0,0,0,0,6,9,15,0.011600024998188,-0.0361960232257843,0.0477960482239723,0.173000007867813,0.0179646965116262,0.828299999237061,0.740400016307831,0.740400016307831,1.09039998054504,1,1,0.000444003846496344,0.0135606140562837,0,0,0.46666667,93.28571429,0.53333333,80.75,NA,NA,NA,NA,NA,-0.577441334724426,0.629624247550964,NA,NA,-8.24916192463466,7.87030309438705,NA,NA,0.45454545,0.5,0.46666667,0.2,1,0.42857143,0.26666667,NA,0.26666667,0,1,1,0,2,0,2,0,0.5,0.5,0,1,0,3.57042612451306,NA,NA,NA,46.96801,58.98237,38.17649,77.34769,60.34174,63.83385,NA,NA,NA,66.32586,62.6057,53.88527,-0.88885,2.74382,NA,NA,NA,103.98,92.8,91.22,102.2,127.32,146.24,NA,NA,NA,103.030666666667,111.210666666667,120.564,0.46666667,NA,0.53333333,NA,93.1285749162946,NA,80.5500030517578,NA,-3.40453938075474,NA,7.21314287185669,NA,11.1916340419224,NA,2.46226406097412,NA,-0.587482802569866,NA,0.638256955891848,NA,-8.3926114652838,NA,7.9782119486481,NA,0.33333333,0.66666667,0.46666667,0.33333333,0.5,0.42857143,0.4,18.58333333,NA,0.46666667,NA,0.53333333,NA,93.4178118024554,NA,80.8028259277344,NA,-2.58097294398717,NA,8.11149883270264,NA,9.89308820452009,NA,1.07349669933319,NA,-0.587482802569866,NA,0.638256955891848,NA,-8.3926114652838,NA,7.9782119486481,0.42857143,0.5,0.46666667,0.33333333,0.5,0.42857143,0.53333333,2,87.7894973754883,33.103141784668,0,0,89.4865,0,0,"2024-07-25",0
"Steven Wilson",20353,"2024-07-22","@TEX",4,2024,"CHW","A",29,0,1,0,1,0,0,0,0,0,0,0,0.2,5,1,1,0,0,2,2,0,0,0,1,13.500014081612,27.000028163224,13.500014081612,0.5,0,0,0,1,0,0,0,1,0,0.2,0.4,-0.2,10.5633290840149,0,0.333333333333333,4.50000469387067,0.5,0.66666667,9.16648603678403,-9.16648603678403,11.4345010118408,0,218.724689374073,282.617125666085,0,0,0,1,0,0,0,0,5,8,13,-0.190971985459328,-0.391319990158081,0.200348019599915,-0.654000043869019,-0.0679127797484398,4.66224002838135,2.59439992904663,2.59439992904663,NA,0,1,-0.0246237553656101,-0.0163376675334228,0,1,NA,NA,1,80.69230769,NA,NA,NA,NA,0.61538462,NA,-0.0539647191762924,NA,NA,NA,-0.415113224433019,NA,NA,0.44444444,0.75,0.53846154,0.5,0.66666667,0.57142857,0.30769231,0.2,0.23076923,1,0,1,0,1,1,2,0.5,0,0.5,0,0.5,0.5,5.89929020112337,NA,NA,NA,NA,NA,NA,53.09366,41.42867,20,NA,NA,NA,56.13494,48.62978,20,-0.25573,3.6935,NA,NA,NA,NA,NA,NA,107.24,114.9,130.18,NA,NA,NA,107.24,114.9,130.18,NA,NA,1,NA,NA,NA,80.546151968149,NA,NA,NA,7.98483276367188,NA,NA,NA,1.85076141357422,NA,NA,NA,-0.0550056323409081,NA,NA,NA,-0.423120248776216,NA,0.375,0.8,0.53846154,0.33333333,0.75,0.57142857,0.38461538,23.3,NA,NA,NA,1,NA,NA,NA,80.9234431340144,NA,NA,NA,9.05860783503606,NA,NA,NA,0.24908263866718,NA,NA,NA,-0.0550056323409081,NA,NA,NA,-0.423120248776216,0.375,0.8,0.53846154,0.33333333,0.75,0.57142857,0.38461538,2,109.168701171875,18.0954608917236,1,0.5,109.169,1,0.5,"2024-07-22",0
"Steven Wilson",20353,"2024-07-20","@KCR",4,2024,"CHW","A",29,0,0,0,1,0,0,0,0,0,0,0,1,3,0,0,0,0,0,0,0,0,0,2,18,0,0,2,0,0,0,0,1,0,0,0,0,0.66666667,0,0.66666667,-0.245715358213996,0,0,0,0,1,-0.833520221710205,0.833520221710205,-0.833520221710205,0,-21.8357081571767,-22.5814263197472,0,1,0,0,0,0,1,9,4,8,12,0.00729201175272465,0,0.00729201175272465,0.533999979496002,0.0522760637104511,0.0936666652560234,0.122399993240833,0.122399993240833,0.122399993240833,1,1,0.0780918747186661,-0.000241214264458001,0,0,0.5,94.16666667,0.5,80.66666667,NA,NA,NA,NA,NA,0.122416585683823,0.690329849720001,NA,NA,2.04027642806371,11.5054974953334,NA,NA,0.2,0.57142857,0.41666667,1,0.5,0.6,0.58333333,0.33333333,0.16666667,1,0,0,0,1,0,1,1,0,0,0,1,0,1.81451648306051,NA,NA,NA,20,66.74664,20,61.60417,49.60959,65.56589,NA,NA,NA,34.97857,60.41775,23.28532,1.05864,5.66505,NA,NA,NA,105.32,36.2,41.18,98.22,123.8,119.3,NA,NA,NA,101.77,80,80.24,0.5,NA,0.5,NA,94.3833312988281,NA,80.7000020345052,NA,-3.29197406768799,NA,6.18161265055339,NA,11.0835405985514,NA,0.10873090227445,NA,0.122475013136864,NA,0.699583489447832,NA,2.04125021894773,NA,11.6597248241305,NA,0.2,0.57142857,0.41666667,1,0.5,0.6,0.58333333,18.44444444,NA,0.5,NA,0.5,NA,94.5434366861979,NA,80.8275858561198,NA,-2.49978828430176,NA,7.12741343180339,NA,10.3516483306885,NA,-1.09154486656189,NA,0.122475013136864,NA,0.699583489447832,NA,2.04125021894773,NA,11.6597248241305,0.2,0.57142857,0.41666667,1,0.5,0.6,0.58333333,1,80.4209442138672,12.1183986663818,0,0,80.4209,0,0,"2024-07-20",0
"Steven Wilson",20353,"2024-07-04","@CLE",4,2024,"CHW","A",29,0,0,0,1,0,0,0,0,0,0,0,1,4,0,0,0,0,0,0,1,0,0,3,27,0,0,3,0,0,0,0,0,0,0,0,0,0.75,0,0.75,-0.459145915985107,0,0,0,0,1,0.166479778289795,-0.166479778289795,0.166479778289795,0,2.22031654049911,2.29614327160339,0,0,0,0,0,0,1,9,4,10,14,0.00109200237784535,-0.000563995854463428,0.00165599817410111,0.480000019073486,0.0506329126656055,0.0207000002264977,0.0199999995529652,0.0199999995529652,NA,0,1,0.0415738672018051,0.0111798702811296,0,0,0.42857143,93.83333333,0.57142857,82.875,NA,NA,NA,NA,NA,-0.0382249839603901,0.493709474802017,NA,NA,-0.637083066006501,6.17136843502522,NA,NA,0.33333333,0.875,0.64285714,0.5,0.57142857,0.55555556,0.57142857,0.25,0.28571429,0,0,0,0,0,0,0,NA,NA,NA,NA,NA,NA,0.132768524584783,NA,NA,NA,20,57.95278,20,56.85318,52.55315,57.75863,NA,NA,NA,27.02111,57.52539,20,1.553,6.40659,NA,NA,NA,95.32,50.94,48.66,118.28,106.36,102.78,NA,NA,NA,108.44,82.6085714285714,79.5857142857143,0.42857143,NA,0.57142857,NA,93.8333333333333,NA,82.9250030517578,NA,-2.48864523569743,NA,5.25697135925293,NA,9.74638875325521,NA,3.0892481803894,NA,-0.0426154248416424,NA,0.499074764549732,NA,-0.71025708069404,NA,6.23843455687165,NA,0.2,0.88888889,0.64285714,1,0.5,0.55555556,0.64285714,23.8,NA,0.42857143,NA,0.57142857,NA,93.7215474446615,NA,82.7865219116211,NA,-2.07538509368896,NA,6.04010486602783,NA,9.4330883026123,NA,2.35563993453979,NA,-0.0426154248416424,NA,0.499074764549732,NA,-0.71025708069404,NA,6.23843455687165,0.2,0.88888889,0.64285714,1,0.5,0.55555556,0.64285714,0,NA,NA,0,NA,NA,0,NA,"2024-07-04",0
"Steven Wilson",20353,"2024-07-03","@CLE",4,2024,"CHW","A",29,0,0,0,1,0,0,0,0,0,0,0,1,4,1,0,0,0,0,0,0,0,0,0,0,0,9,0,0.333333333,0,3,1,0,0,1,0,0,0,0,0,3.65572908401489,0,0.25,1,0.25,1,3.1664797782898,-3.1664797782898,4.67848818451166,0,74.3883906335265,114.543946394147,3,0,0.75,0.25,0,0,0,0,4,7,11,0.00281199999153614,-0.000400000018998981,0.00321200024336576,0.479999989271164,0.0506329126656055,0.0339000001549721,0.0791999995708466,0.0791999995708466,NA,0,1,0.0436447933316231,0.0393050585468793,0,0,0.45454545,95,0.54545455,81.66666667,NA,NA,NA,NA,NA,0.593214094638824,-0.383173257112503,NA,NA,11.8642818927765,-6.38622095187505,NA,NA,0.42857143,0.75,0.54545455,0.66666667,1,0.83333333,0.36363636,0.5,0.09090909,3,1,0,0,2,2,4,0.75,0.25,0,0,0.5,0.5,1.23529811010898,NA,NA,NA,46.17914,63.30015,37.6715,20,58.63507,20,NA,NA,NA,26.63936,64.09659,20,1.57672,6.44217,NA,NA,NA,91.6,110.9,121.76,97.66,46.64,53.26,NA,NA,NA,94.9054545454545,75.8490909090909,84.3963636363636,0.45454545,NA,0.54545455,NA,94.8399963378906,NA,81.7999979654948,NA,-2.8335542678833,NA,7.39000447591146,NA,10.1260871887207,NA,2.62568585077922,NA,0.601662416011095,NA,-0.390628401190042,NA,12.0332483202219,NA,-6.51047335316737,NA,0.2,0.83333333,0.54545455,0,1,0.83333333,0.54545455,20,NA,0.45454545,NA,0.54545455,NA,94.8029602050781,NA,81.7033996582031,NA,-2.14872989654541,NA,8.23332850138346,NA,9.60233154296875,NA,1.81739632288615,NA,0.601662416011095,NA,-0.390628401190042,NA,12.0332483202219,NA,-6.51047335316737,0.33333333,0.8,0.54545455,0.5,1,0.83333333,0.45454545,4,96.4366836547852,13.3609218597412,0,0,100.76,3,0.75,"2024-07-03",0
"Steven Wilson",20353,"2024-06-30","COL",4,2024,"CHW","H",29,0,0,0,1,0,0,0,0,0,0,0,0.2,4,0,1,0,0,2,1,0,0,0,1,13.500014081612,27.000028163224,0,0.5,0,0,0,1,0,0,0,0,0,0.25,0.5,-0.25,12.8559165840149,0,0,3.00000312924711,0,0.5,9.16648603678403,-9.16648603678403,11.4345010118408,0,218.724689374073,282.617125666085,0,0,0,1,0,0,0,0,9,8,17,-0.124238885939121,-0.257872372865677,0.133633494377136,-0.317999929189682,-0.0327666103839874,2.77807998657227,2.64420008659363,2.64420008659363,1.2422000169754,1,1,-0.0231595188379288,-0.0215616146570119,0,1,0.52941176,92.77777778,0.47058824,82.5,NA,NA,NA,NA,0.23529412,-0.213940411806107,0.197958648204803,NA,NA,-2.37711568673452,2.47448310256004,NA,NA,0.18181818,0.5,0.29411765,1,1,1,0.35294118,0.25,0,0,1,0,0,1,0,1,0,1,0,0,1,0,8.22763738298775,NA,NA,NA,44.04051,58.17399,32.81067,25.3862,58.44844,20.12951,NA,NA,NA,32.80673,59.94353,21.99167,1.19357,5.86745,NA,NA,NA,104.34,54.66,50.56,118.12,96.26,106.32,NA,NA,NA,110.824705882353,74.2364705882353,76.8,0.52941176,NA,0.47058824,NA,92.8000013563368,NA,82.4375,NA,-4.53814993964301,NA,4.61639785766602,NA,11.2560077243381,NA,5.06467914581299,NA,-0.221438281238079,NA,0.207276228815317,NA,-2.46042534708977,NA,2.59095286019146,NA,0,0.55555556,0.29411765,NA,1,1,0.52941176,22.21428571,NA,0.52941176,NA,0.47058824,NA,92.6966891818576,NA,82.3019638061523,NA,-3.55459997389052,NA,5.97782135009766,NA,10.2104119194878,NA,3.61021637916565,NA,-0.221438281238079,NA,0.207276228815317,NA,-2.46042534708977,NA,2.59095286019146,0,0.625,0.29411765,NA,1,1,0.47058824,1,99.0489196777344,46.5026473999023,0,0,99.0489,1,1,"2024-06-30",0
"Steven Wilson",20353,"2024-06-29","COL",4,2024,"CHW","H",29,0,0,0,1,0,0,0,0,0,1,0,1,3,0,0,0,0,0,0,0,0,0,2,18,0,0,2,0,0,0,1,0,0,0,0,0,0.66666667,0,0.66666667,-0.078604246671107,0,0,0,0,1,-0.833520221710205,0.833520221710205,0.678488184511662,0,-21.8357081571767,15.0336680287444,0,0,0,1,0,0,6,54,5,8,13,0.140571996569633,0,0.140571996569633,0.876999974250793,0.0903657898306847,1.93013334274292,1.3043999671936,2.60879993438721,0.00999999977648258,1,1,0.0750412046909332,-0.00221100511007626,1,0,0.53846154,93.85714286,0.46153846,82.66666667,NA,NA,NA,NA,NA,0.444147646427155,0.326983064413071,NA,NA,6.34496637753078,5.44971774021784,NA,NA,0.44444444,0.75,0.53846154,0.5,1,0.71428571,0.30769231,0.33333333,0.15384615,0,1,0,0,1,0,1,0,1,0,0,1,0,-1.72711696253089,NA,NA,NA,56.95173,53.45558,57.85559,57.52341,65.25026,46.84369,NA,NA,NA,59.70678,60.40832,54.86488,-0.47764,3.36063,NA,NA,NA,87.7,118.88,111.86,117.8,88.28,108,NA,NA,NA,101.592307692308,104.756923076923,110.078461538462,0.53846154,NA,0.46153846,NA,93.8285696847098,NA,82.7000020345052,NA,-3.11329487391881,NA,7.54371452331543,NA,9.39986310686384,NA,3.1372397740682,NA,0.448962584137917,NA,0.330884393304586,NA,6.41375120197024,NA,5.51473988840977,NA,0.375,0.8,0.53846154,0.33333333,1,0.71428571,0.38461538,22,NA,0.53846154,NA,0.46153846,NA,93.7608816964286,NA,82.662353515625,NA,-2.2962943485805,NA,8.83939870198568,NA,8.58893258231027,NA,1.82214514414469,NA,0.448962584137917,NA,0.330884393304586,NA,6.41375120197024,NA,5.51473988840977,0.375,0.8,0.53846154,0.33333333,1,0.71428571,0.38461538,1,77.8639144897461,58.6893882751465,0,0,77.8639,0,0,"2024-06-29",0
"Steven Wilson",20353,"2024-06-24","LAD",4,2024,"CHW","H",29,0,1,13.500014081612,1,0,0,0,0,0,0,0,0.2,5,2,2,1,0,0,0,0,0,0,0,0,0,27.000028163224,0,0.5,0,2,1,2,1,1,0,0,0,0,0,5.37832908401489,0,0.4,3.00000312924711,0.4,0,3.1664797782898,10.3335343033222,5.43449475334657,333.339883382535,74.3883906335265,133.351552421855,2,0.4,0.4,0.2,1,0,0,0,6,12,18,-0.317095994949341,-0.347783982753754,0.030687989667058,-2.07599997520447,-0.213910356163979,1.6366400718689,1.24586665630341,0.658800005912781,0.835799992084503,1,1,-0.169977530837059,-0.0237706245452332,0,1,0.5,92.88888889,0.5,82.44444444,NA,NA,NA,NA,NA,-0.200589969754219,-1.2904144525528,NA,NA,-2.22877744171355,-14.3379383616977,NA,NA,0.3,0.75,0.5,1,0.83333333,0.88888889,0.44444444,0.6,0.05555556,4,1,0,2,2,1,5,0.8,0.2,0,0.4,0.4,0.2,6.23849458763228,NA,NA,NA,72.15111,56.08529,71.08733,80,52.95433,80,NA,NA,NA,80,55.94286,80,-2.10431,0.92063,NA,NA,NA,86,136.62,126.9,110.14,129.4,142.98,NA,NA,NA,98.07,133.01,134.94,0.5,NA,0.5,NA,92.8999972873264,NA,82.3444417317708,NA,-2.51060337490506,NA,6.7589611477322,NA,10.4542202419705,NA,3.28125381469727,NA,-0.204479802399874,NA,-1.30371974036098,NA,-2.27199780444304,NA,-14.4857748928997,NA,0.375,0.6,0.5,1,0.83333333,0.88888889,0.55555556,20.69230769,NA,0.5,NA,0.5,NA,92.978278266059,NA,82.4248657226562,NA,-2.08151011996799,NA,7.33262803819444,NA,9.68702019585503,NA,2.20635986328125,NA,-0.204479802399874,NA,-1.30371974036098,NA,-2.27199780444304,NA,-14.4857748928997,0.375,0.6,0.5,1,0.83333333,0.88888889,0.55555556,5,74.5862426757812,20.6500885009766,0,0,96.535,1,0.2,"2024-06-24",0
"Steven Wilson",20353,"2024-06-20","HOU",4,2024,"CHW","H",29,0,1,54.0000563264481,1,0,0,0,0,0,1,0,0.1,4,3,3,2,0,0,0,0,0,0,1,27.000028163224,0,81.0000844896721,1,0,0,1,0,2,0,0,0,0,0.25,0,0.25,2.16704158401489,0,0.75,9.00000938774135,1,0,-2.83352648020443,56.8335828066525,-2.83352648020443,1333.35953353014,-69.94790810702,-72.3367211985741,1,0.666666666,0.333333333,0,0,0,0,0,3,14,17,-0.252682060003281,-0.314968049526215,0.0622859857976437,-1.68299996852875,-0.173415750265121,1.894700050354,1.33700001239777,1.33700001239777,3.58679986000061,1,1,-0.144423723220825,0.0110611574911891,0,1,0.58823529,94.2,0.29411765,85.2,0.05882353,85,0.05882353,83,NA,-1.63841831684113,0.266312569379807,-0.0238054171204567,-0.0238054171204567,-16.3841831684113,5.32625138759613,-2.38054171204567,-2.38054171204567,0.625,0.77777778,0.70588235,0.8,0.85714286,0.83333333,0.52941176,1,0.11764706,1,0,2,1,1,1,3,0.33333333,0,0.66666667,0.33333333,0.33333333,0.33333333,7.56327834108682,31.98376,66.99719,61.49277,80,52.1579,80,40.2835,54.73372,32.70576,29.96983,63.52811,46.37744,78.06174,53.87221,80,-1.61796,1.65015,101.24,69.54,68.56,104.46,144.56,137.66,130.8,81.4,92.18,115.36,71.96,86.18,112.658823529412,117.3,117.190588235294,0.58823529,0.05882353,0.29411765,0.05882353,94.1400024414063,85.4000015258789,84.9599975585938,83.3000030517578,-5.12843933105469,0.530164062976837,2.84032649993897,-11.7181510925293,11.1281921386719,7.53688716888428,5.70695533752441,5.90344667434692,-1.65946727991104,-0.0242429338395596,0.269219566136599,-0.0242429338395596,-16.5946727991104,-2.42429338395596,5.38439132273197,-2.42429338395596,0.5,0.81818182,0.70588235,0.66666667,0.88888889,0.83333333,0.64705882,24.15384615,0.05882353,0.58823529,NA,0.35294118,83.2900009155273,94.1608825683594,NA,85.0455322265625,-11.4640998840332,-4.8407829284668,NA,3.1799799601237,4.85012006759644,10.2940872192383,NA,5.0289732615153,-0.0242429338395596,-1.65946727991104,NA,0.244976632297039,-2.42429338395596,-16.5946727991104,NA,4.08294387161732,0.5,0.81818182,0.70588235,0.66666667,0.88888889,0.83333333,0.64705882,3,86.9286905924479,11.7029139200846,0,0,97.9427,1,0.33333333,"2024-06-20",0
"Steven Wilson",20353,"2024-06-19","HOU",4,2024,"CHW","H",29,0,0,9,1,0,0,0,0,0,0,0,1,4,1,1,1,0,0,0,0,0,0,0,0,0,9,0,0,0,1,1,1,0,0,1,0,0,0,0,6.03472908401489,0,0.25,1,0.25,0,3.1664797782898,5.8335202217102,4.67848818451166,222.226357121294,74.3883906335265,114.543946394147,1,0.333333333,0.333333333,0.333333333,0,0,0,0,2,4,6,-0.0497400015592575,-0.0563140027225018,0.00657400209456682,-0.503000020980835,-0.0518289506435394,0.524349987506866,0.485799998044968,0.485799998044968,0.128799989819527,1,1,-0.0657980963587761,-0.02906221210763,0,0,0.66666667,94.25,0.33333333,84,NA,NA,NA,NA,NA,0.433117985725403,-0.79253101348877,NA,NA,10.8279496431351,-39.6265506744385,NA,NA,0.33333333,1,0.66666667,1,1,1,0.5,0.5,0,2,1,1,0,2,2,4,0.5,0.25,0.25,0,0.5,0.5,5.93691651682121,NA,NA,NA,20,54.17797,20,20,45.44901,20,NA,NA,NA,20,49.41059,20,3.00233,8.58059,NA,NA,NA,80.44,67.82,61.92,93.38,58.78,62.52,NA,NA,NA,85.616,64.204,62.16,0.66666667,NA,0.33333333,NA,94.1500015258789,NA,83.6999969482422,NA,-4.4353141784668,NA,3.49187231063843,NA,9.5568962097168,NA,2.78838634490967,NA,0.446743365377188,NA,-0.800582092255354,NA,11.1685841344297,NA,-40.0291046127677,NA,0.33333333,1,0.66666667,1,1,1,0.5,18,NA,0.66666667,NA,0.33333333,NA,94.2198486328125,NA,83.765251159668,NA,-4.25984239578247,NA,3.6523699760437,NA,8.86214065551758,NA,1.83137989044189,NA,0.446743365377188,NA,-0.800582092255354,NA,11.1685841344297,NA,-40.0291046127677,0.33333333,1,0.66666667,1,1,1,0.5,4,99.0764973958333,1.88167635599772,2,0.5,103.327,2,0.5,"2024-06-19",0
"Steven Wilson",20353,"2024-06-15","@ARI",4,2024,"CHW","A",29,0,0,0,1,0,0,0,0,0,0,0,1,3,0,0,0,0,0,0,0,0,0,0,0,0,0,0,0,0,0,3,0,1,0,0,0,0,0,0,13.2527290840149,0,0,0,0,1,3.1664797782898,-3.1664797782898,7.70250499695539,0,74.3883906335265,189.77413509113,0,0,0,1,0.333333333,0,2,18,6,7,13,0.0150800002738833,0,0.0150800002738833,0.510999977588654,0.0516161620616913,0.197333335876465,0.340000003576279,0.340000003576279,0.0319999977946281,1,1,0.0770186483860016,-0.000599729064008445,0,0,0.53846154,93.71428571,0.38461538,81.2,NA,NA,0.07692308,81,NA,0.147392690181732,0.667001605033875,NA,-0.04739710688591,2.10560985973903,13.3400321006775,NA,-4.739710688591,0,0.66666667,0.30769231,NA,1,1,0.46153846,0.33333333,0,0,0,3,1,1,1,3,0,0,1,0.33333333,0.33333333,0.33333333,-0.295550734918198,20,49.9328,20,33.92361,56.32368,34.3699,80,54.71184,80,NA,NA,NA,51.61496,56.02918,45.54956,0.02508,4.11471,94.82,-4.80000000000001,-4.86000000000001,84.36,89.44,90.02,109.06,164.94,191.26,NA,NA,NA,94.6646153846154,111.229230769231,121.66,0.53846154,NA,0.38461538,0.07692308,93.6142839704241,NA,81.2600036621094,81.3000030517578,-3.39883150373186,NA,6.68461074829102,-7.97847366333008,10.1224179949079,NA,3.72140502929688,4.05353546142578,0.147811450064182,NA,0.658804137259722,-0.0483221560716629,2.11159214377403,NA,13.1760827451944,-4.83221560716629,0,0.5,0.30769231,NA,1,1,0.61538462,23.4,0.07692308,0.53846154,NA,0.38461538,81.3905029296875,93.7158551897321,NA,81.3171020507812,-8.16814994812012,-3.08445140293666,NA,7.10045623779297,3.39584994316101,9.12966428484235,NA,2.69650192260742,-0.0483221560716629,0.147811450064182,NA,0.658804137259722,-4.83221560716629,2.11159214377403,NA,13.1760827451944,0,0.5,0.30769231,NA,1,1,0.61538462,3,81.947519938151,57.7364145914714,0,0,91.4839,0,0,"2024-06-15",0
"Steven Wilson",20353,"2024-06-12","@SEA",4,2024,"CHW","A",29,0,1,0,1,0,0,0,0,0,0,0,0.1,3,1,1,0,0,1,1,0,0,0,0,0,27.000028163224,27.000028163224,0,0,0,0,1,1,0,0,0,0,0,0.33333333,-0.33333333,12.5329512968893,0,0.5,6.00000625849423,0.5,0.5,12.1664891660311,-12.1664891660311,16.7025191161447,0,290.892838744346,413.672612664399,0,0.5,0,0.5,0,0,0,0,4,10,14,-0.201248019933701,-0.312913984060287,0.111665979027748,-0.798000037670135,-0.090630330145359,3.40720009803772,2.69340014457703,2.69340014457703,NA,0,1,-0.0313585810363293,-0.0277069314498918,0,1,0.21428571,94,0.78571429,82.72727273,NA,NA,NA,NA,0.28571429,0.0299090594053268,-0.244038701057434,NA,NA,0.996968646844228,-2.21853364597667,NA,NA,0.44444444,1,0.64285714,1,0.8,0.88888889,0.35714286,0.33333333,0.07142857,1,0,1,1,1,0,2,0.5,0,0.5,0.5,0.5,0,16.6859576291139,NA,NA,NA,56.41096,57.87661,64.79074,80,71.70177,75.34286,NA,NA,NA,80,77.21073,80,-2.34053,0.5663,NA,NA,NA,126.12,88.72,90.88,143.4,115.98,151.46,NA,NA,NA,139.697142857143,110.138571428571,138.478571428571,0.21428571,NA,0.78571429,NA,94.1666666666667,NA,82.6818181818182,NA,-3.90471267700195,NA,6.47030223499645,NA,11.5476926167806,NA,5.44841003417969,NA,0.030135452747345,NA,-0.206369303166866,NA,1.00451509157817,NA,-1.87608457424424,NA,0.25,0.8,0.64285714,1,0.875,0.88888889,0.71428571,25.83333333,NA,0.21428571,NA,0.78571429,NA,94.4517618815104,NA,82.9521206942472,NA,-3.0574099222819,NA,7.5338925448331,NA,10.271603902181,NA,4.15371738780629,NA,0.030135452747345,NA,-0.206369303166866,NA,1.00451509157817,NA,-1.87608457424424,0.25,0.8,0.64285714,1,0.875,0.88888889,0.71428571,2,75.0887908935547,26.6628322601318,0,0,79.2715,0,0,"2024-06-12",0
"Steven Wilson",20353,"2024-05-19","@NYY",4,2024,"CHW","A",29,0,0,0,1,0,0,0,0,0,0,0,1,4,1,0,0,0,0,0,0,0,0,1,9,0,9,1,0,0,1,2,0,0,0,0,0,0.25,0,0.25,3.28666658401489,0,0.25,1,0.333333333333333,1,1.1664797782898,-1.1664797782898,4.19049659073353,0,26.2763412381749,102.403901559937,0.5,0,0.333333333,0.666666666,0,0,0,0,5,12,17,0.00509203970432281,-0.00233598938211799,0.00742802862077951,0.49099999666214,0.0509865023195744,0.0892999991774559,0.0868000015616417,0.0868000015616417,0.0483999997377396,1,1,0.042309146374464,0.0147125753637856,0,0,0.47058824,93.625,0.52941176,84.44444444,NA,NA,NA,NA,NA,-0.141153201460838,0.40542134642601,NA,NA,-1.76441501826048,4.50468162695567,NA,NA,0.54545455,0.83333333,0.64705882,0.83333333,0.8,0.81818182,0.35294118,0.75,0.11764706,2,0,1,1,1,1,3,0.66666667,0,0.33333333,0.33333333,0.33333333,0.33333333,-0.0846138770582272,NA,NA,NA,49.72104,49.21406,57.32786,35.17127,57.59126,44.04466,NA,NA,NA,41.41077,55.28109,51.52587,0.65903,5.06564,NA,NA,NA,92.18,99.46,93.6,119.06,71.64,92.74,NA,NA,NA,106.410588235294,84.7317647058824,93.1447058823529,0.47058824,NA,0.52941176,NA,93.7125015258789,NA,84.2888861762153,NA,-4.06869792938232,NA,4.363646613227,NA,10.711254119873,NA,7.1205571492513,NA,-0.143978785723448,NA,0.409492649137974,NA,-1.7997348215431,NA,4.54991832375526,NA,0.44444444,0.875,0.64705882,0.75,0.85714286,0.81818182,0.47058824,23.69230769,NA,0.47058824,NA,0.52941176,NA,93.5431213378906,NA,84.1079915364583,NA,-3.9314661026001,NA,4.86021974351671,NA,9.6890926361084,NA,5.7398198445638,NA,-0.143978785723448,NA,0.409492649137974,NA,-1.7997348215431,NA,4.54991832375526,0.375,0.88888889,0.64705882,0.66666667,0.875,0.81818182,0.52941176,3,83.0475158691406,22.580691019694,1,0.33333333,98.1867,1,0.33333333,"2024-05-19",0
"Steven Wilson",20353,"2024-05-17","@NYY",4,2024,"CHW","A",29,0,0,0,1,0,0,0,0,0,0,0,0.2,3,0,0,0,0,1,0,0,0,1,1,13.500014081612,13.500014081612,0,1,0,0,0,0,1,0,0,0,0,0.33333333,0.33333333,0,7.12050685733112,0,0,1.50000156462356,0,1,4.66648134291335,-4.66648134291335,4.66648134291335,0,110.472465318663,114.245245356712,0,1,0,0,0,0,1,13.500014081612,5,9,14,0.0116480235010386,-0.00448798900470138,0.0161360129714012,0.458000004291534,0.0475597083568573,0.285299986600876,0.217999994754791,0.203599989414215,0.175200000405312,1,1,0.0322757624089718,0.00855152132074569,0,0,0.28571429,94,0.5,85,0.14285714,88.5,0.07142857,84,NA,0.207692578434944,-0.101005233824253,-0.0611964836716652,0.156718850135803,5.1923144608736,-1.44293191177504,-3.05982418358326,15.6718850135803,0.28571429,0.71428571,0.5,0.5,0.6,0.57142857,0.5,0.66666667,0.21428571,1,0,0,0,0,1,1,1,0,0,0,0,1,12.2637413583539,77.11317,55.36361,72.4193,80,55.71362,80,26.4601,71.68481,20,20,44.73296,29.71882,56.37407,67.8664,49.26372,-0.27059,3.67121,110.12,100.44,80.82,90.88,137.54,135.14,124.46,61.42,103.2,103.82,65.3,43.3,110.892857142857,86.51,102.17,0.28571429,0.14285714,0.5,0.07142857,94.125,88.4000015258789,84.9142892020089,83.9000015258789,-3.65269565582275,-1.65246725082397,5.98390361240932,-8.69904708862305,10.177173614502,6.17769193649292,5.61174501691546,4.25000238418579,0.210078213363886,-0.0623212568461895,-0.106394361704588,0.200837671756744,5.25195533409715,-3.11606284230947,-1.51991945292268,20.0837671756744,0.28571429,0.71428571,0.5,0,0.8,0.57142857,0.5,23.18181818,0.07142857,0.28571429,0.14285714,0.5,83.8693008422852,94.1322250366211,88.4382019042969,84.9044276646205,-9.06093978881836,-3.82675266265869,-1.62860250473022,6.25774165562221,2.99158000946045,9.2342529296875,4.57864999771118,4.28535434177944,0.200837671756744,0.210078213363886,-0.0623212568461895,-0.106394361704588,20.0837671756744,5.25195533409715,-3.11606284230947,-1.51991945292268,0.16666667,0.75,0.5,0,0.66666667,0.57142857,0.57142857,1,101.822196960449,16.334587097168,0,0,101.822,1,1,"2024-05-17",0
"Steven Wilson",20353,"2024-05-14","WSN",4,2024,"CHW","H",29,0,0,0,1,0,0,0,0,0,0,0,1.2,6,0,0,0,0,1,0,0,0,0,2,10.8000041198746,5.40000205993731,0,2,0,0,1,2,0,0,0,0,0,0.33333333,0.16666667,0.16666667,3.90439574337839,0,0,0.600000228881923,0,1,2.56647954940787,-2.56647954940787,4.3808903290169,0,59.9547703089318,107.140435033839,0.5,0,0.333333333,0.666666666,0,0,0,0,12,15,27,-0.00421000085771084,-0.0246520005166531,0.0204419996589422,0.676999926567078,0.0697578489780426,0.386342853307724,0.437799990177155,1.05579996109009,NA,0,1,0.0554723031818867,-0.0663693621585608,0,0,0.22222222,93.16666667,0.62962963,81,NA,NA,0.14814815,81.25,NA,-0.372017115354538,0.99357134103775,NA,0.0906850695610046,-6.20028525590897,5.84453730022206,NA,2.26712673902512,0.1875,0.63636364,0.37037037,0.66666667,0.57142857,0.6,0.40740741,0.16666667,0.14814815,2,0,1,0,2,1,3,0.66666667,0,0.33333333,0,0.66666667,0.33333333,1.26084683411003,20,55.61527,20,20,46.60595,20,73.80716,60.57988,67.52372,NA,NA,NA,38.39007,62.79122,21.67873,0.84669,5.34713,104.68,51.2,53.88,93.14,-11.48,-14.58,120.9,105.16,131.9,NA,NA,NA,112.328148148148,71.2459259259259,87.7903703703704,0.22222222,NA,0.62962963,0.14814815,93.0666707356771,NA,80.9529383042279,81.4000015258789,-5.03009478251139,NA,5.67791882683249,-9.30002307891846,10.9708239237467,NA,5.61950593836167,5.10088968276978,-0.380791887640953,NA,1.01237149164081,0.0909820757806301,-6.34653146068255,NA,5.95512642141651,2.27455189451575,0.25,0.54545455,0.37037037,0.5,0.66666667,0.6,0.40740741,18.9047619,0.14814815,0.22222222,NA,0.62962963,81.8077774047852,93.5389200846354,NA,81.3939855238971,-9.18513298034668,-4.6371800104777,NA,6.23419099695542,4.02670001983643,10.0397218068441,NA,4.40578954360064,0.0909820757806301,-0.380791887640953,NA,1.01237149164081,2.27455189451575,-6.34653146068255,NA,5.95512642141651,0.14285714,0.61538462,0.37037037,0.5,0.625,0.6,0.48148148,3,88.3256327311198,30.330805460612,0,0,90.6269,0,0,"2024-05-14",1
"Steven Wilson",20353,"2024-05-10","CLE",4,2024,"CHW","H",29,0,0,27.000028163224,1,0,0,0,0,0,1,0,0.1,3,1,1,1,1,1,0,0,0,0,1,27.000028163224,27.000028163224,27.000028163224,1,0,0,0,1,0,0,0,0,0,0.33333333,0.33333333,0,7.35528463540534,27.000028163224,0.5,6.00000625849423,0,1,45.1665235877494,-18.1664954245254,10.7025128576505,666.67976676507,1084.74248181735,264.40703942017,0,0,0,1,0,1,0,0,6,4,10,-0.0832860097289085,-0.136795967817307,0.053509958088398,-1.02199995517731,-0.105306535959244,1.53466665744781,0.915800034999847,0.915800034999847,1.79699993133545,1,1,-0.1062196418643,0.0519498697774969,0,1,0.4,92.75,0.4,82,NA,NA,0.2,81,NA,-0.167093575000763,-1.21912741661072,NA,-0.0717987865209579,-4.17733937501907,-30.4781854152679,NA,-3.5899393260479,0.25,1,0.4,0,0.5,0.25,0.2,0.33333333,0.3,1,0,0,0,0,1,1,1,0,0,0,0,1,40.0381369474158,20,51.46425,20,20,54.21973,20,30.82124,57.08469,49.4772,NA,NA,NA,20,57.60477,20,3.47988,9.29691,104.84,39.66,32.36,88.08,2.30000000000001,2.36000000000001,124.56,31.56,53.72,NA,NA,NA,106.024,21.476,28.904,0.4,NA,0.4,0.2,92.6499938964844,NA,81.7749938964844,80.8499984741211,-5.05560684204102,NA,5.09936904907227,-8.37709999084473,10.1256828308105,NA,6.2014422416687,4.96954345703125,-0.171994645148516,NA,-1.21932238340378,-0.0731270276010036,-4.29986612871289,NA,-30.4830595850945,-3.65635138005018,0.25,1,0.4,0,0.5,0.25,0.2,18.71428571,0.2,0.4,NA,0.4,81.0193023681641,92.8059997558594,NA,81.8859481811523,-8.68613052368164,-4.75774765014648,NA,5.5560450553894,4.16294479370117,9.28769016265869,NA,5.21974229812622,-0.0731270276010036,-0.171994645148516,NA,-1.21932238340378,-3.65635138005018,-4.29986612871289,NA,-30.4830595850945,0.25,1,0.4,0,0.5,0.25,0.2,1,100.26741027832,29.1871299743652,1,1,100.267,1,1,"2024-05-10",0
"Steven Wilson",20353,"2024-05-08","@TBR",4,2024,"CHW","A",29,0,0,0,1,0,0,0,0,0,1,0,0.1,3,0,0,0,0,2,0,0,0,0,0,0,54.0000563264481,0,0,0,0,0,1,0,0,0,0,0,0,0.66666667,-0.66666667,23.3345068337244,0,0,6.00000625849423,0,1,21.1664985537725,-21.1664985537725,25.702528503886,0,507.397286855166,637.570972530743,0,0,0,1,0,0,0,0,9,4,13,-0.0553540028631687,-0.0973020046949387,0.0419480018317699,-0.403000026941299,-0.0442613996565342,1.40593338012695,0.99260002374649,0.99260002374649,2.5939998626709,1,1,-0.0628129541873932,0.0234412430909753,0,0,0.46153846,92.83333333,0.53846154,79.85714286,NA,NA,NA,NA,NA,-0.434854477643967,0.0568254739046097,NA,NA,-7.24757462739944,0.811792484351567,NA,NA,0.08333333,1,0.15384615,1,1,1,0.07692308,NA,0,0,1,0,0,1,0,1,0,1,0,0,1,0,20.4963420393366,NA,NA,NA,20,47.63753,20,20,57.4544,20,NA,NA,NA,20,54.55274,20,4.85743,11.36324,NA,NA,NA,89.78,-75.12,-87.18,122.94,35.7,62.66,NA,NA,NA,107.635384615385,-15.4476923076923,-6.49692307692308,0.46153846,NA,0.53846154,NA,92.9166666666667,NA,79.7000034877232,NA,-4.9549036026001,NA,7.12756674630301,NA,11.4904416402181,NA,5.06342097691127,NA,-0.447145842015743,NA,0.0559197030961514,NA,-7.45243070026239,NA,0.798852901373591,NA,0,0.5,0.15384615,NA,1,1,0.30769231,21.7,NA,0.46153846,NA,0.53846154,NA,93.0079956054688,NA,79.8120291573661,NA,-3.88752015431722,NA,7.8749885559082,NA,9.90576171875,NA,3.87803431919643,NA,-0.447145842015743,NA,0.0559197030961514,NA,-7.45243070026239,NA,0.798852901373591,0,0.5,0.15384615,NA,1,1,0.30769231,1,90.5630111694336,39.1487274169922,0,0,90.563,0,0,"2024-05-08",0
"Steven Wilson",20353,"2024-05-05","@STL",4,2024,"CHW","A",29,0,0,0,1,0,0,0,0,0,0,0,1,3,0,0,0,0,0,0,0,0,0,2,18,0,0,2,0,0,1,0,0,0,0,0,0,0.66666667,0,0.66666667,-0.412826469756885,0,0,0,0,1,-0.833520221710205,0.833520221710205,-0.833520221710205,0,-21.8357081571767,-22.5814263197472,1,0,1,0,0,0,0,0,5,10,15,0.031811997294426,0,0.031811997294426,0.479999989271164,0.0506329126656055,0.423866659402847,0.661199986934662,0.661199986934662,0.567600011825562,1,1,0.0748129859566689,0.000238912060607166,0,0,0.53333333,94.125,0.4,83.83333333,NA,NA,0.06666667,83,NA,0.54186224937439,0.228921517729759,NA,-0.0373910665512085,6.77327811717987,3.81535862882932,NA,-3.73910665512085,0.375,0.57142857,0.46666667,0.66666667,0.75,0.71428571,0.46666667,1,0.13333333,0,0,1,0,1,0,1,0,0,1,0,1,0,-1.61143609937644,20,71.3424,20,80,58.73922,80,40.25075,55.1221,28.88177,NA,NA,NA,72.29108,59.7227,62.20594,-1.25945,2.18792,116.82,25.38,11.24,109.94,145.14,149.72,133.8,81.58,102.34,132.02,103.7,113.66,119.705333333333,114.681333333333,123.045333333333,0.53333333,0.13333333,0.26666667,0.06666667,94.0374984741211,85.75,82.9000015258789,83,-5.44532299041748,-1.26240944862366,5.01244497299194,-11.7485208511353,11.198766708374,7.14905023574829,5.4087290763855,6.17414855957031,0.548759259283543,0.019891619682312,0.211249623447657,-0.0380783230066299,6.85949074104428,0.994580984115601,5.28124058619142,-3.80783230066299,0.42857143,0.5,0.46666667,0.66666667,0.75,0.71428571,0.53333333,19.16666667,0.06666667,0.53333333,NA,0.4,83.2089996337891,94.2032165527344,NA,84.0008646647135,-11.0424003601074,-4.90813875198364,NA,3.72343667348226,4.58930015563965,10.3463859558105,NA,4.93286323547363,-0.0380783230066299,0.548759259283543,NA,0.231141243129969,-3.80783230066299,6.85949074104428,NA,3.85235405216614,0.42857143,0.5,0.46666667,0.66666667,0.75,0.71428571,0.53333333,1,86.1625137329102,2.38461923599243,0,0,86.1625,0,0,"2024-05-05",0
"Steven Wilson",20353,"2024-05-04","@STL",4,2024,"CHW","A",29,0,0,0,1,0,0,0,0,0,0,0,0.2,2,0,0,0,0,0,0,0,0,0,2,27.000028163224,0,0,2,0,0,0,0,0,0,0,0,0,1,0,1,-0.337270915985107,0,0,0,0,1,-2.83352648020443,2.83352648020443,-2.83352648020443,0,-69.94790810702,-72.3367211985741,0,0,0,0,0,0,0,0,3,8,11,0.0480480007827282,0,0.0480480007827282,0.252999991178513,0.0266877636313438,0.969200015068054,0.569599986076355,1.13919997215271,1.79919993877411,1,1,0.0497189983725548,-0.000144091195779288,0,0,0.18181818,95,0.81818182,83.33333333,NA,NA,NA,NA,NA,0.054188709706068,0.467118769884109,NA,NA,2.7094354853034,5.19020855426788,NA,NA,0.28571429,0.75,0.45454545,0,0.66666667,0.4,0.36363636,1,0.27272727,0,0,0,0,0,0,0,NA,NA,NA,NA,NA,NA,-2.82803595791817,NA,NA,NA,20,54.85199,20,71.46918,70.4989,58.76953,NA,NA,NA,65.15295,76.43889,48.08141,-0.81599,2.85311,NA,NA,NA,110.1,29.66,20.02,145.92,113.14,141.66,NA,NA,NA,139.407272727273,97.9618181818182,119.543636363636,0.18181818,NA,0.81818182,NA,95.0500030517578,NA,83.2222222222222,NA,-3.63675785064697,NA,6.79704496595595,NA,9.49866580963135,NA,3.64529079861111,NA,0.054773960262537,NA,0.472308535128832,NA,2.73869801312685,NA,5.24787261254258,NA,0.4,0.5,0.45454545,0,0.66666667,0.4,0.54545455,20.22222222,NA,0.18181818,NA,0.81818182,NA,95.3513031005859,NA,83.498297797309,NA,-3.27834510803223,NA,7.39110649956597,NA,8.78356552124023,NA,2.75522083706326,NA,0.054773960262537,NA,0.472308535128832,NA,2.73869801312685,NA,5.24787261254258,0.4,0.5,0.45454545,0,0.66666667,0.4,0.54545455,0,NA,NA,0,NA,NA,0,NA,"2024-05-04",0
"Steven Wilson",20353,"2024-05-01","MIN",4,2024,"CHW","H",29,0,0,0,1,0,0,0,0,0,1,0,0.2,5,0,2,0,0,3,0,0,0,0,0,0,40.5000422448361,0,0,0,0,1,1,0,0,0,0,0,0,0.6,-0.6,20.3214490840149,0,0,4.50000469387067,0,0.33333333,16.6664938599018,-16.6664938599018,18.9345088349586,0,399.145062799756,469.199092221371,1,0,0.5,0.5,0,0,0,0,13,8,21,-0.0413459688425064,-0.111911967396736,0.0705659985542297,-0.270000040531158,-0.0278207156807184,1.40880000591278,1.22759997844696,1.22759997844696,4.17719984054565,1,1,-0.0406255647540092,0.011277205392158,0,0,0.38095238,94,0.47619048,83.1,NA,NA,0.14285714,82,NA,-0.40503779053688,0.00695551559329033,NA,-0.0817876085639,-5.06297238171101,0.0695551559329033,NA,-2.72625361879667,0,0.85714286,0.28571429,NA,0.83333333,0.83333333,0.33333333,0.8,0.04761905,1,1,0,0,1,1,2,0.5,0.5,0,0,0.5,0.5,16.4799065584166,20,51.4508,20,20,53.27732,20,39.81848,54.05578,37.98018,NA,NA,NA,20,56.3013,20,3.49176,9.31473,79.56,36.76,31.46,90.22,-53.48,-61.46,103.84,57,73.7,NA,NA,NA,95.1828571428571,12.0209523809524,16.1761904761905,0.38095238,NA,0.47619048,0.14285714,94,NA,83.05,81.9333343505859,-5.49344921112061,NA,3.83880233764648,-9.17681630452474,9.72964382171631,NA,5.31603851318359,5.21725718180339,-0.416665464639664,NA,0.0443833582103252,-0.0839881040155888,-5.2083183079958,NA,0.443833582103252,-2.79960346718629,0,0.75,0.28571429,NA,0.83333333,0.83333333,0.38095238,21.1875,0.14285714,0.38095238,NA,0.47619048,82.0792643229167,94.1586990356445,NA,83.1976196289063,-9.57241694132487,-5.7545862197876,NA,3.80691795349121,4.30935986836751,8.99807929992676,NA,4.57710914611816,-0.0839881040155888,-0.416665464639664,NA,0.0443833582103252,-2.79960346718629,-5.2083183079958,NA,0.443833582103252,0,0.85714286,0.28571429,NA,0.83333333,0.83333333,0.33333333,2,91.5947189331055,4.71487140655518,0,0,97.9426,1,0.5,"2024-05-01",0
"Steven Wilson",20353,"2024-04-30","MIN",4,2024,"CHW","H",29,0,0,0,1,0,0,0,0,0,1,0,1,3,0,0,0,0,0,0,1,0,0,1,9,0,0,1,0,0,0,1,0,1,0,0,0,0.33333333,0,0.33333333,2.61817353088578,0,0,0,0,1,4.1664797782898,-4.1664797782898,5.67848818451166,0,98.4444153312023,139.421515985497,0,0,0,1,1,0,0,0,10,9,19,0.0953360125422478,-0.0247760023921728,0.120112016797066,0.496999979019165,0.0512107163667679,1.34689998626709,1.73000001907349,1.73000001907349,2.15820002555847,1,1,0.047284658998251,0.023497146268872,1,0,0.21052632,93.5,0.68421053,83.30769231,NA,NA,0.10526316,81.5,NA,0.275802463293076,-0.10849691927433,NA,-0.117597922682762,6.89506158232689,-0.834591686725616,NA,-5.87989613413811,0.15384615,0.66666667,0.31578947,0.5,1,0.83333333,0.31578947,0.66666667,0.05263158,0,0,1,1,0,0,1,0,0,1,1,0,0,1.93922379872688,20,55.50362,20,20.54116,47.71085,20,54.22777,53.17586,52.84613,NA,NA,NA,32.66612,57.7931,20.26762,1.2023,5.88054,96.58,-32.76,-35.78,100.98,-0.039999999999992,0.439999999999998,106.26,99.48,104.94,NA,NA,NA,104.129473684211,64.6084210526316,68.1273684210526,0.21052632,NA,0.68421053,0.10526316,93.5749969482422,NA,83.3153827373798,81.5999984741211,-4.15754508972168,NA,5.37321120042067,-8.85269355773926,10.7153692245483,NA,4.16964897742638,4.72831153869629,0.259433582425117,NA,-0.11215927451849,-0.120156489312649,6.48583956062794,NA,-0.86276365014223,-6.00782446563244,0.18181818,0.5,0.31578947,0.5,1,0.83333333,0.42105263,22.53333333,0.10526316,0.21052632,NA,0.68421053,81.7954483032227,93.7760772705078,NA,83.5080284705529,-9.85907554626465,-4.52273750305176,NA,5.25235689603365,4.04271507263184,10.1359081268311,NA,3.32439628014198,-0.120156489312649,0.259433582425117,NA,-0.11215927451849,-6.00782446563244,6.48583956062794,NA,-0.86276365014223,0.18181818,0.5,0.31578947,0.5,1,0.83333333,0.42105263,1,87.9209289550781,84.6739654541016,0,0,87.9209,0,0,"2024-04-30",0
"Steven Wilson",20353,"2024-04-27","TBR",4,2024,"CHW","H",29,0,0,0,1,0,0,0,0,0,0,0,1,6,1,0,0,0,1,1,0,0,0,0,0,9,9,0,1,0,1,3,0,2,1,1,0,0,0.16666667,-0.16666667,9.23817351648145,0,0.2,2,0.2,1,6.1664797782898,-6.1664797782898,10.7025049969554,0,146.556464726554,264.406843865182,0.333333333,0,0.25,0.75,0.666666666,0,0,0,4,8,12,0.106285996735096,-0.180830001831055,0.28711599111557,0.497000008821487,0.0512107163667679,3.59796667098999,1.84820008277893,1.84820008277893,2.31519985198975,1,1,-0.0210616812109947,0.0506022541107017,1,0,0.33333333,92.75,0.41666667,83.4,NA,NA,0.25,80.66666667,0.16666667,-0.463952928781509,0.0805075317621231,NA,0.0471766926348209,-11.5988232195377,1.61015063524246,NA,1.5725564211607,0.2,0.57142857,0.41666667,1,1,1,0.58333333,0.5,0,1,2,2,3,2,0,5,0.2,0.4,0.4,0.6,0.4,0,1.24586154568161,20,50.644,20,63.04641,47.39977,74.00194,63.46635,49.49242,58.61238,NA,NA,NA,48.90597,51.79778,45.80719,0.19338,4.36716,92.8,-1.25999999999999,-0.660000000000011,92.92,78.36,68.3,117.32,111.32,129.9,NA,NA,NA,103.989090909091,78.8654545454545,83.7618181818182,0.33333333,NA,0.41666667,0.25,92.8000030517578,NA,83.3200012207031,80.3333333333333,-4.78783178329468,NA,7.35712890625,-8.12972513834635,10.3843250274658,NA,4.80290565490723,4.78818066914876,-0.471209894865751,NA,0.0608919747173786,0.0485622696578503,-11.7802473716438,NA,1.21783949434757,1.61874232192834,0.2,0.57142857,0.41666667,1,1,1,0.58333333,19.71428571,0.25,0.33333333,NA,0.41666667,80.7017313639323,93.1910781860352,NA,83.7119812011719,-8.24727630615234,-4.53849267959595,NA,7.91426620483398,3.59394645690918,9.31174278259277,NA,3.63508796691895,0.0485622696578503,-0.471209894865751,NA,0.0608919747173786,1.61874232192834,-11.7802473716438,NA,1.21783949434757,0.2,0.57142857,0.41666667,1,1,1,0.58333333,5,79.092170715332,48.3512268066406,1,0.2,104.769,1,0.2,"2024-04-27",0
"Steven Wilson",20353,"2024-04-25","@MIN",4,2024,"CHW","A",29,0,0,18,1,0,0,0,0,0,0,0,1,5,2,2,2,2,0,0,0,0,0,1,9,0,18,1,0,0,0,3,1,0,0,0,0,0.2,0,0.2,5.82836908401489,18,0.4,2,0,1,27.1664797782898,-9.16647977828979,5.70250499695539,444.452714242589,651.732983377745,140.018995908429,0,0.25,0,0.75,0,0.666666666,1,9,5,11,16,-0.0441639833152294,-0.0549039766192436,0.0107399914413691,-1.51600003242493,-0.158909857273102,0.11752000451088,0.221600010991096,0.221600010991096,NA,0,1,-0.541165947914124,0.165366240459714,0,0,0.4375,92.42857143,0.5625,84.66666667,NA,NA,NA,NA,NA,-1.3937714099884,-0.619466483592987,NA,NA,-19.9110201426915,-6.88296092881097,NA,NA,0.22222222,0.85714286,0.5,0.5,1,0.875,0.4375,0.6,0.0625,2,1,1,2,0,2,4,0.5,0.25,0.25,0.5,0,0.5,35.9151951652139,NA,NA,NA,58.60764,53.07539,54.56749,47.41564,48.99595,52.95627,NA,NA,NA,54.23672,52.51802,55.82751,-0.1378,3.87039,NA,NA,NA,96.02,107.32,99.32,105.38,115.34,120.14,NA,NA,NA,101.285,111.83125,111.03125,0.4375,NA,0.5625,NA,92.528573172433,NA,84.5777791341146,NA,-4.24591772896903,NA,4.00049675835503,NA,10.4826627458845,NA,4.83108223809136,NA,-1.3952607922256,NA,-0.611115742474794,NA,-19.9322970317943,NA,-6.7901749163866,NA,0.25,0.75,0.5,0.5,1,0.875,0.5,19.18181818,NA,0.4375,NA,0.5625,NA,92.493416922433,NA,84.5272081163194,NA,-3.64652279445103,NA,5.02190992567274,NA,9.22157396589007,NA,3.28652424282498,NA,-1.3952607922256,NA,-0.611115742474794,NA,-19.9322970317943,NA,-6.7901749163866,0.22222222,0.85714286,0.5,0.5,1,0.875,0.4375,4,88.8086242675781,34.3853225708008,1,0.25,105.621,2,0.5,"2024-04-25",0
"Steven Wilson",20353,"2024-04-23","@MIN",4,2024,"CHW","A",29,0,1,27.000028163224,1,0,0,0,0,0,0,1,0.2,6,3,2,2,1,1,0,0,0,0,1,13.500014081612,13.500014081612,40.5000422448361,1,0,0,1,2,1,1,0,0,0,0.16666667,0.16666667,0,5.98386797026267,13.500014081612,0.6,6.00000625849423,0.666666666666667,0.76923077,24.1665016830196,2.83352648020444,9.20251129302689,666.67976676507,579.565436225439,227.090646109113,0.5,0.25,0.25,0.5,0.5,0.5,0,0,10,15,25,-0.805320024490356,-1.07048809528351,0.265168040990829,-2.00399994850159,-0.210062891244888,3.18433332443237,3.42519998550415,3.42519998550415,NA,0,1,-0.235337197780609,-0.0175634700958952,0,1,0.4,92.7,0.44,82.36363636,0.04,86,0.12,80.33333333,NA,-1.66136491298676,-0.82482647895813,-0.0207000374794006,0.0766185969114304,-16.6136491298676,-7.498422535983,-2.07000374794006,2.55395323038101,0.33333333,0.7,0.48,0.6,0.85714286,0.75,0.4,0.5,0.12,4,0,0,2,1,1,4,1,0,0,0.5,0.25,0.25,16.1888854415949,20,63.44431,20,66.31941,59.61696,60.38262,80,61.36933,80,20,66.33153,31.99681,66.28591,64.92083,69.87238,-0.88637,2.74754,96.18,21.6,16.76,91.74,95.28,93.36,119.18,132.98,154,123.06,80.84,58.3,105.5992,102.4488,109.4472,0.4,0.04,0.44,0.12,92.65,85.9000015258789,82.2545443448153,80.3999989827474,-5.36364631652832,-0.555263638496399,5.69085693359375,-10.5780131022135,12.3641784667969,7.64042377471924,6.31846202503551,5.02398109436035,-1.66650292277336,-0.0210469514131546,-0.837085176259279,0.0762122496962547,-16.6650292277336,-2.10469514131546,-7.60986523872072,2.54040832320849,0.25,0.69230769,0.48,0.33333333,0.88888889,0.75,0.52,23.26315789,0.12,0.4,NA,0.48,80.5342712402344,92.8057800292969,NA,82.7028249104818,-10.3163528442383,-4.75183792114258,NA,6.21829477945964,3.58083661397298,10.8367767333984,NA,4.72043991088867,0.0762122496962547,-1.66650292277336,NA,-0.858132127672434,2.54040832320849,-16.6650292277336,NA,-7.15110106393695,0.18181818,0.71428571,0.48,0,0.9,0.75,0.56,4,88.9583435058594,33.2677955627441,1,0.25,110.477,2,0.5,"2024-04-23",0
"Steven Wilson",20353,"2024-04-22","@MIN",4,2024,"CHW","A",29,0,0,0,1,0,0,0,0,0,0,0,1,3,0,0,0,0,0,0,0,0,0,0,0,0,0,0,0,0,1,2,0,0,0,0,0,0,0,0,7.34739574882223,0,0,0,0,1,3.1664797782898,-3.1664797782898,6.19049659073353,0,74.3883906335265,152.159040742638,0.5,0,0.333333333,0.666666666,0,0,0,0,2,5,7,0.000199990274268202,0,0.000199990274268202,0.483999997377396,0.0507337525486946,0,0,0,NA,0,1,0,NA,0,0,0.42857143,93.33333333,0.42857143,83.33333333,NA,NA,0.14285714,80,NA,0.53523188829422,0.210907563567162,NA,-0.0344077162444592,17.8410629431407,7.03025211890539,NA,-3.44077162444592,0.5,0.66666667,0.57142857,0.5,1,0.75,0.42857143,0.66666667,0.14285714,0,2,1,2,1,0,3,0,0.66666667,0.33333333,0.66666667,0.33333333,0,0.991521512659167,49.05229,60.99569,51.39681,80,48.24615,80,56.87767,57.42584,53.33912,NA,NA,NA,80,56.29884,80,-2.0712,0.97029,93.9,68.42,68.12,78.18,146.48,141.26,119.62,108.26,118.42,NA,NA,NA,98.1857142857143,118.948571428571,121.022857142857,0.42857143,NA,0.42857143,0.14285714,93.2000020345052,NA,83.4666646321615,80.0999984741211,-4.48757139841716,NA,4.20331192016602,-9.79612350463867,10.3507092793783,NA,4.15351422627767,3.34758925437927,0.541917249560356,NA,0.213400114327669,-0.0350487045943737,18.0639083186785,NA,7.11333714425564,-3.50487045943737,0,0.8,0.57142857,NA,0.75,0.75,0.71428571,20.75,0.14285714,0.42857143,NA,0.42857143,80.1333999633789,93.2664388020833,NA,83.4932657877604,-9.49151992797852,-4.20145670572917,NA,5.11769326527913,2.36583995819092,9.15832646687826,NA,2.57556660970052,-0.0350487045943737,0.541917249560356,NA,0.213400114327669,-3.50487045943737,18.0639083186785,NA,7.11333714425564,0.33333333,0.75,0.57142857,1,0.66666667,0.75,0.57142857,3,75.5723775227865,12.1653086344401,0,0,92.5418,0,0,"2024-04-22",0
"Steven Wilson",20353,"2024-04-17","KCR",4,2024,"CHW","H",29,0,0,0,1,0,0,0,0,0,1,0,1,3,0,0,0,0,0,0,0,0,0,0,0,0,0,0,0,0,1,2,0,0,0,0,0,0,0,0,7.34739574882223,0,0,0,0,1,3.1664797782898,-3.1664797782898,6.19049659073353,0,74.3883906335265,152.159040742638,0.5,0,0.333333333,0.666666666,0,0,0,0,5,13,18,0.0953360050916672,0,0.0953360050916672,0.496999979019165,0.0512107163667679,1.25920009613037,1.73000001907349,1.73000001907349,2.15820002555847,1,1,0.0758848190307617,-0.000173257870114712,1,0,0.5,92.33333333,0.33333333,82.83333333,NA,NA,0.16666667,81,NA,0.381335437297821,0.307509928941727,NA,0.0228863731026649,4.23706041442023,5.12516548236211,NA,0.762879103422165,0.14285714,0.81818182,0.55555556,1,1,1,0.61111111,0.33333333,0,1,1,1,2,1,0,3,0.33333333,0.33333333,0.33333333,0.66666667,0.33333333,0,0.991521512659167,71.28931,53.34951,65.8738,64.32527,45.04732,69.2388,66.07636,57.53758,61.06243,NA,NA,NA,70.17621,50.95701,71.0403,-1.12806,2.385,100.9,100.3,93.36,94.26,127.12,114.48,124.72,102.62,118.48,NA,NA,NA,105.52,114.483333333333,112.293333333333,0.5,NA,0.33333333,0.16666667,92.5,NA,82.8333333333333,81.3666687011719,-4.90523147583008,NA,5.35176722208659,-8.87030029296875,10.4336802164714,NA,5.25430488586426,5.41968472798665,0.428411435335875,NA,0.31114749237895,0.0229212380945683,4.7601270592875,NA,5.18579153964917,0.764041269818942,0.25,0.64285714,0.55555556,1,1,1,0.77777778,20.6,0.16666667,0.5,NA,0.33333333,81.7771301269531,92.9202745225694,NA,83.2374827067057,-8.37174352010091,-4.4438976711697,NA,6.12842814127604,4.15959676106771,9.26820034450955,NA,3.93431345621745,0.0229212380945683,0.428411435335875,NA,0.31114749237895,0.764041269818942,4.7601270592875,NA,5.18579153964917,0.25,0.64285714,0.55555556,1,1,1,0.77777778,3,76.3030598958333,11.6379788716634,0,0,87.0882,0,0,"2024-04-17",1
"Steven Wilson",20353,"2024-04-15","KCR",4,2024,"CHW","H",29,0,0,0,1,0,0,0,0,0,0,0,1,5,0,0,0,0,2,0,0,0,0,0,0,18,0,0,0,0,0,3,0,0,0,0,0,0,0.4,-0.4,15.5964090840149,0,0,2,0,1,9.16647977828979,-9.16647977828979,13.7025049969554,0,218.724538819581,339.039552639233,0,0,0,1,0,0,0,0,13,9,22,0.0280000008642673,-0.0172619968652725,0.0452619977295399,0.496999979019165,0.0512107163667679,0.503919959068298,0.485799998044968,0.485799998044968,0.287599980831146,1,1,0.0264053177088499,0.0291590638172099,0,0,0.36363636,91.875,0.45454545,82.7,NA,NA,0.18181818,82.5,NA,0.256317317485809,-0.0716896057128906,NA,-0.0630102157592773,3.20396646857262,-0.716896057128906,NA,-1.57525539398193,0.13333333,0.57142857,0.27272727,1,1,1,0.31818182,0.6,0,1,0,2,0,3,0,3,0.33333333,0,0.66666667,0,1,0,7.52877652743211,25.12059,55.57877,20,28.85205,51.33344,31.13491,43.63475,54.09412,40.58418,NA,NA,NA,28.79239,56.54077,25.82327,1.44296,6.24153,93.98,75.58,65.58,96.46,33.3,34.4,115.78,79.52,93.28,NA,NA,NA,104.790909090909,61.9963636363636,66.8327272727273,0.36363636,NA,0.45454545,0.18181818,91.9625015258789,NA,82.7099975585938,82.5749969482422,-5.38382339477539,NA,5.18930854797363,-9.94294548034668,11.952130317688,NA,6.06012306213379,6.07845401763916,0.256134383380413,NA,-0.0771362073719501,-0.0646953731775284,3.20167979225516,NA,-0.771362073719501,-1.61738432943821,0.07692308,0.55555556,0.27272727,1,1,1,0.40909091,22.35294118,0.18181818,0.36363636,NA,0.45454545,83.0402755737305,92.4595108032227,NA,83.1965087890625,-9.31559753417969,-4.54666614532471,NA,6.26542892456055,4.46104764938354,10.5117225646973,NA,4.34003486633301,-0.0646953731775284,0.256134383380413,NA,-0.0771362073719501,-1.61738432943821,3.20167979225516,NA,-0.771362073719501,0.07692308,0.55555556,0.27272727,1,1,1,0.40909091,3,88.2936604817708,46.9665120442708,0,0,90.4166,0,0,"2024-04-15",0
"Steven Wilson",20353,"2024-04-10","@CLE",4,2024,"CHW","A",29,0,0,0,1,0,0,0,0,0,0,0,1,3,0,0,0,0,0,0,0,0,0,0,0,0,0,0,0,0,1,1,1,0,0,0,0,0,0,0,6.03472908401489,0,0,0,0,1,3.1664797782898,-3.1664797782898,4.67848818451166,0,74.3883906335265,114.543946394147,1,0.333333333,0.333333333,0.333333333,0,0,1,9,1,6,7,0.13323201239109,0,0.13323201239109,0.479999989271164,0.0506329126656055,1.78213334083557,2.23839998245239,2.23839998245239,4.36439990997314,1,1,0.0747645199298859,-4.67489571844004e-06,1,0,0.28571429,94.5,0.14285714,83,NA,NA,0.57142857,82.5,NA,0.364762365818024,0.0389156937599182,NA,0.349669367074966,18.2381182909012,3.89156937599182,NA,8.74173417687416,0.66666667,1,0.85714286,0.5,0.75,0.66666667,0.57142857,0.66666667,0.28571429,1,1,1,1,2,0,3,0.33333333,0.33333333,0.33333333,0.33333333,0.66666667,0,5.93691651682121,74.27695,53.64089,71.80193,80,59.63259,80,20,61.11761,20,NA,NA,NA,75.57247,61.00709,76.49595,-1.46331,1.88213,104.74,107.56,102.98,85.62,144.3,141.58,102.34,35.18,37.7,NA,NA,NA,98.9342857142857,107.717142857143,104.682857142857,0.28571429,NA,0.14285714,0.57142857,94.1500015258789,NA,82.6999969482422,82.0749969482422,-6.07200765609741,NA,7.21395778656006,-9.5349645614624,10.6214694976807,NA,5.40840721130371,4.91995716094971,0.369389086961746,NA,0.039364367723465,0.395938247442245,18.4694543480873,NA,3.9364367723465,9.89845618605614,0.75,1,0.85714286,0.33333333,1,0.66666667,0.42857143,18.25,0.57142857,0.28571429,NA,0.14285714,82.083251953125,94.1784973144531,NA,82.6830978393555,-9.55427742004395,-5.98425483703613,NA,7.94527006149292,3.83326244354248,9.57820510864258,NA,4.10321998596191,0.395938247442245,0.369389086961746,NA,0.039364367723465,9.89845618605614,18.4694543480873,NA,3.9364367723465,0.66666667,1,0.85714286,0.5,0.75,0.66666667,0.57142857,3,74.6317647298177,-10.7827860514323,0,0,86.9572,0,0,"2024-04-10",0
"Steven Wilson",20353,"2024-04-09","@CLE",4,2024,"CHW","A",29,1,0,0,1,0,0,0,0,0,0,0,1,5,1,0,0,0,1,0,0,1,0,3,27,9,9,3,0,0,0,0,1,0,0,0,0,0.6,0.2,0.4,2.27264908401489,0,0.25,2,1,1,0.166479778289795,-0.166479778289795,0.166479778289795,0,2.22031654049911,2.29614327160339,0,1,0,0,0,0,2,18,7,17,24,0.0859719961881638,-0.0958080217242241,0.181780025362968,0.480000019073486,0.0506329126656055,2.14326667785645,1.50639998912811,1.50639998912811,1.67040002346039,1,1,0.0105252526700497,0.0295873460449863,1,0,0.58333333,94.07142857,0.125,82.33333333,NA,NA,0.29166667,80.85714286,NA,0.404864549636841,0.198416188359261,NA,-0.582221984863281,2.89188964026315,6.61387294530869,NA,-8.3174569266183,0.46666667,0.77777778,0.58333333,0.85714286,0.71428571,0.78571429,0.375,0.6,0.125,1,0,0,0,1,0,1,1,0,0,0,1,0,3.09435843200821,61.86741,58.89414,48.10147,32.81372,47.60892,20.11463,65.67508,64.27234,54.78054,NA,NA,NA,41.7307,52.44044,27.36428,0.63915,5.03582,89.64,78.02,63.98,108.14,57.76,45.1,123.6,110.2,126.42,NA,NA,NA,104.676666666667,70.2241666666667,60.7716666666667,0.58333333,NA,0.125,0.29166667,94.0499965122768,NA,82.4333292643229,80.8571428571429,-4.47414425441197,NA,7.37006505330404,-8.96787752423968,10.0266211373465,NA,3.43166542053223,3.83771542140416,0.407957121729851,NA,0.200443852692842,-0.59394745528698,2.91397944092751,NA,6.68146175642808,-8.48496364695685,0.5,0.64285714,0.58333333,0.8,0.77777778,0.78571429,0.58333333,23.21052632,0.29166667,0.58333333,NA,0.125,80.7254813058036,93.9384940011161,NA,82.3233337402344,-9.02145276750837,-4.02876363481794,NA,7.96674982706706,3.34177153451102,9.4769047328404,NA,2.63012345631917,-0.59394745528698,0.407957121729851,NA,0.200443852692842,-8.48496364695685,2.91397944092751,NA,6.68146175642808,0.41666667,0.75,0.58333333,0.8,0.77777778,0.78571429,0.5,1,73.4729232788086,20.2819938659668,0,0,73.4729,0,0,"2024-04-09",0
"Steven Wilson",20353,"2024-04-07","@KCR",4,2024,"CHW","A",29,0,0,0,1,0,0,0,0,0,1,0,1,3,0,0,0,0,0,0,0,0,0,0,0,0,0,0,0,0,1,2,0,0,0,0,0,0,0,0,7.34739574882223,0,0,0,0,1,3.1664797782898,-3.1664797782898,6.19049659073353,0,74.3883906335265,152.159040742638,0.5,0,0.333333333,0.666666666,0,0,0,0,2,3,5,0.0898460000753403,0,0.0898460000753403,0.533999979496002,0.0522760637104511,1.15873336791992,1.56379997730255,1.56379997730255,1.9099999666214,1,1,0.0776219144463539,-8.38003618120892e-05,1,0,0.6,93,0.4,83.5,NA,NA,NA,NA,NA,0.499646484851837,0.212085232138634,NA,NA,16.6548828283946,10.6042616069317,NA,NA,0.5,1,0.6,1,1,1,0.2,0.33333333,0,1,1,1,1,1,1,3,0.33333333,0.33333333,0.33333333,0.33333333,0.33333333,0.33333333,0.991521512659167,NA,NA,NA,51.29988,61.51363,49.84727,20,59.06328,20,NA,NA,NA,20,61.49946,20,2.22795,7.41902,NA,NA,NA,90.48,87.26,88.34,101,23.54,24.14,NA,NA,NA,94.688,61.772,62.66,0.6,NA,0.4,NA,92.9333292643229,NA,83.75,NA,-4.16939512888591,NA,5.78310108184814,NA,11.3567301432292,NA,5.35665321350098,NA,0.505528945475817,NA,0.214739698916674,NA,16.8509648491939,NA,10.7369849458337,NA,0.33333333,1,0.6,1,1,1,0.4,18,NA,0.6,NA,0.4,NA,92.986328125,NA,83.7575988769531,NA,-4.13128026326497,NA,6.87914514541626,NA,10.422597249349,NA,4.23175525665283,NA,0.505528945475817,NA,0.214739698916674,NA,16.8509648491939,NA,10.7369849458337,0.5,1,0.6,1,1,1,0.2,3,78.0410461425781,10.0177230834961,0,0,88.944,0,0,"2024-04-07",0
"Steven Wilson",20353,"2024-04-05","@KCR",4,2024,"CHW","A",29,0,0,0,1,0,0,0,0,0,0,0,1.1,4,0,0,0,0,0,0,0,0,0,3,20.2500048279774,0,0,3,0,0,0,0,1,0,0,0,0,0.75,0,0.75,-0.459145915985107,0,0,0,0,1,-1.33352129459407,1.33352129459407,-1.33352129459407,0,-33.8637463153353,-35.0202378061654,0,1,0,0,0,0,0,0,3,10,13,0.166748002171516,0,0.166748002171516,1.0550000667572,0.103279493749142,1.54999995231628,1.90839993953705,2.69280004501343,1.81620001792908,1,1,0.105765409767628,0.00181394978159811,1,0,0.38461538,93,0.61538462,82,NA,NA,NA,NA,NA,0.619990408420563,0.417452901601791,NA,NA,12.3998081684113,5.21816127002239,NA,NA,0.42857143,0.5,0.46153846,0.66666667,0.33333333,0.5,0.46153846,0.5,0.23076923,0,1,0,0,0,1,1,0,1,0,0,0,1,0.397279019682677,NA,NA,NA,50.69596,42.38625,55.70292,68.82935,58.2885,60.04834,NA,NA,NA,65.26383,54.85951,61.74924,-0.82287,2.84279,NA,NA,NA,100.58,88.44,69.32,105.24,118.4,127.08,NA,NA,NA,103.447692307692,106.876923076923,104.864615384615,0.38461538,NA,0.61538462,NA,92.8199951171875,NA,81.8249969482422,NA,-3.94591331481934,NA,7.01239728927612,NA,10.6828704833984,NA,4.53127384185791,NA,0.627224359661341,NA,0.464053682982922,NA,12.5444871932268,NA,5.80067103728652,NA,0.33333333,0.57142857,0.46153846,0.5,0.5,0.5,0.53846154,17.44444444,NA,0.38461538,NA,0.61538462,NA,92.8031372070313,NA,81.792236328125,NA,-3.46611595153809,NA,7.68070602416992,NA,9.49117202758789,NA,3.22854709625244,NA,0.627224359661341,NA,0.464053682982922,NA,12.5444871932268,NA,5.80067103728652,0.4,0.5,0.46153846,0.5,0.5,0.5,0.61538462,1,99.6235656738281,17.3406314849854,0,0,99.6236,1,1,"2024-04-05",0
"Steven Wilson",20353,"2024-03-31","DET",4,2024,"CHW","H",29,0,1,13.500014081612,1,0,0,0,0,0,0,0,0.2,4,1,1,1,0,1,0,0,0,0,1,13.500014081612,13.500014081612,13.500014081612,1,0,0,1,0,1,0,0,0,0,0.25,0.25,0,5.94041658401489,0,0.333333333333333,3.00000312924711,0.5,0.5,4.66648134291335,8.83353273869866,4.66648134291335,333.339883382535,110.472465318663,114.245245356712,1,0.5,0.5,0,0,0,0,0,7,10,17,0.0228060111403465,-0.108796000480652,0.131602019071579,0.0630000084638596,0.00649149902164936,2.36444997787476,2.31519985198975,2.31519985198975,4.45459985733032,1,1,-0.00508572906255722,0.0147311059382589,0,0,0.23529412,92.5,0.52941176,83,NA,NA,0.23529412,81.75,NA,0.16090601682663,-0.529598116874695,NA,0.0578932538628578,4.02265042066574,-5.88442352082994,NA,1.44733134657145,0,0.9,0.52941176,NA,0.77777778,0.77777778,0.58823529,0.25,0.11764706,2,0,0,0,1,1,2,1,0,0,0,0.5,0.5,8.06915941975312,20,55.49427,20,20,57.37365,20,25.81978,60.34314,20,NA,NA,NA,20,64.64906,20,2.56734,7.9281,88.12,38.14,29,86.86,70.38,52.28,112.36,52.46,77.78,NA,NA,NA,100.656470588235,53.3070588235294,60.3023529411765,0.23529412,NA,0.52941176,0.23529412,92.6500015258789,NA,82.9888916015625,81.7249984741211,-6.67474174499512,NA,5.5322397020128,-9.95044898986816,10.9281425476074,NA,6.6313591003418,5.21243143081665,0.162376616150141,NA,-0.540639370679855,0.0576602183282375,4.05941540375352,NA,-6.00710411866506,1.44150545820594,0,0.9,0.52941176,NA,0.77777778,0.77777778,0.58823529,20.23076923,0.23529412,0.23529412,NA,0.52941176,81.6861038208008,92.621826171875,NA,82.9519517686632,-9.61259269714355,-6.09751224517822,NA,6.29442977905273,3.88601994514465,9.62638759613037,NA,5.34458753797743,0.0576602183282375,0.162376616150141,NA,-0.540639370679855,1.44150545820594,4.05941540375352,NA,-6.00710411866506,0,0.9,0.52941176,NA,0.77777778,0.77777778,0.58823529,2,93.5831680297852,12.878625869751,0,0,106.894,1,0.5,"2024-03-31",0
"Steven Wilson",20353,"2024-03-30","DET",4,2024,"CHW","H",29,0,0,0,1,0,0,0,0,0,0,0,1,3,0,0,0,0,0,0,0,0,0,0,0,0,0,0,0,0,1,2,0,1,0,0,0,0,0,0,7.34739574882223,0,0,0,0,1,3.1664797782898,-3.1664797782898,6.19049659073353,0,74.3883906335265,152.159040742638,0.5,0,0.333333333,0.666666666,0.5,0,0,0,5,12,17,0.106286004185677,0,0.106286004185677,0.496999979019165,0.0512107163667679,1.40426671504974,1.84820008277893,1.84820008277893,2.31519985198975,1,1,0.0757923945784569,-0.000104490673455762,1,0,0.41176471,93.57142857,0.41176471,81.85714286,NA,NA,0.17647059,82.33333333,NA,0.312910437583923,0.420251131057739,NA,-0.00390239432454109,4.47014910834176,6.00358758653913,NA,-0.130079810818036,0.5,0.44444444,0.47058824,1,1,1,0.52941176,0.66666667,0,3,0,0,2,0,1,3,1,0,0,0.66666667,0,0.33333333,-0.141572614450785,68.40253,64.78511,63.58402,80,52.85542,80,80,64.88091,80,NA,NA,NA,80,63.6121,80,-4.4372,-2.57871,116.34,111.84,106.68,115,155,151.06,105.88,198.96,214.3,NA,NA,NA,111.481176470588,165.484705882353,169.268235294118,0.41176471,NA,0.41176471,0.17647059,93.5714285714286,NA,81.8857160295759,82.3666687011719,-5.94395991734096,NA,6.45613861083984,-10.8259251912435,10.6436244419643,NA,4.30884007045201,5.72531509399414,0.299055676907301,NA,0.425564281642437,-0.00435131415724754,4.27222395581858,NA,6.0794897377491,-0.145043805241585,0,0.53333333,0.47058824,NA,1,1,0.88235294,21.42857143,0.17647059,0.41176471,NA,0.41176471,82.3460337320964,93.5464390345982,NA,81.8454241071429,-10.7008336385091,-5.57349395751953,NA,6.94632175990513,4.41597334543864,9.39077758789062,NA,3.00905690874372,-0.00435131415724754,0.299055676907301,NA,0.425564281642437,-0.145043805241585,4.27222395581858,NA,6.0794897377491,0,0.57142857,0.47058824,NA,1,1,0.82352941,3,89.2892252604167,48.0011850992839,0,0,101.955,1,0.33333333,"2024-03-30",0
