"PlayerName","playerid","Date","Opp","teamid","season","Team","HomeAway","Age","W","L","ERA","G","GS","QS","CG","ShO","SV","HLD","BS","IP","TBF","H","R","ER","HR","BB","IBB","HBP","WP","BK","SO","K/9","BB/9","H/9","K/BB","IFH%","BUH%","GB","FB","LD","IFFB","IFH","BU","BUH","K%","BB%","K-BB%","SIERA","HR/9","AVG","WHIP","BABIP","LOB%","FIP","E-F","xFIP","ERA-","FIP-","xFIP-","GB/FB","LD%","GB%","FB%","IFFB%","HR/FB","RS","RS/9","Balls","Strikes","Pitches","WPA","-WPA","+WPA","RE24","REW","pLI","inLI","gmLI","exLI","Pulls","Games","WPA/LI","Clutch","SD","MD","FB%1","FBv","SL%","SLv","CB%","CBv","CH%","CHv","XX%","wFB","wSL","wCB","wCH","wFB/C","wSL/C","wCB/C","wCH/C","O-Swing%","Z-Swing%","Swing%","O-Contact%","Z-Contact%","Contact%","Zone%","F-Strike%","SwStr%","Pull","Cent","Oppo","Soft","Med","Hard","bipCount","Pull%","Cent%","Oppo%","Soft%","Med%","Hard%","tERA","GSv2","pb_o_CH","pb_s_CH","pb_c_CH","pb_o_FF","pb_s_FF","pb_c_FF","pb_o_SI","pb_s_SI","pb_c_SI","pb_o_SL","pb_s_SL","pb_c_SL","pb_o_KC","pb_s_KC","pb_c_KC","pb_overall","pb_stuff","pb_command","pb_xRV100","pb_ERA","sp_s_CH","sp_l_CH","sp_p_CH","sp_s_FF","sp_l_FF","sp_p_FF","sp_s_SI","sp_l_SI","sp_p_SI","sp_s_SL","sp_l_SL","sp_p_SL","sp_s_KC","sp_l_KC","sp_p_KC","sp_stuff","sp_location","sp_pitching","pfxFA%","pfxSI%","pfxSL%","pfxKC%","pfxCH%","pfxvFA","pfxvSI","pfxvSL","pfxvKC","pfxvCH","pfxFA-X","pfxSI-X","pfxSL-X","pfxKC-X","pfxCH-X","pfxFA-Z","pfxSI-Z","pfxSL-Z","pfxKC-Z","pfxCH-Z","pfxwFA","pfxwSI","pfxwSL","pfxwKC","pfxwCH","pfxwFA/C","pfxwSI/C","pfxwSL/C","pfxwKC/C","pfxwCH/C","pfxO-Swing%","pfxZ-Swing%","pfxSwing%","pfxO-Contact%","pfxZ-Contact%","pfxContact%","pfxZone%","pfxPace","piCH%","piCU%","piFA%","piSI%","piSL%","pivCH","pivCU","pivFA","pivSI","pivSL","piCH-X","piCU-X","piFA-X","piSI-X","piSL-X","piCH-Z","piCU-Z","piFA-Z","piSI-Z","piSL-Z","piwCH","piwCU","piwFA","piwSI","piwSL","piwCH/C","piwCU/C","piwFA/C","piwSI/C","piwSL/C","piO-Swing%","piZ-Swing%","piSwing%","piO-Contact%","piZ-Contact%","piContact%","piZone%","Events","EV","LA","Barrels","Barrel%","maxEV","HardHit","HardHit%","gamedate","dh"
"Tarik Skubal",22267,"2024-09-24","TBR",6,2024,"DET","H",27,1,0,0,1,1,1,0,0,0,0,0,7,23,2,0,0,0,1,0,0,0,0,7,9,1.28571428571429,2.57142857142857,7,0,0,8,4,3,1,0,0,0,0.30434783,0.04347826,0.26086957,2.65516574980768,0,0.0909090909090909,0.428571428571429,0.133333333333333,1,1.59505120686122,-1.59505120686122,2.45905601041658,0,38.2944025140317,59.3298680298137,2,0.2,0.533333333,0.266666666,0.25,0,2,2.57142857142857,32,71,103,0.406895965337753,-0.0545559972524643,0.461451977491379,3.35999989509583,0.354430377483368,0.826116681098938,1.08537149429321,0.870000004768372,1.42120003700256,1,1,0.432523459196091,0.0600170918511074,0,0,0.50485437,96.03846154,0.12621359,89.38461538,0.01941748,78.5,0.34951456,87.11111111,NA,2.14269804954529,0.168933510780334,0.00450797751545906,1.27720475196838,4.12057317220248,1.29948854446411,0.225398875772953,3.54779097768995,0.30357143,0.82978723,0.54368932,0.58823529,0.76923077,0.71428571,0.45631068,0.73913043,0.15533981,6,5,4,3,10,2,15,0.4,0.33333333,0.26666667,0.2,0.66666667,0.13333333,1.50202367557096,82,62.14354,70.89661,53.74903,55.84972,50.36299,53.75088,67.19133,42.57685,79.56105,74.08734,46.43502,79.3321,31.42016,43.66439,26.49192,64.15202,57.25158,65.45996,-0.7538,2.94639,129.42,89.1,118,97.02,100.62,97.5,108.64,135.02,140.6,107.14,127.32,132.62,89.04,78.2,80.54,111.83572815534,106.541747572816,117.55572815534,0.30097087,0.2038835,0.12621359,0.01941748,0.34951456,95.954841859879,96.1619059244792,89.3615347055288,78.5999984741211,87.0722249348958,3.28130685129473,8.07405380975633,-0.813446925236629,-1.72980093955994,9.27725728352865,9.6484119046119,7.51838902064732,4.64390329214243,-3.66210460662842,3.84784274631076,1.07305988669395,0.778634935617447,0.169434916228056,0.00431566312909126,1.27191223949194,3.46148350546437,3.70778540770213,1.30334550944658,0.215783156454563,3.53308955414428,0.25531915,0.78571429,0.54368932,0.58333333,0.75,0.71428571,0.54368932,15.3,0.34951456,0.01941748,0.30097087,0.2038835,0.12621359,87.1310085720486,78.6257019042969,96.0176175025202,96.2330845424107,89.3973670372596,9.49081166585287,-1.50583505630493,3.32838243053805,8.04303632463728,-0.754430257357084,2.20057890150282,-5.00756502151489,8.54556865076865,6.26610674176897,3.35780686598558,1.27191223949194,0.00431566312909126,1.07305988669395,0.778634935617447,0.169434916228056,3.53308955414428,0.215783156454563,3.46148350546437,3.70778540770213,1.30334550944658,0.27659574,0.76785714,0.54368932,0.61538462,0.74418605,0.71428571,0.54368932,15,80.7730712890625,6.09791208902995,0,0,107.918,3,0.2,"2024-09-24",0
"Tarik Skubal",22267,"2024-09-18","@KCR",6,2024,"DET","A",27,1,0,1.8,1,1,0,0,0,0,0,0,5,21,3,1,1,0,1,0,1,0,0,7,12.6,1.8,5.4,7,0.125,0,8,3,1,2,1,0,0,0.33333333,0.04761905,0.28571429,2.28495130260929,0,0.157894736842105,0.8,0.25,0.8,1.5664797782898,0.233520221710205,2.47368482202292,45.1920047427715,37.5749942875496,59.6937973085892,2.666666666,0.083333333,0.666666666,0.25,0.666666666,0,4,7.2,31,64,95,0.161590039730072,-0.225021988153458,0.38661202788353,1.66999995708466,0.163485065102577,1.00721907615662,0.950399994850159,0.870000004768372,1.08720004558563,1,1,0.16165754199028,-0.0012256721465583,0,0,0.58947368,97.21428571,0.06315789,89.33333333,0.02105263,79,0.32631579,88.06451613,NA,1.63353800773621,0.347782164812088,0.0778313875198364,-0.620420217514038,2.9170321566718,5.7963694135348,3.89156937599182,-2.00135554036786,0.40350877,0.68421053,0.51578947,0.56521739,0.73076923,0.65306122,0.4,0.66666667,0.17894737,4,4,4,4,6,2,12,0.33333333,0.33333333,0.33333333,0.33333333,0.5,0.16666667,0.773593707334494,65,41.25428,67.428,30.43077,62.51334,54.96851,63.24039,20,61.35908,20,42.56087,47.76253,44.99542,57.63521,49.05364,58.33553,48.2822,59.13359,44.91667,0.23213,4.42529,116.66,67.36,88,107.9,106.72,111.5,130.12,36.24,37.9,106.92,94.08,108.5,90.84,87.88,89.76,111.039157894737,90.4555789473684,100.860210526316,0.55789474,0.03157895,0.06315789,0.02105263,0.32631579,97.2150924970519,97.8333333333333,89.3833312988281,78.8499984741211,88.0580660912298,4.00033886027786,8.61175028483073,-0.496421456336975,-3.31227445602417,8.97969990391885,9.53549136755601,7.30042203267415,3.92115561167399,-3.58841753005981,4.2346447360131,2.09020354226232,-0.445337668061256,0.352040555328131,0.0787287354469299,-0.654292445629835,3.94378026841946,-14.8445889353752,5.86734258880218,3.9364367723465,-2.11062079235431,0.38297872,0.64583333,0.51578947,0.44444444,0.77419355,0.65306122,0.50526316,17.2739726,0.32631579,0.02105263,0.55789474,0.03157895,0.06315789,87.8906643775202,78.6703033447266,97.0639003537736,97.6712036132812,89.2194010416667,8.5005611296623,-3.95484495162964,3.58191493772111,7.8180300394694,-1.15331649780273,2.75301631804435,-5.26212024688721,8.5786236457105,6.270689646403,2.79373995463053,-0.654292445629835,0.0787287354469299,2.09020354226232,-0.445337668061256,0.352040555328131,-2.11062079235431,3.9364367723465,3.94378026841946,-14.8445889353752,5.86734258880218,0.39130435,0.63265306,0.51578947,0.44444444,0.77419355,0.65306122,0.51578947,12,86.59423828125,4.900177637736,1,0.08333333,105.044,6,0.5,"2024-09-18",0
"Tarik Skubal",22267,"2024-09-12","COL",6,2024,"DET","H",27,0,0,1.5,1,1,1,0,0,0,0,0,6,22,4,1,1,1,0,0,0,0,0,6,9,0,6,6,0,0,6,7,3,0,0,0,0,0.27272727,0,0.27272727,2.90054314082093,1.5,0.181818181818182,0.666666666666667,0.2,1,3.33314644495646,-1.83314644495646,2.93048958554864,37.6600039523096,82.058402958361,71.0579896028608,0.857142857,0.1875,0.375,0.4375,0,0.142857142,2,3,24,60,84,0.222980082035065,-0.227992013096809,0.450972110033035,1.87999999523163,0.198312237858772,0.981545448303223,1.06773328781128,0.870000004768372,1.73000001907349,1,1,0.174701660871506,0.0524707868440084,0,0,0.54761905,96.82608696,0.17857143,89.86666667,0.02380952,78.5,0.25,87.80952381,NA,2.08495783805847,0.601260840892792,-1.40650391578674,0.471894770860672,4.53251703925755,4.00840560595195,-70.3251957893372,2.24711795647939,0.34883721,0.85365854,0.5952381,0.53333333,0.77142857,0.7,0.48809524,0.68181818,0.17857143,7,7,2,4,7,5,16,0.4375,0.4375,0.125,0.25,0.4375,0.3125,3.4059695697336,64,58.17994,61.05744,45.53367,62.14143,56.86231,58.28676,62.40861,56.05764,64.15007,38.40873,56.22505,38.90517,80,48.72209,80,60.02178,58.41063,55.39475,-0.49721,3.33128,122.62,91.58,111.16,106.1,110.58,113.88,118.58,102.56,115.34,120.44,82.72,100.76,113.2,174.08,167.16,113.999761904762,101.698571428571,112.247380952381,0.46428571,0.08333333,0.17857143,0.02380952,0.25,96.9179499699519,96.1714303152902,89.8466634114583,78.8000030517578,87.6999976748512,3.38813899113582,8.24785614013672,-1.30203094482422,-1.79959881305695,8.20008268810454,9.46583831004607,7.68309020996094,3.52020568847656,-3.75950813293457,3.45019712902251,2.14518248289824,-0.0373791567981243,0.649444974958897,-1.40731701254845,0.474341932684183,5.50046790486727,-0.533987954258919,4.32963316639264,-70.3658506274223,2.25877110801992,0.34285714,0.7755102,0.5952381,0.5,0.76315789,0.7,0.58333333,16.08333333,0.25,0.02380952,0.46428571,0.08333333,0.17857143,87.9098481677827,79.004150390625,97.1270845853365,96.3939819335938,90.03759765625,8.16246977306548,-1.68750405311584,3.26143724490435,8.28568158830915,-1.34693730672201,1.9423717317127,-5.05263519287109,8.43007092598157,6.48258590698242,2.37580998738607,0.474341932684183,-1.40731701254845,2.14518248289824,-0.0373791567981243,0.649444974958897,2.25877110801992,-70.3658506274223,5.50046790486727,-0.533987954258919,4.32963316639264,0.32352941,0.78,0.5952381,0.45454545,0.76923077,0.7,0.5952381,16,87.026008605957,11.8423624038696,2,0.125,104.332,7,0.4375,"2024-09-12",0
"Tarik Skubal",22267,"2024-09-06","@OAK",6,2024,"DET","A",27,0,0,3.17647094462574,1,1,0,0,0,0,0,0,5.2,24,9,2,2,0,0,0,0,0,0,7,11.1176483061901,0,14.2941192508158,7,0.166666666,0,6,8,3,0,1,0,0,0.29166667,0,0.29166667,2.75406242388502,0,0.375,1.58823547231287,0.529411764705882,0.77777778,0.695891265803112,2.48057967882262,2.83049160820028,79.7506055526679,15.6541954658181,68.5702829623827,0.75,0.176470588,0.352941176,0.470588235,0,0,1,1.58823547231287,33,64,97,-0.0766240283846855,-0.690619945526123,0.613995909690857,0.250000089406967,0.0274122804403305,1.53001666069031,1.08693337440491,0.870000004768372,1.66960000991821,1,1,-0.00780987832695246,-0.0422706406329617,0,0,0.57291667,96.56363636,0.125,89,0.03125,78.66666667,0.27083333,86.65384615,0.01030928,-2.89091324806213,0.307244956493378,-0.103223145008087,2.16169714927673,-5.25620590556752,2.56037463744481,-3.44077150026957,8.31421980491051,0.3,0.7173913,0.5,0.4,0.78787879,0.66666667,0.47916667,0.54166667,0.16494845,5,5,7,2,11,4,17,0.29411765,0.29411765,0.41176471,0.11764706,0.64705882,0.23529412,1.09744578720553,56,66.25712,62.88477,58.66323,69.91545,66.70275,67.01144,55.03333,54.35338,60.25602,20,44.10279,20,20,49.13032,20,55.90457,58.79433,55.70701,-0.24142,3.71496,134.22,111.92,147.86,109.96,97.96,104.6,108.84,105.46,113.98,100.4,78.4,87.86,95.42,37.84,41.34,114.484375,100.073333333333,115.568958333333,0.21875,0.35416667,0.125,0.03125,0.27083333,96.9619024367559,96.2970616957721,88.8499959309896,78.2999979654948,86.6461557241587,3.44182259695871,8.61448938706342,-0.300628503163656,-2.4886843363444,9.14698263315054,10.2273348853702,7.44716464771944,4.55811023712158,-3.85309982299805,4.29171371459961,-0.508706517517567,-2.44008372724056,0.309246137738228,-0.105146113783121,2.1961446069181,-2.42241198817889,-7.17671684482518,2.57705114781857,-3.50487045943737,8.44671002660806,0.325,0.625,0.5,0.30769231,0.8,0.66666667,0.58333333,17.09589041,0.27083333,0.03125,0.21875,0.35416667,0.125,86.5900221604567,78.2131042480469,96.9005359468006,96.2561537798713,88.7628784179688,9.55361762413612,-2.00147501627604,3.63677760532924,8.77549653894761,-0.0763545036315918,2.32354941734901,-5.82977676391602,8.75283740815662,5.95884166044347,2.77500756581624,2.1961446069181,-0.105146113783121,-0.508706517517567,-2.44008372724056,0.219450190663338,8.44671002660806,-3.50487045943737,-2.42241198817889,-7.17671684482518,1.82875158886115,0.28947368,0.63793103,0.5,0.18181818,0.81081081,0.66666667,0.60416667,17,89.6411061006434,17.2277203728171,2,0.11764706,106.325,4,0.23529412,"2024-09-06",0
"Tarik Skubal",22267,"2024-08-31","BOS",6,2024,"DET","H",27,1,0,1.125,1,1,1,0,0,0,0,0,8,27,4,1,1,1,0,0,0,0,0,8,9,0,4.5,8,0.111111111,0,9,7,2,1,1,1,0,0.2962963,0,0.2962963,2.52266735860981,1.125,0.148148148148148,0.5,0.166666666666667,1,2.7914797782898,-1.6664797782898,2.48948713373393,28.2450029642322,68.4196219979707,60.0869204178841,1.285714285,0.111111111,0.5,0.388888888,0.142857142,0.142857142,2,2.25,26,72,98,0.462412089109421,-0.224196031689644,0.686608135700226,2.83999991416931,0.299578070640564,1.04671108722687,1.3087500333786,0.870000004768372,2.83759999275208,1,1,0.204407766461372,0.237368474138624,0,0,0.53061224,96.90384615,0.15306122,88.6,0.04081633,78.25,0.2755102,87.44444444,NA,3.01150751113892,-1.13851690292358,0.0998960062861443,0.739035129547119,5.79136059834407,-7.59011268615723,2.49740015715361,2.73716714647081,0.35416667,0.72,0.54081633,0.47058824,0.86111111,0.73584906,0.51020408,0.7037037,0.14285714,5,9,5,5,12,2,19,0.26315789,0.47368421,0.26315789,0.26315789,0.63157895,0.10526316,2.12378733347483,78,59.06143,56.88052,58.08207,67.87806,54.49647,69.66004,51.05225,57.19397,57.20545,62.50638,51.85948,64.90753,56.82325,46.88461,58.48221,61.45682,55.70444,65.9881,-0.58636,3.19755,124.82,97.42,116.26,102.38,120.54,125.42,113.52,85.94,99.72,108.4,116.3,128.5,93.48,109.1,105.52,112.303469387755,103.168571428571,115.212653061224,0.24489796,0.28571429,0.15306122,0.04081633,0.2755102,96.7791646321615,96.8714250837054,88.613330078125,78.125,87.3592574508102,3.862029393514,8.50932693481445,-1.16453145345052,-2.80543184280396,8.63815533673322,9.43352890014648,7.14861188616071,3.45682474772135,-3.90413355827332,3.53922808611834,1.50601476803422,1.52683390304446,-1.11802243068814,0.100590132176876,0.744404405355453,6.27506153347592,5.45297822515879,-7.45348287125429,2.5147533044219,2.75705335316835,0.33333333,0.71698113,0.54081633,0.46666667,0.84210526,0.73584906,0.54081633,14.94366197,0.2755102,0.04081633,0.24489796,0.28571429,0.15306122,87.5627079716435,78.2834014892578,97.00927734375,97.0899309430804,88.8047119140625,8.33256417733652,-3.08538007736206,3.53924719492594,8.11570031302316,-1.74185930887858,2.29409493340386,-4.96840238571167,8.42156155904134,6.14883150373186,2.36886952718099,0.744404405355453,0.100590132176876,1.50601476803422,1.52683390304446,-1.11802243068814,2.75705335316835,2.5147533044219,6.27506153347592,5.45297822515879,-7.45348287125429,0.34883721,0.69090909,0.54081633,0.46666667,0.84210526,0.73584906,0.56122449,19,85.0763278537326,9.27566867404514,1,0.05263158,111.47,4,0.21052632,"2024-08-31",0
"Tarik Skubal",22267,"2024-08-24","@CHW",6,2024,"DET","A",27,1,0,5.4,1,1,0,0,0,0,0,0,5,22,8,3,3,0,0,0,0,0,0,8,14.4,0,14.4,8,0.2,0,5,4,5,0,1,0,0,0.36363636,0,0.36363636,1.93879520560628,0,0.363636363636364,1.6,0.571428571428571,0.625,-0.0335202217102051,5.43352022171021,1.17608650326729,135.576014228315,-2.71186639544938,27.4127048321265,1.25,0.357142857,0.357142857,0.285714285,0,0,9,16.2,28,60,88,-0.0203139893710613,-0.391439974308014,0.371125996112823,-0.514999985694885,-0.0530654266476631,0.990318179130554,0.644199967384338,0.92059999704361,0.297000020742416,1,1,0.0124994935467839,-0.0330120821260382,0,0,0.59090909,95.69230769,0.17045455,87.06666667,0.02272727,78,0.21590909,84.94736842,NA,0.0583581514656544,-0.758943438529968,0.446798205375671,0.393613159656525,0.112227214357028,-5.05962292353312,22.3399102687836,2.07164820871855,0.39215686,0.78378378,0.55681818,0.65,0.96551724,0.83673469,0.42045455,0.59090909,0.09090909,5,5,4,6,6,2,14,0.35714286,0.35714286,0.28571429,0.42857143,0.42857143,0.14285714,2.02021218255317,52,68.23481,64.41749,57.1027,69.20908,51.3583,75.55337,58.32603,62.47177,65.27329,60.11191,54.21041,64.40204,80,44.60408,72.40038,70.18518,56.40352,73.84466,-1.12862,2.38416,121.16,104.7,117.76,99.8,122.7,118.78,123.56,111.98,129.38,88.78,112.12,121.1,89.68,131.38,130.26,106.623409090909,115.258409090909,121.143409090909,0.40909091,0.18181818,0.17045455,0.02272727,0.21590909,95.5833333333333,95.8937530517578,86.9266682942708,77.6999969482422,84.9157907586349,3.29010200500488,8.58891296386719,-0.976343091328939,-2.00522327423096,8.1585837916324,9.29964701334635,6.85791444778442,3.3871337890625,-4.5040225982666,3.4252536171361,0.498858489096165,-0.448796320706606,-0.766439080238342,0.45238271355629,0.386398784816265,1.38571802526712,-2.80497700441629,-5.10959386825562,22.6191356778145,2.03367781482245,0.35897436,0.71428571,0.55681818,0.57142857,0.94285714,0.83673469,0.55681818,18.42424242,0.21590909,0.02272727,0.40909091,0.18181818,0.17045455,84.8818230879934,77.6376495361328,95.5738864474826,95.8708953857422,86.8885335286458,7.77425023129112,-2.59654498100281,2.85291141933865,8.10531234741211,-1.47662734985352,2.03740973221628,-5.73608016967773,8.30092366536458,5.69458246231079,2.17112350463867,0.386398784816265,0.45238271355629,0.498858489096165,-0.448796320706606,-0.766439080238342,2.03367781482245,22.6191356778145,1.38571802526712,-2.80497700441629,-5.10959386825562,0.36842105,0.7,0.55681818,0.57142857,0.94285714,0.83673469,0.56818182,14,84.8872855050223,12.3280029296875,0,0,105.108,5,0.35714286,"2024-08-24",0
"Tarik Skubal",22267,"2024-08-18","NYY",6,2024,"DET","H",27,0,0,1.5,1,1,1,0,0,0,0,0,6,23,3,1,1,0,4,0,0,1,0,5,7.5,6,4.5,1.25,0,0,9,2,3,0,0,0,0,0.2173913,0.17391304,0.04347826,5.00283115883477,0,0.157894736842105,1.16666666666667,0.214285714285714,0.85714286,3.49981311162313,-1.99981311162313,4.00381591369708,37.6600039523096,86.2549509461734,97.7597400256025,4.5,0.214285714,0.642857142,0.142857142,0,0,0,0,39,61,100,0.160895958542824,-0.397607982158661,0.558503925800323,1.87999999523163,0.198312237858772,1.09738337993622,1.06666672229767,0.870000004768372,0.954800009727478,1,1,0.153371319174767,-0.00675349947334611,0,0,0.55,97.08571429,0.07,89,0.02,78,0.36,86.39285714,NA,1.22888875007629,-0.528970897197723,0.212085232138634,1.45737564563751,2.2343431819569,-7.55672710282462,10.6042616069317,4.04826568232642,0.3442623,0.61538462,0.45,0.57142857,0.91666667,0.75555556,0.39,0.65217391,0.11,10,4,0,0,9,5,14,0.71428571,0.28571429,0,0,0.64285714,0.35714286,4.10353241141829,63,51.75042,68.2459,40.90476,54.32816,49.14221,53.53777,30.4019,47.60935,44.83995,20,56.03499,20,80,40.10348,80,40.66675,58.69789,34.40854,0.70525,5.13497,119.5,73.6,97.14,96.88,108.78,104.92,93.54,87.82,96.62,119.16,-37.3,1.28,87.56,131.82,122.78,107.12,78.6255555555555,91.1616666666667,0.34722222,0.13888889,0.09722222,0.02777778,0.38888889,97.28,96.2700012207031,88.8999982561384,78.1000061035156,86.3678588867188,4.62316833496094,8.87351150512695,-0.54894825390407,-1.79970479011536,9.27554539271763,9.09737487792969,6.84771270751953,4.12122617449079,-4.7823429107666,3.56445584978376,0.144287835806608,0.440268311649561,-0.541794709861279,0.214739695191383,1.69062255322933,0.577151343226433,4.40268311649561,-7.73992442658969,10.7369847595692,6.03793769010476,0.30769231,0.48484848,0.38888889,0.5,1,0.78571429,0.45833333,17.74666667,0.38888889,0.02777778,0.34722222,0.13888889,0.09722222,86.4616350446429,78.2156524658203,97.342890625,96.3610229492188,88.9890398297991,8.88640594482422,-2.21843004226685,4.26008422851563,8.36835708618164,-0.973794324057443,2.12786088671003,-6.03616523742676,7.93602600097656,5.51977500915527,2.90797860281808,1.7299869209528,0.214739695191383,0.144287835806608,0.440268311649561,-0.541794709861279,6.17852471768856,10.7369847595692,0.577151343226433,4.40268311649561,-7.73992442658969,0.31707317,0.48387097,0.38888889,0.61538462,0.93333333,0.78571429,0.43055556,14,89.3587091619318,7.55763244628906,0,0,109.753,4,0.28571429,"2024-08-18",0
"Tarik Skubal",22267,"2024-08-13","SEA",6,2024,"DET","H",27,1,0,1.5,1,1,1,0,0,0,0,0,6,23,3,1,1,0,1,0,2,0,0,9,13.5,1.5,4.5,9,0,0,5,4,2,1,0,0,0,0.39130435,0.04347826,0.34782609,2.07208636097866,0,0.15,0.666666666666667,0.272727272727273,0.83333333,1.6664797782898,-0.166479778289796,2.67448538243771,37.6600039523096,40.092923080237,64.6892272242903,1.25,0.181818181,0.454545454,0.363636363,0.25,0,15,22.5,32,56,88,0.147531986236572,-0.161740019917488,0.309271991252899,1.87999999523163,0.198312237858772,0.568765223026276,0.567466676235199,0.870000004768372,0.0164000000804663,1,1,0.155139222741127,0.104250733366925,0,0,0.53409091,97.10638298,0.13636364,89.66666667,0.05681818,78.6,0.27272727,86.29166667,NA,0.70490288734436,0.386183619499207,-0.101102262735367,1.10121548175812,1.49979337732843,3.21819682916005,-2.02204525470734,4.58839784065882,0.33333333,0.5,0.39772727,0.55555556,0.82352941,0.68571429,0.38636364,0.60869565,0.125,4,5,2,2,4,5,11,0.36363636,0.45454545,0.18181818,0.18181818,0.36363636,0.45454545,1.5010429148762,73,68.22312,64.46442,52.49968,59.47158,56.47913,56.48693,37.97468,41.05843,49.23522,58.13537,57.09396,59.96566,36.81859,44.23807,36.51933,56.78707,55.37957,53.46229,-0.29624,3.63273,118.22,101.78,127.32,105.92,110.86,116.06,100.42,106.18,102.46,118.88,65.88,88.32,91.92,84.34,83.28,108.996363636364,99.6795454545455,110.394772727273,0.30681818,0.22727273,0.13636364,0.05681818,0.27272727,97.1777795862268,96.8950012207031,89.5916646321615,78.6200012207031,86.2916666666667,3.78479342990451,8.39509963989258,-1.03914968172709,-2.44760627746582,8.36916478474935,9.614501953125,7.02546768188477,4.03390630086263,-4.39186820983887,2.99668757120768,0.271295987069607,0.417056780308485,0.38646674528718,-0.103298131376505,1.11631279066205,1.00479995210965,2.08528390154243,3.2205562107265,-2.0659626275301,4.65130329442521,0.33333333,0.475,0.39772727,0.5,0.84210526,0.68571429,0.45454545,16.70769231,0.27272727,0.05681818,0.30681818,0.22727273,0.13636364,86.3661295572917,78.6748596191406,97.2692509403935,96.9931945800781,89.6623229980469,8.23221778869629,-2.52243194580078,3.57661381474248,8.14014129638672,-1.26262370745341,1.70511039098104,-5.51745796203613,8.6532553213614,6.16730804443359,3.00302219390869,1.11631279066205,-0.103298131376505,0.271295987069607,0.417056780308485,0.38646674528718,4.65130329442521,-2.0659626275301,1.00479995210965,2.08528390154243,3.2205562107265,0.30612245,0.51282051,0.39772727,0.46666667,0.85,0.68571429,0.44318182,11,89.5820478959517,16.2087249755859,1,0.09090909,108.698,6,0.54545455,"2024-08-13",0
"Tarik Skubal",22267,"2024-08-07","@SEA",6,2024,"DET","A",27,1,0,2.57142857142857,1,1,1,0,0,0,0,0,7,26,3,2,2,1,2,0,0,0,0,9,11.5714285714286,2.57142857142857,3.85714285714286,4.5,0,0,2,11,2,1,0,0,0,0.34615385,0.07692308,0.26923077,3.47956783376814,1.28571428571429,0.125,0.714285714285714,0.142857142857143,0.83333333,3.30933692114694,-0.737908349718366,3.8282072737813,64.5600067753879,81.4588961029592,93.3910238652552,0.181818181,0.133333333,0.133333333,0.733333333,0.09090909,0.09090909,3,3.85714285714286,32,70,102,0.2467440366745,-0.330816000699997,0.577560067176819,1.00999999046326,0.114707544445992,1.10888457298279,1.24888575077057,0.932600021362305,2.42440009117126,1,1,0.191458836197853,0.031056692186479,0,0,0.42156863,97.58139535,0.20588235,89.52380952,0.05882353,78.83333333,0.31372549,87.375,NA,-0.267066180706024,1.19361174106598,0.0500015467405319,1.17921543121338,-0.6210841411768,5.68386543364752,0.833359112342199,3.68504822254181,0.37704918,0.68292683,0.5,0.43478261,0.78571429,0.62745098,0.40196078,0.76923077,0.18627451,6,6,3,3,8,4,15,0.4,0.4,0.2,0.2,0.53333333,0.26666667,2.62915246228019,68,60.48141,71.26168,44.8571,52.16767,55.42937,48.69366,31.74221,49.1044,50.37932,59.21324,55.0258,63.91971,80,47.27776,80,56.65244,62.28064,53.4257,-0.28788,3.64527,136.08,87.2,116.22,107.34,89.68,92.9,110.34,64.06,64.82,109.06,92.94,111.56,99.18,135.02,140.98,116.628316831683,89.4429702970297,103.781584158416,0.31372549,0.10784314,0.20588235,0.05882353,0.31372549,97.765625,97.1727294921875,89.4142833891369,78.7666625976562,87.3656234741211,3.79093956947327,8.763239773837,-0.563330468677339,-3.56708780924479,8.42371559143066,9.34378147125244,7.17059187455611,3.46085575648717,-5.05580870310466,2.65202403068542,0.74076796323061,-0.957224689424038,1.23670952394605,0.0499681234359741,1.14806665480137,2.31489988509566,-8.70204263112762,5.88909297117165,0.832802057266235,3.58770829625428,0.26086957,0.69642857,0.5,0.25,0.74358974,0.62745098,0.54901961,15.69736842,0.31372549,0.05882353,0.31372549,0.10784314,0.20588235,87.3645401000977,78.7347005208333,97.7712631225586,97.1766690340909,89.3967168898809,8.38941478729248,-3.90281327565511,3.62772059440613,8.39463528719815,-0.865387507847377,1.06024599075317,-6.70998318990072,8.28009605407715,6.0159648548473,2.13169515700567,1.14806665480137,0.0499681234359741,0.74076796323061,-0.957224689424038,1.23670952394605,3.58770829625428,0.832802057266235,2.31489988509566,-8.70204263112762,5.88909297117165,0.27906977,0.66101695,0.5,0.25,0.74358974,0.62745098,0.57843137,15,88.1210611979167,26.6051574707031,1,0.06666667,107.705,6,0.4,"2024-08-07",0
"Tarik Skubal",22267,"2024-08-02","KCR",6,2024,"DET","H",27,0,1,7.10526351453196,1,1,0,0,0,0,0,0,6.1,28,7,5,5,1,2,0,0,0,0,8,11.3684216232511,2.84210540581279,9.94736892034475,4,0.2,0,5,8,4,2,1,1,0,0.28571429,0.07142857,0.21428571,3.48900969943874,1.42105270290639,0.269230769230769,1.42105270290639,0.352941176470588,0.52631579,3.64016401259193,3.46509950194004,3.49743778170827,178.38950135965,89.788886692463,85.1622828075126,0.625,0.235294117,0.294117647,0.470588235,0.25,0.125,2,2.84210540581279,32,63,95,-0.0864159390330315,-0.487851977348328,0.401436060667038,-0.519999921321869,-0.0548523142933846,1.05190002918243,0.9708571434021,0.870000004768372,2.01760005950928,1,1,0.0214556604623795,-0.103607896069975,0,0,0.68421053,97.09230769,0.11578947,89,0.02105263,79.5,0.17894737,86.70588235,NA,2.09726405143738,-1.77902388572693,-0.00848141312599182,-0.990009784698486,3.22656007913443,-16.1729444156994,-0.424070656299591,-5.82358696881463,0.23809524,0.73584906,0.51578947,0.6,0.87179487,0.81632653,0.55789474,0.60714286,0.09473684,8,7,3,2,10,6,18,0.44444444,0.38888889,0.16666667,0.11111111,0.55555556,0.33333333,3.84893608358124,46,80,62.30054,80,60.49988,54.66335,64.35055,35.01654,49.69982,46.72855,36.16819,56.80717,49.30865,61.78153,41.64851,58.09681,61.29495,53.52412,69.01082,-0.5763,3.21264,126,133.54,155.6,100.78,108.12,106.44,103.72,79.74,83.02,109.84,52.62,72.42,91.38,106.58,105.28,106.623617021277,99.5925531914894,105.706170212766,0.49473684,0.18947368,0.12631579,0.02105263,0.16842105,97.004259474734,97.2222222222222,88.5166625976562,79.4000015258789,86.8375015258789,3.36115930435505,8.15339660644531,-1.03421370188395,-2.00360608100891,8.04349517822266,9.42687468833112,7.13178931342231,3.86185932159424,-3.22040510177612,4.01859617233276,1.41508868336678,0.68129301071167,-1.75032497569919,-0.00895778834819794,-0.994681570678949,3.01082698588676,3.78496117062039,-14.5860414641599,-0.447889417409897,-6.21675981674343,0.21875,0.66666667,0.51578947,0.57142857,0.85714286,0.81632653,0.66315789,17.37313433,0.17894737,0.02105263,0.49473684,0.18947368,0.11578947,86.8882482192096,79.6283493041992,97.2257002160904,97.4452514648438,89.1165882457386,7.61991164263557,-2.19549155235291,3.22070896879156,7.76323021782769,-1.66638963872736,2.927666832419,-4.68280982971191,8.42184188518118,6.24504979451497,2.19237223538485,-0.955317202955484,-0.00895778834819794,1.41508868336678,0.68129301071167,-1.78968934342265,-5.61951295856167,-0.447889417409897,3.01082698588676,3.78496117062039,-16.2699031220241,0.23529412,0.67213115,0.51578947,0.625,0.82926829,0.79591837,0.64210526,18,97.3198816636029,18.0621930290671,1,0.05555556,113.037,11,0.61111111,"2024-08-02",0
"Tarik Skubal",22267,"2024-07-27","MIN",6,2024,"DET","H",27,1,0,2.57142857142857,1,1,1,0,0,0,0,0,7,28,5,2,2,1,2,0,0,0,0,8,10.2857142857143,2.57142857142857,6.42857142857143,4,0,0,8,8,2,0,0,0,0,0.28571429,0.07142857,0.21428571,3.37891276028208,1.28571428571429,0.192307692307692,1,0.235294117647059,0.89285714,3.59505120686122,-1.02362263543265,3.46591795682907,64.5600067753879,88.6529783677805,84.3781461705733,1,0.111111111,0.444444444,0.444444444,0,0.125,7,9,27,69,96,0.180704042315483,-0.343159973621368,0.523864030838013,1.35999989509583,0.143459916114807,0.96774286031723,1.00657141208649,0.870000004768372,0.252000004053116,1,1,0.156885743141174,0.029841588803437,0,0,0.57291667,96.98181818,0.15625,88.13333333,0.05208333,77.6,0.21875,86.42857143,NA,2.03317403793335,-1.17664337158203,0.136528074741364,0.321364253759384,3.69668006896973,-7.84428914388021,2.73056149482727,1.53030597028278,0.34615385,0.77272727,0.54166667,0.66666667,0.91176471,0.82692308,0.45833333,0.60714286,0.09375,4,11,3,1,12,5,18,0.22222222,0.61111111,0.16666667,0.05555556,0.66666667,0.27777778,2.96796569252052,63,61.10227,66.65856,51.63351,60.08361,62.32018,54.1179,35.11296,43.34974,47.91849,55.64911,57.09097,52.99309,80,47.86754,80,56.41666,58.22807,55.06427,-0.27323,3.66725,125.64,90.52,114.34,102.98,85.16,92.1,100.1,86.32,81.14,106.36,77.02,94.38,90.78,132.28,131.22,107.169583333333,87.780625,96.8470833333333,0.34375,0.22916667,0.15625,0.05208333,0.21875,97.1515151515152,96.5454545454545,88.213330078125,77.4400024414062,86.4666689918155,3.5392899946733,8.36351568048651,-0.806341234842936,-4.50552024841309,8.27474030994234,9.59913219105114,6.94057950106534,4.00249837239583,-4.07713012695312,3.27376520066034,1.36067053303123,0.730153266340494,-1.17837707698345,0.137818358838558,0.351371899247169,4.12324403948856,3.31887848336588,-7.85584717988968,2.75636717677116,1.67319952022462,0.28205128,0.71929825,0.54166667,0.54545455,0.90243902,0.82692308,0.59375,18.48529412,0.21875,0.05208333,0.34375,0.22916667,0.15625,86.5364118303571,77.4933227539063,97.2379039417614,96.6084317294034,88.2607014973958,7.82357352120536,-4.89894027709961,3.19431328051018,7.96132798628374,-1.28489049275716,1.85919498261951,-5.01055793762207,8.51564626982718,6.00874467329545,2.86200052897135,0.362728521227837,0.137818358838558,1.36067053303123,0.730153266340494,-1.17837707698345,1.72727867251351,2.75636717677116,4.12324403948856,3.31887848336588,-7.85584717988968,0.28947368,0.70689655,0.54166667,0.54545455,0.90243902,0.82692308,0.60416667,18,93.2669542100694,11.8244179619683,1,0.05555556,108.817,9,0.5,"2024-07-27",0
"Tarik Skubal",22267,"2024-07-22","@CLE",6,2024,"DET","A",27,1,0,1.28571428571429,1,1,1,0,0,0,0,0,7,31,10,1,1,0,1,0,0,0,0,6,7.71428571428571,1.28571428571429,12.8571428571429,6,0,1,11,6,6,2,0,1,1,0.19354839,0.03225806,0.16129032,3.70687164125077,0,0.333333333333333,1.57142857142857,0.416666666666667,0.90909091,1.88076549257551,-0.595051206861223,3.17677269790854,32.2800033876939,45.488484778853,77.1849148697686,1.833333333,0.260869565,0.478260869,0.260869565,0.333333333,0,7,9,25,73,98,0.210111990571022,-0.385496020317078,0.595607995986938,2.3600001335144,0.248945146799088,1.02685165405273,0.763142883777618,0.910000026226044,0.149199992418289,1,1,0.0794342905282974,0.125183377215394,0,0,0.59793814,96.72413793,0.1443299,88.71428571,0.04123711,77.75,0.21649485,86.33333333,0.01020408,-0.0291975140571594,0.866265773773193,0.0348912701010704,-1.0069659948349,-0.0503405414778611,6.18761266980852,0.87228175252676,-4.79507616588048,0.38095238,0.69090909,0.55670103,0.875,0.71052632,0.75925926,0.56701031,0.61290323,0.13265306,8,10,6,6,14,4,24,0.33333333,0.41666667,0.25,0.25,0.58333333,0.16666667,2.7908532408393,62,57.82499,63.77019,52.48607,60.00443,60.23108,52.77572,63.75531,57.30607,67.7068,73.71033,44.8791,80,30.77832,46.22422,42.82053,63.96491,57.33502,66.49263,-0.74218,2.96382,130.54,80.04,112.66,103.5,93.38,95.28,107.8,107.08,115.9,102.24,136.96,144.02,97.4,61.72,62.44,110.20618556701,99.5721649484536,110.887835051546,0.29896907,0.29896907,0.1443299,0.04123711,0.21649485,96.8551740975216,96.4172447467672,88.7428588867188,77.6500015258789,86.2190464564732,3.7644719090955,8.35090900289601,-0.846816335405622,-3.99836540222168,8.62121146065848,9.82244136415679,7.53066227353852,4.14064679827009,-5.33127307891846,4.54450443812779,-0.36800130829215,0.375358853489161,0.876931335777044,0.0348466895520687,-1.04217952117324,-1.26897002859362,1.29434087410055,6.26379525555032,0.871167238801718,-4.96275962463447,0.34210526,0.69491525,0.55670103,0.84615385,0.70731707,0.74074074,0.60824742,16.98507463,0.21649485,0.04123711,0.29896907,0.29896907,0.1443299,86.1908889043899,77.615348815918,96.843017578125,96.4016365840517,88.7172066824777,8.15557716006324,-4.69674777984619,3.21633858516299,7.95447356125404,-1.54036208561489,3.09791673932757,-6.7084698677063,8.73788767847522,6.53090378333782,2.96423067365374,-1.04217952117324,0.0348466895520687,-0.339676335453987,0.375358853489161,0.876931335777044,-4.96275962463447,0.871167238801718,-1.17129770846202,1.29434087410055,6.26379525555032,0.36842105,0.6779661,0.55670103,0.85714286,0.7,0.74074074,0.60824742,24,83.0102698284647,12.6789763077446,0,0,103.874,5,0.20833333,"2024-07-22",0
"Tarik Skubal",22267,"2024-07-12","LAD",6,2024,"DET","H",27,0,0,3,1,1,1,0,0,0,0,0,6,22,2,2,2,1,1,0,0,0,0,8,12,1.5,3,8,0.125,0,8,4,1,0,1,0,0,0.36363636,0.04545455,0.31818182,2.14473735059763,1.5,0.0952380952380952,0.5,0.0833333333333333,0.625,3.1664797782898,-0.166479778289796,2.00781871577104,75.3200079046192,77.8618549705486,48.1041808300566,2,0.076923076,0.615384615,0.307692307,0,0.25,3,4.5,30,71,101,0.15194807946682,-0.218347936868668,0.370296001434326,0.879999935626984,0.0928270146250725,0.816454529762268,1.03413331508636,0.870000004768372,1.73000001907349,1,1,0.154018372297287,0.0320888436318884,0,0,0.54455446,97.27272727,0.16831683,89.05882353,0.02970297,77,0.25742574,86.30769231,NA,1.93880546092987,1.17445957660675,-0.0820185542106628,-1.20907187461853,3.52510083805431,6.90858574474559,-2.73395180702209,-4.6502764408405,0.30909091,0.65217391,0.46534653,0.58823529,0.83333333,0.74468085,0.45544554,0.68181818,0.11881188,3,6,4,1,7,5,13,0.23076923,0.46153846,0.30769231,0.07692308,0.53846154,0.38461538,2.39716349248893,65,64.04026,74.30382,55.86546,68.68069,57.84979,69.14715,75.65538,62.58769,80,62.56187,54.2085,64.59087,20,46.82347,20,70.00985,64.20559,73.49318,-1.11773,2.4005,133.3,91.46,124.26,106.84,114.28,116.66,118.42,131.68,144.88,115.3,115.32,135.14,93.96,58.14,55.82,117.673861386139,111.392277227723,127.184356435644,0.28712871,0.25742574,0.16831683,0.02970297,0.25742574,97.2448309536638,97.1000037560096,89.0588235294118,76.9666646321615,86.1884577824519,3.58153218236463,8.74683204064002,-0.623164906221278,-3.21960926055908,8.86880903977614,9.56619157462285,7.32547114445613,4.11230019962086,-5.06477292378743,3.64966143094576,0.74307768791914,1.21573954075575,1.19055028259754,-0.0835345722734928,-1.21604796871543,2.56233685489359,4.67592131059903,7.00323695645613,-2.78448574244976,-4.67710757198242,0.28571429,0.59322034,0.46534653,0.41666667,0.85714286,0.74468085,0.58415842,15.55696203,0.25742574,0.02970297,0.28712871,0.25742574,0.16831683,86.269521859976,77.0228017171224,97.329345703125,97.1891432542067,89.1220128676471,8.49124908447266,-3.47078990936279,3.23053425755994,8.29998251108023,-1.16349848578958,1.97394268329327,-6.16699663798014,8.48534314385776,6.19527670053335,2.91125757553998,-1.21604796871543,-0.0835345722734928,0.74307768791914,1.21573954075575,1.19055028259754,-4.67710757198242,-2.78448574244976,2.56233685489359,4.67592131059903,7.00323695645613,0.2826087,0.61818182,0.46534653,0.46153846,0.85294118,0.74468085,0.54455446,13,91.5469689002404,5.72029524583083,1,0.07692308,102.296,6,0.46153846,"2024-07-12",0
"Tarik Skubal",22267,"2024-07-07","@CIN",6,2024,"DET","A",27,1,0,1.28571428571429,1,1,1,0,0,0,0,0,7,25,3,1,1,0,0,0,0,1,0,13,16.7142857142857,0,3.85714285714286,13,0.125,0,8,0,4,0,1,0,0,0.52,0,0.52,0.424071484014893,0,0.12,0.428571428571429,0.25,0.66666667,-0.547805935995919,1.83352022171021,-0.547805935995919,32.2800033876939,-15.6612144721276,-15.473549293647,8,0.333333333,0.666666666,0,0,0,5,6.42857142857143,26,67,93,0.368460029363632,-0.378890037536621,0.747350096702576,2.92700004577637,0.276784867048264,1.43738460540771,1.2072856426239,0.870000004768372,0.687000036239624,1,1,0.350836843252182,-0.0944962452122313,0,0,0.43010753,97.4,0.1827957,89.23529412,0.07526882,78.57142857,0.31182796,87.20689655,NA,-0.500275552272797,1.38253951072693,0.0547232516109943,1.80867731571198,-1.25068888068199,8.13258535721723,0.781760737299919,6.23681833004129,0.41666667,0.68888889,0.5483871,0.45,0.70967742,0.60784314,0.48387097,0.68,0.21505376,6,2,4,1,9,2,12,0.5,0.16666667,0.33333333,0.08333333,0.75,0.16666667,0.543863675784526,85,77.00941,69.17152,66.36787,50.71747,55.75005,45.42506,58.17186,38.50249,79.59498,51.11912,54.78479,44.2326,58.40824,46.50732,53.11794,63.28897,59.24354,60.11312,-0.70018,3.02682,125.3,110.4,136.6,105.18,85.06,87.18,113.5,117.86,115.12,120.76,105.28,128.2,96.76,96.68,100.38,114.857173913043,102.439565217391,115.148043478261,0.27956989,0.15053763,0.1827957,0.07526882,0.31182796,97.5,96.971426827567,89.1588206571691,78.4142892020089,87.1862035290948,3.62672453660231,8.45084381103516,-1.28702253453872,-2.12399400983538,8.64376567972117,9.45002042330228,7.3472535269601,3.0143648035386,-5.03639112200056,4.2342195182011,-0.952534079551697,0.4870929941535,1.39747970551252,0.0544474981725216,1.8305385299027,-3.66359261366037,3.479235672525,8.22046885595602,0.777821402464594,6.31220182725068,0.35135135,0.67857143,0.5483871,0.30769231,0.71052632,0.60784314,0.60215054,16.63235294,0.31182796,0.07526882,0.27956989,0.15053763,0.1827957,87.0492238011853,78.275146484375,97.3850848858173,96.8595581054688,89.018403894761,8.10913296403556,-2.87713296072824,3.10790927593525,7.79375076293945,-2.02462297327378,2.75978298844962,-6.49620982578823,8.44362288254958,6.17339651925223,1.77359895145192,1.8305385299027,0.0544474981725216,-0.952534079551697,0.4870929941535,1.39747970551252,6.31220182725068,0.777821402464594,-3.66359261366037,3.479235672525,8.22046885595602,0.375,0.67924528,0.5483871,0.33333333,0.72222222,0.60784314,0.56989247,12,85.8987325032552,-2.74953174591064,0,0,110.043,2,0.16666667,"2024-07-07",0
"Tarik Skubal",22267,"2024-07-02","@MIN",6,2024,"DET","A",27,0,0,4.5,1,1,1,0,0,0,0,0,6,23,4,3,3,1,1,0,0,0,0,7,10.5,1.5,6,7,0,0,5,7,3,0,0,0,0,0.30434783,0.04347826,0.26086957,2.97981225169353,1.5,0.181818181818182,0.833333333333333,0.214285714285714,0.55555556,3.49981311162313,1.00018688837687,3.09715625221531,112.980011856929,86.2549509461734,75.2042512014193,0.714285714,0.2,0.333333333,0.466666666,0,0.142857142,3,4.5,27,67,94,-0.071075975894928,-0.458292037248611,0.387216061353683,-0.0959999784827232,-0.0100628826767206,0.889478266239166,1.00720000267029,0.870000004768372,1.50720000267029,1,1,-0.0185095369815826,-0.0613979532772258,0,0,0.57446809,97.16666667,0.10638298,88.9,0.06382979,78.33333333,0.25531915,86.875,NA,0.930032730102539,0.396767348051071,0.385090917348862,-0.703806698322296,1.72228283352322,3.96767348051071,6.41818195581436,-2.93252790967623,0.375,0.7826087,0.57446809,0.72222222,0.80555556,0.77777778,0.4893617,0.56521739,0.12765957,6,8,1,4,7,4,15,0.4,0.53333333,0.06666667,0.26666667,0.46666667,0.26666667,3.64829179980815,57,60.96433,67.20283,47.05307,52.86793,47.61907,51.73038,30.15687,36.3302,45.77714,80,64.9321,80,80,49.88373,80,57.16018,51.72832,58.82725,-0.31942,3.59796,124.54,90.98,121.14,96.5,94.34,89.96,104.42,79.76,78.72,107.3,128.68,147.58,98.56,116.06,122.4,106.77829787234,95.2002127659574,103.532765957447,0.31914894,0.25531915,0.11702128,0.06382979,0.24468085,97.2833333333333,96.9083353678385,88.5363603071733,78.3333333333333,86.8173934273098,4.31306966145833,8.3819039662679,-0.766439004377885,-2.36498355865479,8.36809705651325,9.01245727539063,7.0861136118571,3.94584413008256,-4.61864121754964,4.08750019902768,-0.21155521273613,1.16842646896839,0.478841789066792,0.389579188078642,-0.783945087343454,-0.705184042453766,4.86844362070163,4.35310717333447,6.49298646797736,-3.40845690149328,0.37837838,0.70175439,0.57446809,0.64285714,0.825,0.77777778,0.60638298,15.54285714,0.25531915,0.06382979,0.31914894,0.25531915,0.10638298,86.7882486979167,78.2795003255208,97.2981770833333,96.9392598470052,88.7877014160156,7.94552167256673,-2.56644662221273,4.05175526936849,7.97231101989746,-1.59468259811401,3.08569590250651,-5.61920356750488,8.19026438395182,6.2242743174235,2.56476402282715,-0.706417705863714,0.389579188078642,-0.21155521273613,1.16842646896839,0.401314407587051,-2.94340710776548,6.49298646797736,-0.705184042453766,4.86844362070163,4.01314407587051,0.37837838,0.70175439,0.57446809,0.64285714,0.825,0.77777778,0.60638298,15,89.7785074869792,18.0702779134115,2,0.13333333,106.988,7,0.46666667,"2024-07-02",0
"Tarik Skubal",22267,"2024-06-25","PHI",6,2024,"DET","H",27,1,0,0,1,1,1,0,0,0,0,0,7,26,3,0,0,0,1,0,1,0,0,7,9,1.28571428571429,3.85714285714286,7,0.2,0,10,4,3,0,2,0,0,0.26923077,0.03846154,0.23076923,2.78327346236005,0,0.125,0.571428571428571,0.176470588235294,1,2.02362263543265,-2.02362263543265,2.887627438988,0,49.0855259112636,69.991683568964,2.5,0.176470588,0.588235294,0.235294117,0,0,4,5.14285714285714,27,64,91,0.332479983568192,-0.157311975955963,0.489791959524155,3.35999989509583,0.354430377483368,0.888400018215179,0.891885697841644,0.870000004768372,0.468400001525879,1,1,0.315291523933411,0.058954285106703,0,0,0.53846154,97.71428571,0.12087912,89.09090909,0.03296703,79.33333333,0.30769231,87.5,NA,1.81042432785034,0.281103074550629,0.251039564609528,0.395512133836746,3.69474352622519,2.55548249591481,8.36798548698425,1.41254333513124,0.36363636,0.55319149,0.46153846,0.25,0.76923077,0.57142857,0.51648352,0.76923077,0.1978022,5,6,6,2,10,5,17,0.29411765,0.35294118,0.35294118,0.11764706,0.58823529,0.29411765,2.09345270617712,80,67.38732,59.69512,62.68042,72.70986,53.57665,70.57725,50.22589,59.44939,61.42296,29.69936,47.8435,30.61463,76.3097,44.66743,80,63.26508,56.27638,66.39351,-0.6987,3.02904,117.18,106.82,122.58,106.74,118.2,119.74,119.54,86.22,108.32,108.26,60.18,72.7,118.84,95.48,109.62,113.910769230769,98.5017582417582,111.582197802198,0.27472527,0.26373626,0.12087912,0.03296703,0.30769231,97.86400390625,97.4291687011719,88.890907981179,79.3666687011719,87.4607107979911,4.20035888671875,8.55997975667318,-1.23347863284024,-3.92478815714518,8.60139192853655,8.853076171875,6.86546389261882,2.35785016146573,-3.6204579671224,3.96390751429967,1.41139704361558,0.461079716682434,0.282900482416153,0.253809958696365,0.395124021917582,5.64558817446232,1.92116548617681,2.57182256741957,8.46033195654551,1.41115722113422,0.35135135,0.53703704,0.46153846,0.23076923,0.72413793,0.57142857,0.59340659,15.50793651,0.30769231,0.03296703,0.27472527,0.26373626,0.12087912,87.4923706054688,79.3951009114583,97.916015625,97.4753112792969,88.9029651988636,8.24054500034877,-4.62292989095052,3.67104644775391,8.00115839640299,-1.79300793734464,2.77649307250977,-4.60849316914876,8.11992492675781,5.94230270385742,1.55701481212269,0.395124021917582,0.253809958696365,1.41139704361558,0.461079716682434,0.282900482416153,1.41115722113422,8.46033195654551,5.64558817446232,1.92116548617681,2.57182256741957,0.35135135,0.53703704,0.46153846,0.23076923,0.72413793,0.57142857,0.59340659,17,86.5648049747243,3.93663204417509,1,0.05882353,111.384,4,0.23529412,"2024-06-25",0
"Tarik Skubal",22267,"2024-06-19","@ATL",6,2024,"DET","A",27,0,1,9,1,1,0,0,0,0,0,0,4,23,7,5,4,2,2,0,2,0,0,7,15.75,4.5,15.75,3.5,0,0,2,6,4,2,0,0,0,0.30434783,0.08695652,0.21739131,3.56916952954847,4.5,0.368421052631579,2.25,0.5,0.73170732,9.16647977828979,-0.166479778289794,4.9344923876226,225.960023713858,228.937582531795,120.912708772717,0.333333333,0.333333333,0.166666666,0.5,0.333333333,0.333333333,0,0,28,55,83,-0.235651984810829,-0.57532399892807,0.33967199921608,-2.97199988365173,-0.30203253030777,1.00153338909149,0.751800000667572,0.870000004768372,0.132399991154671,1,1,-0.364076018333435,0.128784826469534,0,0,0.48192771,96.9,0.20481928,88.52941176,0.02409639,78,0.28915663,86.79166667,NA,-1.54586696624756,0.683495342731476,-0.943016052246094,-1.83825409412384,-3.8646674156189,4.02056083959692,-47.1508026123047,-7.65939205884933,0.38,0.81818182,0.55421687,0.47368421,0.66666667,0.58695652,0.39759036,0.69565217,0.22891566,6,2,4,3,4,5,12,0.5,0.16666667,0.33333333,0.25,0.33333333,0.41666667,9.07977279650171,25,63.98806,72.32345,55.31117,48.40402,57.70832,45.71079,61.19093,64.85482,67.4545,51.75196,55.92829,48.37651,80,43.58748,80,57.87706,65.17136,55.38497,-0.36396,3.53115,130.24,91.64,121.56,104.34,70.1,71.26,111.76,96.36,104.42,113.6,86.98,105.28,96.06,144.76,147.94,114.867228915663,86.3306024096385,100.613012048193,0.3253012,0.15662651,0.20481928,0.02409639,0.28915663,97.0185185185185,96.3999962439904,88.523530847886,78.25,86.7458292643229,3.25344509548611,8.54453453650841,-1.26862952288459,-2.80652451515198,8.61890284220378,9.49008969907407,7.43773827185998,3.44621546128217,-5.67297744750977,4.26430130004883,-2.16808518022299,0.603910535573959,0.687869030982256,-0.957541197538376,-1.85641921684146,-8.02994511193699,4.64546565826123,4.04628841754268,-47.8770598769188,-7.73508007017275,0.38636364,0.74358974,0.55421687,0.35294118,0.72413793,0.58695652,0.46987952,18.41666667,0.28915663,0.02409639,0.30120482,0.18072289,0.20481928,86.9574991861979,78.4469451904297,97.322119140625,96.5681884765625,88.7229434742647,8.26752662658691,-3.23639488220215,2.50760650634766,7.74560190836589,-1.80160982468549,2.91984399159749,-6.90962028503418,8.79514221191406,6.60889689127604,2.47553836598116,-1.85641921684146,-0.957541197538376,-2.28348762542009,0.719312980771065,0.687869030982256,-7.73508007017275,-47.8770598769188,-9.13395050168037,4.7954198718071,4.04628841754268,0.39534884,0.725,0.55421687,0.35294118,0.72413793,0.58695652,0.48192771,12,86.1155293782552,26.008799235026,3,0.25,106.801,5,0.41666667,"2024-06-19",0
"Tarik Skubal",22267,"2024-06-14","@HOU",6,2024,"DET","A",27,0,1,5.68421081162557,1,1,0,0,0,0,0,0,6.1,27,6,4,4,1,1,0,1,0,0,2,2.84210540581279,1.42105270290639,8.52631621743836,2,0,0,12,9,2,1,0,0,0,0.07407407,0.03703704,0.03703704,5.39138340593872,1.42105270290639,0.24,1.10526321337164,0.227272727272727,0.60606061,5.53490094980045,0.149309861825121,5.63091290030332,142.71160108772,137.49701358012,138.237958541776,1.333333333,0.086956521,0.52173913,0.391304347,0.111111111,0.111111111,0,0,27,57,84,-0.0990680009126663,-0.497233986854553,0.398165971040726,-1.16299998760223,-0.123264446854591,0.88638573884964,0.91962856054306,0.870000004768372,0.13740000128746,1,1,-0.140474110841751,0.0287078711894325,0,0,0.47619048,97.075,0.17857143,88.73333333,0.03571429,77.66666667,0.30952381,85.26923077,NA,-0.26332613825798,-1.43937194347382,0.168018415570259,0.347109824419022,-0.658315345644951,-9.59581295649211,5.60061385234197,1.33503778622701,0.31111111,0.92307692,0.5952381,0.57142857,0.88888889,0.8,0.46428571,0.7037037,0.11904762,15,6,2,5,13,5,23,0.65217391,0.26086957,0.08695652,0.2173913,0.56521739,0.2173913,4.21864310898581,47,62.67243,65.72296,56.39488,56.94738,62.10025,50.66035,48.18338,46.21085,60.06372,61.68543,64.00666,66.11749,58.66724,45.19076,70.9957,59.47059,63.30961,59.6684,-0.46296,3.38265,120.48,92.66,114.94,107.38,101.94,107.12,111.06,101.76,110.12,105.52,94.6,110.5,90.14,111.82,110.32,111.056428571429,98.0819047619048,110.722619047619,0.32142857,0.1547619,0.17857143,0.03571429,0.30952381,96.9481517650463,96.9384577824519,88.5533284505208,77.6666666666667,85.3000018780048,4.83154918529369,8.92923208383414,-0.846639060974121,-3.25459257761637,9.62560037466196,10.0644757306134,8.3865966796875,3.90553995768229,-4.73910395304362,5.15865560678335,0.312768574804068,-0.584781832993031,-1.46070076525211,0.211605135351419,0.348562937229872,1.15840212890395,-4.49832179225408,-9.73800510168076,7.05350451171398,1.34062668165335,0.30769231,0.84444444,0.5952381,0.5,0.89473684,0.8,0.53571429,17.71929825,0.30952381,0.03571429,0.32142857,0.1547619,0.17857143,85.3600135216346,77.719233194987,97.0237991898148,97.0247802734375,88.60458984375,9.15652994009165,-3.81427669525146,4.19468999792028,8.31884296123798,-1.44680926005046,3.26020343487079,-6.42648315429688,8.72375318739149,7.01783693753756,2.27811177571615,0.348562937229872,0.211605135351419,0.312768574804068,-0.584781832993031,-1.46070076525211,1.34062668165335,7.05350451171398,1.15840212890395,-4.49832179225408,-9.73800510168076,0.325,0.84090909,0.5952381,0.53846154,0.89189189,0.8,0.52380952,23,84.1097305961277,9.1439673382303,2,0.08695652,104.666,5,0.2173913,"2024-06-14",0
"Tarik Skubal",22267,"2024-06-09","MIL",6,2024,"DET","H",27,1,0,1.35000012874605,1,1,1,0,0,0,0,0,6.2,27,5,1,1,0,2,0,1,0,0,10,13.5000012874604,2.70000025749209,6.75000064373022,5,0,1,8,3,2,1,0,1,1,0.37037037,0.07407407,0.2962963,2.39909534163182,0,0.208333333333333,1.05000010013581,0.357142857142857,0.875,1.51647962093352,-0.166479492187473,2.19688346862173,33.894006789463,36.3160259290869,52.807652376371,2.666666666,0.153846153,0.615384615,0.23076923,0.333333333,0,10,13.5000012874604,30,65,95,0.260655969381332,-0.155291974544525,0.415947943925858,2.00999999046326,0.212025314569473,0.799555540084839,0.708342850208282,0.870000004768372,0.0164000000804663,1,1,0.154134824872017,0.171866254869954,0,0,0.55789474,96.45283019,0.2,89.21052632,0.02105263,78,0.22105263,85.71428571,NA,0.142627984285355,0.373528748750687,-0.0688154324889183,1.13690066337585,0.26910940431199,1.96594078289835,-3.44077162444592,5.41381268274216,0.27272727,0.60784314,0.45263158,0.25,0.80645161,0.65116279,0.53684211,0.7037037,0.15789474,8,4,2,2,5,7,14,0.57142857,0.28571429,0.14285714,0.14285714,0.35714286,0.5,1.35403714459486,72,74.27504,74.0573,67.09737,70.69038,57.56375,67.88924,74.03822,68.15205,70.10294,36.33271,44.57648,37.58308,38.2913,44.95772,37.79801,69.32118,60.94113,66.37631,-1.07494,2.46468,127.16,106.14,138.62,99.18,126.38,131.68,116.4,119.66,130.82,108.48,79.66,87.56,86,64.64,60.14,109.485263157895,110.271789473684,122.757263157895,0.41052632,0.14736842,0.2,0.02105263,0.22105263,96.3051257011218,96.471426827567,89.0842092413651,78.1999969482422,85.7095249720982,4.78817514272836,9.49414607456752,-0.19523108632941,-1.75073945522308,9.65803527832031,9.57803188226162,7.25187465122768,4.32134849146793,-4.40828895568848,4.03506215413411,0.764900844544172,-0.577448755502701,0.372255090624094,-0.0700974091887474,1.12877328693867,1.96128421677993,-4.12463396787643,1.95923731907418,-3.50487045943737,5.37511089018413,0.28947368,0.56140351,0.45263158,0.18181818,0.8125,0.65116279,0.6,16.55223881,0.22105263,0.02105263,0.41052632,0.14736842,0.2,86.1061721075149,78.5604019165039,96.7035882411859,96.858642578125,89.4607319078947,9.15466090611049,-2.14983987808228,4.30246988932292,9.06436811174665,-0.780852819743909,2.43948400588263,-5.55002975463867,8.2980213654347,6.06101553780692,2.99896561472039,1.12877328693867,-0.0700974091887474,0.764900844544172,-0.577448755502701,0.372255090624094,5.37511089018413,-3.50487045943737,1.96128421677993,-4.12463396787643,1.95923731907418,0.25,0.6,0.45263158,0.2,0.78787879,0.65116279,0.57894737,14,90.6701284555288,9.65584388146034,0,0,103.111,7,0.5,"2024-06-09",0
"Tarik Skubal",22267,"2024-06-03","@TEX",6,2024,"DET","A",27,0,0,1.5,1,1,1,0,0,0,0,0,6,26,7,1,1,1,2,0,0,0,0,6,9,3,10.5,3,0.111111111,0,9,7,2,1,1,0,0,0.23076923,0.07692308,0.15384615,3.96336813625722,1.5,0.291666666666667,1.5,0.352941176470588,1,4.33314644495646,-2.83314644495646,3.93048958554864,37.6600039523096,107.237690885235,95.9355591942114,1.285714285,0.111111111,0.5,0.388888888,0.142857142,0.142857142,1,1.5,31,65,96,0.238171994686127,-0.423495888710022,0.661667883396149,1.94599997997284,0.202076837420464,1.22823071479797,1.0308666229248,0.870000004768372,1.50839996337891,1,1,0.0324197001755238,0.161495003158778,0,0,0.57291667,97.09090909,0.125,89.25,0.04166667,79.25,0.26041667,86.68,NA,0.848795056343079,-0.183787494897842,0.346033036708832,-1.73670172691345,1.5432637388056,-1.53156245748202,8.65082591772079,-6.94680690765381,0.26086957,0.72,0.5,0.5,0.88888889,0.79166667,0.52083333,0.57692308,0.10416667,6,4,8,1,9,8,18,0.33333333,0.22222222,0.44444444,0.05555556,0.5,0.44444444,3.4326962111322,54,80,80,65.29978,52.94833,53.83896,50.55205,48.07107,56.85534,57.19977,60.42153,59.17127,58.67827,80,44.96379,80,66.53752,63.036,63.70283,-0.902,2.72409,137.06,124.74,161.08,98.96,96.12,96.5,113.06,109.4,123.44,98.02,117.08,136.68,94.76,136.36,138.64,111.820625,110.913125,126.269791666667,0.33684211,0.23157895,0.12631579,0.04210526,0.26315789,96.9781265258789,97.1954567649148,89.3333333333333,79.125,86.74400390625,4.67811155319214,9.12263488769531,-0.559570948282878,-2.63336539268494,9.4500390625,9.36714744567871,7.68017370050604,3.7719996770223,-4.81757211685181,3.56007354736328,0.188805174082518,0.631974577903748,-0.187237337231636,0.176063045859337,-1.7595926001668,0.590016169007868,2.87261171774431,-1.56031114359697,4.40157614648342,-7.03837040066719,0.18421053,0.70175439,0.49473684,0.42857143,0.85,0.78723404,0.6,17.05882353,0.26041667,0.04166667,0.34375,0.22916667,0.125,86.552099609375,78.9130706787109,96.7614006273674,97.0016091086648,89.1139424641927,9.13337585449219,-3.15701746940613,4.23538531679096,8.60116923939098,-1.13418412208557,1.81059204101563,-6.31112766265869,8.11800500118371,6.53284523703835,2.39095004399618,-1.7595926001668,0.350098788738251,0.228169541805983,0.631974577903748,-0.187237337231636,-7.03837040066719,8.75246971845627,0.691422853957523,2.87261171774431,-1.56031114359697,0.20512821,0.70175439,0.5,0.5,0.85,0.79166667,0.59375,18,91.3064754710478,11.2765395220588,1,0.05555556,109.587,7,0.38888889,"2024-06-03",0
"Tarik Skubal",22267,"2024-05-29","PIT",6,2024,"DET","H",27,1,0,0,1,1,1,0,0,0,0,0,7,25,3,0,0,0,1,0,0,0,0,8,10.2857142857143,1.28571428571429,3.85714285714286,8,0,0,8,5,3,0,0,0,0,0.32,0.04,0.28,2.58037868401489,0,0.125,0.571428571428571,0.1875,1,1.30933692114694,-1.30933692114694,2.38934292559113,0,31.1003202492105,57.5955759106409,1.6,0.1875,0.5,0.3125,0,0,8,10.2857142857143,27,66,93,0.22960002720356,-0.0931640267372131,0.322764039039612,3.35999989509583,0.354430377483368,0.625663995742798,0.63308572769165,0.870000004768372,0.0263999998569489,1,1,0.380616724491119,-0.0136465475817462,0,0,0.59139785,97,0.10752688,89.6,0.05376344,78,0.24731183,86.04347826,NA,2.861248254776,-0.152045950293541,0.0844092667102814,0.5920050740242,5.20226955413818,-1.52045950293541,1.68818533420563,2.57393510445305,0.22727273,0.71428571,0.48387097,0.6,0.68571429,0.66666667,0.52688172,0.92,0.16129032,6,6,4,1,12,3,16,0.375,0.375,0.25,0.0625,0.75,0.1875,1.40593699272578,81,65.11181,66.2781,56.93729,65.76352,59.43533,65.45681,52.64541,41.90775,71.9814,32.40723,54.10515,38.13515,61.06892,44.87022,63.57814,62.40675,58.35291,64.02345,-0.64537,3.10904,130.68,91.34,112.86,106.18,102.06,106.02,103.06,113.04,104.54,105.2,91.76,103.98,95.12,98.1,95.84,110.996774193548,99.0374193548387,106.722150537634,0.50537634,0.08602151,0.11827957,0.05376344,0.23655914,96.936170212766,97.0749969482422,89.0999977805398,78.1799987792969,85.9500011097301,3.58715463191905,8.49734592437744,-0.792411284013228,-3.38835220336914,8.68266712535511,9.88513118662733,7.46366834640503,4.64626173539595,-3.11545333862305,3.65821214155717,2.3055512458086,0.583691269159317,-0.0871310718357563,0.0850168280303478,0.558909595012665,4.90542818257149,7.29614086449146,-0.79210065305233,1.70033656060696,2.54049815914848,0.20588235,0.6440678,0.48387097,0.57142857,0.68421053,0.66666667,0.6344086,16.01470588,0.24731183,0.05376344,0.50537634,0.08602151,0.10752688,86.093505859375,78.3570617675781,97.148125831117,97.2932891845703,89.7266906738281,7.92345328952955,-3.96004180908203,3.10756959306433,7.88228988647461,-1.73618545532227,2.31945999808933,-4.64383392333984,8.65646751890791,6.35157632827759,2.7145040512085,0.62712337076664,0.0850168280303478,2.3055512458086,0.583691269159317,-0.155344847589731,2.7266233511593,1.70033656060696,4.90542818257149,7.29614086449146,-1.55344847589731,0.2,0.65517241,0.48387097,0.57142857,0.68421053,0.66666667,0.62365591,16,88.3611831665039,12.699746131897,0,0,107.665,5,0.3125,"2024-05-29",1
"Tarik Skubal",22267,"2024-05-22","@KCR",6,2024,"DET","A",27,0,1,7.2,1,1,0,0,0,0,0,0,5,22,6,4,4,1,2,0,0,0,0,6,10.8,3.6,10.8,3,0.166666666,0,6,4,4,0,1,0,0,0.27272727,0.09090909,0.18181818,3.66061337895369,1.8,0.3,1.6,0.384615384615385,0.60606061,4.56647977828979,2.63352022171021,3.17608650326729,180.768018971086,113.112858068173,77.1678440148277,1.5,0.285714285,0.428571428,0.285714285,0,0.25,0,0,34,62,96,-0.151190027594566,-0.401788055896759,0.250598043203354,-1.32999992370605,-0.130200684070587,0.634947836399078,0.684400022029877,0.870000004768372,0.178599998354912,1,1,-0.129936501383781,-0.108177590715495,0,0,0.53125,96.49019608,0.20833333,89.25,0.04166667,79.5,0.21875,85.42857143,NA,-1.77823638916016,1.04369628429413,0.215010166168213,-1.09636914730072,-3.48673801796109,5.21848142147064,5.37525415420532,-5.22080546333676,0.33962264,0.74418605,0.52083333,0.72222222,0.8125,0.78,0.44791667,0.72727273,0.11458333,6,6,2,3,7,4,14,0.42857143,0.42857143,0.14285714,0.21428571,0.5,0.28571429,5.65310359361244,41,80,80,72.57245,27.92545,50.76474,27.25044,22.47005,51.9471,26.42822,69.67807,55.89557,72.60402,21.91178,43.30594,20,48.70936,59.7187,45.56943,0.20559,4.38548,130.56,139.1,180.42,102.8,65.7,62.5,112.16,61.54,70.92,110.36,128.08,142.08,106.5,66.04,61.02,112.362105263158,93.4237894736842,105.789263157895,0.32291667,0.20833333,0.20833333,0.04166667,0.21875,96.5548371345766,96.1549987792969,89.1950012207031,79.2750015258789,85.3238118489583,4.70936633694556,9.17600555419922,-0.43120846748352,-2.44281768798828,8.87268720354353,9.50972329416583,6.75675354003906,3.90195198059082,-5.06813621520996,3.37412734258743,-1.12404964119196,-0.687493465840816,1.05718637257814,0.217366959899664,-1.1099876537919,-3.62596658449019,-3.43746732920408,5.28593186289072,5.4341739974916,-5.28565549424716,0.34693878,0.70212766,0.52083333,0.70588235,0.81818182,0.78,0.48958333,17.49315068,0.21875,0.04166667,0.32291667,0.20833333,0.20833333,85.5278436569941,79.4374008178711,96.7662944178427,96.3554382324219,89.3728271484375,8.45534987676711,-2.94342756271362,4.23677112210181,8.60250015258789,-1.00105276107788,2.2238275437128,-5.91001987457275,8.75159282069052,6.02423324584961,3.102419090271,-1.1099876537919,0.217366959899664,-1.12404964119196,-0.687493465840816,1.05718637257814,-5.28565549424716,5.4341739974916,-3.62596658449019,-3.43746732920408,5.28593186289072,0.33333333,0.68627451,0.52083333,0.66666667,0.82857143,0.78,0.53125,14,88.674813406808,6.93917519705636,3,0.21428571,110.23,3,0.21428571,"2024-05-22",0
"Tarik Skubal",22267,"2024-05-17","@ARI",6,2024,"DET","A",27,1,0,0,1,1,1,0,0,0,0,0,6,19,1,0,0,0,0,0,0,0,0,6,9,0,1.5,6,0,0,7,4,2,0,0,0,0,0.31578947,0,0.31578947,2.1849091473976,0,0.0526315789473684,0.166666666666667,0.0769230769230769,1,1.1664797782898,-1.1664797782898,2.17448538243771,0,27.5032791167999,52.250442428615,1.75,0.153846153,0.538461538,0.307692307,0,0,13,19.5,21,53,74,0.176140010356903,-0.00169999978970736,0.177840009331703,3.06599998474121,0.309696972370148,0.369578957557678,0.544666647911072,0.870000004768372,0.0219999998807907,1,1,0.394915014505386,0.0816814116572526,0,0,0.52702703,97.64102564,0.13513514,90.6,0.05405405,79.25,0.28378378,87.33333333,NA,1.94132995605469,0.306391477584839,0.381843328475952,0.974198341369629,4.97776911808894,3.06391477584839,9.5460832118988,4.63903972080776,0.42105263,0.63888889,0.52702703,0.625,0.7826087,0.71794872,0.48648649,0.89473684,0.14864865,8,4,1,3,7,3,13,0.61538462,0.30769231,0.07692308,0.23076923,0.53846154,0.23076923,0.832168574637317,79,77.25981,67.88689,68.28162,66.12611,55.86506,64.33607,48.18838,55.65515,55.02737,20,49.18603,20,80,46.18396,80,64.36735,58.93569,63.363,-0.76718,2.92632,132.34,112.36,137.3,110.84,121.36,128.54,112.82,97.62,105.98,102.24,64.34,72.64,93.16,140.66,141.74,115.251621621622,107.010810810811,119.307567567568,0.2972973,0.22972973,0.13513514,0.05405405,0.28378378,97.7318226207386,97.4117647058823,90.5900024414063,79.2750015258789,87.3857131231399,4.92450055209073,9.07938250373392,-0.138012218475342,-2.50641989707947,9.09445263090588,9.21751473166726,7.09537820255055,4.18747673034668,-4.48574209213257,3.758912222726,0.818574838340282,1.10412441194057,0.309404298663139,0.38626715913415,1.02926841005683,3.72079471972856,6.49484948200338,3.09404298663139,9.65667897835374,4.90127814312776,0.36363636,0.65853659,0.52702703,0.5,0.81481481,0.71794872,0.55405405,14.94545455,0.28378378,0.05405405,0.2972973,0.22972973,0.13513514,87.3881254650298,79.2520294189453,97.7587002840909,97.4379523782169,90.5800415039062,8.52896844773066,-3.01844501495361,4.37804759632457,8.48708208869485,-0.708345317840576,1.9543575105213,-6.37196731567383,7.89532678777521,5.74044306137983,2.61445693969727,1.02926841005683,0.38626715913415,0.818574838340282,1.10412441194057,0.309404298663139,4.90127814312776,9.65667897835374,3.72079471972856,6.49484948200338,3.09404298663139,0.34375,0.66666667,0.52702703,0.45454545,0.82142857,0.71794872,0.56756757,13,84.6912935697115,8.46852229191707,1,0.07692308,104.384,2,0.15384615,"2024-05-17",0
"Tarik Skubal",22267,"2024-05-11","HOU",6,2024,"DET","H",27,1,0,2.84210540581279,1,1,1,0,0,0,0,0,6.1,28,7,2,2,0,2,0,0,0,0,7,9.94736892034475,2.84210540581279,9.94736892034475,3.5,0,0,10,7,2,2,0,0,0,0.25,0.07142857,0.17857143,3.63861300780486,0,0.269230769230769,1.42105270290639,0.368421052631579,0.77777778,1.90332182015078,0.938783585662006,3.57448908985649,71.35580054386,46.0564370454436,87.0791320880747,1.428571428,0.105263157,0.526315789,0.368421052,0.285714285,0,8,11.3684216232511,28,69,97,0.101915992796421,-0.12805600464344,0.229971989989281,0.480000019073486,0.0506329126656055,0.429585725069046,0.422571420669556,0.870000004768372,0.488399982452393,1,1,0.0629133805632591,0.174329122734634,0,0,0.48453608,96.93617021,0.18556701,89.22222222,0.03092784,79.33333333,0.29896907,85.82758621,NA,-0.370436608791351,0.20519483089447,0.188279807567596,0.297879844903946,-0.788162997428407,1.13997128274706,6.27599358558655,1.02717187897912,0.34615385,0.73333333,0.5257732,0.55555556,0.81818182,0.7254902,0.46391753,0.75,0.1443299,10,5,4,2,11,6,19,0.52631579,0.26315789,0.21052632,0.10526316,0.57894737,0.31578947,1.24842225839254,60,76.9529,71.12242,70.93969,43.28424,53.44558,40.8657,70.14788,66.99665,72.96063,50.73575,50.92368,49.38895,58.15168,43.59833,56.48224,63.48042,62.83909,62.87878,-0.71208,3.00897,129.44,112.6,145.14,107.38,79.48,81.62,116.26,115.66,126.76,106.22,73.08,82.96,93.16,95.7,92.02,115.059587628866,95.7826804123711,110.022680412371,0.28865979,0.19587629,0.18556701,0.03092784,0.29896907,97.2999965122768,96.3105276007401,89.1888902452257,79.2999979654948,85.7344844423491,4.95157132829939,9.44919786955181,-0.0710859563615587,-2.34732723236084,9.02470555798761,9.59292275565011,7.33764166581003,3.91851721869575,-3.7032101949056,2.74541341847387,0.288561221212149,-0.62498077750206,0.201721001416445,0.190496761351824,0.278317593038082,1.03057579004339,-3.28937251316874,1.12067223009136,6.34989204506079,0.959715838062352,0.4047619,0.61818182,0.5257732,0.58823529,0.79411765,0.7254902,0.56701031,17.15942029,0.29896907,0.03092784,0.28865979,0.19587629,0.18556701,86.0317887931034,79.5817362467448,97.6265258789062,96.6223080283717,89.4754909939236,8.26533455684267,-3.1994899113973,4.27393640790667,8.70695094058388,-1.01384237077501,1.57623475173424,-4.44808991750081,8.7255494253976,6.3644585860403,2.84660169813368,0.278317593038082,0.190496761351824,0.288561221212149,-0.62498077750206,0.201721001416445,0.959715838062352,6.34989204506079,1.03057579004339,-3.28937251316874,1.12067223009136,0.36363636,0.66037736,0.5257732,0.5625,0.8,0.7254902,0.54639175,19,89.6611970600329,15.5653959575452,1,0.05263158,107.995,8,0.42105263,"2024-05-11",0
"Tarik Skubal",22267,"2024-05-05","@NYY",6,2024,"DET","A",27,0,0,3,1,1,1,0,0,0,0,0,6,24,6,2,2,1,0,0,0,0,0,12,18,0,9,12,0,0,4,5,3,1,0,0,0,0.5,0,0.5,0.926124917261226,1.5,0.25,1,0.454545454545455,0.86956522,1.33314644495646,1.66685355504354,0.426486783474684,75.3200079046192,31.6998271046123,8.76448563732912,0.8,0.25,0.333333333,0.416666666,0.2,0.2,2,3,26,70,96,0.00902005657553673,-0.334575980901718,0.343596041202545,0.945999979972839,0.0982346758246422,0.696083307266235,0.647733330726624,0.870000004768372,1.50839996337891,1,1,-0.0412489622831345,0.0542072626494536,0,0,0.51041667,96.7755102,0.125,89.66666667,0.03125,79.66666667,0.33333333,85.625,NA,0.0191956162452698,-0.958415567874908,0.0770750790834427,1.1518235206604,0.0391747270311628,-7.98679639895757,2.56916930278142,3.59944850206375,0.37209302,0.54716981,0.46875,0.3125,0.79310345,0.62222222,0.55208333,0.58333333,0.17708333,4,2,6,4,5,3,12,0.33333333,0.16666667,0.5,0.33333333,0.41666667,0.25,1.75465675056702,63,64.30081,73.88974,50.03035,77.11609,70.46566,67.26211,77.2981,68.76029,75.65536,71.09789,44.61384,77.79113,57.44352,48.5794,71.32705,76.77275,70.25188,70.61452,-1.53788,1.77027,146.74,96.62,139.18,121.68,108.04,127.46,124.86,124.9,151.42,105.32,126.7,136.3,96.86,123.06,125.36,127.944421052632,112.114105263158,139.396631578947,0.21875,0.29166667,0.125,0.03125,0.33333333,97.3428548177083,96.471426827567,89.5499979654948,79.9666646321615,85.5343780517578,5.31336502801804,10.5547082083566,-0.320824245611827,-1.85686922073364,11.2070846557617,10.4421851748512,8.13912854875837,4.13662910461426,-5.29173946380615,3.53924250602722,-0.427389677613974,0.463317077606916,-1.00853762403131,0.0776951983571053,1.1376276910305,-2.03518894101892,1.65470384859613,-8.40448020026088,2.58983994523684,3.55508653447032,0.325,0.57142857,0.46875,0.23076923,0.78125,0.62222222,0.58333333,17.18055556,0.33333333,0.03125,0.21875,0.29166667,0.125,85.7969284057617,80.238032023112,97.6211635044643,96.7459803989955,89.8030192057292,9.99607849121094,-3.19095675150553,4.24268559047154,9.42810930524554,-1.51260995864868,1.67862164974213,-6.7797737121582,9.07537551153274,6.74159458705357,2.75439834594727,1.1376276910305,0.0776951983571053,-0.427389677613974,0.463317077606916,-1.00853762403131,3.55508653447032,2.58983994523684,-2.03518894101892,1.65470384859613,-8.40448020026088,0.33333333,0.56140351,0.46875,0.23076923,0.78125,0.62222222,0.59375,12,84.9661356608073,10.3109804789225,2,0.16666667,109.262,4,0.33333333,"2024-05-05",0
"Tarik Skubal",22267,"2024-04-28","KCR",6,2024,"DET","H",27,1,0,1.28571428571429,1,1,1,0,0,0,0,0,7,26,4,1,1,0,1,0,0,0,0,6,7.71428571428571,1.28571428571429,5.14285714285714,6,0,0,6,10,3,2,0,0,0,0.23076923,0.03846154,0.19230769,3.9019657736179,0,0.16,0.714285714285714,0.210526315789474,0.8,1.88076549257551,-0.595051206861223,4.04077750146389,32.2800033876939,45.488484778853,98.6792544974781,0.6,0.157894736,0.315789473,0.526315789,0.2,0,4,5.14285714285714,27,64,91,0.265632063150406,-0.186435997486115,0.452068090438843,2.35999989509583,0.248945146799088,0.825707674026489,1.01137137413025,0.870000004768372,0.847599983215332,1,1,0.291901469230652,0.0298008371740773,0,0,0.53846154,96.69387755,0.08791209,88.875,0.05494505,78.8,0.31868132,85.89655172,NA,2.29388236999512,0.252561241388321,-0.0964315459132195,0.334387183189392,4.68139259182677,3.15701551735401,-1.92863091826439,1.15305925237721,0.46666667,0.56521739,0.51648352,0.61904762,0.73076923,0.68085106,0.50549451,0.57692308,0.16483516,4,7,8,4,12,3,19,0.21052632,0.36842105,0.42105263,0.21052632,0.63157895,0.15789474,1.39516525903803,74,58.54428,60.20473,51.65022,62.99307,53.48078,65.37123,57.21452,50.39417,67.70585,22.0755,47.68938,20,26.67376,47.9443,42.06873,54.83573,54.41353,57.50587,-0.17501,3.81458,124.76,84.14,101.46,102,110.58,108.42,97.46,93.08,95.12,96.94,71.18,80,90.56,60.86,58.7,106.986666666667,92.2008888888889,98.0106666666667,0.31868132,0.21978022,0.08791209,0.05494505,0.31868132,96.8724154768319,96.2900024414062,88.7874984741211,78.7400024414062,85.8103448275862,4.72912439806708,8.92808074951172,-1.04780268669128,-1.27472095489502,8.6008064006937,9.24125829236261,6.28350601196289,3.51131868362427,-3.08459720611572,3.98986448090652,1.81857941299677,0.521959099918604,0.237152881920338,-0.098694309592247,0.37845129147172,6.27096349309231,2.60979549959302,2.96441102400422,-1.97388619184494,1.30500445335076,0.4,0.60784314,0.51648352,0.5625,0.74193548,0.68085106,0.56043956,15.89230769,0.31868132,0.05494505,0.31868132,0.21978022,0.08791209,86.0807937095905,78.9947998046875,97.165072737069,96.5749328613281,89.0614852905273,8.33696141736261,-1.74725494384766,4.31338237893992,8.47454071044922,-1.37972068786621,2.62090012122845,-4.34136619567871,8.16105546622441,5.23111763000488,2.41087627410889,0.37845129147172,-0.098694309592247,1.81857941299677,0.521959099918604,0.237152881920338,1.30500445335076,-1.97388619184494,6.27096349309231,2.60979549959302,2.96441102400422,0.43589744,0.57692308,0.51648352,0.52941176,0.76666667,0.68085106,0.57142857,19,87.3343056126645,22.7745570132607,1,0.05263158,103.95,5,0.26315789,"2024-04-28",0
"Tarik Skubal",22267,"2024-04-22","@TBR",6,2024,"DET","A",27,1,0,0,1,1,1,0,0,0,0,0,6,20,3,0,0,0,0,0,0,0,0,9,13.5,0,4.5,9,0,0,4,4,3,1,0,0,0,0.45,0,0.45,1.27069408401489,0,0.15,0.5,0.272727272727273,1,0.166479778289796,-0.166479778289796,1.17448538243771,0,2.32399118992549,27.3728728372644,1,0.272727272,0.363636363,0.363636363,0.25,0,7,10.5,28,58,86,0.218808010220528,-0.0918439999222755,0.310652017593384,2.71199989318848,0.297858327627182,0.727152407169342,0.722766637802124,0.928600013256073,0.10419999808073,1,1,0.31929686665535,-0.0183860698771293,0,0,0.56976744,96.67346939,0.10465116,88.55555556,0.09302326,79.5,0.23255814,85.9,NA,2.0253918170929,0.759190440177917,0.0433295294642448,0.0308144055306911,4.13345268794468,8.43544933531019,0.541619118303061,0.154072027653456,0.38,0.63888889,0.48837209,0.57894737,0.7826087,0.69047619,0.41860465,0.6,0.15116279,1,5,5,2,6,3,11,0.09090909,0.45454545,0.45454545,0.18181818,0.54545455,0.27272727,0.49077471281319,78,66.0578,61.73109,60.88417,73.93887,70.72689,64.86577,65.51315,49.51468,64.55194,56.769,58.41814,50.28663,52.41383,45.39845,53.41671,69.84421,59.01956,65.93239,-1.10744,2.41593,121.6,102.04,122.52,110.46,114.48,122.24,110.5,123.8,125.42,107.56,102.88,123.08,104.92,107.36,100.46,112.243953488372,112.528372093023,121.328372093023,0.26744186,0.30232558,0.10465116,0.09302326,0.23255814,96.7999957540761,96.4807692307692,88.4222208658854,79.2624969482422,85.8799987792969,4.81810627812925,9.55647982083834,-1.14442910088433,-4.11185646057129,9.70853042602539,10.5237088410751,8.00823915921725,3.8785023159451,-4.89485740661621,4.03817749023438,0.770533118396997,1.29844662547112,0.811717409640551,0.0427509024739265,0.0697464235126972,3.35014399303042,4.99402548258121,9.01908232933945,0.534386280924082,0.348732117563486,0.36842105,0.58333333,0.48837209,0.5,0.78571429,0.69047619,0.55813953,16.69230769,0.23255814,0.09302326,0.26744186,0.30232558,0.10465116,86.1935913085938,79.5630111694336,97.130954908288,96.8180401141827,88.7286512586806,9.22342147827148,-4.6103138923645,4.27374300749406,8.91173436091496,-1.71492417653402,1.99398555755615,-7.02477645874023,8.79517464015795,6.33988776573768,2.01763555738661,0.0697464235126972,0.0427509024739265,0.770533118396997,1.29844662547112,0.811717409640551,0.348732117563486,0.534386280924082,3.35014399303042,4.99402548258121,9.01908232933945,0.33333333,0.61702128,0.48837209,0.53846154,0.75862069,0.69047619,0.54651163,11,91.8370416814631,15.3982738148082,0,0,105.519,5,0.45454545,"2024-04-22",0
"Tarik Skubal",22267,"2024-04-17","TEX",6,2024,"DET","H",27,0,0,2.84210540581279,1,1,1,0,0,0,0,0,6.1,27,5,4,2,0,1,0,1,0,0,6,8.52631621743836,1.42105270290639,7.10526351453196,6,0.1,0,10,6,3,0,1,0,0,0.22222222,0.03703704,0.18518519,3.4729115281049,0,0.2,0.947368468604262,0.263157894736842,0.42857143,2.21911130968553,0.622994096127252,3.65154039800471,71.35580054386,54.0077915267199,88.9959813686367,1.666666666,0.157894736,0.526315789,0.315789473,0,0,2,2.84210540581279,18,68,86,-0.186068028211594,-0.662644028663635,0.476575970649719,-1.14199995994568,-0.120464138686657,1.1841926574707,0.98017144203186,0.870000004768372,0.76120001077652,1,1,0.0593062564730644,-0.216432740105393,0,0,0.51162791,95.97727273,0.15116279,88.69230769,0.11627907,78.1,0.22093023,85.94736842,NA,1.1244056224823,-0.00169668719172478,0.741385519504547,-1.20557773113251,2.55546732382341,-0.0130514399363444,7.41385519504547,-6.34514595332899,0.47368421,0.75,0.62790698,0.72222222,0.83333333,0.7962963,0.55813953,0.81481481,0.12790698,7,8,4,2,12,5,19,0.36842105,0.42105263,0.21052632,0.10526316,0.63157895,0.26315789,2.22296339555272,59,60.05412,52.19383,61.38859,58.42916,52.42895,61.10162,69.94237,49.4025,75.78242,48.50569,47.5819,48.28642,80,44.26336,80,66.94564,48.93848,74.1422,-0.92736,2.68605,116.72,91.48,97.48,95.02,99.92,103.42,104.72,111.84,110.1,109.82,88.48,97.2,100.16,137.54,127.08,105.694418604651,104.442790697674,106.015813953488,0.19767442,0.31395349,0.15116279,0.11627907,0.22093023,95.711763269761,96.2185149016204,88.530771108774,78.0200012207031,85.8578973067434,4.98566661161535,9.08067717375579,-1.09511492802547,-3.52034759521484,8.43373188219572,9.09399144789752,6.77467176649306,2.53412011953501,-5.39733734130859,4.84876050447163,1.11414153128862,0.0569931268692017,-0.00500417500734329,0.750454984605312,-1.21681581437588,6.55377371346249,0.211085655071117,-0.0384936539026407,7.50454984605312,-6.40429375987304,0.38461538,0.73333333,0.62790698,0.5,0.86363636,0.7962963,0.69767442,16.77966102,0.22093023,0.11627907,0.19767442,0.31395349,0.15116279,86.0065339740954,78.1564575195312,95.8708424287684,96.3875687210648,88.6621844951923,7.99098848041735,-4.16890106201172,4.58161656996783,8.50918353045428,-1.75761795043945,3.37855569939864,-6.91939010620117,8.03515086454504,5.6513434516059,1.36508002647987,-1.21681581437588,0.750454984605312,1.11414153128862,0.0569931268692017,-0.00500417500734329,-6.40429375987304,7.50454984605312,6.55377371346249,0.211085655071117,-0.0384936539026407,0.38461538,0.73333333,0.62790698,0.5,0.86363636,0.7962963,0.69767442,19,85.6495297080592,8.63485235916941,3,0.15789474,104.661,7,0.36842105,"2024-04-17",0
"Tarik Skubal",22267,"2024-04-12","MIN",6,2024,"DET","H",27,1,0,0,1,1,0,0,0,0,0,0,5,19,2,0,0,0,2,0,0,0,0,5,9,3.6,3.6,2.5,0,0,7,4,1,1,0,0,0,0.26315789,0.10526316,0.15789474,3.83421384566669,0,0.117647058823529,0.8,0.166666666666667,1,2.3664797782898,-2.3664797782898,3.57608650326729,0,57.7184246290491,87.118871851368,1.75,0.083333333,0.583333333,0.333333333,0.25,0,5,9,33,60,93,0.2744200527668,-0.0795960500836372,0.354016095399857,2.40000009536743,0.253164559602737,0.897978961467743,1.02799999713898,0.870000004768372,0.388399988412857,1,1,0.262453436851501,0.0431439819546824,0,0,0.49462366,96.08695652,0.15053763,87.21428571,0.05376344,77,0.30107527,84.32142857,NA,0.511769413948059,0.174573764204979,-0.0881128758192062,1.50609731674194,1.11254220423491,1.24695545860699,-1.76225751638412,5.37891898836408,0.34545455,0.55263158,0.43010753,0.78947368,0.9047619,0.85,0.40860215,0.68421053,0.06451613,2,4,6,3,7,2,12,0.16666667,0.33333333,0.5,0.25,0.58333333,0.16666667,1.43142750999015,66,79.05546,74.3718,68.08373,63.75735,53.2306,71.28675,58.19362,39.40135,73.28829,80,49.62612,80,20,46.47891,27.10909,73.15492,58.53985,77.9642,-1.31312,2.10741,127.28,127.34,159.06,111.74,115.84,123.98,120.6,118.96,136.78,113.28,143.02,157.76,93.72,53.78,53.9,117.015483870968,120.527096774194,137.786021505376,0.34408602,0.15053763,0.15053763,0.05376344,0.30107527,95.8218765258789,96.278573172433,87.1571393694196,77.2200012207031,84.278573172433,5.54104089736938,9.44400460379464,-0.721823896680559,-1.54026279449463,9.84945896693638,10.0683441162109,8.29662540980748,3.81390162876674,-3.93892822265625,4.96708188738142,0.47790103405714,0.0349140204489231,0.172577939927578,-0.0900246798992157,1.52133832126856,1.49344073142856,0.249385860349451,1.23269957091127,-1.80049359798431,5.43335114738771,0.38636364,0.46938776,0.43010753,0.76470588,0.91304348,0.85,0.52688172,16,0.30107527,0.05376344,0.34408602,0.15053763,0.15053763,85.0784824916295,77.9861206054688,96.6432037353516,97.0950840541295,87.9495152064732,9.48426164899554,-1.95041618347168,5.18702268600464,8.9466678074428,-1.15449033464704,3.36207335335868,-5.2356861114502,8.56575202941895,6.94566345214844,2.43872152056013,1.52133832126856,-0.0900246798992157,0.47790103405714,0.0349140204489231,0.172577939927578,5.43335114738771,-1.80049359798431,1.49344073142856,0.249385860349451,1.23269957091127,0.34090909,0.51020408,0.43010753,0.73333333,0.92,0.85,0.52688172,12,79.3182322184245,13.2695999145508,0,0,108.803,1,0.08333333,"2024-04-12",0
"Tarik Skubal",22267,"2024-04-05","OAK",6,2024,"DET","H",27,0,0,5.68421081162557,1,1,0,0,0,0,0,0,6.1,25,4,4,4,2,2,0,0,0,0,9,12.7894743261575,2.84210540581279,5.68421081162557,4.5,0,0,7,5,2,0,0,0,0,0.36,0.08,0.28,2.70014508401489,2.84210540581279,0.173913043478261,0.947368468604262,0.166666666666667,0.625,5.37700620503307,0.307204606592498,2.46543374801392,142.71160108772,133.521336339482,59.488530640727,1.4,0.142857142,0.5,0.357142857,0,0.4,4,5.68421081162557,30,62,92,-8.40574502944946e-05,-0.413704037666321,0.413619965314865,-0.141999959945679,-0.014978900551796,0.854048013687134,0.99657142162323,0.870000004768372,2.32079982757568,1,1,0.00471182353794575,-0.00481024593217578,0,0,0.51086957,95.42553191,0.2173913,86.55,0.01086957,81,0.26086957,84.25,NA,-1.09967935085297,-0.423572182655334,0.139680862426758,1.47532415390015,-2.33974329968716,-2.11786091327667,13.9680862426758,6.14718397458394,0.33333333,0.63829787,0.48913043,0.6,0.7,0.66666667,0.51086957,0.84,0.16304348,4,6,4,0,12,2,14,0.28571429,0.42857143,0.28571429,0,0.85714286,0.14285714,5.07654716415067,50,65.05667,68.65555,53.12714,67.76877,58.2177,69.19051,20,46.11905,20,58.15996,45.96422,65.42878,25.83795,37.20304,25.59037,56.0011,57.77869,54.94973,-0.24742,3.70596,113.64,95.98,109.24,102.9,113.86,120.68,107.08,34.32,39.72,108.24,111.08,120.92,127.6,39.38,7.92,107.70847826087,95.8419565217391,104.329130434783,0.35869565,0.15217391,0.22826087,0.01086957,0.25,95.3181818181818,95.4500034877232,86.3619035993304,80.5999984741211,84.1826065726902,4.12591830166903,8.67979649135045,-1.40134865897042,-2.70439004898071,8.95858366593071,9.97202555338542,7.14565004621233,3.19376191638765,-1.96706008911133,3.77857772163723,-0.838450603187084,-0.223461575806141,-0.360672205686569,0.141648322343826,1.43697351589799,-2.54075940359722,-1.59615411290101,-1.71748669374557,14.1648322343826,6.24771093868691,0.27777778,0.625,0.48913043,0.5,0.71428571,0.66666667,0.60869565,15.49253731,0.26086957,0.01086957,0.35869565,0.15217391,0.2173913,85.0049692789714,81.3977966308594,96.1928267045455,96.3340890066964,87.3670349121094,9.12719853719076,-2.13122010231018,4.22426165956439,8.80632836478097,-1.32924795150757,2.40099461873372,-3.53726005554199,8.53890066435843,5.96468734741211,1.4645697593689,1.49174747616053,0.141648322343826,-0.838450603187084,-0.223461575806141,-0.415446165949106,6.21561448400219,14.1648322343826,-2.54075940359722,-1.59615411290101,-2.07723082974553,0.24324324,0.65454545,0.48913043,0.55555556,0.69444444,0.66666667,0.59782609,14,89.6492571149554,8.12979289463588,1,0.07142857,102.78,3,0.21428571,"2024-04-05",0
"Tarik Skubal",22267,"2024-03-28","@CHW",6,2024,"DET","A",27,1,0,0,1,1,1,0,0,0,0,0,6,21,3,0,0,0,0,0,0,0,0,6,9,0,4.5,6,0.2,0,5,5,5,0,1,0,0,0.28571429,0,0.28571429,2.71462705054979,0,0.142857142857143,0.5,0.2,1,1.1664797782898,-1.1664797782898,2.42648678347468,0,27.5032791167999,58.5196248200303,1,0.333333333,0.333333333,0.333333333,0,0,1,1.5,24,59,83,0.385446041822433,-0.0827780440449715,0.468224078416824,2.98199987411499,0.307264298200607,0.9844571352005,1.16530001163483,0.870000004768372,1.9099999666214,1,1,0.34879270195961,0.0427388620265977,0,0,0.56626506,96.57446809,0.13253012,88.09090909,0.03614458,79,0.26506024,85.09090909,NA,2.29779529571533,0.595966041088104,0.34169402718544,-0.115055225789547,4.88892616109645,5.41787310080095,11.3898009061813,-0.522978299043395,0.41304348,0.81081081,0.59036145,0.57894737,0.7,0.65306122,0.44578313,0.76190476,0.20481928,7,3,5,6,8,1,15,0.46666667,0.2,0.33333333,0.4,0.53333333,0.06666667,2.5611787877576,75,50.50172,76.06801,40.32393,52.23992,61.85114,49.1276,27.0007,60.78509,41.12608,75.24621,49.82358,80,37.94541,46.33304,41.66897,46.10456,64.63542,47.08022,0.36742,4.62822,119.84,55.5,80.92,109.18,112.12,123.54,126.74,53.3,77.28,111.04,99.58,115.3,141.74,45.72,52.9,117.660240963855,78.8768674698795,97.450843373494,0.3253012,0.24096386,0.13253012,0.03614458,0.26506024,96.5703667534722,96.6700012207031,88.0999977805398,79,85.0681818181818,5.77671022768374,9.66080322265625,-0.866463574496182,-1.4423467318217,9.97150767933239,10.4242248535156,7.73644027709961,3.29419084028764,-4.4014310836792,3.58479135686701,1.63574322685599,0.731365785002708,0.602394368499517,0.387918427586555,-0.121480330824852,6.05830824761479,3.65682892501354,5.4763124409047,12.9306142528852,-0.552183321931145,0.4047619,0.7804878,0.59036145,0.52941176,0.71875,0.65306122,0.4939759,16.20967742,0.26506024,0.03614458,0.3253012,0.24096386,0.13253012,84.6348655007102,78.5686645507812,96.1763870804398,96.2510437011719,87.7022205699574,8.91250124844638,-2.95556672414144,4.6687732272678,8.71369171142578,-2.10803552107377,1.81930472634055,-6.35485013326009,9.12049752694589,6.45913619995117,1.76397340947931,-0.121480330824852,0.387918427586555,1.63574322685599,0.731365785002708,0.602394368499517,-0.552183321931145,12.9306142528852,6.05830824761479,3.65682892501354,5.4763124409047,0.43589744,0.72727273,0.59036145,0.58823529,0.6875,0.65306122,0.53012048,15,81.4796549479167,9.910693359375,0,0,105.85,5,0.33333333,"2024-03-28",0
